sample_id,model_name,benchmark,completeness,efficiency,readability
bird_0,Arctic-Text2SQL-R1-7B,bird,,,
bird_1,Arctic-Text2SQL-R1-7B,bird,,,
bird_2,Arctic-Text2SQL-R1-7B,bird,,,
bird_3,Arctic-Text2SQL-R1-7B,bird,,,
bird_4,Arctic-Text2SQL-R1-7B,bird,,,
bird_5,Arctic-Text2SQL-R1-7B,bird,,,
bird_6,Arctic-Text2SQL-R1-7B,bird,,,
bird_7,Arctic-Text2SQL-R1-7B,bird,,,
bird_8,Arctic-Text2SQL-R1-7B,bird,,,
bird_9,Arctic-Text2SQL-R1-7B,bird,,,
bird_10,Arctic-Text2SQL-R1-7B,bird,,,
bird_11,Arctic-Text2SQL-R1-7B,bird,,,
bird_12,Arctic-Text2SQL-R1-7B,bird,,,
bird_13,Arctic-Text2SQL-R1-7B,bird,,,
bird_14,Arctic-Text2SQL-R1-7B,bird,,,
bird_15,Arctic-Text2SQL-R1-7B,bird,,,
bird_16,Arctic-Text2SQL-R1-7B,bird,,,
bird_17,Arctic-Text2SQL-R1-7B,bird,,,
bird_18,Arctic-Text2SQL-R1-7B,bird,,,
bird_19,Arctic-Text2SQL-R1-7B,bird,,,
bird_20,Arctic-Text2SQL-R1-7B,bird,,,
bird_21,Arctic-Text2SQL-R1-7B,bird,,,
bird_22,Arctic-Text2SQL-R1-7B,bird,,,
bird_23,Arctic-Text2SQL-R1-7B,bird,,,
bird_24,Arctic-Text2SQL-R1-7B,bird,,,
bird_25,Arctic-Text2SQL-R1-7B,bird,,,
bird_26,Arctic-Text2SQL-R1-7B,bird,,,
bird_27,Arctic-Text2SQL-R1-7B,bird,,,
bird_28,Arctic-Text2SQL-R1-7B,bird,,,
bird_29,Arctic-Text2SQL-R1-7B,bird,,,
bird_30,Arctic-Text2SQL-R1-7B,bird,,,
bird_31,Arctic-Text2SQL-R1-7B,bird,,,
bird_32,Arctic-Text2SQL-R1-7B,bird,,,
bird_33,Arctic-Text2SQL-R1-7B,bird,,,
bird_34,Arctic-Text2SQL-R1-7B,bird,,,
bird_35,Arctic-Text2SQL-R1-7B,bird,,,
bird_36,Arctic-Text2SQL-R1-7B,bird,,,
bird_37,Arctic-Text2SQL-R1-7B,bird,,,
bird_38,Arctic-Text2SQL-R1-7B,bird,,,
bird_39,Arctic-Text2SQL-R1-7B,bird,,,
bird_40,Arctic-Text2SQL-R1-7B,bird,,,
bird_41,Arctic-Text2SQL-R1-7B,bird,,,
bird_42,Arctic-Text2SQL-R1-7B,bird,,,
bird_43,Arctic-Text2SQL-R1-7B,bird,,,
bird_44,Arctic-Text2SQL-R1-7B,bird,,,
bird_45,Arctic-Text2SQL-R1-7B,bird,,,
bird_46,Arctic-Text2SQL-R1-7B,bird,,,
bird_47,Arctic-Text2SQL-R1-7B,bird,,,
bird_48,Arctic-Text2SQL-R1-7B,bird,,,
bird_49,Arctic-Text2SQL-R1-7B,bird,,,
bird_50,Arctic-Text2SQL-R1-7B,bird,,,
bird_51,Arctic-Text2SQL-R1-7B,bird,,,
bird_52,Arctic-Text2SQL-R1-7B,bird,,,
bird_53,Arctic-Text2SQL-R1-7B,bird,,,
bird_54,Arctic-Text2SQL-R1-7B,bird,,,
bird_55,Arctic-Text2SQL-R1-7B,bird,,,
bird_56,Arctic-Text2SQL-R1-7B,bird,,,
bird_57,Arctic-Text2SQL-R1-7B,bird,,,
bird_58,Arctic-Text2SQL-R1-7B,bird,,,
bird_59,Arctic-Text2SQL-R1-7B,bird,,,
bird_60,Arctic-Text2SQL-R1-7B,bird,,,
bird_61,Arctic-Text2SQL-R1-7B,bird,,,
bird_62,Arctic-Text2SQL-R1-7B,bird,,,
bird_63,Arctic-Text2SQL-R1-7B,bird,,,
bird_64,Arctic-Text2SQL-R1-7B,bird,,,
bird_65,Arctic-Text2SQL-R1-7B,bird,,,
bird_66,Arctic-Text2SQL-R1-7B,bird,,,
bird_67,Arctic-Text2SQL-R1-7B,bird,,,
bird_68,Arctic-Text2SQL-R1-7B,bird,,,
bird_69,Arctic-Text2SQL-R1-7B,bird,,,
bird_70,Arctic-Text2SQL-R1-7B,bird,,,
bird_71,Arctic-Text2SQL-R1-7B,bird,,,
bird_72,Arctic-Text2SQL-R1-7B,bird,,,
bird_73,Arctic-Text2SQL-R1-7B,bird,,,
bird_74,Arctic-Text2SQL-R1-7B,bird,,,
bird_75,Arctic-Text2SQL-R1-7B,bird,,,
bird_76,Arctic-Text2SQL-R1-7B,bird,,,
bird_77,Arctic-Text2SQL-R1-7B,bird,,,
bird_78,Arctic-Text2SQL-R1-7B,bird,,,
bird_79,Arctic-Text2SQL-R1-7B,bird,,,
bird_80,Arctic-Text2SQL-R1-7B,bird,,,
bird_81,Arctic-Text2SQL-R1-7B,bird,,,
bird_82,Arctic-Text2SQL-R1-7B,bird,,,
bird_83,Arctic-Text2SQL-R1-7B,bird,,,
bird_84,Arctic-Text2SQL-R1-7B,bird,,,
bird_85,Arctic-Text2SQL-R1-7B,bird,,,
bird_86,Arctic-Text2SQL-R1-7B,bird,,,
bird_87,Arctic-Text2SQL-R1-7B,bird,,,
bird_88,Arctic-Text2SQL-R1-7B,bird,,,
bird_89,Arctic-Text2SQL-R1-7B,bird,,,
bird_90,Arctic-Text2SQL-R1-7B,bird,,,
bird_91,Arctic-Text2SQL-R1-7B,bird,,,
bird_92,Arctic-Text2SQL-R1-7B,bird,,,
bird_93,Arctic-Text2SQL-R1-7B,bird,,,
bird_94,Arctic-Text2SQL-R1-7B,bird,,,
bird_95,Arctic-Text2SQL-R1-7B,bird,,,
bird_96,Arctic-Text2SQL-R1-7B,bird,,,
bird_97,Arctic-Text2SQL-R1-7B,bird,,,
bird_98,Arctic-Text2SQL-R1-7B,bird,,,
bird_99,Arctic-Text2SQL-R1-7B,bird,,,
bird_100,Arctic-Text2SQL-R1-7B,bird,,,
bird_101,Arctic-Text2SQL-R1-7B,bird,,,
bird_102,Arctic-Text2SQL-R1-7B,bird,,,
bird_103,Arctic-Text2SQL-R1-7B,bird,,,
bird_104,Arctic-Text2SQL-R1-7B,bird,,,
bird_105,Arctic-Text2SQL-R1-7B,bird,,,
bird_106,Arctic-Text2SQL-R1-7B,bird,,,
bird_107,Arctic-Text2SQL-R1-7B,bird,,,
bird_108,Arctic-Text2SQL-R1-7B,bird,,,
bird_109,Arctic-Text2SQL-R1-7B,bird,,,
bird_110,Arctic-Text2SQL-R1-7B,bird,,,
bird_111,Arctic-Text2SQL-R1-7B,bird,,,
bird_112,Arctic-Text2SQL-R1-7B,bird,,,
bird_113,Arctic-Text2SQL-R1-7B,bird,,,
bird_114,Arctic-Text2SQL-R1-7B,bird,,,
bird_115,Arctic-Text2SQL-R1-7B,bird,,,
bird_116,Arctic-Text2SQL-R1-7B,bird,,,
bird_117,Arctic-Text2SQL-R1-7B,bird,,,
bird_118,Arctic-Text2SQL-R1-7B,bird,,,
bird_119,Arctic-Text2SQL-R1-7B,bird,,,
bird_120,Arctic-Text2SQL-R1-7B,bird,,,
bird_121,Arctic-Text2SQL-R1-7B,bird,,,
bird_122,Arctic-Text2SQL-R1-7B,bird,,,
bird_123,Arctic-Text2SQL-R1-7B,bird,,,
bird_124,Arctic-Text2SQL-R1-7B,bird,,,
bird_125,Arctic-Text2SQL-R1-7B,bird,,,
bird_126,Arctic-Text2SQL-R1-7B,bird,,,
bird_127,Arctic-Text2SQL-R1-7B,bird,,,
bird_128,Arctic-Text2SQL-R1-7B,bird,,,
bird_129,Arctic-Text2SQL-R1-7B,bird,,,
bird_130,Arctic-Text2SQL-R1-7B,bird,,,
bird_131,Arctic-Text2SQL-R1-7B,bird,,,
bird_132,Arctic-Text2SQL-R1-7B,bird,,,
bird_133,Arctic-Text2SQL-R1-7B,bird,,,
bird_134,Arctic-Text2SQL-R1-7B,bird,,,
bird_135,Arctic-Text2SQL-R1-7B,bird,,,
bird_136,Arctic-Text2SQL-R1-7B,bird,,,
bird_137,Arctic-Text2SQL-R1-7B,bird,,,
bird_138,Arctic-Text2SQL-R1-7B,bird,,,
bird_139,Arctic-Text2SQL-R1-7B,bird,,,
bird_140,Arctic-Text2SQL-R1-7B,bird,,,
bird_141,Arctic-Text2SQL-R1-7B,bird,,,
bird_142,Arctic-Text2SQL-R1-7B,bird,,,
bird_143,Arctic-Text2SQL-R1-7B,bird,,,
bird_144,Arctic-Text2SQL-R1-7B,bird,,,
bird_145,Arctic-Text2SQL-R1-7B,bird,,,
bird_146,Arctic-Text2SQL-R1-7B,bird,,,
bird_147,Arctic-Text2SQL-R1-7B,bird,,,
bird_148,Arctic-Text2SQL-R1-7B,bird,,,
bird_149,Arctic-Text2SQL-R1-7B,bird,,,
bird_150,Arctic-Text2SQL-R1-7B,bird,,,
bird_151,Arctic-Text2SQL-R1-7B,bird,,,
bird_152,Arctic-Text2SQL-R1-7B,bird,,,
bird_153,Arctic-Text2SQL-R1-7B,bird,,,
bird_154,Arctic-Text2SQL-R1-7B,bird,,,
bird_155,Arctic-Text2SQL-R1-7B,bird,,,
bird_156,Arctic-Text2SQL-R1-7B,bird,,,
bird_157,Arctic-Text2SQL-R1-7B,bird,,,
bird_158,Arctic-Text2SQL-R1-7B,bird,,,
bird_159,Arctic-Text2SQL-R1-7B,bird,,,
bird_160,Arctic-Text2SQL-R1-7B,bird,,,
bird_161,Arctic-Text2SQL-R1-7B,bird,,,
bird_162,Arctic-Text2SQL-R1-7B,bird,,,
bird_163,Arctic-Text2SQL-R1-7B,bird,,,
bird_164,Arctic-Text2SQL-R1-7B,bird,,,
bird_165,Arctic-Text2SQL-R1-7B,bird,,,
bird_166,Arctic-Text2SQL-R1-7B,bird,,,
bird_167,Arctic-Text2SQL-R1-7B,bird,,,
bird_168,Arctic-Text2SQL-R1-7B,bird,,,
bird_169,Arctic-Text2SQL-R1-7B,bird,,,
bird_170,Arctic-Text2SQL-R1-7B,bird,,,
bird_171,Arctic-Text2SQL-R1-7B,bird,,,
bird_172,Arctic-Text2SQL-R1-7B,bird,,,
bird_173,Arctic-Text2SQL-R1-7B,bird,,,
bird_174,Arctic-Text2SQL-R1-7B,bird,,,
bird_175,Arctic-Text2SQL-R1-7B,bird,,,
bird_176,Arctic-Text2SQL-R1-7B,bird,,,
bird_177,Arctic-Text2SQL-R1-7B,bird,,,
bird_178,Arctic-Text2SQL-R1-7B,bird,,,
bird_179,Arctic-Text2SQL-R1-7B,bird,,,
bird_180,Arctic-Text2SQL-R1-7B,bird,,,
bird_181,Arctic-Text2SQL-R1-7B,bird,,,
bird_182,Arctic-Text2SQL-R1-7B,bird,,,
bird_183,Arctic-Text2SQL-R1-7B,bird,,,
bird_184,Arctic-Text2SQL-R1-7B,bird,,,
bird_185,Arctic-Text2SQL-R1-7B,bird,,,
bird_186,Arctic-Text2SQL-R1-7B,bird,,,
bird_187,Arctic-Text2SQL-R1-7B,bird,,,
bird_188,Arctic-Text2SQL-R1-7B,bird,,,
bird_189,Arctic-Text2SQL-R1-7B,bird,,,
bird_190,Arctic-Text2SQL-R1-7B,bird,,,
bird_191,Arctic-Text2SQL-R1-7B,bird,,,
bird_192,Arctic-Text2SQL-R1-7B,bird,,,
bird_193,Arctic-Text2SQL-R1-7B,bird,,,
bird_194,Arctic-Text2SQL-R1-7B,bird,,,
bird_195,Arctic-Text2SQL-R1-7B,bird,,,
bird_196,Arctic-Text2SQL-R1-7B,bird,,,
bird_197,Arctic-Text2SQL-R1-7B,bird,,,
bird_198,Arctic-Text2SQL-R1-7B,bird,,,
bird_199,Arctic-Text2SQL-R1-7B,bird,,,
bird_200,Arctic-Text2SQL-R1-7B,bird,,,
bird_201,Arctic-Text2SQL-R1-7B,bird,,,
bird_202,Arctic-Text2SQL-R1-7B,bird,,,
bird_203,Arctic-Text2SQL-R1-7B,bird,,,
bird_204,Arctic-Text2SQL-R1-7B,bird,,,
bird_205,Arctic-Text2SQL-R1-7B,bird,,,
bird_206,Arctic-Text2SQL-R1-7B,bird,,,
bird_207,Arctic-Text2SQL-R1-7B,bird,,,
bird_208,Arctic-Text2SQL-R1-7B,bird,,,
bird_209,Arctic-Text2SQL-R1-7B,bird,,,
bird_210,Arctic-Text2SQL-R1-7B,bird,,,
bird_211,Arctic-Text2SQL-R1-7B,bird,,,
bird_212,Arctic-Text2SQL-R1-7B,bird,,,
bird_213,Arctic-Text2SQL-R1-7B,bird,,,
bird_214,Arctic-Text2SQL-R1-7B,bird,,,
bird_215,Arctic-Text2SQL-R1-7B,bird,,,
bird_216,Arctic-Text2SQL-R1-7B,bird,,,
bird_217,Arctic-Text2SQL-R1-7B,bird,,,
bird_218,Arctic-Text2SQL-R1-7B,bird,,,
bird_219,Arctic-Text2SQL-R1-7B,bird,,,
bird_220,Arctic-Text2SQL-R1-7B,bird,,,
bird_221,Arctic-Text2SQL-R1-7B,bird,,,
bird_222,Arctic-Text2SQL-R1-7B,bird,,,
bird_223,Arctic-Text2SQL-R1-7B,bird,,,
bird_224,Arctic-Text2SQL-R1-7B,bird,,,
bird_225,Arctic-Text2SQL-R1-7B,bird,,,
bird_226,Arctic-Text2SQL-R1-7B,bird,,,
bird_227,Arctic-Text2SQL-R1-7B,bird,,,
bird_228,Arctic-Text2SQL-R1-7B,bird,,,
bird_229,Arctic-Text2SQL-R1-7B,bird,,,
bird_230,Arctic-Text2SQL-R1-7B,bird,,,
bird_231,Arctic-Text2SQL-R1-7B,bird,,,
bird_232,Arctic-Text2SQL-R1-7B,bird,,,
bird_233,Arctic-Text2SQL-R1-7B,bird,,,
bird_234,Arctic-Text2SQL-R1-7B,bird,,,
bird_235,Arctic-Text2SQL-R1-7B,bird,,,
bird_236,Arctic-Text2SQL-R1-7B,bird,,,
bird_237,Arctic-Text2SQL-R1-7B,bird,,,
bird_238,Arctic-Text2SQL-R1-7B,bird,,,
bird_239,Arctic-Text2SQL-R1-7B,bird,,,
bird_240,Arctic-Text2SQL-R1-7B,bird,,,
bird_241,Arctic-Text2SQL-R1-7B,bird,,,
bird_242,Arctic-Text2SQL-R1-7B,bird,,,
bird_243,Arctic-Text2SQL-R1-7B,bird,,,
bird_244,Arctic-Text2SQL-R1-7B,bird,,,
bird_245,Arctic-Text2SQL-R1-7B,bird,,,
bird_246,Arctic-Text2SQL-R1-7B,bird,,,
bird_247,Arctic-Text2SQL-R1-7B,bird,,,
bird_248,Arctic-Text2SQL-R1-7B,bird,,,
bird_249,Arctic-Text2SQL-R1-7B,bird,,,
bird_250,Arctic-Text2SQL-R1-7B,bird,,,
bird_251,Arctic-Text2SQL-R1-7B,bird,,,
bird_252,Arctic-Text2SQL-R1-7B,bird,,,
bird_253,Arctic-Text2SQL-R1-7B,bird,,,
bird_254,Arctic-Text2SQL-R1-7B,bird,,,
bird_255,Arctic-Text2SQL-R1-7B,bird,,,
bird_256,Arctic-Text2SQL-R1-7B,bird,,,
bird_257,Arctic-Text2SQL-R1-7B,bird,,,
bird_258,Arctic-Text2SQL-R1-7B,bird,,,
bird_259,Arctic-Text2SQL-R1-7B,bird,,,
bird_260,Arctic-Text2SQL-R1-7B,bird,,,
bird_261,Arctic-Text2SQL-R1-7B,bird,,,
bird_262,Arctic-Text2SQL-R1-7B,bird,,,
bird_263,Arctic-Text2SQL-R1-7B,bird,,,
bird_264,Arctic-Text2SQL-R1-7B,bird,,,
bird_265,Arctic-Text2SQL-R1-7B,bird,,,
bird_266,Arctic-Text2SQL-R1-7B,bird,,,
bird_267,Arctic-Text2SQL-R1-7B,bird,,,
bird_268,Arctic-Text2SQL-R1-7B,bird,,,
bird_269,Arctic-Text2SQL-R1-7B,bird,,,
bird_270,Arctic-Text2SQL-R1-7B,bird,,,
bird_271,Arctic-Text2SQL-R1-7B,bird,,,
bird_272,Arctic-Text2SQL-R1-7B,bird,,,
bird_273,Arctic-Text2SQL-R1-7B,bird,,,
bird_274,Arctic-Text2SQL-R1-7B,bird,,,
bird_275,Arctic-Text2SQL-R1-7B,bird,,,
bird_276,Arctic-Text2SQL-R1-7B,bird,,,
bird_277,Arctic-Text2SQL-R1-7B,bird,,,
bird_278,Arctic-Text2SQL-R1-7B,bird,,,
bird_279,Arctic-Text2SQL-R1-7B,bird,,,
bird_280,Arctic-Text2SQL-R1-7B,bird,,,
bird_281,Arctic-Text2SQL-R1-7B,bird,,,
bird_282,Arctic-Text2SQL-R1-7B,bird,,,
bird_283,Arctic-Text2SQL-R1-7B,bird,,,
bird_284,Arctic-Text2SQL-R1-7B,bird,,,
bird_285,Arctic-Text2SQL-R1-7B,bird,,,
bird_286,Arctic-Text2SQL-R1-7B,bird,,,
bird_287,Arctic-Text2SQL-R1-7B,bird,,,
bird_288,Arctic-Text2SQL-R1-7B,bird,,,
bird_289,Arctic-Text2SQL-R1-7B,bird,,,
bird_290,Arctic-Text2SQL-R1-7B,bird,,,
bird_291,Arctic-Text2SQL-R1-7B,bird,,,
bird_292,Arctic-Text2SQL-R1-7B,bird,,,
bird_293,Arctic-Text2SQL-R1-7B,bird,,,
bird_294,Arctic-Text2SQL-R1-7B,bird,,,
bird_295,Arctic-Text2SQL-R1-7B,bird,,,
bird_296,Arctic-Text2SQL-R1-7B,bird,,,
bird_297,Arctic-Text2SQL-R1-7B,bird,,,
bird_298,Arctic-Text2SQL-R1-7B,bird,,,
bird_299,Arctic-Text2SQL-R1-7B,bird,,,
bird_300,Arctic-Text2SQL-R1-7B,bird,,,
bird_301,Arctic-Text2SQL-R1-7B,bird,,,
bird_302,Arctic-Text2SQL-R1-7B,bird,,,
bird_303,Arctic-Text2SQL-R1-7B,bird,,,
bird_304,Arctic-Text2SQL-R1-7B,bird,,,
bird_305,Arctic-Text2SQL-R1-7B,bird,,,
bird_306,Arctic-Text2SQL-R1-7B,bird,,,
bird_307,Arctic-Text2SQL-R1-7B,bird,,,
bird_308,Arctic-Text2SQL-R1-7B,bird,,,
bird_309,Arctic-Text2SQL-R1-7B,bird,,,
bird_310,Arctic-Text2SQL-R1-7B,bird,,,
bird_311,Arctic-Text2SQL-R1-7B,bird,,,
bird_312,Arctic-Text2SQL-R1-7B,bird,,,
bird_313,Arctic-Text2SQL-R1-7B,bird,,,
bird_314,Arctic-Text2SQL-R1-7B,bird,,,
bird_315,Arctic-Text2SQL-R1-7B,bird,,,
bird_316,Arctic-Text2SQL-R1-7B,bird,,,
bird_317,Arctic-Text2SQL-R1-7B,bird,,,
bird_318,Arctic-Text2SQL-R1-7B,bird,,,
bird_319,Arctic-Text2SQL-R1-7B,bird,,,
bird_320,Arctic-Text2SQL-R1-7B,bird,,,
bird_321,Arctic-Text2SQL-R1-7B,bird,,,
bird_322,Arctic-Text2SQL-R1-7B,bird,,,
bird_323,Arctic-Text2SQL-R1-7B,bird,,,
bird_324,Arctic-Text2SQL-R1-7B,bird,,,
bird_325,Arctic-Text2SQL-R1-7B,bird,,,
bird_326,Arctic-Text2SQL-R1-7B,bird,,,
bird_327,Arctic-Text2SQL-R1-7B,bird,,,
bird_328,Arctic-Text2SQL-R1-7B,bird,,,
bird_329,Arctic-Text2SQL-R1-7B,bird,,,
bird_330,Arctic-Text2SQL-R1-7B,bird,,,
bird_331,Arctic-Text2SQL-R1-7B,bird,,,
bird_332,Arctic-Text2SQL-R1-7B,bird,,,
bird_333,Arctic-Text2SQL-R1-7B,bird,,,
bird_334,Arctic-Text2SQL-R1-7B,bird,,,
bird_335,Arctic-Text2SQL-R1-7B,bird,,,
bird_336,Arctic-Text2SQL-R1-7B,bird,,,
bird_337,Arctic-Text2SQL-R1-7B,bird,,,
bird_338,Arctic-Text2SQL-R1-7B,bird,,,
bird_339,Arctic-Text2SQL-R1-7B,bird,,,
bird_340,Arctic-Text2SQL-R1-7B,bird,,,
bird_341,Arctic-Text2SQL-R1-7B,bird,,,
bird_342,Arctic-Text2SQL-R1-7B,bird,,,
bird_343,Arctic-Text2SQL-R1-7B,bird,,,
bird_344,Arctic-Text2SQL-R1-7B,bird,,,
bird_345,Arctic-Text2SQL-R1-7B,bird,,,
bird_346,Arctic-Text2SQL-R1-7B,bird,,,
bird_347,Arctic-Text2SQL-R1-7B,bird,,,
bird_348,Arctic-Text2SQL-R1-7B,bird,,,
bird_349,Arctic-Text2SQL-R1-7B,bird,,,
bird_350,Arctic-Text2SQL-R1-7B,bird,,,
bird_351,Arctic-Text2SQL-R1-7B,bird,,,
bird_352,Arctic-Text2SQL-R1-7B,bird,,,
bird_353,Arctic-Text2SQL-R1-7B,bird,,,
bird_354,Arctic-Text2SQL-R1-7B,bird,,,
bird_355,Arctic-Text2SQL-R1-7B,bird,,,
bird_356,Arctic-Text2SQL-R1-7B,bird,,,
bird_357,Arctic-Text2SQL-R1-7B,bird,,,
bird_358,Arctic-Text2SQL-R1-7B,bird,,,
bird_359,Arctic-Text2SQL-R1-7B,bird,,,
bird_360,Arctic-Text2SQL-R1-7B,bird,,,
bird_361,Arctic-Text2SQL-R1-7B,bird,,,
bird_362,Arctic-Text2SQL-R1-7B,bird,,,
bird_363,Arctic-Text2SQL-R1-7B,bird,,,
bird_364,Arctic-Text2SQL-R1-7B,bird,,,
bird_365,Arctic-Text2SQL-R1-7B,bird,,,
bird_366,Arctic-Text2SQL-R1-7B,bird,,,
bird_367,Arctic-Text2SQL-R1-7B,bird,,,
bird_368,Arctic-Text2SQL-R1-7B,bird,,,
bird_369,Arctic-Text2SQL-R1-7B,bird,,,
bird_370,Arctic-Text2SQL-R1-7B,bird,,,
bird_371,Arctic-Text2SQL-R1-7B,bird,,,
bird_372,Arctic-Text2SQL-R1-7B,bird,,,
bird_373,Arctic-Text2SQL-R1-7B,bird,,,
bird_374,Arctic-Text2SQL-R1-7B,bird,,,
bird_375,Arctic-Text2SQL-R1-7B,bird,,,
bird_376,Arctic-Text2SQL-R1-7B,bird,,,
bird_377,Arctic-Text2SQL-R1-7B,bird,,,
bird_378,Arctic-Text2SQL-R1-7B,bird,,,
bird_379,Arctic-Text2SQL-R1-7B,bird,,,
bird_380,Arctic-Text2SQL-R1-7B,bird,,,
bird_381,Arctic-Text2SQL-R1-7B,bird,,,
bird_382,Arctic-Text2SQL-R1-7B,bird,,,
bird_383,Arctic-Text2SQL-R1-7B,bird,,,
bird_384,Arctic-Text2SQL-R1-7B,bird,,,
bird_385,Arctic-Text2SQL-R1-7B,bird,,,
bird_386,Arctic-Text2SQL-R1-7B,bird,,,
bird_387,Arctic-Text2SQL-R1-7B,bird,,,
bird_388,Arctic-Text2SQL-R1-7B,bird,,,
bird_389,Arctic-Text2SQL-R1-7B,bird,,,
bird_390,Arctic-Text2SQL-R1-7B,bird,,,
bird_391,Arctic-Text2SQL-R1-7B,bird,,,
bird_392,Arctic-Text2SQL-R1-7B,bird,,,
bird_393,Arctic-Text2SQL-R1-7B,bird,,,
bird_394,Arctic-Text2SQL-R1-7B,bird,,,
bird_395,Arctic-Text2SQL-R1-7B,bird,,,
bird_396,Arctic-Text2SQL-R1-7B,bird,,,
bird_397,Arctic-Text2SQL-R1-7B,bird,,,
bird_398,Arctic-Text2SQL-R1-7B,bird,,,
bird_399,Arctic-Text2SQL-R1-7B,bird,,,
bird_400,Arctic-Text2SQL-R1-7B,bird,,,
bird_401,Arctic-Text2SQL-R1-7B,bird,,,
bird_402,Arctic-Text2SQL-R1-7B,bird,,,
bird_403,Arctic-Text2SQL-R1-7B,bird,,,
bird_404,Arctic-Text2SQL-R1-7B,bird,,,
bird_405,Arctic-Text2SQL-R1-7B,bird,,,
bird_406,Arctic-Text2SQL-R1-7B,bird,,,
bird_407,Arctic-Text2SQL-R1-7B,bird,,,
bird_408,Arctic-Text2SQL-R1-7B,bird,,,
bird_409,Arctic-Text2SQL-R1-7B,bird,,,
bird_410,Arctic-Text2SQL-R1-7B,bird,,,
bird_411,Arctic-Text2SQL-R1-7B,bird,,,
bird_412,Arctic-Text2SQL-R1-7B,bird,,,
bird_413,Arctic-Text2SQL-R1-7B,bird,,,
bird_414,Arctic-Text2SQL-R1-7B,bird,,,
bird_415,Arctic-Text2SQL-R1-7B,bird,,,
bird_416,Arctic-Text2SQL-R1-7B,bird,,,
bird_417,Arctic-Text2SQL-R1-7B,bird,,,
bird_418,Arctic-Text2SQL-R1-7B,bird,,,
bird_419,Arctic-Text2SQL-R1-7B,bird,,,
bird_420,Arctic-Text2SQL-R1-7B,bird,,,
bird_421,Arctic-Text2SQL-R1-7B,bird,,,
bird_422,Arctic-Text2SQL-R1-7B,bird,,,
bird_423,Arctic-Text2SQL-R1-7B,bird,,,
bird_424,Arctic-Text2SQL-R1-7B,bird,,,
bird_425,Arctic-Text2SQL-R1-7B,bird,,,
bird_426,Arctic-Text2SQL-R1-7B,bird,,,
bird_427,Arctic-Text2SQL-R1-7B,bird,,,
bird_428,Arctic-Text2SQL-R1-7B,bird,,,
bird_429,Arctic-Text2SQL-R1-7B,bird,,,
bird_430,Arctic-Text2SQL-R1-7B,bird,,,
bird_431,Arctic-Text2SQL-R1-7B,bird,,,
bird_432,Arctic-Text2SQL-R1-7B,bird,,,
bird_433,Arctic-Text2SQL-R1-7B,bird,,,
bird_434,Arctic-Text2SQL-R1-7B,bird,,,
bird_435,Arctic-Text2SQL-R1-7B,bird,,,
bird_436,Arctic-Text2SQL-R1-7B,bird,,,
bird_437,Arctic-Text2SQL-R1-7B,bird,,,
bird_438,Arctic-Text2SQL-R1-7B,bird,,,
bird_439,Arctic-Text2SQL-R1-7B,bird,,,
bird_440,Arctic-Text2SQL-R1-7B,bird,,,
bird_441,Arctic-Text2SQL-R1-7B,bird,,,
bird_442,Arctic-Text2SQL-R1-7B,bird,,,
bird_443,Arctic-Text2SQL-R1-7B,bird,,,
bird_444,Arctic-Text2SQL-R1-7B,bird,,,
bird_445,Arctic-Text2SQL-R1-7B,bird,,,
bird_446,Arctic-Text2SQL-R1-7B,bird,,,
bird_447,Arctic-Text2SQL-R1-7B,bird,,,
bird_448,Arctic-Text2SQL-R1-7B,bird,,,
bird_449,Arctic-Text2SQL-R1-7B,bird,,,
bird_450,Arctic-Text2SQL-R1-7B,bird,,,
bird_451,Arctic-Text2SQL-R1-7B,bird,,,
bird_452,Arctic-Text2SQL-R1-7B,bird,,,
bird_453,Arctic-Text2SQL-R1-7B,bird,,,
bird_454,Arctic-Text2SQL-R1-7B,bird,,,
bird_455,Arctic-Text2SQL-R1-7B,bird,,,
bird_456,Arctic-Text2SQL-R1-7B,bird,,,
bird_457,Arctic-Text2SQL-R1-7B,bird,,,
bird_458,Arctic-Text2SQL-R1-7B,bird,,,
bird_459,Arctic-Text2SQL-R1-7B,bird,,,
bird_460,Arctic-Text2SQL-R1-7B,bird,,,
bird_461,Arctic-Text2SQL-R1-7B,bird,,,
bird_462,Arctic-Text2SQL-R1-7B,bird,,,
bird_463,Arctic-Text2SQL-R1-7B,bird,,,
bird_464,Arctic-Text2SQL-R1-7B,bird,,,
bird_465,Arctic-Text2SQL-R1-7B,bird,,,
bird_466,Arctic-Text2SQL-R1-7B,bird,,,
bird_467,Arctic-Text2SQL-R1-7B,bird,,,
bird_468,Arctic-Text2SQL-R1-7B,bird,,,
bird_469,Arctic-Text2SQL-R1-7B,bird,,,
bird_470,Arctic-Text2SQL-R1-7B,bird,,,
bird_471,Arctic-Text2SQL-R1-7B,bird,,,
bird_472,Arctic-Text2SQL-R1-7B,bird,,,
bird_473,Arctic-Text2SQL-R1-7B,bird,,,
bird_474,Arctic-Text2SQL-R1-7B,bird,,,
bird_475,Arctic-Text2SQL-R1-7B,bird,,,
bird_476,Arctic-Text2SQL-R1-7B,bird,,,
bird_477,Arctic-Text2SQL-R1-7B,bird,,,
bird_478,Arctic-Text2SQL-R1-7B,bird,,,
bird_479,Arctic-Text2SQL-R1-7B,bird,,,
bird_480,Arctic-Text2SQL-R1-7B,bird,,,
bird_481,Arctic-Text2SQL-R1-7B,bird,,,
bird_482,Arctic-Text2SQL-R1-7B,bird,,,
bird_483,Arctic-Text2SQL-R1-7B,bird,,,
bird_484,Arctic-Text2SQL-R1-7B,bird,,,
bird_485,Arctic-Text2SQL-R1-7B,bird,,,
bird_486,Arctic-Text2SQL-R1-7B,bird,,,
bird_487,Arctic-Text2SQL-R1-7B,bird,,,
bird_488,Arctic-Text2SQL-R1-7B,bird,,,
bird_489,Arctic-Text2SQL-R1-7B,bird,,,
bird_490,Arctic-Text2SQL-R1-7B,bird,,,
bird_491,Arctic-Text2SQL-R1-7B,bird,,,
bird_492,Arctic-Text2SQL-R1-7B,bird,,,
bird_493,Arctic-Text2SQL-R1-7B,bird,,,
bird_494,Arctic-Text2SQL-R1-7B,bird,,,
bird_495,Arctic-Text2SQL-R1-7B,bird,,,
bird_496,Arctic-Text2SQL-R1-7B,bird,,,
bird_497,Arctic-Text2SQL-R1-7B,bird,,,
bird_498,Arctic-Text2SQL-R1-7B,bird,,,
bird_499,Arctic-Text2SQL-R1-7B,bird,,,
bird_500,Arctic-Text2SQL-R1-7B,bird,,,
bird_501,Arctic-Text2SQL-R1-7B,bird,,,
bird_502,Arctic-Text2SQL-R1-7B,bird,,,
bird_503,Arctic-Text2SQL-R1-7B,bird,,,
bird_504,Arctic-Text2SQL-R1-7B,bird,,,
bird_505,Arctic-Text2SQL-R1-7B,bird,,,
bird_506,Arctic-Text2SQL-R1-7B,bird,,,
bird_507,Arctic-Text2SQL-R1-7B,bird,,,
bird_508,Arctic-Text2SQL-R1-7B,bird,,,
bird_509,Arctic-Text2SQL-R1-7B,bird,,,
bird_510,Arctic-Text2SQL-R1-7B,bird,,,
bird_511,Arctic-Text2SQL-R1-7B,bird,,,
bird_512,Arctic-Text2SQL-R1-7B,bird,,,
bird_513,Arctic-Text2SQL-R1-7B,bird,,,
bird_514,Arctic-Text2SQL-R1-7B,bird,,,
bird_515,Arctic-Text2SQL-R1-7B,bird,,,
bird_516,Arctic-Text2SQL-R1-7B,bird,,,
bird_517,Arctic-Text2SQL-R1-7B,bird,,,
bird_518,Arctic-Text2SQL-R1-7B,bird,,,
bird_519,Arctic-Text2SQL-R1-7B,bird,,,
bird_520,Arctic-Text2SQL-R1-7B,bird,,,
bird_521,Arctic-Text2SQL-R1-7B,bird,,,
bird_522,Arctic-Text2SQL-R1-7B,bird,,,
bird_523,Arctic-Text2SQL-R1-7B,bird,,,
bird_524,Arctic-Text2SQL-R1-7B,bird,,,
bird_525,Arctic-Text2SQL-R1-7B,bird,,,
bird_526,Arctic-Text2SQL-R1-7B,bird,,,
bird_527,Arctic-Text2SQL-R1-7B,bird,,,
bird_528,Arctic-Text2SQL-R1-7B,bird,,,
bird_529,Arctic-Text2SQL-R1-7B,bird,,,
bird_530,Arctic-Text2SQL-R1-7B,bird,,,
bird_531,Arctic-Text2SQL-R1-7B,bird,,,
bird_532,Arctic-Text2SQL-R1-7B,bird,,,
bird_533,Arctic-Text2SQL-R1-7B,bird,,,
bird_534,Arctic-Text2SQL-R1-7B,bird,,,
bird_535,Arctic-Text2SQL-R1-7B,bird,,,
bird_536,Arctic-Text2SQL-R1-7B,bird,,,
bird_537,Arctic-Text2SQL-R1-7B,bird,,,
bird_538,Arctic-Text2SQL-R1-7B,bird,,,
bird_539,Arctic-Text2SQL-R1-7B,bird,,,
bird_540,Arctic-Text2SQL-R1-7B,bird,,,
bird_541,Arctic-Text2SQL-R1-7B,bird,,,
bird_542,Arctic-Text2SQL-R1-7B,bird,,,
bird_543,Arctic-Text2SQL-R1-7B,bird,,,
bird_544,Arctic-Text2SQL-R1-7B,bird,,,
bird_545,Arctic-Text2SQL-R1-7B,bird,,,
bird_546,Arctic-Text2SQL-R1-7B,bird,,,
bird_547,Arctic-Text2SQL-R1-7B,bird,,,
bird_548,Arctic-Text2SQL-R1-7B,bird,,,
bird_549,Arctic-Text2SQL-R1-7B,bird,,,
bird_550,Arctic-Text2SQL-R1-7B,bird,,,
bird_551,Arctic-Text2SQL-R1-7B,bird,,,
bird_552,Arctic-Text2SQL-R1-7B,bird,,,
bird_553,Arctic-Text2SQL-R1-7B,bird,,,
bird_554,Arctic-Text2SQL-R1-7B,bird,,,
bird_555,Arctic-Text2SQL-R1-7B,bird,,,
bird_556,Arctic-Text2SQL-R1-7B,bird,,,
bird_557,Arctic-Text2SQL-R1-7B,bird,,,
bird_558,Arctic-Text2SQL-R1-7B,bird,,,
bird_559,Arctic-Text2SQL-R1-7B,bird,,,
bird_560,Arctic-Text2SQL-R1-7B,bird,,,
bird_561,Arctic-Text2SQL-R1-7B,bird,,,
bird_562,Arctic-Text2SQL-R1-7B,bird,,,
bird_563,Arctic-Text2SQL-R1-7B,bird,,,
bird_564,Arctic-Text2SQL-R1-7B,bird,,,
bird_565,Arctic-Text2SQL-R1-7B,bird,,,
bird_566,Arctic-Text2SQL-R1-7B,bird,,,
bird_567,Arctic-Text2SQL-R1-7B,bird,,,
bird_568,Arctic-Text2SQL-R1-7B,bird,,,
bird_569,Arctic-Text2SQL-R1-7B,bird,,,
bird_570,Arctic-Text2SQL-R1-7B,bird,,,
bird_571,Arctic-Text2SQL-R1-7B,bird,,,
bird_572,Arctic-Text2SQL-R1-7B,bird,,,
bird_573,Arctic-Text2SQL-R1-7B,bird,,,
bird_574,Arctic-Text2SQL-R1-7B,bird,,,
bird_575,Arctic-Text2SQL-R1-7B,bird,,,
bird_576,Arctic-Text2SQL-R1-7B,bird,,,
bird_577,Arctic-Text2SQL-R1-7B,bird,,,
bird_578,Arctic-Text2SQL-R1-7B,bird,,,
bird_579,Arctic-Text2SQL-R1-7B,bird,,,
bird_580,Arctic-Text2SQL-R1-7B,bird,,,
bird_581,Arctic-Text2SQL-R1-7B,bird,,,
bird_582,Arctic-Text2SQL-R1-7B,bird,,,
bird_583,Arctic-Text2SQL-R1-7B,bird,,,
bird_584,Arctic-Text2SQL-R1-7B,bird,,,
bird_585,Arctic-Text2SQL-R1-7B,bird,,,
bird_586,Arctic-Text2SQL-R1-7B,bird,,,
bird_587,Arctic-Text2SQL-R1-7B,bird,,,
bird_588,Arctic-Text2SQL-R1-7B,bird,,,
bird_589,Arctic-Text2SQL-R1-7B,bird,,,
bird_590,Arctic-Text2SQL-R1-7B,bird,,,
bird_591,Arctic-Text2SQL-R1-7B,bird,,,
bird_592,Arctic-Text2SQL-R1-7B,bird,,,
bird_593,Arctic-Text2SQL-R1-7B,bird,,,
bird_594,Arctic-Text2SQL-R1-7B,bird,,,
bird_595,Arctic-Text2SQL-R1-7B,bird,,,
bird_596,Arctic-Text2SQL-R1-7B,bird,,,
bird_597,Arctic-Text2SQL-R1-7B,bird,,,
bird_598,Arctic-Text2SQL-R1-7B,bird,,,
bird_599,Arctic-Text2SQL-R1-7B,bird,,,
bird_600,Arctic-Text2SQL-R1-7B,bird,,,
bird_601,Arctic-Text2SQL-R1-7B,bird,,,
bird_602,Arctic-Text2SQL-R1-7B,bird,,,
bird_603,Arctic-Text2SQL-R1-7B,bird,,,
bird_604,Arctic-Text2SQL-R1-7B,bird,,,
bird_605,Arctic-Text2SQL-R1-7B,bird,,,
bird_606,Arctic-Text2SQL-R1-7B,bird,,,
bird_607,Arctic-Text2SQL-R1-7B,bird,,,
bird_608,Arctic-Text2SQL-R1-7B,bird,,,
bird_609,Arctic-Text2SQL-R1-7B,bird,,,
bird_610,Arctic-Text2SQL-R1-7B,bird,,,
bird_611,Arctic-Text2SQL-R1-7B,bird,,,
bird_612,Arctic-Text2SQL-R1-7B,bird,,,
bird_613,Arctic-Text2SQL-R1-7B,bird,,,
bird_614,Arctic-Text2SQL-R1-7B,bird,,,
bird_615,Arctic-Text2SQL-R1-7B,bird,,,
bird_616,Arctic-Text2SQL-R1-7B,bird,,,
bird_617,Arctic-Text2SQL-R1-7B,bird,,,
bird_618,Arctic-Text2SQL-R1-7B,bird,,,
bird_619,Arctic-Text2SQL-R1-7B,bird,,,
bird_620,Arctic-Text2SQL-R1-7B,bird,,,
bird_621,Arctic-Text2SQL-R1-7B,bird,,,
bird_622,Arctic-Text2SQL-R1-7B,bird,,,
bird_623,Arctic-Text2SQL-R1-7B,bird,,,
bird_624,Arctic-Text2SQL-R1-7B,bird,,,
bird_625,Arctic-Text2SQL-R1-7B,bird,,,
bird_626,Arctic-Text2SQL-R1-7B,bird,,,
bird_627,Arctic-Text2SQL-R1-7B,bird,,,
bird_628,Arctic-Text2SQL-R1-7B,bird,,,
bird_629,Arctic-Text2SQL-R1-7B,bird,,,
bird_630,Arctic-Text2SQL-R1-7B,bird,,,
bird_631,Arctic-Text2SQL-R1-7B,bird,,,
bird_632,Arctic-Text2SQL-R1-7B,bird,,,
bird_633,Arctic-Text2SQL-R1-7B,bird,,,
bird_634,Arctic-Text2SQL-R1-7B,bird,,,
bird_635,Arctic-Text2SQL-R1-7B,bird,,,
bird_636,Arctic-Text2SQL-R1-7B,bird,,,
bird_637,Arctic-Text2SQL-R1-7B,bird,,,
bird_638,Arctic-Text2SQL-R1-7B,bird,,,
bird_639,Arctic-Text2SQL-R1-7B,bird,,,
bird_640,Arctic-Text2SQL-R1-7B,bird,,,
bird_641,Arctic-Text2SQL-R1-7B,bird,,,
bird_642,Arctic-Text2SQL-R1-7B,bird,,,
bird_643,Arctic-Text2SQL-R1-7B,bird,,,
bird_644,Arctic-Text2SQL-R1-7B,bird,,,
bird_645,Arctic-Text2SQL-R1-7B,bird,,,
bird_646,Arctic-Text2SQL-R1-7B,bird,,,
bird_647,Arctic-Text2SQL-R1-7B,bird,,,
bird_648,Arctic-Text2SQL-R1-7B,bird,,,
bird_649,Arctic-Text2SQL-R1-7B,bird,,,
bird_650,Arctic-Text2SQL-R1-7B,bird,,,
bird_651,Arctic-Text2SQL-R1-7B,bird,,,
bird_652,Arctic-Text2SQL-R1-7B,bird,,,
bird_653,Arctic-Text2SQL-R1-7B,bird,,,
bird_654,Arctic-Text2SQL-R1-7B,bird,,,
bird_655,Arctic-Text2SQL-R1-7B,bird,,,
bird_656,Arctic-Text2SQL-R1-7B,bird,,,
bird_657,Arctic-Text2SQL-R1-7B,bird,,,
bird_658,Arctic-Text2SQL-R1-7B,bird,,,
bird_659,Arctic-Text2SQL-R1-7B,bird,,,
bird_660,Arctic-Text2SQL-R1-7B,bird,,,
bird_661,Arctic-Text2SQL-R1-7B,bird,,,
bird_662,Arctic-Text2SQL-R1-7B,bird,,,
bird_663,Arctic-Text2SQL-R1-7B,bird,,,
bird_664,Arctic-Text2SQL-R1-7B,bird,,,
bird_665,Arctic-Text2SQL-R1-7B,bird,,,
bird_666,Arctic-Text2SQL-R1-7B,bird,,,
bird_667,Arctic-Text2SQL-R1-7B,bird,,,
bird_668,Arctic-Text2SQL-R1-7B,bird,,,
bird_669,Arctic-Text2SQL-R1-7B,bird,,,
bird_670,Arctic-Text2SQL-R1-7B,bird,,,
bird_671,Arctic-Text2SQL-R1-7B,bird,,,
bird_672,Arctic-Text2SQL-R1-7B,bird,,,
bird_673,Arctic-Text2SQL-R1-7B,bird,,,
bird_674,Arctic-Text2SQL-R1-7B,bird,,,
bird_675,Arctic-Text2SQL-R1-7B,bird,,,
bird_676,Arctic-Text2SQL-R1-7B,bird,,,
bird_677,Arctic-Text2SQL-R1-7B,bird,,,
bird_678,Arctic-Text2SQL-R1-7B,bird,,,
bird_679,Arctic-Text2SQL-R1-7B,bird,,,
bird_680,Arctic-Text2SQL-R1-7B,bird,,,
bird_681,Arctic-Text2SQL-R1-7B,bird,,,
bird_682,Arctic-Text2SQL-R1-7B,bird,,,
bird_683,Arctic-Text2SQL-R1-7B,bird,,,
bird_684,Arctic-Text2SQL-R1-7B,bird,,,
bird_685,Arctic-Text2SQL-R1-7B,bird,,,
bird_686,Arctic-Text2SQL-R1-7B,bird,,,
bird_687,Arctic-Text2SQL-R1-7B,bird,,,
bird_688,Arctic-Text2SQL-R1-7B,bird,,,
bird_689,Arctic-Text2SQL-R1-7B,bird,,,
bird_690,Arctic-Text2SQL-R1-7B,bird,,,
bird_691,Arctic-Text2SQL-R1-7B,bird,,,
bird_692,Arctic-Text2SQL-R1-7B,bird,,,
bird_693,Arctic-Text2SQL-R1-7B,bird,,,
bird_694,Arctic-Text2SQL-R1-7B,bird,,,
bird_695,Arctic-Text2SQL-R1-7B,bird,,,
bird_696,Arctic-Text2SQL-R1-7B,bird,,,
bird_697,Arctic-Text2SQL-R1-7B,bird,,,
bird_698,Arctic-Text2SQL-R1-7B,bird,,,
bird_699,Arctic-Text2SQL-R1-7B,bird,,,
bird_700,Arctic-Text2SQL-R1-7B,bird,,,
bird_701,Arctic-Text2SQL-R1-7B,bird,,,
bird_702,Arctic-Text2SQL-R1-7B,bird,,,
bird_703,Arctic-Text2SQL-R1-7B,bird,,,
bird_704,Arctic-Text2SQL-R1-7B,bird,,,
bird_705,Arctic-Text2SQL-R1-7B,bird,,,
bird_706,Arctic-Text2SQL-R1-7B,bird,,,
bird_707,Arctic-Text2SQL-R1-7B,bird,,,
bird_708,Arctic-Text2SQL-R1-7B,bird,,,
bird_709,Arctic-Text2SQL-R1-7B,bird,,,
bird_710,Arctic-Text2SQL-R1-7B,bird,,,
bird_711,Arctic-Text2SQL-R1-7B,bird,,,
bird_712,Arctic-Text2SQL-R1-7B,bird,,,
bird_713,Arctic-Text2SQL-R1-7B,bird,,,
bird_714,Arctic-Text2SQL-R1-7B,bird,,,
bird_715,Arctic-Text2SQL-R1-7B,bird,,,
bird_716,Arctic-Text2SQL-R1-7B,bird,,,
bird_717,Arctic-Text2SQL-R1-7B,bird,,,
bird_718,Arctic-Text2SQL-R1-7B,bird,,,
bird_719,Arctic-Text2SQL-R1-7B,bird,,,
bird_720,Arctic-Text2SQL-R1-7B,bird,,,
bird_721,Arctic-Text2SQL-R1-7B,bird,,,
bird_722,Arctic-Text2SQL-R1-7B,bird,,,
bird_723,Arctic-Text2SQL-R1-7B,bird,,,
bird_724,Arctic-Text2SQL-R1-7B,bird,,,
bird_725,Arctic-Text2SQL-R1-7B,bird,,,
bird_726,Arctic-Text2SQL-R1-7B,bird,,,
bird_727,Arctic-Text2SQL-R1-7B,bird,,,
bird_728,Arctic-Text2SQL-R1-7B,bird,,,
bird_729,Arctic-Text2SQL-R1-7B,bird,,,
bird_730,Arctic-Text2SQL-R1-7B,bird,,,
bird_731,Arctic-Text2SQL-R1-7B,bird,,,
bird_732,Arctic-Text2SQL-R1-7B,bird,,,
bird_733,Arctic-Text2SQL-R1-7B,bird,,,
bird_734,Arctic-Text2SQL-R1-7B,bird,,,
bird_735,Arctic-Text2SQL-R1-7B,bird,,,
bird_736,Arctic-Text2SQL-R1-7B,bird,,,
bird_737,Arctic-Text2SQL-R1-7B,bird,,,
bird_738,Arctic-Text2SQL-R1-7B,bird,,,
bird_739,Arctic-Text2SQL-R1-7B,bird,,,
bird_740,Arctic-Text2SQL-R1-7B,bird,,,
bird_741,Arctic-Text2SQL-R1-7B,bird,,,
bird_742,Arctic-Text2SQL-R1-7B,bird,,,
bird_743,Arctic-Text2SQL-R1-7B,bird,,,
bird_744,Arctic-Text2SQL-R1-7B,bird,,,
bird_745,Arctic-Text2SQL-R1-7B,bird,,,
bird_746,Arctic-Text2SQL-R1-7B,bird,,,
bird_747,Arctic-Text2SQL-R1-7B,bird,,,
bird_748,Arctic-Text2SQL-R1-7B,bird,,,
bird_749,Arctic-Text2SQL-R1-7B,bird,,,
bird_750,Arctic-Text2SQL-R1-7B,bird,,,
bird_751,Arctic-Text2SQL-R1-7B,bird,,,
bird_752,Arctic-Text2SQL-R1-7B,bird,,,
bird_753,Arctic-Text2SQL-R1-7B,bird,,,
bird_754,Arctic-Text2SQL-R1-7B,bird,,,
bird_755,Arctic-Text2SQL-R1-7B,bird,,,
bird_756,Arctic-Text2SQL-R1-7B,bird,,,
bird_757,Arctic-Text2SQL-R1-7B,bird,,,
bird_758,Arctic-Text2SQL-R1-7B,bird,,,
bird_759,Arctic-Text2SQL-R1-7B,bird,,,
bird_760,Arctic-Text2SQL-R1-7B,bird,,,
bird_761,Arctic-Text2SQL-R1-7B,bird,,,
bird_762,Arctic-Text2SQL-R1-7B,bird,,,
bird_763,Arctic-Text2SQL-R1-7B,bird,,,
bird_764,Arctic-Text2SQL-R1-7B,bird,,,
bird_765,Arctic-Text2SQL-R1-7B,bird,,,
bird_766,Arctic-Text2SQL-R1-7B,bird,,,
bird_767,Arctic-Text2SQL-R1-7B,bird,,,
bird_768,Arctic-Text2SQL-R1-7B,bird,,,
bird_769,Arctic-Text2SQL-R1-7B,bird,,,
bird_770,Arctic-Text2SQL-R1-7B,bird,,,
bird_771,Arctic-Text2SQL-R1-7B,bird,,,
bird_772,Arctic-Text2SQL-R1-7B,bird,,,
bird_773,Arctic-Text2SQL-R1-7B,bird,,,
bird_774,Arctic-Text2SQL-R1-7B,bird,,,
bird_775,Arctic-Text2SQL-R1-7B,bird,,,
bird_776,Arctic-Text2SQL-R1-7B,bird,,,
bird_777,Arctic-Text2SQL-R1-7B,bird,,,
bird_778,Arctic-Text2SQL-R1-7B,bird,,,
bird_779,Arctic-Text2SQL-R1-7B,bird,,,
bird_780,Arctic-Text2SQL-R1-7B,bird,,,
bird_781,Arctic-Text2SQL-R1-7B,bird,,,
bird_782,Arctic-Text2SQL-R1-7B,bird,,,
bird_783,Arctic-Text2SQL-R1-7B,bird,,,
bird_784,Arctic-Text2SQL-R1-7B,bird,,,
bird_785,Arctic-Text2SQL-R1-7B,bird,,,
bird_786,Arctic-Text2SQL-R1-7B,bird,,,
bird_787,Arctic-Text2SQL-R1-7B,bird,,,
bird_788,Arctic-Text2SQL-R1-7B,bird,,,
bird_789,Arctic-Text2SQL-R1-7B,bird,,,
bird_790,Arctic-Text2SQL-R1-7B,bird,,,
bird_791,Arctic-Text2SQL-R1-7B,bird,,,
bird_792,Arctic-Text2SQL-R1-7B,bird,,,
bird_793,Arctic-Text2SQL-R1-7B,bird,,,
bird_794,Arctic-Text2SQL-R1-7B,bird,,,
bird_795,Arctic-Text2SQL-R1-7B,bird,,,
bird_796,Arctic-Text2SQL-R1-7B,bird,,,
bird_797,Arctic-Text2SQL-R1-7B,bird,,,
bird_798,Arctic-Text2SQL-R1-7B,bird,,,
bird_799,Arctic-Text2SQL-R1-7B,bird,,,
bird_800,Arctic-Text2SQL-R1-7B,bird,,,
bird_801,Arctic-Text2SQL-R1-7B,bird,,,
bird_802,Arctic-Text2SQL-R1-7B,bird,,,
bird_803,Arctic-Text2SQL-R1-7B,bird,,,
bird_804,Arctic-Text2SQL-R1-7B,bird,,,
bird_805,Arctic-Text2SQL-R1-7B,bird,,,
bird_806,Arctic-Text2SQL-R1-7B,bird,,,
bird_807,Arctic-Text2SQL-R1-7B,bird,,,
bird_808,Arctic-Text2SQL-R1-7B,bird,,,
bird_809,Arctic-Text2SQL-R1-7B,bird,,,
bird_810,Arctic-Text2SQL-R1-7B,bird,,,
bird_811,Arctic-Text2SQL-R1-7B,bird,,,
bird_812,Arctic-Text2SQL-R1-7B,bird,,,
bird_813,Arctic-Text2SQL-R1-7B,bird,,,
bird_814,Arctic-Text2SQL-R1-7B,bird,,,
bird_815,Arctic-Text2SQL-R1-7B,bird,,,
bird_816,Arctic-Text2SQL-R1-7B,bird,,,
bird_817,Arctic-Text2SQL-R1-7B,bird,,,
bird_818,Arctic-Text2SQL-R1-7B,bird,,,
bird_819,Arctic-Text2SQL-R1-7B,bird,,,
bird_820,Arctic-Text2SQL-R1-7B,bird,,,
bird_821,Arctic-Text2SQL-R1-7B,bird,,,
bird_822,Arctic-Text2SQL-R1-7B,bird,,,
bird_823,Arctic-Text2SQL-R1-7B,bird,,,
bird_824,Arctic-Text2SQL-R1-7B,bird,,,
bird_825,Arctic-Text2SQL-R1-7B,bird,,,
bird_826,Arctic-Text2SQL-R1-7B,bird,,,
bird_827,Arctic-Text2SQL-R1-7B,bird,,,
bird_828,Arctic-Text2SQL-R1-7B,bird,,,
bird_829,Arctic-Text2SQL-R1-7B,bird,,,
bird_830,Arctic-Text2SQL-R1-7B,bird,,,
bird_831,Arctic-Text2SQL-R1-7B,bird,,,
bird_832,Arctic-Text2SQL-R1-7B,bird,,,
bird_833,Arctic-Text2SQL-R1-7B,bird,,,
bird_834,Arctic-Text2SQL-R1-7B,bird,,,
bird_835,Arctic-Text2SQL-R1-7B,bird,,,
bird_836,Arctic-Text2SQL-R1-7B,bird,,,
bird_837,Arctic-Text2SQL-R1-7B,bird,,,
bird_838,Arctic-Text2SQL-R1-7B,bird,,,
bird_839,Arctic-Text2SQL-R1-7B,bird,,,
bird_840,Arctic-Text2SQL-R1-7B,bird,,,
bird_841,Arctic-Text2SQL-R1-7B,bird,,,
bird_842,Arctic-Text2SQL-R1-7B,bird,,,
bird_843,Arctic-Text2SQL-R1-7B,bird,,,
bird_844,Arctic-Text2SQL-R1-7B,bird,,,
bird_845,Arctic-Text2SQL-R1-7B,bird,,,
bird_846,Arctic-Text2SQL-R1-7B,bird,,,
bird_847,Arctic-Text2SQL-R1-7B,bird,,,
bird_848,Arctic-Text2SQL-R1-7B,bird,,,
bird_849,Arctic-Text2SQL-R1-7B,bird,,,
bird_850,Arctic-Text2SQL-R1-7B,bird,,,
bird_851,Arctic-Text2SQL-R1-7B,bird,,,
bird_852,Arctic-Text2SQL-R1-7B,bird,,,
bird_853,Arctic-Text2SQL-R1-7B,bird,,,
bird_854,Arctic-Text2SQL-R1-7B,bird,,,
bird_855,Arctic-Text2SQL-R1-7B,bird,,,
bird_856,Arctic-Text2SQL-R1-7B,bird,,,
bird_857,Arctic-Text2SQL-R1-7B,bird,,,
bird_858,Arctic-Text2SQL-R1-7B,bird,,,
bird_859,Arctic-Text2SQL-R1-7B,bird,,,
bird_860,Arctic-Text2SQL-R1-7B,bird,,,
bird_861,Arctic-Text2SQL-R1-7B,bird,,,
bird_862,Arctic-Text2SQL-R1-7B,bird,,,
bird_863,Arctic-Text2SQL-R1-7B,bird,,,
bird_864,Arctic-Text2SQL-R1-7B,bird,,,
bird_865,Arctic-Text2SQL-R1-7B,bird,,,
bird_866,Arctic-Text2SQL-R1-7B,bird,,,
bird_867,Arctic-Text2SQL-R1-7B,bird,,,
bird_868,Arctic-Text2SQL-R1-7B,bird,,,
bird_869,Arctic-Text2SQL-R1-7B,bird,,,
bird_870,Arctic-Text2SQL-R1-7B,bird,,,
bird_871,Arctic-Text2SQL-R1-7B,bird,,,
bird_872,Arctic-Text2SQL-R1-7B,bird,,,
bird_873,Arctic-Text2SQL-R1-7B,bird,,,
bird_874,Arctic-Text2SQL-R1-7B,bird,,,
bird_875,Arctic-Text2SQL-R1-7B,bird,,,
bird_876,Arctic-Text2SQL-R1-7B,bird,,,
bird_877,Arctic-Text2SQL-R1-7B,bird,,,
bird_878,Arctic-Text2SQL-R1-7B,bird,,,
bird_879,Arctic-Text2SQL-R1-7B,bird,,,
bird_880,Arctic-Text2SQL-R1-7B,bird,,,
bird_881,Arctic-Text2SQL-R1-7B,bird,,,
bird_882,Arctic-Text2SQL-R1-7B,bird,,,
bird_883,Arctic-Text2SQL-R1-7B,bird,,,
bird_884,Arctic-Text2SQL-R1-7B,bird,,,
bird_885,Arctic-Text2SQL-R1-7B,bird,,,
bird_886,Arctic-Text2SQL-R1-7B,bird,,,
bird_887,Arctic-Text2SQL-R1-7B,bird,,,
bird_888,Arctic-Text2SQL-R1-7B,bird,,,
bird_889,Arctic-Text2SQL-R1-7B,bird,,,
bird_890,Arctic-Text2SQL-R1-7B,bird,,,
bird_891,Arctic-Text2SQL-R1-7B,bird,,,
bird_892,Arctic-Text2SQL-R1-7B,bird,,,
bird_893,Arctic-Text2SQL-R1-7B,bird,,,
bird_894,Arctic-Text2SQL-R1-7B,bird,,,
bird_895,Arctic-Text2SQL-R1-7B,bird,,,
bird_896,Arctic-Text2SQL-R1-7B,bird,,,
bird_897,Arctic-Text2SQL-R1-7B,bird,,,
bird_898,Arctic-Text2SQL-R1-7B,bird,,,
bird_899,Arctic-Text2SQL-R1-7B,bird,,,
bird_900,Arctic-Text2SQL-R1-7B,bird,,,
bird_901,Arctic-Text2SQL-R1-7B,bird,,,
bird_902,Arctic-Text2SQL-R1-7B,bird,,,
bird_903,Arctic-Text2SQL-R1-7B,bird,,,
bird_904,Arctic-Text2SQL-R1-7B,bird,,,
bird_905,Arctic-Text2SQL-R1-7B,bird,,,
bird_906,Arctic-Text2SQL-R1-7B,bird,,,
bird_907,Arctic-Text2SQL-R1-7B,bird,,,
bird_908,Arctic-Text2SQL-R1-7B,bird,,,
bird_909,Arctic-Text2SQL-R1-7B,bird,,,
bird_910,Arctic-Text2SQL-R1-7B,bird,,,
bird_911,Arctic-Text2SQL-R1-7B,bird,,,
bird_912,Arctic-Text2SQL-R1-7B,bird,,,
bird_913,Arctic-Text2SQL-R1-7B,bird,,,
bird_914,Arctic-Text2SQL-R1-7B,bird,,,
bird_915,Arctic-Text2SQL-R1-7B,bird,,,
bird_916,Arctic-Text2SQL-R1-7B,bird,,,
bird_917,Arctic-Text2SQL-R1-7B,bird,,,
bird_918,Arctic-Text2SQL-R1-7B,bird,,,
bird_919,Arctic-Text2SQL-R1-7B,bird,,,
bird_920,Arctic-Text2SQL-R1-7B,bird,,,
bird_921,Arctic-Text2SQL-R1-7B,bird,,,
bird_922,Arctic-Text2SQL-R1-7B,bird,,,
bird_923,Arctic-Text2SQL-R1-7B,bird,,,
bird_924,Arctic-Text2SQL-R1-7B,bird,,,
bird_925,Arctic-Text2SQL-R1-7B,bird,,,
bird_926,Arctic-Text2SQL-R1-7B,bird,,,
bird_927,Arctic-Text2SQL-R1-7B,bird,,,
bird_928,Arctic-Text2SQL-R1-7B,bird,,,
bird_929,Arctic-Text2SQL-R1-7B,bird,,,
bird_930,Arctic-Text2SQL-R1-7B,bird,,,
bird_931,Arctic-Text2SQL-R1-7B,bird,,,
bird_932,Arctic-Text2SQL-R1-7B,bird,,,
bird_933,Arctic-Text2SQL-R1-7B,bird,,,
bird_934,Arctic-Text2SQL-R1-7B,bird,,,
bird_935,Arctic-Text2SQL-R1-7B,bird,,,
bird_936,Arctic-Text2SQL-R1-7B,bird,,,
bird_937,Arctic-Text2SQL-R1-7B,bird,,,
bird_938,Arctic-Text2SQL-R1-7B,bird,,,
bird_939,Arctic-Text2SQL-R1-7B,bird,,,
bird_940,Arctic-Text2SQL-R1-7B,bird,,,
bird_941,Arctic-Text2SQL-R1-7B,bird,,,
bird_942,Arctic-Text2SQL-R1-7B,bird,,,
bird_943,Arctic-Text2SQL-R1-7B,bird,,,
bird_944,Arctic-Text2SQL-R1-7B,bird,,,
bird_945,Arctic-Text2SQL-R1-7B,bird,,,
bird_946,Arctic-Text2SQL-R1-7B,bird,,,
bird_947,Arctic-Text2SQL-R1-7B,bird,,,
bird_948,Arctic-Text2SQL-R1-7B,bird,,,
bird_949,Arctic-Text2SQL-R1-7B,bird,,,
bird_950,Arctic-Text2SQL-R1-7B,bird,,,
bird_951,Arctic-Text2SQL-R1-7B,bird,,,
bird_952,Arctic-Text2SQL-R1-7B,bird,,,
bird_953,Arctic-Text2SQL-R1-7B,bird,,,
bird_954,Arctic-Text2SQL-R1-7B,bird,,,
bird_955,Arctic-Text2SQL-R1-7B,bird,,,
bird_956,Arctic-Text2SQL-R1-7B,bird,,,
bird_957,Arctic-Text2SQL-R1-7B,bird,,,
bird_958,Arctic-Text2SQL-R1-7B,bird,,,
bird_959,Arctic-Text2SQL-R1-7B,bird,,,
bird_960,Arctic-Text2SQL-R1-7B,bird,,,
bird_961,Arctic-Text2SQL-R1-7B,bird,,,
bird_962,Arctic-Text2SQL-R1-7B,bird,,,
bird_963,Arctic-Text2SQL-R1-7B,bird,,,
bird_964,Arctic-Text2SQL-R1-7B,bird,,,
bird_965,Arctic-Text2SQL-R1-7B,bird,,,
bird_966,Arctic-Text2SQL-R1-7B,bird,,,
bird_967,Arctic-Text2SQL-R1-7B,bird,,,
bird_968,Arctic-Text2SQL-R1-7B,bird,,,
bird_969,Arctic-Text2SQL-R1-7B,bird,,,
bird_970,Arctic-Text2SQL-R1-7B,bird,,,
bird_971,Arctic-Text2SQL-R1-7B,bird,,,
bird_972,Arctic-Text2SQL-R1-7B,bird,,,
bird_973,Arctic-Text2SQL-R1-7B,bird,,,
bird_974,Arctic-Text2SQL-R1-7B,bird,,,
bird_975,Arctic-Text2SQL-R1-7B,bird,,,
bird_976,Arctic-Text2SQL-R1-7B,bird,,,
bird_977,Arctic-Text2SQL-R1-7B,bird,,,
bird_978,Arctic-Text2SQL-R1-7B,bird,,,
bird_979,Arctic-Text2SQL-R1-7B,bird,,,
bird_980,Arctic-Text2SQL-R1-7B,bird,,,
bird_981,Arctic-Text2SQL-R1-7B,bird,,,
bird_982,Arctic-Text2SQL-R1-7B,bird,,,
bird_983,Arctic-Text2SQL-R1-7B,bird,,,
bird_984,Arctic-Text2SQL-R1-7B,bird,,,
bird_985,Arctic-Text2SQL-R1-7B,bird,,,
bird_986,Arctic-Text2SQL-R1-7B,bird,,,
bird_987,Arctic-Text2SQL-R1-7B,bird,,,
bird_988,Arctic-Text2SQL-R1-7B,bird,,,
bird_989,Arctic-Text2SQL-R1-7B,bird,,,
bird_990,Arctic-Text2SQL-R1-7B,bird,,,
bird_991,Arctic-Text2SQL-R1-7B,bird,,,
bird_992,Arctic-Text2SQL-R1-7B,bird,,,
bird_993,Arctic-Text2SQL-R1-7B,bird,,,
bird_994,Arctic-Text2SQL-R1-7B,bird,,,
bird_995,Arctic-Text2SQL-R1-7B,bird,,,
bird_996,Arctic-Text2SQL-R1-7B,bird,,,
bird_997,Arctic-Text2SQL-R1-7B,bird,,,
bird_998,Arctic-Text2SQL-R1-7B,bird,,,
bird_999,Arctic-Text2SQL-R1-7B,bird,,,
bird_1000,Arctic-Text2SQL-R1-7B,bird,,,
bird_1001,Arctic-Text2SQL-R1-7B,bird,,,
bird_1002,Arctic-Text2SQL-R1-7B,bird,,,
bird_1003,Arctic-Text2SQL-R1-7B,bird,,,
bird_1004,Arctic-Text2SQL-R1-7B,bird,,,
bird_1005,Arctic-Text2SQL-R1-7B,bird,,,
bird_1006,Arctic-Text2SQL-R1-7B,bird,,,
bird_1007,Arctic-Text2SQL-R1-7B,bird,,,
bird_1008,Arctic-Text2SQL-R1-7B,bird,,,
bird_1009,Arctic-Text2SQL-R1-7B,bird,,,
bird_1010,Arctic-Text2SQL-R1-7B,bird,,,
bird_1011,Arctic-Text2SQL-R1-7B,bird,,,
bird_1012,Arctic-Text2SQL-R1-7B,bird,,,
bird_1013,Arctic-Text2SQL-R1-7B,bird,,,
bird_1014,Arctic-Text2SQL-R1-7B,bird,,,
bird_1015,Arctic-Text2SQL-R1-7B,bird,,,
bird_1016,Arctic-Text2SQL-R1-7B,bird,,,
bird_1017,Arctic-Text2SQL-R1-7B,bird,,,
bird_1018,Arctic-Text2SQL-R1-7B,bird,,,
bird_1019,Arctic-Text2SQL-R1-7B,bird,,,
bird_1020,Arctic-Text2SQL-R1-7B,bird,,,
bird_1021,Arctic-Text2SQL-R1-7B,bird,,,
bird_1022,Arctic-Text2SQL-R1-7B,bird,,,
bird_1023,Arctic-Text2SQL-R1-7B,bird,,,
bird_1024,Arctic-Text2SQL-R1-7B,bird,,,
bird_1025,Arctic-Text2SQL-R1-7B,bird,,,
bird_1026,Arctic-Text2SQL-R1-7B,bird,,,
bird_1027,Arctic-Text2SQL-R1-7B,bird,,,
bird_1028,Arctic-Text2SQL-R1-7B,bird,,,
bird_1029,Arctic-Text2SQL-R1-7B,bird,,,
bird_1030,Arctic-Text2SQL-R1-7B,bird,,,
bird_1031,Arctic-Text2SQL-R1-7B,bird,,,
bird_1032,Arctic-Text2SQL-R1-7B,bird,,,
bird_1033,Arctic-Text2SQL-R1-7B,bird,,,
bird_1034,Arctic-Text2SQL-R1-7B,bird,,,
bird_1035,Arctic-Text2SQL-R1-7B,bird,,,
bird_1036,Arctic-Text2SQL-R1-7B,bird,,,
bird_1037,Arctic-Text2SQL-R1-7B,bird,,,
bird_1038,Arctic-Text2SQL-R1-7B,bird,,,
bird_1039,Arctic-Text2SQL-R1-7B,bird,,,
bird_1040,Arctic-Text2SQL-R1-7B,bird,,,
bird_1041,Arctic-Text2SQL-R1-7B,bird,,,
bird_1042,Arctic-Text2SQL-R1-7B,bird,,,
bird_1043,Arctic-Text2SQL-R1-7B,bird,,,
bird_1044,Arctic-Text2SQL-R1-7B,bird,,,
bird_1045,Arctic-Text2SQL-R1-7B,bird,,,
bird_1046,Arctic-Text2SQL-R1-7B,bird,,,
bird_1047,Arctic-Text2SQL-R1-7B,bird,,,
bird_1048,Arctic-Text2SQL-R1-7B,bird,,,
bird_1049,Arctic-Text2SQL-R1-7B,bird,,,
bird_1050,Arctic-Text2SQL-R1-7B,bird,,,
bird_1051,Arctic-Text2SQL-R1-7B,bird,,,
bird_1052,Arctic-Text2SQL-R1-7B,bird,,,
bird_1053,Arctic-Text2SQL-R1-7B,bird,,,
bird_1054,Arctic-Text2SQL-R1-7B,bird,,,
bird_1055,Arctic-Text2SQL-R1-7B,bird,,,
bird_1056,Arctic-Text2SQL-R1-7B,bird,,,
bird_1057,Arctic-Text2SQL-R1-7B,bird,,,
bird_1058,Arctic-Text2SQL-R1-7B,bird,,,
bird_1059,Arctic-Text2SQL-R1-7B,bird,,,
bird_1060,Arctic-Text2SQL-R1-7B,bird,,,
bird_1061,Arctic-Text2SQL-R1-7B,bird,,,
bird_1062,Arctic-Text2SQL-R1-7B,bird,,,
bird_1063,Arctic-Text2SQL-R1-7B,bird,,,
bird_1064,Arctic-Text2SQL-R1-7B,bird,,,
bird_1065,Arctic-Text2SQL-R1-7B,bird,,,
bird_1066,Arctic-Text2SQL-R1-7B,bird,,,
bird_1067,Arctic-Text2SQL-R1-7B,bird,,,
bird_1068,Arctic-Text2SQL-R1-7B,bird,,,
bird_1069,Arctic-Text2SQL-R1-7B,bird,,,
bird_1070,Arctic-Text2SQL-R1-7B,bird,,,
bird_1071,Arctic-Text2SQL-R1-7B,bird,,,
bird_1072,Arctic-Text2SQL-R1-7B,bird,,,
bird_1073,Arctic-Text2SQL-R1-7B,bird,,,
bird_1074,Arctic-Text2SQL-R1-7B,bird,,,
bird_1075,Arctic-Text2SQL-R1-7B,bird,,,
bird_1076,Arctic-Text2SQL-R1-7B,bird,,,
bird_1077,Arctic-Text2SQL-R1-7B,bird,,,
bird_1078,Arctic-Text2SQL-R1-7B,bird,,,
bird_1079,Arctic-Text2SQL-R1-7B,bird,,,
bird_1080,Arctic-Text2SQL-R1-7B,bird,,,
bird_1081,Arctic-Text2SQL-R1-7B,bird,,,
bird_1082,Arctic-Text2SQL-R1-7B,bird,,,
bird_1083,Arctic-Text2SQL-R1-7B,bird,,,
bird_1084,Arctic-Text2SQL-R1-7B,bird,,,
bird_1085,Arctic-Text2SQL-R1-7B,bird,,,
bird_1086,Arctic-Text2SQL-R1-7B,bird,,,
bird_1087,Arctic-Text2SQL-R1-7B,bird,,,
bird_1088,Arctic-Text2SQL-R1-7B,bird,,,
bird_1089,Arctic-Text2SQL-R1-7B,bird,,,
bird_1090,Arctic-Text2SQL-R1-7B,bird,,,
bird_1091,Arctic-Text2SQL-R1-7B,bird,,,
bird_1092,Arctic-Text2SQL-R1-7B,bird,,,
bird_1093,Arctic-Text2SQL-R1-7B,bird,,,
bird_1094,Arctic-Text2SQL-R1-7B,bird,,,
bird_1095,Arctic-Text2SQL-R1-7B,bird,,,
bird_1096,Arctic-Text2SQL-R1-7B,bird,,,
bird_1097,Arctic-Text2SQL-R1-7B,bird,,,
bird_1098,Arctic-Text2SQL-R1-7B,bird,,,
bird_1099,Arctic-Text2SQL-R1-7B,bird,,,
bird_1100,Arctic-Text2SQL-R1-7B,bird,,,
bird_1101,Arctic-Text2SQL-R1-7B,bird,,,
bird_1102,Arctic-Text2SQL-R1-7B,bird,,,
bird_1103,Arctic-Text2SQL-R1-7B,bird,,,
bird_1104,Arctic-Text2SQL-R1-7B,bird,,,
bird_1105,Arctic-Text2SQL-R1-7B,bird,,,
bird_1106,Arctic-Text2SQL-R1-7B,bird,,,
bird_1107,Arctic-Text2SQL-R1-7B,bird,,,
bird_1108,Arctic-Text2SQL-R1-7B,bird,,,
bird_1109,Arctic-Text2SQL-R1-7B,bird,,,
bird_1110,Arctic-Text2SQL-R1-7B,bird,,,
bird_1111,Arctic-Text2SQL-R1-7B,bird,,,
bird_1112,Arctic-Text2SQL-R1-7B,bird,,,
bird_1113,Arctic-Text2SQL-R1-7B,bird,,,
bird_1114,Arctic-Text2SQL-R1-7B,bird,,,
bird_1115,Arctic-Text2SQL-R1-7B,bird,,,
bird_1116,Arctic-Text2SQL-R1-7B,bird,,,
bird_1117,Arctic-Text2SQL-R1-7B,bird,,,
bird_1118,Arctic-Text2SQL-R1-7B,bird,,,
bird_1119,Arctic-Text2SQL-R1-7B,bird,,,
bird_1120,Arctic-Text2SQL-R1-7B,bird,,,
bird_1121,Arctic-Text2SQL-R1-7B,bird,,,
bird_1122,Arctic-Text2SQL-R1-7B,bird,,,
bird_1123,Arctic-Text2SQL-R1-7B,bird,,,
bird_1124,Arctic-Text2SQL-R1-7B,bird,,,
bird_1125,Arctic-Text2SQL-R1-7B,bird,,,
bird_1126,Arctic-Text2SQL-R1-7B,bird,,,
bird_1127,Arctic-Text2SQL-R1-7B,bird,,,
bird_1128,Arctic-Text2SQL-R1-7B,bird,,,
bird_1129,Arctic-Text2SQL-R1-7B,bird,,,
bird_1130,Arctic-Text2SQL-R1-7B,bird,,,
bird_1131,Arctic-Text2SQL-R1-7B,bird,,,
bird_1132,Arctic-Text2SQL-R1-7B,bird,,,
bird_1133,Arctic-Text2SQL-R1-7B,bird,,,
bird_1134,Arctic-Text2SQL-R1-7B,bird,,,
bird_1135,Arctic-Text2SQL-R1-7B,bird,,,
bird_1136,Arctic-Text2SQL-R1-7B,bird,,,
bird_1137,Arctic-Text2SQL-R1-7B,bird,,,
bird_1138,Arctic-Text2SQL-R1-7B,bird,,,
bird_1139,Arctic-Text2SQL-R1-7B,bird,,,
bird_1140,Arctic-Text2SQL-R1-7B,bird,,,
bird_1141,Arctic-Text2SQL-R1-7B,bird,,,
bird_1142,Arctic-Text2SQL-R1-7B,bird,,,
bird_1143,Arctic-Text2SQL-R1-7B,bird,,,
bird_1144,Arctic-Text2SQL-R1-7B,bird,,,
bird_1145,Arctic-Text2SQL-R1-7B,bird,,,
bird_1146,Arctic-Text2SQL-R1-7B,bird,,,
bird_1147,Arctic-Text2SQL-R1-7B,bird,,,
bird_1148,Arctic-Text2SQL-R1-7B,bird,,,
bird_1149,Arctic-Text2SQL-R1-7B,bird,,,
bird_1150,Arctic-Text2SQL-R1-7B,bird,,,
bird_1151,Arctic-Text2SQL-R1-7B,bird,,,
bird_1152,Arctic-Text2SQL-R1-7B,bird,,,
bird_1153,Arctic-Text2SQL-R1-7B,bird,,,
bird_1154,Arctic-Text2SQL-R1-7B,bird,,,
bird_1155,Arctic-Text2SQL-R1-7B,bird,,,
bird_1156,Arctic-Text2SQL-R1-7B,bird,,,
bird_1157,Arctic-Text2SQL-R1-7B,bird,,,
bird_1158,Arctic-Text2SQL-R1-7B,bird,,,
bird_1159,Arctic-Text2SQL-R1-7B,bird,,,
bird_1160,Arctic-Text2SQL-R1-7B,bird,,,
bird_1161,Arctic-Text2SQL-R1-7B,bird,,,
bird_1162,Arctic-Text2SQL-R1-7B,bird,,,
bird_1163,Arctic-Text2SQL-R1-7B,bird,,,
bird_1164,Arctic-Text2SQL-R1-7B,bird,,,
bird_1165,Arctic-Text2SQL-R1-7B,bird,,,
bird_1166,Arctic-Text2SQL-R1-7B,bird,,,
bird_1167,Arctic-Text2SQL-R1-7B,bird,,,
bird_1168,Arctic-Text2SQL-R1-7B,bird,,,
bird_1169,Arctic-Text2SQL-R1-7B,bird,,,
bird_1170,Arctic-Text2SQL-R1-7B,bird,,,
bird_1171,Arctic-Text2SQL-R1-7B,bird,,,
bird_1172,Arctic-Text2SQL-R1-7B,bird,,,
bird_1173,Arctic-Text2SQL-R1-7B,bird,,,
bird_1174,Arctic-Text2SQL-R1-7B,bird,,,
bird_1175,Arctic-Text2SQL-R1-7B,bird,,,
bird_1176,Arctic-Text2SQL-R1-7B,bird,,,
bird_1177,Arctic-Text2SQL-R1-7B,bird,,,
bird_1178,Arctic-Text2SQL-R1-7B,bird,,,
bird_1179,Arctic-Text2SQL-R1-7B,bird,,,
bird_1180,Arctic-Text2SQL-R1-7B,bird,,,
bird_1181,Arctic-Text2SQL-R1-7B,bird,,,
bird_1182,Arctic-Text2SQL-R1-7B,bird,,,
bird_1183,Arctic-Text2SQL-R1-7B,bird,,,
bird_1184,Arctic-Text2SQL-R1-7B,bird,,,
bird_1185,Arctic-Text2SQL-R1-7B,bird,,,
bird_1186,Arctic-Text2SQL-R1-7B,bird,,,
bird_1187,Arctic-Text2SQL-R1-7B,bird,,,
bird_1188,Arctic-Text2SQL-R1-7B,bird,,,
bird_1189,Arctic-Text2SQL-R1-7B,bird,,,
bird_1190,Arctic-Text2SQL-R1-7B,bird,,,
bird_1191,Arctic-Text2SQL-R1-7B,bird,,,
bird_1192,Arctic-Text2SQL-R1-7B,bird,,,
bird_1193,Arctic-Text2SQL-R1-7B,bird,,,
bird_1194,Arctic-Text2SQL-R1-7B,bird,,,
bird_1195,Arctic-Text2SQL-R1-7B,bird,,,
bird_1196,Arctic-Text2SQL-R1-7B,bird,,,
bird_1197,Arctic-Text2SQL-R1-7B,bird,,,
bird_1198,Arctic-Text2SQL-R1-7B,bird,,,
bird_1199,Arctic-Text2SQL-R1-7B,bird,,,
bird_1200,Arctic-Text2SQL-R1-7B,bird,,,
bird_1201,Arctic-Text2SQL-R1-7B,bird,,,
bird_1202,Arctic-Text2SQL-R1-7B,bird,,,
bird_1203,Arctic-Text2SQL-R1-7B,bird,,,
bird_1204,Arctic-Text2SQL-R1-7B,bird,,,
bird_1205,Arctic-Text2SQL-R1-7B,bird,,,
bird_1206,Arctic-Text2SQL-R1-7B,bird,,,
bird_1207,Arctic-Text2SQL-R1-7B,bird,,,
bird_1208,Arctic-Text2SQL-R1-7B,bird,,,
bird_1209,Arctic-Text2SQL-R1-7B,bird,,,
bird_1210,Arctic-Text2SQL-R1-7B,bird,,,
bird_1211,Arctic-Text2SQL-R1-7B,bird,,,
bird_1212,Arctic-Text2SQL-R1-7B,bird,,,
bird_1213,Arctic-Text2SQL-R1-7B,bird,,,
bird_1214,Arctic-Text2SQL-R1-7B,bird,,,
bird_1215,Arctic-Text2SQL-R1-7B,bird,,,
bird_1216,Arctic-Text2SQL-R1-7B,bird,,,
bird_1217,Arctic-Text2SQL-R1-7B,bird,,,
bird_1218,Arctic-Text2SQL-R1-7B,bird,,,
bird_1219,Arctic-Text2SQL-R1-7B,bird,,,
bird_1220,Arctic-Text2SQL-R1-7B,bird,,,
bird_1221,Arctic-Text2SQL-R1-7B,bird,,,
bird_1222,Arctic-Text2SQL-R1-7B,bird,,,
bird_1223,Arctic-Text2SQL-R1-7B,bird,,,
bird_1224,Arctic-Text2SQL-R1-7B,bird,,,
bird_1225,Arctic-Text2SQL-R1-7B,bird,,,
bird_1226,Arctic-Text2SQL-R1-7B,bird,,,
bird_1227,Arctic-Text2SQL-R1-7B,bird,,,
bird_1228,Arctic-Text2SQL-R1-7B,bird,,,
bird_1229,Arctic-Text2SQL-R1-7B,bird,,,
bird_1230,Arctic-Text2SQL-R1-7B,bird,,,
bird_1231,Arctic-Text2SQL-R1-7B,bird,,,
bird_1232,Arctic-Text2SQL-R1-7B,bird,,,
bird_1233,Arctic-Text2SQL-R1-7B,bird,,,
bird_1234,Arctic-Text2SQL-R1-7B,bird,,,
bird_1235,Arctic-Text2SQL-R1-7B,bird,,,
bird_1236,Arctic-Text2SQL-R1-7B,bird,,,
bird_1237,Arctic-Text2SQL-R1-7B,bird,,,
bird_1238,Arctic-Text2SQL-R1-7B,bird,,,
bird_1239,Arctic-Text2SQL-R1-7B,bird,,,
bird_1240,Arctic-Text2SQL-R1-7B,bird,,,
bird_1241,Arctic-Text2SQL-R1-7B,bird,,,
bird_1242,Arctic-Text2SQL-R1-7B,bird,,,
bird_1243,Arctic-Text2SQL-R1-7B,bird,,,
bird_1244,Arctic-Text2SQL-R1-7B,bird,,,
bird_1245,Arctic-Text2SQL-R1-7B,bird,,,
bird_1246,Arctic-Text2SQL-R1-7B,bird,,,
bird_1247,Arctic-Text2SQL-R1-7B,bird,,,
bird_1248,Arctic-Text2SQL-R1-7B,bird,,,
bird_1249,Arctic-Text2SQL-R1-7B,bird,,,
bird_1250,Arctic-Text2SQL-R1-7B,bird,,,
bird_1251,Arctic-Text2SQL-R1-7B,bird,,,
bird_1252,Arctic-Text2SQL-R1-7B,bird,,,
bird_1253,Arctic-Text2SQL-R1-7B,bird,,,
bird_1254,Arctic-Text2SQL-R1-7B,bird,,,
bird_1255,Arctic-Text2SQL-R1-7B,bird,,,
bird_1256,Arctic-Text2SQL-R1-7B,bird,,,
bird_1257,Arctic-Text2SQL-R1-7B,bird,,,
bird_1258,Arctic-Text2SQL-R1-7B,bird,,,
bird_1259,Arctic-Text2SQL-R1-7B,bird,,,
bird_1260,Arctic-Text2SQL-R1-7B,bird,,,
bird_1261,Arctic-Text2SQL-R1-7B,bird,,,
bird_1262,Arctic-Text2SQL-R1-7B,bird,,,
bird_1263,Arctic-Text2SQL-R1-7B,bird,,,
bird_1264,Arctic-Text2SQL-R1-7B,bird,,,
bird_1265,Arctic-Text2SQL-R1-7B,bird,,,
bird_1266,Arctic-Text2SQL-R1-7B,bird,,,
bird_1267,Arctic-Text2SQL-R1-7B,bird,,,
bird_1268,Arctic-Text2SQL-R1-7B,bird,,,
bird_1269,Arctic-Text2SQL-R1-7B,bird,,,
bird_1270,Arctic-Text2SQL-R1-7B,bird,,,
bird_1271,Arctic-Text2SQL-R1-7B,bird,,,
bird_1272,Arctic-Text2SQL-R1-7B,bird,,,
bird_1273,Arctic-Text2SQL-R1-7B,bird,,,
bird_1274,Arctic-Text2SQL-R1-7B,bird,,,
bird_1275,Arctic-Text2SQL-R1-7B,bird,,,
bird_1276,Arctic-Text2SQL-R1-7B,bird,,,
bird_1277,Arctic-Text2SQL-R1-7B,bird,,,
bird_1278,Arctic-Text2SQL-R1-7B,bird,,,
bird_1279,Arctic-Text2SQL-R1-7B,bird,,,
bird_1280,Arctic-Text2SQL-R1-7B,bird,,,
bird_1281,Arctic-Text2SQL-R1-7B,bird,,,
bird_1282,Arctic-Text2SQL-R1-7B,bird,,,
bird_1283,Arctic-Text2SQL-R1-7B,bird,,,
bird_1284,Arctic-Text2SQL-R1-7B,bird,,,
bird_1285,Arctic-Text2SQL-R1-7B,bird,,,
bird_1286,Arctic-Text2SQL-R1-7B,bird,,,
bird_1287,Arctic-Text2SQL-R1-7B,bird,,,
bird_1288,Arctic-Text2SQL-R1-7B,bird,,,
bird_1289,Arctic-Text2SQL-R1-7B,bird,,,
bird_1290,Arctic-Text2SQL-R1-7B,bird,,,
bird_1291,Arctic-Text2SQL-R1-7B,bird,,,
bird_1292,Arctic-Text2SQL-R1-7B,bird,,,
bird_1293,Arctic-Text2SQL-R1-7B,bird,,,
bird_1294,Arctic-Text2SQL-R1-7B,bird,,,
bird_1295,Arctic-Text2SQL-R1-7B,bird,,,
bird_1296,Arctic-Text2SQL-R1-7B,bird,,,
bird_1297,Arctic-Text2SQL-R1-7B,bird,,,
bird_1298,Arctic-Text2SQL-R1-7B,bird,,,
bird_1299,Arctic-Text2SQL-R1-7B,bird,,,
bird_1300,Arctic-Text2SQL-R1-7B,bird,,,
bird_1301,Arctic-Text2SQL-R1-7B,bird,,,
bird_1302,Arctic-Text2SQL-R1-7B,bird,,,
bird_1303,Arctic-Text2SQL-R1-7B,bird,,,
bird_1304,Arctic-Text2SQL-R1-7B,bird,,,
bird_1305,Arctic-Text2SQL-R1-7B,bird,,,
bird_1306,Arctic-Text2SQL-R1-7B,bird,,,
bird_1307,Arctic-Text2SQL-R1-7B,bird,,,
bird_1308,Arctic-Text2SQL-R1-7B,bird,,,
bird_1309,Arctic-Text2SQL-R1-7B,bird,,,
bird_1310,Arctic-Text2SQL-R1-7B,bird,,,
bird_1311,Arctic-Text2SQL-R1-7B,bird,,,
bird_1312,Arctic-Text2SQL-R1-7B,bird,,,
bird_1313,Arctic-Text2SQL-R1-7B,bird,,,
bird_1314,Arctic-Text2SQL-R1-7B,bird,,,
bird_1315,Arctic-Text2SQL-R1-7B,bird,,,
bird_1316,Arctic-Text2SQL-R1-7B,bird,,,
bird_1317,Arctic-Text2SQL-R1-7B,bird,,,
bird_1318,Arctic-Text2SQL-R1-7B,bird,,,
bird_1319,Arctic-Text2SQL-R1-7B,bird,,,
bird_1320,Arctic-Text2SQL-R1-7B,bird,,,
bird_1321,Arctic-Text2SQL-R1-7B,bird,,,
bird_1322,Arctic-Text2SQL-R1-7B,bird,,,
bird_1323,Arctic-Text2SQL-R1-7B,bird,,,
bird_1324,Arctic-Text2SQL-R1-7B,bird,,,
bird_1325,Arctic-Text2SQL-R1-7B,bird,,,
bird_1326,Arctic-Text2SQL-R1-7B,bird,,,
bird_1327,Arctic-Text2SQL-R1-7B,bird,,,
bird_1328,Arctic-Text2SQL-R1-7B,bird,,,
bird_1329,Arctic-Text2SQL-R1-7B,bird,,,
bird_1330,Arctic-Text2SQL-R1-7B,bird,,,
bird_1331,Arctic-Text2SQL-R1-7B,bird,,,
bird_1332,Arctic-Text2SQL-R1-7B,bird,,,
bird_1333,Arctic-Text2SQL-R1-7B,bird,,,
bird_1334,Arctic-Text2SQL-R1-7B,bird,,,
bird_1335,Arctic-Text2SQL-R1-7B,bird,,,
bird_1336,Arctic-Text2SQL-R1-7B,bird,,,
bird_1337,Arctic-Text2SQL-R1-7B,bird,,,
bird_1338,Arctic-Text2SQL-R1-7B,bird,,,
bird_1339,Arctic-Text2SQL-R1-7B,bird,,,
bird_1340,Arctic-Text2SQL-R1-7B,bird,,,
bird_1341,Arctic-Text2SQL-R1-7B,bird,,,
bird_1342,Arctic-Text2SQL-R1-7B,bird,,,
bird_1343,Arctic-Text2SQL-R1-7B,bird,,,
bird_1344,Arctic-Text2SQL-R1-7B,bird,,,
bird_1345,Arctic-Text2SQL-R1-7B,bird,,,
bird_1346,Arctic-Text2SQL-R1-7B,bird,,,
bird_1347,Arctic-Text2SQL-R1-7B,bird,,,
bird_1348,Arctic-Text2SQL-R1-7B,bird,,,
bird_1349,Arctic-Text2SQL-R1-7B,bird,,,
bird_1350,Arctic-Text2SQL-R1-7B,bird,,,
bird_1351,Arctic-Text2SQL-R1-7B,bird,,,
bird_1352,Arctic-Text2SQL-R1-7B,bird,,,
bird_1353,Arctic-Text2SQL-R1-7B,bird,,,
bird_1354,Arctic-Text2SQL-R1-7B,bird,,,
bird_1355,Arctic-Text2SQL-R1-7B,bird,,,
bird_1356,Arctic-Text2SQL-R1-7B,bird,,,
bird_1357,Arctic-Text2SQL-R1-7B,bird,,,
bird_1358,Arctic-Text2SQL-R1-7B,bird,,,
bird_1359,Arctic-Text2SQL-R1-7B,bird,,,
bird_1360,Arctic-Text2SQL-R1-7B,bird,,,
bird_1361,Arctic-Text2SQL-R1-7B,bird,,,
bird_1362,Arctic-Text2SQL-R1-7B,bird,,,
bird_1363,Arctic-Text2SQL-R1-7B,bird,,,
bird_1364,Arctic-Text2SQL-R1-7B,bird,,,
bird_1365,Arctic-Text2SQL-R1-7B,bird,,,
bird_1366,Arctic-Text2SQL-R1-7B,bird,,,
bird_1367,Arctic-Text2SQL-R1-7B,bird,,,
bird_1368,Arctic-Text2SQL-R1-7B,bird,,,
bird_1369,Arctic-Text2SQL-R1-7B,bird,,,
bird_1370,Arctic-Text2SQL-R1-7B,bird,,,
bird_1371,Arctic-Text2SQL-R1-7B,bird,,,
bird_1372,Arctic-Text2SQL-R1-7B,bird,,,
bird_1373,Arctic-Text2SQL-R1-7B,bird,,,
bird_1374,Arctic-Text2SQL-R1-7B,bird,,,
bird_1375,Arctic-Text2SQL-R1-7B,bird,,,
bird_1376,Arctic-Text2SQL-R1-7B,bird,,,
bird_1377,Arctic-Text2SQL-R1-7B,bird,,,
bird_1378,Arctic-Text2SQL-R1-7B,bird,,,
bird_1379,Arctic-Text2SQL-R1-7B,bird,,,
bird_1380,Arctic-Text2SQL-R1-7B,bird,,,
bird_1381,Arctic-Text2SQL-R1-7B,bird,,,
bird_1382,Arctic-Text2SQL-R1-7B,bird,,,
bird_1383,Arctic-Text2SQL-R1-7B,bird,,,
bird_1384,Arctic-Text2SQL-R1-7B,bird,,,
bird_1385,Arctic-Text2SQL-R1-7B,bird,,,
bird_1386,Arctic-Text2SQL-R1-7B,bird,,,
bird_1387,Arctic-Text2SQL-R1-7B,bird,,,
bird_1388,Arctic-Text2SQL-R1-7B,bird,,,
bird_1389,Arctic-Text2SQL-R1-7B,bird,,,
bird_1390,Arctic-Text2SQL-R1-7B,bird,,,
bird_1391,Arctic-Text2SQL-R1-7B,bird,,,
bird_1392,Arctic-Text2SQL-R1-7B,bird,,,
bird_1393,Arctic-Text2SQL-R1-7B,bird,,,
bird_1394,Arctic-Text2SQL-R1-7B,bird,,,
bird_1395,Arctic-Text2SQL-R1-7B,bird,,,
bird_1396,Arctic-Text2SQL-R1-7B,bird,,,
bird_1397,Arctic-Text2SQL-R1-7B,bird,,,
bird_1398,Arctic-Text2SQL-R1-7B,bird,,,
bird_1399,Arctic-Text2SQL-R1-7B,bird,,,
bird_1400,Arctic-Text2SQL-R1-7B,bird,,,
bird_1401,Arctic-Text2SQL-R1-7B,bird,,,
bird_1402,Arctic-Text2SQL-R1-7B,bird,,,
bird_1403,Arctic-Text2SQL-R1-7B,bird,,,
bird_1404,Arctic-Text2SQL-R1-7B,bird,,,
bird_1405,Arctic-Text2SQL-R1-7B,bird,,,
bird_1406,Arctic-Text2SQL-R1-7B,bird,,,
bird_1407,Arctic-Text2SQL-R1-7B,bird,,,
bird_1408,Arctic-Text2SQL-R1-7B,bird,,,
bird_1409,Arctic-Text2SQL-R1-7B,bird,,,
bird_1410,Arctic-Text2SQL-R1-7B,bird,,,
bird_1411,Arctic-Text2SQL-R1-7B,bird,,,
bird_1412,Arctic-Text2SQL-R1-7B,bird,,,
bird_1413,Arctic-Text2SQL-R1-7B,bird,,,
bird_1414,Arctic-Text2SQL-R1-7B,bird,,,
bird_1415,Arctic-Text2SQL-R1-7B,bird,,,
bird_1416,Arctic-Text2SQL-R1-7B,bird,,,
bird_1417,Arctic-Text2SQL-R1-7B,bird,,,
bird_1418,Arctic-Text2SQL-R1-7B,bird,,,
bird_1419,Arctic-Text2SQL-R1-7B,bird,,,
bird_1420,Arctic-Text2SQL-R1-7B,bird,,,
bird_1421,Arctic-Text2SQL-R1-7B,bird,,,
bird_1422,Arctic-Text2SQL-R1-7B,bird,,,
bird_1423,Arctic-Text2SQL-R1-7B,bird,,,
bird_1424,Arctic-Text2SQL-R1-7B,bird,,,
bird_1425,Arctic-Text2SQL-R1-7B,bird,,,
bird_1426,Arctic-Text2SQL-R1-7B,bird,,,
bird_1427,Arctic-Text2SQL-R1-7B,bird,,,
bird_1428,Arctic-Text2SQL-R1-7B,bird,,,
bird_1429,Arctic-Text2SQL-R1-7B,bird,,,
bird_1430,Arctic-Text2SQL-R1-7B,bird,,,
bird_1431,Arctic-Text2SQL-R1-7B,bird,,,
bird_1432,Arctic-Text2SQL-R1-7B,bird,,,
bird_1433,Arctic-Text2SQL-R1-7B,bird,,,
bird_1434,Arctic-Text2SQL-R1-7B,bird,,,
bird_1435,Arctic-Text2SQL-R1-7B,bird,,,
bird_1436,Arctic-Text2SQL-R1-7B,bird,,,
bird_1437,Arctic-Text2SQL-R1-7B,bird,,,
bird_1438,Arctic-Text2SQL-R1-7B,bird,,,
bird_1439,Arctic-Text2SQL-R1-7B,bird,,,
bird_1440,Arctic-Text2SQL-R1-7B,bird,,,
bird_1441,Arctic-Text2SQL-R1-7B,bird,,,
bird_1442,Arctic-Text2SQL-R1-7B,bird,,,
bird_1443,Arctic-Text2SQL-R1-7B,bird,,,
bird_1444,Arctic-Text2SQL-R1-7B,bird,,,
bird_1445,Arctic-Text2SQL-R1-7B,bird,,,
bird_1446,Arctic-Text2SQL-R1-7B,bird,,,
bird_1447,Arctic-Text2SQL-R1-7B,bird,,,
bird_1448,Arctic-Text2SQL-R1-7B,bird,,,
bird_1449,Arctic-Text2SQL-R1-7B,bird,,,
bird_1450,Arctic-Text2SQL-R1-7B,bird,,,
bird_1451,Arctic-Text2SQL-R1-7B,bird,,,
bird_1452,Arctic-Text2SQL-R1-7B,bird,,,
bird_1453,Arctic-Text2SQL-R1-7B,bird,,,
bird_1454,Arctic-Text2SQL-R1-7B,bird,,,
bird_1455,Arctic-Text2SQL-R1-7B,bird,,,
bird_1456,Arctic-Text2SQL-R1-7B,bird,,,
bird_1457,Arctic-Text2SQL-R1-7B,bird,,,
bird_1458,Arctic-Text2SQL-R1-7B,bird,,,
bird_1459,Arctic-Text2SQL-R1-7B,bird,,,
bird_1460,Arctic-Text2SQL-R1-7B,bird,,,
bird_1461,Arctic-Text2SQL-R1-7B,bird,,,
bird_1462,Arctic-Text2SQL-R1-7B,bird,,,
bird_1463,Arctic-Text2SQL-R1-7B,bird,,,
bird_1464,Arctic-Text2SQL-R1-7B,bird,,,
bird_1465,Arctic-Text2SQL-R1-7B,bird,,,
bird_1466,Arctic-Text2SQL-R1-7B,bird,,,
bird_1467,Arctic-Text2SQL-R1-7B,bird,,,
bird_1468,Arctic-Text2SQL-R1-7B,bird,,,
bird_1469,Arctic-Text2SQL-R1-7B,bird,,,
bird_1470,Arctic-Text2SQL-R1-7B,bird,,,
bird_1471,Arctic-Text2SQL-R1-7B,bird,,,
bird_1472,Arctic-Text2SQL-R1-7B,bird,,,
bird_1473,Arctic-Text2SQL-R1-7B,bird,,,
bird_1474,Arctic-Text2SQL-R1-7B,bird,,,
bird_1475,Arctic-Text2SQL-R1-7B,bird,,,
bird_1476,Arctic-Text2SQL-R1-7B,bird,,,
bird_1477,Arctic-Text2SQL-R1-7B,bird,,,
bird_1478,Arctic-Text2SQL-R1-7B,bird,,,
bird_1479,Arctic-Text2SQL-R1-7B,bird,,,
bird_1480,Arctic-Text2SQL-R1-7B,bird,,,
bird_1481,Arctic-Text2SQL-R1-7B,bird,,,
bird_1482,Arctic-Text2SQL-R1-7B,bird,,,
bird_1483,Arctic-Text2SQL-R1-7B,bird,,,
bird_1484,Arctic-Text2SQL-R1-7B,bird,,,
bird_1485,Arctic-Text2SQL-R1-7B,bird,,,
bird_1486,Arctic-Text2SQL-R1-7B,bird,,,
bird_1487,Arctic-Text2SQL-R1-7B,bird,,,
bird_1488,Arctic-Text2SQL-R1-7B,bird,,,
bird_1489,Arctic-Text2SQL-R1-7B,bird,,,
bird_1490,Arctic-Text2SQL-R1-7B,bird,,,
bird_1491,Arctic-Text2SQL-R1-7B,bird,,,
bird_1492,Arctic-Text2SQL-R1-7B,bird,,,
bird_1493,Arctic-Text2SQL-R1-7B,bird,,,
bird_1494,Arctic-Text2SQL-R1-7B,bird,,,
bird_1495,Arctic-Text2SQL-R1-7B,bird,,,
bird_1496,Arctic-Text2SQL-R1-7B,bird,,,
bird_1497,Arctic-Text2SQL-R1-7B,bird,,,
bird_1498,Arctic-Text2SQL-R1-7B,bird,,,
bird_1499,Arctic-Text2SQL-R1-7B,bird,,,
bird_1500,Arctic-Text2SQL-R1-7B,bird,,,
bird_1501,Arctic-Text2SQL-R1-7B,bird,,,
bird_1502,Arctic-Text2SQL-R1-7B,bird,,,
bird_1503,Arctic-Text2SQL-R1-7B,bird,,,
bird_1504,Arctic-Text2SQL-R1-7B,bird,,,
bird_1505,Arctic-Text2SQL-R1-7B,bird,,,
bird_1506,Arctic-Text2SQL-R1-7B,bird,,,
bird_1507,Arctic-Text2SQL-R1-7B,bird,,,
bird_1508,Arctic-Text2SQL-R1-7B,bird,,,
bird_1509,Arctic-Text2SQL-R1-7B,bird,,,
bird_1510,Arctic-Text2SQL-R1-7B,bird,,,
bird_1511,Arctic-Text2SQL-R1-7B,bird,,,
bird_1512,Arctic-Text2SQL-R1-7B,bird,,,
bird_1513,Arctic-Text2SQL-R1-7B,bird,,,
bird_1514,Arctic-Text2SQL-R1-7B,bird,,,
bird_1515,Arctic-Text2SQL-R1-7B,bird,,,
bird_1516,Arctic-Text2SQL-R1-7B,bird,,,
bird_1517,Arctic-Text2SQL-R1-7B,bird,,,
bird_1518,Arctic-Text2SQL-R1-7B,bird,,,
bird_1519,Arctic-Text2SQL-R1-7B,bird,,,
bird_1520,Arctic-Text2SQL-R1-7B,bird,,,
bird_1521,Arctic-Text2SQL-R1-7B,bird,,,
bird_1522,Arctic-Text2SQL-R1-7B,bird,,,
bird_1523,Arctic-Text2SQL-R1-7B,bird,,,
bird_1524,Arctic-Text2SQL-R1-7B,bird,,,
bird_1525,Arctic-Text2SQL-R1-7B,bird,,,
bird_1526,Arctic-Text2SQL-R1-7B,bird,,,
bird_1527,Arctic-Text2SQL-R1-7B,bird,,,
bird_1528,Arctic-Text2SQL-R1-7B,bird,,,
bird_1529,Arctic-Text2SQL-R1-7B,bird,,,
bird_1530,Arctic-Text2SQL-R1-7B,bird,,,
bird_1531,Arctic-Text2SQL-R1-7B,bird,,,
bird_1532,Arctic-Text2SQL-R1-7B,bird,,,
bird_1533,Arctic-Text2SQL-R1-7B,bird,,,
spider_0,Arctic-Text2SQL-R1-7B,spider,,,
spider_1,Arctic-Text2SQL-R1-7B,spider,,,
spider_2,Arctic-Text2SQL-R1-7B,spider,,,
spider_3,Arctic-Text2SQL-R1-7B,spider,,,
spider_4,Arctic-Text2SQL-R1-7B,spider,,,
spider_5,Arctic-Text2SQL-R1-7B,spider,,,
spider_6,Arctic-Text2SQL-R1-7B,spider,,,
spider_7,Arctic-Text2SQL-R1-7B,spider,,,
spider_8,Arctic-Text2SQL-R1-7B,spider,,,
spider_9,Arctic-Text2SQL-R1-7B,spider,,,
spider_10,Arctic-Text2SQL-R1-7B,spider,,,
spider_11,Arctic-Text2SQL-R1-7B,spider,,,
spider_12,Arctic-Text2SQL-R1-7B,spider,,,
spider_13,Arctic-Text2SQL-R1-7B,spider,,,
spider_14,Arctic-Text2SQL-R1-7B,spider,,,
spider_15,Arctic-Text2SQL-R1-7B,spider,,,
spider_16,Arctic-Text2SQL-R1-7B,spider,,,
spider_17,Arctic-Text2SQL-R1-7B,spider,,,
spider_18,Arctic-Text2SQL-R1-7B,spider,,,
spider_19,Arctic-Text2SQL-R1-7B,spider,,,
spider_20,Arctic-Text2SQL-R1-7B,spider,,,
spider_21,Arctic-Text2SQL-R1-7B,spider,,,
spider_22,Arctic-Text2SQL-R1-7B,spider,,,
spider_23,Arctic-Text2SQL-R1-7B,spider,,,
spider_24,Arctic-Text2SQL-R1-7B,spider,,,
spider_25,Arctic-Text2SQL-R1-7B,spider,,,
spider_26,Arctic-Text2SQL-R1-7B,spider,,,
spider_27,Arctic-Text2SQL-R1-7B,spider,,,
spider_28,Arctic-Text2SQL-R1-7B,spider,,,
spider_29,Arctic-Text2SQL-R1-7B,spider,,,
spider_30,Arctic-Text2SQL-R1-7B,spider,,,
spider_31,Arctic-Text2SQL-R1-7B,spider,,,
spider_32,Arctic-Text2SQL-R1-7B,spider,,,
spider_33,Arctic-Text2SQL-R1-7B,spider,,,
spider_34,Arctic-Text2SQL-R1-7B,spider,,,
spider_35,Arctic-Text2SQL-R1-7B,spider,,,
spider_36,Arctic-Text2SQL-R1-7B,spider,,,
spider_37,Arctic-Text2SQL-R1-7B,spider,,,
spider_38,Arctic-Text2SQL-R1-7B,spider,,,
spider_39,Arctic-Text2SQL-R1-7B,spider,,,
spider_40,Arctic-Text2SQL-R1-7B,spider,,,
spider_41,Arctic-Text2SQL-R1-7B,spider,,,
spider_42,Arctic-Text2SQL-R1-7B,spider,,,
spider_43,Arctic-Text2SQL-R1-7B,spider,,,
spider_44,Arctic-Text2SQL-R1-7B,spider,,,
spider_45,Arctic-Text2SQL-R1-7B,spider,,,
spider_46,Arctic-Text2SQL-R1-7B,spider,,,
spider_47,Arctic-Text2SQL-R1-7B,spider,,,
spider_48,Arctic-Text2SQL-R1-7B,spider,,,
spider_49,Arctic-Text2SQL-R1-7B,spider,,,
spider_50,Arctic-Text2SQL-R1-7B,spider,,,
spider_51,Arctic-Text2SQL-R1-7B,spider,,,
spider_52,Arctic-Text2SQL-R1-7B,spider,,,
spider_53,Arctic-Text2SQL-R1-7B,spider,,,
spider_54,Arctic-Text2SQL-R1-7B,spider,,,
spider_55,Arctic-Text2SQL-R1-7B,spider,,,
spider_56,Arctic-Text2SQL-R1-7B,spider,,,
spider_57,Arctic-Text2SQL-R1-7B,spider,,,
spider_58,Arctic-Text2SQL-R1-7B,spider,,,
spider_59,Arctic-Text2SQL-R1-7B,spider,,,
spider_60,Arctic-Text2SQL-R1-7B,spider,,,
spider_61,Arctic-Text2SQL-R1-7B,spider,,,
spider_62,Arctic-Text2SQL-R1-7B,spider,,,
spider_63,Arctic-Text2SQL-R1-7B,spider,,,
spider_64,Arctic-Text2SQL-R1-7B,spider,,,
spider_65,Arctic-Text2SQL-R1-7B,spider,,,
spider_66,Arctic-Text2SQL-R1-7B,spider,,,
spider_67,Arctic-Text2SQL-R1-7B,spider,,,
spider_68,Arctic-Text2SQL-R1-7B,spider,,,
spider_69,Arctic-Text2SQL-R1-7B,spider,,,
spider_70,Arctic-Text2SQL-R1-7B,spider,,,
spider_71,Arctic-Text2SQL-R1-7B,spider,,,
spider_72,Arctic-Text2SQL-R1-7B,spider,,,
spider_73,Arctic-Text2SQL-R1-7B,spider,,,
spider_74,Arctic-Text2SQL-R1-7B,spider,,,
spider_75,Arctic-Text2SQL-R1-7B,spider,,,
spider_76,Arctic-Text2SQL-R1-7B,spider,,,
spider_77,Arctic-Text2SQL-R1-7B,spider,,,
spider_78,Arctic-Text2SQL-R1-7B,spider,,,
spider_79,Arctic-Text2SQL-R1-7B,spider,,,
spider_80,Arctic-Text2SQL-R1-7B,spider,,,
spider_81,Arctic-Text2SQL-R1-7B,spider,,,
spider_82,Arctic-Text2SQL-R1-7B,spider,,,
spider_83,Arctic-Text2SQL-R1-7B,spider,,,
spider_84,Arctic-Text2SQL-R1-7B,spider,,,
spider_85,Arctic-Text2SQL-R1-7B,spider,,,
spider_86,Arctic-Text2SQL-R1-7B,spider,,,
spider_87,Arctic-Text2SQL-R1-7B,spider,,,
spider_88,Arctic-Text2SQL-R1-7B,spider,,,
spider_89,Arctic-Text2SQL-R1-7B,spider,,,
spider_90,Arctic-Text2SQL-R1-7B,spider,,,
spider_91,Arctic-Text2SQL-R1-7B,spider,,,
spider_92,Arctic-Text2SQL-R1-7B,spider,,,
spider_93,Arctic-Text2SQL-R1-7B,spider,,,
spider_94,Arctic-Text2SQL-R1-7B,spider,,,
spider_95,Arctic-Text2SQL-R1-7B,spider,,,
spider_96,Arctic-Text2SQL-R1-7B,spider,,,
spider_97,Arctic-Text2SQL-R1-7B,spider,,,
spider_98,Arctic-Text2SQL-R1-7B,spider,,,
spider_99,Arctic-Text2SQL-R1-7B,spider,,,
spider_100,Arctic-Text2SQL-R1-7B,spider,,,
spider_101,Arctic-Text2SQL-R1-7B,spider,,,
spider_102,Arctic-Text2SQL-R1-7B,spider,,,
spider_103,Arctic-Text2SQL-R1-7B,spider,,,
spider_104,Arctic-Text2SQL-R1-7B,spider,,,
spider_105,Arctic-Text2SQL-R1-7B,spider,,,
spider_106,Arctic-Text2SQL-R1-7B,spider,,,
spider_107,Arctic-Text2SQL-R1-7B,spider,,,
spider_108,Arctic-Text2SQL-R1-7B,spider,,,
spider_109,Arctic-Text2SQL-R1-7B,spider,,,
spider_110,Arctic-Text2SQL-R1-7B,spider,,,
spider_111,Arctic-Text2SQL-R1-7B,spider,,,
spider_112,Arctic-Text2SQL-R1-7B,spider,,,
spider_113,Arctic-Text2SQL-R1-7B,spider,,,
spider_114,Arctic-Text2SQL-R1-7B,spider,,,
spider_115,Arctic-Text2SQL-R1-7B,spider,,,
spider_116,Arctic-Text2SQL-R1-7B,spider,,,
spider_117,Arctic-Text2SQL-R1-7B,spider,,,
spider_118,Arctic-Text2SQL-R1-7B,spider,,,
spider_119,Arctic-Text2SQL-R1-7B,spider,,,
spider_120,Arctic-Text2SQL-R1-7B,spider,,,
spider_121,Arctic-Text2SQL-R1-7B,spider,,,
spider_122,Arctic-Text2SQL-R1-7B,spider,,,
spider_123,Arctic-Text2SQL-R1-7B,spider,,,
spider_124,Arctic-Text2SQL-R1-7B,spider,,,
spider_125,Arctic-Text2SQL-R1-7B,spider,,,
spider_126,Arctic-Text2SQL-R1-7B,spider,,,
spider_127,Arctic-Text2SQL-R1-7B,spider,,,
spider_128,Arctic-Text2SQL-R1-7B,spider,,,
spider_129,Arctic-Text2SQL-R1-7B,spider,,,
spider_130,Arctic-Text2SQL-R1-7B,spider,,,
spider_131,Arctic-Text2SQL-R1-7B,spider,,,
spider_132,Arctic-Text2SQL-R1-7B,spider,,,
spider_133,Arctic-Text2SQL-R1-7B,spider,,,
spider_134,Arctic-Text2SQL-R1-7B,spider,,,
spider_135,Arctic-Text2SQL-R1-7B,spider,,,
spider_136,Arctic-Text2SQL-R1-7B,spider,,,
spider_137,Arctic-Text2SQL-R1-7B,spider,,,
spider_138,Arctic-Text2SQL-R1-7B,spider,,,
spider_139,Arctic-Text2SQL-R1-7B,spider,,,
spider_140,Arctic-Text2SQL-R1-7B,spider,,,
spider_141,Arctic-Text2SQL-R1-7B,spider,,,
spider_142,Arctic-Text2SQL-R1-7B,spider,,,
spider_143,Arctic-Text2SQL-R1-7B,spider,,,
spider_144,Arctic-Text2SQL-R1-7B,spider,,,
spider_145,Arctic-Text2SQL-R1-7B,spider,,,
spider_146,Arctic-Text2SQL-R1-7B,spider,,,
spider_147,Arctic-Text2SQL-R1-7B,spider,,,
spider_148,Arctic-Text2SQL-R1-7B,spider,,,
spider_149,Arctic-Text2SQL-R1-7B,spider,,,
spider_150,Arctic-Text2SQL-R1-7B,spider,,,
spider_151,Arctic-Text2SQL-R1-7B,spider,,,
spider_152,Arctic-Text2SQL-R1-7B,spider,,,
spider_153,Arctic-Text2SQL-R1-7B,spider,,,
spider_154,Arctic-Text2SQL-R1-7B,spider,,,
spider_155,Arctic-Text2SQL-R1-7B,spider,,,
spider_156,Arctic-Text2SQL-R1-7B,spider,,,
spider_157,Arctic-Text2SQL-R1-7B,spider,,,
spider_158,Arctic-Text2SQL-R1-7B,spider,,,
spider_159,Arctic-Text2SQL-R1-7B,spider,,,
spider_160,Arctic-Text2SQL-R1-7B,spider,,,
spider_161,Arctic-Text2SQL-R1-7B,spider,,,
spider_162,Arctic-Text2SQL-R1-7B,spider,,,
spider_163,Arctic-Text2SQL-R1-7B,spider,,,
spider_164,Arctic-Text2SQL-R1-7B,spider,,,
spider_165,Arctic-Text2SQL-R1-7B,spider,,,
spider_166,Arctic-Text2SQL-R1-7B,spider,,,
spider_167,Arctic-Text2SQL-R1-7B,spider,,,
spider_168,Arctic-Text2SQL-R1-7B,spider,,,
spider_169,Arctic-Text2SQL-R1-7B,spider,,,
spider_170,Arctic-Text2SQL-R1-7B,spider,,,
spider_171,Arctic-Text2SQL-R1-7B,spider,,,
spider_172,Arctic-Text2SQL-R1-7B,spider,,,
spider_173,Arctic-Text2SQL-R1-7B,spider,,,
spider_174,Arctic-Text2SQL-R1-7B,spider,,,
spider_175,Arctic-Text2SQL-R1-7B,spider,,,
spider_176,Arctic-Text2SQL-R1-7B,spider,,,
spider_177,Arctic-Text2SQL-R1-7B,spider,,,
spider_178,Arctic-Text2SQL-R1-7B,spider,,,
spider_179,Arctic-Text2SQL-R1-7B,spider,,,
spider_180,Arctic-Text2SQL-R1-7B,spider,,,
spider_181,Arctic-Text2SQL-R1-7B,spider,,,
spider_182,Arctic-Text2SQL-R1-7B,spider,,,
spider_183,Arctic-Text2SQL-R1-7B,spider,,,
spider_184,Arctic-Text2SQL-R1-7B,spider,,,
spider_185,Arctic-Text2SQL-R1-7B,spider,,,
spider_186,Arctic-Text2SQL-R1-7B,spider,,,
spider_187,Arctic-Text2SQL-R1-7B,spider,,,
spider_188,Arctic-Text2SQL-R1-7B,spider,,,
spider_189,Arctic-Text2SQL-R1-7B,spider,,,
spider_190,Arctic-Text2SQL-R1-7B,spider,,,
spider_191,Arctic-Text2SQL-R1-7B,spider,,,
spider_192,Arctic-Text2SQL-R1-7B,spider,,,
spider_193,Arctic-Text2SQL-R1-7B,spider,,,
spider_194,Arctic-Text2SQL-R1-7B,spider,,,
spider_195,Arctic-Text2SQL-R1-7B,spider,,,
spider_196,Arctic-Text2SQL-R1-7B,spider,,,
spider_197,Arctic-Text2SQL-R1-7B,spider,,,
spider_198,Arctic-Text2SQL-R1-7B,spider,,,
spider_199,Arctic-Text2SQL-R1-7B,spider,,,
spider_200,Arctic-Text2SQL-R1-7B,spider,,,
spider_201,Arctic-Text2SQL-R1-7B,spider,,,
spider_202,Arctic-Text2SQL-R1-7B,spider,,,
spider_203,Arctic-Text2SQL-R1-7B,spider,,,
spider_204,Arctic-Text2SQL-R1-7B,spider,,,
spider_205,Arctic-Text2SQL-R1-7B,spider,,,
spider_206,Arctic-Text2SQL-R1-7B,spider,,,
spider_207,Arctic-Text2SQL-R1-7B,spider,,,
spider_208,Arctic-Text2SQL-R1-7B,spider,,,
spider_209,Arctic-Text2SQL-R1-7B,spider,,,
spider_210,Arctic-Text2SQL-R1-7B,spider,,,
spider_211,Arctic-Text2SQL-R1-7B,spider,,,
spider_212,Arctic-Text2SQL-R1-7B,spider,,,
spider_213,Arctic-Text2SQL-R1-7B,spider,,,
spider_214,Arctic-Text2SQL-R1-7B,spider,,,
spider_215,Arctic-Text2SQL-R1-7B,spider,,,
spider_216,Arctic-Text2SQL-R1-7B,spider,,,
spider_217,Arctic-Text2SQL-R1-7B,spider,,,
spider_218,Arctic-Text2SQL-R1-7B,spider,,,
spider_219,Arctic-Text2SQL-R1-7B,spider,,,
spider_220,Arctic-Text2SQL-R1-7B,spider,,,
spider_221,Arctic-Text2SQL-R1-7B,spider,,,
spider_222,Arctic-Text2SQL-R1-7B,spider,,,
spider_223,Arctic-Text2SQL-R1-7B,spider,,,
spider_224,Arctic-Text2SQL-R1-7B,spider,,,
spider_225,Arctic-Text2SQL-R1-7B,spider,,,
spider_226,Arctic-Text2SQL-R1-7B,spider,,,
spider_227,Arctic-Text2SQL-R1-7B,spider,,,
spider_228,Arctic-Text2SQL-R1-7B,spider,,,
spider_229,Arctic-Text2SQL-R1-7B,spider,,,
spider_230,Arctic-Text2SQL-R1-7B,spider,,,
spider_231,Arctic-Text2SQL-R1-7B,spider,,,
spider_232,Arctic-Text2SQL-R1-7B,spider,,,
spider_233,Arctic-Text2SQL-R1-7B,spider,,,
spider_234,Arctic-Text2SQL-R1-7B,spider,,,
spider_235,Arctic-Text2SQL-R1-7B,spider,,,
spider_236,Arctic-Text2SQL-R1-7B,spider,,,
spider_237,Arctic-Text2SQL-R1-7B,spider,,,
spider_238,Arctic-Text2SQL-R1-7B,spider,,,
spider_239,Arctic-Text2SQL-R1-7B,spider,,,
spider_240,Arctic-Text2SQL-R1-7B,spider,,,
spider_241,Arctic-Text2SQL-R1-7B,spider,,,
spider_242,Arctic-Text2SQL-R1-7B,spider,,,
spider_243,Arctic-Text2SQL-R1-7B,spider,,,
spider_244,Arctic-Text2SQL-R1-7B,spider,,,
spider_245,Arctic-Text2SQL-R1-7B,spider,,,
spider_246,Arctic-Text2SQL-R1-7B,spider,,,
spider_247,Arctic-Text2SQL-R1-7B,spider,,,
spider_248,Arctic-Text2SQL-R1-7B,spider,,,
spider_249,Arctic-Text2SQL-R1-7B,spider,,,
spider_250,Arctic-Text2SQL-R1-7B,spider,,,
spider_251,Arctic-Text2SQL-R1-7B,spider,,,
spider_252,Arctic-Text2SQL-R1-7B,spider,,,
spider_253,Arctic-Text2SQL-R1-7B,spider,,,
spider_254,Arctic-Text2SQL-R1-7B,spider,,,
spider_255,Arctic-Text2SQL-R1-7B,spider,,,
spider_256,Arctic-Text2SQL-R1-7B,spider,,,
spider_257,Arctic-Text2SQL-R1-7B,spider,,,
spider_258,Arctic-Text2SQL-R1-7B,spider,,,
spider_259,Arctic-Text2SQL-R1-7B,spider,,,
spider_260,Arctic-Text2SQL-R1-7B,spider,,,
spider_261,Arctic-Text2SQL-R1-7B,spider,,,
spider_262,Arctic-Text2SQL-R1-7B,spider,,,
spider_263,Arctic-Text2SQL-R1-7B,spider,,,
spider_264,Arctic-Text2SQL-R1-7B,spider,,,
spider_265,Arctic-Text2SQL-R1-7B,spider,,,
spider_266,Arctic-Text2SQL-R1-7B,spider,,,
spider_267,Arctic-Text2SQL-R1-7B,spider,,,
spider_268,Arctic-Text2SQL-R1-7B,spider,,,
spider_269,Arctic-Text2SQL-R1-7B,spider,,,
spider_270,Arctic-Text2SQL-R1-7B,spider,,,
spider_271,Arctic-Text2SQL-R1-7B,spider,,,
spider_272,Arctic-Text2SQL-R1-7B,spider,,,
spider_273,Arctic-Text2SQL-R1-7B,spider,,,
spider_274,Arctic-Text2SQL-R1-7B,spider,,,
spider_275,Arctic-Text2SQL-R1-7B,spider,,,
spider_276,Arctic-Text2SQL-R1-7B,spider,,,
spider_277,Arctic-Text2SQL-R1-7B,spider,,,
spider_278,Arctic-Text2SQL-R1-7B,spider,,,
spider_279,Arctic-Text2SQL-R1-7B,spider,,,
spider_280,Arctic-Text2SQL-R1-7B,spider,,,
spider_281,Arctic-Text2SQL-R1-7B,spider,,,
spider_282,Arctic-Text2SQL-R1-7B,spider,,,
spider_283,Arctic-Text2SQL-R1-7B,spider,,,
spider_284,Arctic-Text2SQL-R1-7B,spider,,,
spider_285,Arctic-Text2SQL-R1-7B,spider,,,
spider_286,Arctic-Text2SQL-R1-7B,spider,,,
spider_287,Arctic-Text2SQL-R1-7B,spider,,,
spider_288,Arctic-Text2SQL-R1-7B,spider,,,
spider_289,Arctic-Text2SQL-R1-7B,spider,,,
spider_290,Arctic-Text2SQL-R1-7B,spider,,,
spider_291,Arctic-Text2SQL-R1-7B,spider,,,
spider_292,Arctic-Text2SQL-R1-7B,spider,,,
spider_293,Arctic-Text2SQL-R1-7B,spider,,,
spider_294,Arctic-Text2SQL-R1-7B,spider,,,
spider_295,Arctic-Text2SQL-R1-7B,spider,,,
spider_296,Arctic-Text2SQL-R1-7B,spider,,,
spider_297,Arctic-Text2SQL-R1-7B,spider,,,
spider_298,Arctic-Text2SQL-R1-7B,spider,,,
spider_299,Arctic-Text2SQL-R1-7B,spider,,,
spider_300,Arctic-Text2SQL-R1-7B,spider,,,
spider_301,Arctic-Text2SQL-R1-7B,spider,,,
spider_302,Arctic-Text2SQL-R1-7B,spider,,,
spider_303,Arctic-Text2SQL-R1-7B,spider,,,
spider_304,Arctic-Text2SQL-R1-7B,spider,,,
spider_305,Arctic-Text2SQL-R1-7B,spider,,,
spider_306,Arctic-Text2SQL-R1-7B,spider,,,
spider_307,Arctic-Text2SQL-R1-7B,spider,,,
spider_308,Arctic-Text2SQL-R1-7B,spider,,,
spider_309,Arctic-Text2SQL-R1-7B,spider,,,
spider_310,Arctic-Text2SQL-R1-7B,spider,,,
spider_311,Arctic-Text2SQL-R1-7B,spider,,,
spider_312,Arctic-Text2SQL-R1-7B,spider,,,
spider_313,Arctic-Text2SQL-R1-7B,spider,,,
spider_314,Arctic-Text2SQL-R1-7B,spider,,,
spider_315,Arctic-Text2SQL-R1-7B,spider,,,
spider_316,Arctic-Text2SQL-R1-7B,spider,,,
spider_317,Arctic-Text2SQL-R1-7B,spider,,,
spider_318,Arctic-Text2SQL-R1-7B,spider,,,
spider_319,Arctic-Text2SQL-R1-7B,spider,,,
spider_320,Arctic-Text2SQL-R1-7B,spider,,,
spider_321,Arctic-Text2SQL-R1-7B,spider,,,
spider_322,Arctic-Text2SQL-R1-7B,spider,,,
spider_323,Arctic-Text2SQL-R1-7B,spider,,,
spider_324,Arctic-Text2SQL-R1-7B,spider,,,
spider_325,Arctic-Text2SQL-R1-7B,spider,,,
spider_326,Arctic-Text2SQL-R1-7B,spider,,,
spider_327,Arctic-Text2SQL-R1-7B,spider,,,
spider_328,Arctic-Text2SQL-R1-7B,spider,,,
spider_329,Arctic-Text2SQL-R1-7B,spider,,,
spider_330,Arctic-Text2SQL-R1-7B,spider,,,
spider_331,Arctic-Text2SQL-R1-7B,spider,,,
spider_332,Arctic-Text2SQL-R1-7B,spider,,,
spider_333,Arctic-Text2SQL-R1-7B,spider,,,
spider_334,Arctic-Text2SQL-R1-7B,spider,,,
spider_335,Arctic-Text2SQL-R1-7B,spider,,,
spider_336,Arctic-Text2SQL-R1-7B,spider,,,
spider_337,Arctic-Text2SQL-R1-7B,spider,,,
spider_338,Arctic-Text2SQL-R1-7B,spider,,,
spider_339,Arctic-Text2SQL-R1-7B,spider,,,
spider_340,Arctic-Text2SQL-R1-7B,spider,,,
spider_341,Arctic-Text2SQL-R1-7B,spider,,,
spider_342,Arctic-Text2SQL-R1-7B,spider,,,
spider_343,Arctic-Text2SQL-R1-7B,spider,,,
spider_344,Arctic-Text2SQL-R1-7B,spider,,,
spider_345,Arctic-Text2SQL-R1-7B,spider,,,
spider_346,Arctic-Text2SQL-R1-7B,spider,,,
spider_347,Arctic-Text2SQL-R1-7B,spider,,,
spider_348,Arctic-Text2SQL-R1-7B,spider,,,
spider_349,Arctic-Text2SQL-R1-7B,spider,,,
spider_350,Arctic-Text2SQL-R1-7B,spider,,,
spider_351,Arctic-Text2SQL-R1-7B,spider,,,
spider_352,Arctic-Text2SQL-R1-7B,spider,,,
spider_353,Arctic-Text2SQL-R1-7B,spider,,,
spider_354,Arctic-Text2SQL-R1-7B,spider,,,
spider_355,Arctic-Text2SQL-R1-7B,spider,,,
spider_356,Arctic-Text2SQL-R1-7B,spider,,,
spider_357,Arctic-Text2SQL-R1-7B,spider,,,
spider_358,Arctic-Text2SQL-R1-7B,spider,,,
spider_359,Arctic-Text2SQL-R1-7B,spider,,,
spider_360,Arctic-Text2SQL-R1-7B,spider,,,
spider_361,Arctic-Text2SQL-R1-7B,spider,,,
spider_362,Arctic-Text2SQL-R1-7B,spider,,,
spider_363,Arctic-Text2SQL-R1-7B,spider,,,
spider_364,Arctic-Text2SQL-R1-7B,spider,,,
spider_365,Arctic-Text2SQL-R1-7B,spider,,,
spider_366,Arctic-Text2SQL-R1-7B,spider,,,
spider_367,Arctic-Text2SQL-R1-7B,spider,,,
spider_368,Arctic-Text2SQL-R1-7B,spider,,,
spider_369,Arctic-Text2SQL-R1-7B,spider,,,
spider_370,Arctic-Text2SQL-R1-7B,spider,,,
spider_371,Arctic-Text2SQL-R1-7B,spider,,,
spider_372,Arctic-Text2SQL-R1-7B,spider,,,
spider_373,Arctic-Text2SQL-R1-7B,spider,,,
spider_374,Arctic-Text2SQL-R1-7B,spider,,,
spider_375,Arctic-Text2SQL-R1-7B,spider,,,
spider_376,Arctic-Text2SQL-R1-7B,spider,,,
spider_377,Arctic-Text2SQL-R1-7B,spider,,,
spider_378,Arctic-Text2SQL-R1-7B,spider,,,
spider_379,Arctic-Text2SQL-R1-7B,spider,,,
spider_380,Arctic-Text2SQL-R1-7B,spider,,,
spider_381,Arctic-Text2SQL-R1-7B,spider,,,
spider_382,Arctic-Text2SQL-R1-7B,spider,,,
spider_383,Arctic-Text2SQL-R1-7B,spider,,,
spider_384,Arctic-Text2SQL-R1-7B,spider,,,
spider_385,Arctic-Text2SQL-R1-7B,spider,,,
spider_386,Arctic-Text2SQL-R1-7B,spider,,,
spider_387,Arctic-Text2SQL-R1-7B,spider,,,
spider_388,Arctic-Text2SQL-R1-7B,spider,,,
spider_389,Arctic-Text2SQL-R1-7B,spider,,,
spider_390,Arctic-Text2SQL-R1-7B,spider,,,
spider_391,Arctic-Text2SQL-R1-7B,spider,,,
spider_392,Arctic-Text2SQL-R1-7B,spider,,,
spider_393,Arctic-Text2SQL-R1-7B,spider,,,
spider_394,Arctic-Text2SQL-R1-7B,spider,,,
spider_395,Arctic-Text2SQL-R1-7B,spider,,,
spider_396,Arctic-Text2SQL-R1-7B,spider,,,
spider_397,Arctic-Text2SQL-R1-7B,spider,,,
spider_398,Arctic-Text2SQL-R1-7B,spider,,,
spider_399,Arctic-Text2SQL-R1-7B,spider,,,
spider_400,Arctic-Text2SQL-R1-7B,spider,,,
spider_401,Arctic-Text2SQL-R1-7B,spider,,,
spider_402,Arctic-Text2SQL-R1-7B,spider,,,
spider_403,Arctic-Text2SQL-R1-7B,spider,,,
spider_404,Arctic-Text2SQL-R1-7B,spider,,,
spider_405,Arctic-Text2SQL-R1-7B,spider,,,
spider_406,Arctic-Text2SQL-R1-7B,spider,,,
spider_407,Arctic-Text2SQL-R1-7B,spider,,,
spider_408,Arctic-Text2SQL-R1-7B,spider,,,
spider_409,Arctic-Text2SQL-R1-7B,spider,,,
spider_410,Arctic-Text2SQL-R1-7B,spider,,,
spider_411,Arctic-Text2SQL-R1-7B,spider,,,
spider_412,Arctic-Text2SQL-R1-7B,spider,,,
spider_413,Arctic-Text2SQL-R1-7B,spider,,,
spider_414,Arctic-Text2SQL-R1-7B,spider,,,
spider_415,Arctic-Text2SQL-R1-7B,spider,,,
spider_416,Arctic-Text2SQL-R1-7B,spider,,,
spider_417,Arctic-Text2SQL-R1-7B,spider,,,
spider_418,Arctic-Text2SQL-R1-7B,spider,,,
spider_419,Arctic-Text2SQL-R1-7B,spider,,,
spider_420,Arctic-Text2SQL-R1-7B,spider,,,
spider_421,Arctic-Text2SQL-R1-7B,spider,,,
spider_422,Arctic-Text2SQL-R1-7B,spider,,,
spider_423,Arctic-Text2SQL-R1-7B,spider,,,
spider_424,Arctic-Text2SQL-R1-7B,spider,,,
spider_425,Arctic-Text2SQL-R1-7B,spider,,,
spider_426,Arctic-Text2SQL-R1-7B,spider,,,
spider_427,Arctic-Text2SQL-R1-7B,spider,,,
spider_428,Arctic-Text2SQL-R1-7B,spider,,,
spider_429,Arctic-Text2SQL-R1-7B,spider,,,
spider_430,Arctic-Text2SQL-R1-7B,spider,,,
spider_431,Arctic-Text2SQL-R1-7B,spider,,,
spider_432,Arctic-Text2SQL-R1-7B,spider,,,
spider_433,Arctic-Text2SQL-R1-7B,spider,,,
spider_434,Arctic-Text2SQL-R1-7B,spider,,,
spider_435,Arctic-Text2SQL-R1-7B,spider,,,
spider_436,Arctic-Text2SQL-R1-7B,spider,,,
spider_437,Arctic-Text2SQL-R1-7B,spider,,,
spider_438,Arctic-Text2SQL-R1-7B,spider,,,
spider_439,Arctic-Text2SQL-R1-7B,spider,,,
spider_440,Arctic-Text2SQL-R1-7B,spider,,,
spider_441,Arctic-Text2SQL-R1-7B,spider,,,
spider_442,Arctic-Text2SQL-R1-7B,spider,,,
spider_443,Arctic-Text2SQL-R1-7B,spider,,,
spider_444,Arctic-Text2SQL-R1-7B,spider,,,
spider_445,Arctic-Text2SQL-R1-7B,spider,,,
spider_446,Arctic-Text2SQL-R1-7B,spider,,,
spider_447,Arctic-Text2SQL-R1-7B,spider,,,
spider_448,Arctic-Text2SQL-R1-7B,spider,,,
spider_449,Arctic-Text2SQL-R1-7B,spider,,,
spider_450,Arctic-Text2SQL-R1-7B,spider,,,
spider_451,Arctic-Text2SQL-R1-7B,spider,,,
spider_452,Arctic-Text2SQL-R1-7B,spider,,,
spider_453,Arctic-Text2SQL-R1-7B,spider,,,
spider_454,Arctic-Text2SQL-R1-7B,spider,,,
spider_455,Arctic-Text2SQL-R1-7B,spider,,,
spider_456,Arctic-Text2SQL-R1-7B,spider,,,
spider_457,Arctic-Text2SQL-R1-7B,spider,,,
spider_458,Arctic-Text2SQL-R1-7B,spider,,,
spider_459,Arctic-Text2SQL-R1-7B,spider,,,
spider_460,Arctic-Text2SQL-R1-7B,spider,,,
spider_461,Arctic-Text2SQL-R1-7B,spider,,,
spider_462,Arctic-Text2SQL-R1-7B,spider,,,
spider_463,Arctic-Text2SQL-R1-7B,spider,,,
spider_464,Arctic-Text2SQL-R1-7B,spider,,,
spider_465,Arctic-Text2SQL-R1-7B,spider,,,
spider_466,Arctic-Text2SQL-R1-7B,spider,,,
spider_467,Arctic-Text2SQL-R1-7B,spider,,,
spider_468,Arctic-Text2SQL-R1-7B,spider,,,
spider_469,Arctic-Text2SQL-R1-7B,spider,,,
spider_470,Arctic-Text2SQL-R1-7B,spider,,,
spider_471,Arctic-Text2SQL-R1-7B,spider,,,
spider_472,Arctic-Text2SQL-R1-7B,spider,,,
spider_473,Arctic-Text2SQL-R1-7B,spider,,,
spider_474,Arctic-Text2SQL-R1-7B,spider,,,
spider_475,Arctic-Text2SQL-R1-7B,spider,,,
spider_476,Arctic-Text2SQL-R1-7B,spider,,,
spider_477,Arctic-Text2SQL-R1-7B,spider,,,
spider_478,Arctic-Text2SQL-R1-7B,spider,,,
spider_479,Arctic-Text2SQL-R1-7B,spider,,,
spider_480,Arctic-Text2SQL-R1-7B,spider,,,
spider_481,Arctic-Text2SQL-R1-7B,spider,,,
spider_482,Arctic-Text2SQL-R1-7B,spider,,,
spider_483,Arctic-Text2SQL-R1-7B,spider,,,
spider_484,Arctic-Text2SQL-R1-7B,spider,,,
spider_485,Arctic-Text2SQL-R1-7B,spider,,,
spider_486,Arctic-Text2SQL-R1-7B,spider,,,
spider_487,Arctic-Text2SQL-R1-7B,spider,,,
spider_488,Arctic-Text2SQL-R1-7B,spider,,,
spider_489,Arctic-Text2SQL-R1-7B,spider,,,
spider_490,Arctic-Text2SQL-R1-7B,spider,,,
spider_491,Arctic-Text2SQL-R1-7B,spider,,,
spider_492,Arctic-Text2SQL-R1-7B,spider,,,
spider_493,Arctic-Text2SQL-R1-7B,spider,,,
spider_494,Arctic-Text2SQL-R1-7B,spider,,,
spider_495,Arctic-Text2SQL-R1-7B,spider,,,
spider_496,Arctic-Text2SQL-R1-7B,spider,,,
spider_497,Arctic-Text2SQL-R1-7B,spider,,,
spider_498,Arctic-Text2SQL-R1-7B,spider,,,
spider_499,Arctic-Text2SQL-R1-7B,spider,,,
spider_500,Arctic-Text2SQL-R1-7B,spider,,,
spider_501,Arctic-Text2SQL-R1-7B,spider,,,
spider_502,Arctic-Text2SQL-R1-7B,spider,,,
spider_503,Arctic-Text2SQL-R1-7B,spider,,,
spider_504,Arctic-Text2SQL-R1-7B,spider,,,
spider_505,Arctic-Text2SQL-R1-7B,spider,,,
spider_506,Arctic-Text2SQL-R1-7B,spider,,,
spider_507,Arctic-Text2SQL-R1-7B,spider,,,
spider_508,Arctic-Text2SQL-R1-7B,spider,,,
spider_509,Arctic-Text2SQL-R1-7B,spider,,,
spider_510,Arctic-Text2SQL-R1-7B,spider,,,
spider_511,Arctic-Text2SQL-R1-7B,spider,,,
spider_512,Arctic-Text2SQL-R1-7B,spider,,,
spider_513,Arctic-Text2SQL-R1-7B,spider,,,
spider_514,Arctic-Text2SQL-R1-7B,spider,,,
spider_515,Arctic-Text2SQL-R1-7B,spider,,,
spider_516,Arctic-Text2SQL-R1-7B,spider,,,
spider_517,Arctic-Text2SQL-R1-7B,spider,,,
spider_518,Arctic-Text2SQL-R1-7B,spider,,,
spider_519,Arctic-Text2SQL-R1-7B,spider,,,
spider_520,Arctic-Text2SQL-R1-7B,spider,,,
spider_521,Arctic-Text2SQL-R1-7B,spider,,,
spider_522,Arctic-Text2SQL-R1-7B,spider,,,
spider_523,Arctic-Text2SQL-R1-7B,spider,,,
spider_524,Arctic-Text2SQL-R1-7B,spider,,,
spider_525,Arctic-Text2SQL-R1-7B,spider,,,
spider_526,Arctic-Text2SQL-R1-7B,spider,,,
spider_527,Arctic-Text2SQL-R1-7B,spider,,,
spider_528,Arctic-Text2SQL-R1-7B,spider,,,
spider_529,Arctic-Text2SQL-R1-7B,spider,,,
spider_530,Arctic-Text2SQL-R1-7B,spider,,,
spider_531,Arctic-Text2SQL-R1-7B,spider,,,
spider_532,Arctic-Text2SQL-R1-7B,spider,,,
spider_533,Arctic-Text2SQL-R1-7B,spider,,,
spider_534,Arctic-Text2SQL-R1-7B,spider,,,
spider_535,Arctic-Text2SQL-R1-7B,spider,,,
spider_536,Arctic-Text2SQL-R1-7B,spider,,,
spider_537,Arctic-Text2SQL-R1-7B,spider,,,
spider_538,Arctic-Text2SQL-R1-7B,spider,,,
spider_539,Arctic-Text2SQL-R1-7B,spider,,,
spider_540,Arctic-Text2SQL-R1-7B,spider,,,
spider_541,Arctic-Text2SQL-R1-7B,spider,,,
spider_542,Arctic-Text2SQL-R1-7B,spider,,,
spider_543,Arctic-Text2SQL-R1-7B,spider,,,
spider_544,Arctic-Text2SQL-R1-7B,spider,,,
spider_545,Arctic-Text2SQL-R1-7B,spider,,,
spider_546,Arctic-Text2SQL-R1-7B,spider,,,
spider_547,Arctic-Text2SQL-R1-7B,spider,,,
spider_548,Arctic-Text2SQL-R1-7B,spider,,,
spider_549,Arctic-Text2SQL-R1-7B,spider,,,
spider_550,Arctic-Text2SQL-R1-7B,spider,,,
spider_551,Arctic-Text2SQL-R1-7B,spider,,,
spider_552,Arctic-Text2SQL-R1-7B,spider,,,
spider_553,Arctic-Text2SQL-R1-7B,spider,,,
spider_554,Arctic-Text2SQL-R1-7B,spider,,,
spider_555,Arctic-Text2SQL-R1-7B,spider,,,
spider_556,Arctic-Text2SQL-R1-7B,spider,,,
spider_557,Arctic-Text2SQL-R1-7B,spider,,,
spider_558,Arctic-Text2SQL-R1-7B,spider,,,
spider_559,Arctic-Text2SQL-R1-7B,spider,,,
spider_560,Arctic-Text2SQL-R1-7B,spider,,,
spider_561,Arctic-Text2SQL-R1-7B,spider,,,
spider_562,Arctic-Text2SQL-R1-7B,spider,,,
spider_563,Arctic-Text2SQL-R1-7B,spider,,,
spider_564,Arctic-Text2SQL-R1-7B,spider,,,
spider_565,Arctic-Text2SQL-R1-7B,spider,,,
spider_566,Arctic-Text2SQL-R1-7B,spider,,,
spider_567,Arctic-Text2SQL-R1-7B,spider,,,
spider_568,Arctic-Text2SQL-R1-7B,spider,,,
spider_569,Arctic-Text2SQL-R1-7B,spider,,,
spider_570,Arctic-Text2SQL-R1-7B,spider,,,
spider_571,Arctic-Text2SQL-R1-7B,spider,,,
spider_572,Arctic-Text2SQL-R1-7B,spider,,,
spider_573,Arctic-Text2SQL-R1-7B,spider,,,
spider_574,Arctic-Text2SQL-R1-7B,spider,,,
spider_575,Arctic-Text2SQL-R1-7B,spider,,,
spider_576,Arctic-Text2SQL-R1-7B,spider,,,
spider_577,Arctic-Text2SQL-R1-7B,spider,,,
spider_578,Arctic-Text2SQL-R1-7B,spider,,,
spider_579,Arctic-Text2SQL-R1-7B,spider,,,
spider_580,Arctic-Text2SQL-R1-7B,spider,,,
spider_581,Arctic-Text2SQL-R1-7B,spider,,,
spider_582,Arctic-Text2SQL-R1-7B,spider,,,
spider_583,Arctic-Text2SQL-R1-7B,spider,,,
spider_584,Arctic-Text2SQL-R1-7B,spider,,,
spider_585,Arctic-Text2SQL-R1-7B,spider,,,
spider_586,Arctic-Text2SQL-R1-7B,spider,,,
spider_587,Arctic-Text2SQL-R1-7B,spider,,,
spider_588,Arctic-Text2SQL-R1-7B,spider,,,
spider_589,Arctic-Text2SQL-R1-7B,spider,,,
spider_590,Arctic-Text2SQL-R1-7B,spider,,,
spider_591,Arctic-Text2SQL-R1-7B,spider,,,
spider_592,Arctic-Text2SQL-R1-7B,spider,,,
spider_593,Arctic-Text2SQL-R1-7B,spider,,,
spider_594,Arctic-Text2SQL-R1-7B,spider,,,
spider_595,Arctic-Text2SQL-R1-7B,spider,,,
spider_596,Arctic-Text2SQL-R1-7B,spider,,,
spider_597,Arctic-Text2SQL-R1-7B,spider,,,
spider_598,Arctic-Text2SQL-R1-7B,spider,,,
spider_599,Arctic-Text2SQL-R1-7B,spider,,,
spider_600,Arctic-Text2SQL-R1-7B,spider,,,
spider_601,Arctic-Text2SQL-R1-7B,spider,,,
spider_602,Arctic-Text2SQL-R1-7B,spider,,,
spider_603,Arctic-Text2SQL-R1-7B,spider,,,
spider_604,Arctic-Text2SQL-R1-7B,spider,,,
spider_605,Arctic-Text2SQL-R1-7B,spider,,,
spider_606,Arctic-Text2SQL-R1-7B,spider,,,
spider_607,Arctic-Text2SQL-R1-7B,spider,,,
spider_608,Arctic-Text2SQL-R1-7B,spider,,,
spider_609,Arctic-Text2SQL-R1-7B,spider,,,
spider_610,Arctic-Text2SQL-R1-7B,spider,,,
spider_611,Arctic-Text2SQL-R1-7B,spider,,,
spider_612,Arctic-Text2SQL-R1-7B,spider,,,
spider_613,Arctic-Text2SQL-R1-7B,spider,,,
spider_614,Arctic-Text2SQL-R1-7B,spider,,,
spider_615,Arctic-Text2SQL-R1-7B,spider,,,
spider_616,Arctic-Text2SQL-R1-7B,spider,,,
spider_617,Arctic-Text2SQL-R1-7B,spider,,,
spider_618,Arctic-Text2SQL-R1-7B,spider,,,
spider_619,Arctic-Text2SQL-R1-7B,spider,,,
spider_620,Arctic-Text2SQL-R1-7B,spider,,,
spider_621,Arctic-Text2SQL-R1-7B,spider,,,
spider_622,Arctic-Text2SQL-R1-7B,spider,,,
spider_623,Arctic-Text2SQL-R1-7B,spider,,,
spider_624,Arctic-Text2SQL-R1-7B,spider,,,
spider_625,Arctic-Text2SQL-R1-7B,spider,,,
spider_626,Arctic-Text2SQL-R1-7B,spider,,,
spider_627,Arctic-Text2SQL-R1-7B,spider,,,
spider_628,Arctic-Text2SQL-R1-7B,spider,,,
spider_629,Arctic-Text2SQL-R1-7B,spider,,,
spider_630,Arctic-Text2SQL-R1-7B,spider,,,
spider_631,Arctic-Text2SQL-R1-7B,spider,,,
spider_632,Arctic-Text2SQL-R1-7B,spider,,,
spider_633,Arctic-Text2SQL-R1-7B,spider,,,
spider_634,Arctic-Text2SQL-R1-7B,spider,,,
spider_635,Arctic-Text2SQL-R1-7B,spider,,,
spider_636,Arctic-Text2SQL-R1-7B,spider,,,
spider_637,Arctic-Text2SQL-R1-7B,spider,,,
spider_638,Arctic-Text2SQL-R1-7B,spider,,,
spider_639,Arctic-Text2SQL-R1-7B,spider,,,
spider_640,Arctic-Text2SQL-R1-7B,spider,,,
spider_641,Arctic-Text2SQL-R1-7B,spider,,,
spider_642,Arctic-Text2SQL-R1-7B,spider,,,
spider_643,Arctic-Text2SQL-R1-7B,spider,,,
spider_644,Arctic-Text2SQL-R1-7B,spider,,,
spider_645,Arctic-Text2SQL-R1-7B,spider,,,
spider_646,Arctic-Text2SQL-R1-7B,spider,,,
spider_647,Arctic-Text2SQL-R1-7B,spider,,,
spider_648,Arctic-Text2SQL-R1-7B,spider,,,
spider_649,Arctic-Text2SQL-R1-7B,spider,,,
spider_650,Arctic-Text2SQL-R1-7B,spider,,,
spider_651,Arctic-Text2SQL-R1-7B,spider,,,
spider_652,Arctic-Text2SQL-R1-7B,spider,,,
spider_653,Arctic-Text2SQL-R1-7B,spider,,,
spider_654,Arctic-Text2SQL-R1-7B,spider,,,
spider_655,Arctic-Text2SQL-R1-7B,spider,,,
spider_656,Arctic-Text2SQL-R1-7B,spider,,,
spider_657,Arctic-Text2SQL-R1-7B,spider,,,
spider_658,Arctic-Text2SQL-R1-7B,spider,,,
spider_659,Arctic-Text2SQL-R1-7B,spider,,,
spider_660,Arctic-Text2SQL-R1-7B,spider,,,
spider_661,Arctic-Text2SQL-R1-7B,spider,,,
spider_662,Arctic-Text2SQL-R1-7B,spider,,,
spider_663,Arctic-Text2SQL-R1-7B,spider,,,
spider_664,Arctic-Text2SQL-R1-7B,spider,,,
spider_665,Arctic-Text2SQL-R1-7B,spider,,,
spider_666,Arctic-Text2SQL-R1-7B,spider,,,
spider_667,Arctic-Text2SQL-R1-7B,spider,,,
spider_668,Arctic-Text2SQL-R1-7B,spider,,,
spider_669,Arctic-Text2SQL-R1-7B,spider,,,
spider_670,Arctic-Text2SQL-R1-7B,spider,,,
spider_671,Arctic-Text2SQL-R1-7B,spider,,,
spider_672,Arctic-Text2SQL-R1-7B,spider,,,
spider_673,Arctic-Text2SQL-R1-7B,spider,,,
spider_674,Arctic-Text2SQL-R1-7B,spider,,,
spider_675,Arctic-Text2SQL-R1-7B,spider,,,
spider_676,Arctic-Text2SQL-R1-7B,spider,,,
spider_677,Arctic-Text2SQL-R1-7B,spider,,,
spider_678,Arctic-Text2SQL-R1-7B,spider,,,
spider_679,Arctic-Text2SQL-R1-7B,spider,,,
spider_680,Arctic-Text2SQL-R1-7B,spider,,,
spider_681,Arctic-Text2SQL-R1-7B,spider,,,
spider_682,Arctic-Text2SQL-R1-7B,spider,,,
spider_683,Arctic-Text2SQL-R1-7B,spider,,,
spider_684,Arctic-Text2SQL-R1-7B,spider,,,
spider_685,Arctic-Text2SQL-R1-7B,spider,,,
spider_686,Arctic-Text2SQL-R1-7B,spider,,,
spider_687,Arctic-Text2SQL-R1-7B,spider,,,
spider_688,Arctic-Text2SQL-R1-7B,spider,,,
spider_689,Arctic-Text2SQL-R1-7B,spider,,,
spider_690,Arctic-Text2SQL-R1-7B,spider,,,
spider_691,Arctic-Text2SQL-R1-7B,spider,,,
spider_692,Arctic-Text2SQL-R1-7B,spider,,,
spider_693,Arctic-Text2SQL-R1-7B,spider,,,
spider_694,Arctic-Text2SQL-R1-7B,spider,,,
spider_695,Arctic-Text2SQL-R1-7B,spider,,,
spider_696,Arctic-Text2SQL-R1-7B,spider,,,
spider_697,Arctic-Text2SQL-R1-7B,spider,,,
spider_698,Arctic-Text2SQL-R1-7B,spider,,,
spider_699,Arctic-Text2SQL-R1-7B,spider,,,
spider_700,Arctic-Text2SQL-R1-7B,spider,,,
spider_701,Arctic-Text2SQL-R1-7B,spider,,,
spider_702,Arctic-Text2SQL-R1-7B,spider,,,
spider_703,Arctic-Text2SQL-R1-7B,spider,,,
spider_704,Arctic-Text2SQL-R1-7B,spider,,,
spider_705,Arctic-Text2SQL-R1-7B,spider,,,
spider_706,Arctic-Text2SQL-R1-7B,spider,,,
spider_707,Arctic-Text2SQL-R1-7B,spider,,,
spider_708,Arctic-Text2SQL-R1-7B,spider,,,
spider_709,Arctic-Text2SQL-R1-7B,spider,,,
spider_710,Arctic-Text2SQL-R1-7B,spider,,,
spider_711,Arctic-Text2SQL-R1-7B,spider,,,
spider_712,Arctic-Text2SQL-R1-7B,spider,,,
spider_713,Arctic-Text2SQL-R1-7B,spider,,,
spider_714,Arctic-Text2SQL-R1-7B,spider,,,
spider_715,Arctic-Text2SQL-R1-7B,spider,,,
spider_716,Arctic-Text2SQL-R1-7B,spider,,,
spider_717,Arctic-Text2SQL-R1-7B,spider,,,
spider_718,Arctic-Text2SQL-R1-7B,spider,,,
spider_719,Arctic-Text2SQL-R1-7B,spider,,,
spider_720,Arctic-Text2SQL-R1-7B,spider,,,
spider_721,Arctic-Text2SQL-R1-7B,spider,,,
spider_722,Arctic-Text2SQL-R1-7B,spider,,,
spider_723,Arctic-Text2SQL-R1-7B,spider,,,
spider_724,Arctic-Text2SQL-R1-7B,spider,,,
spider_725,Arctic-Text2SQL-R1-7B,spider,,,
spider_726,Arctic-Text2SQL-R1-7B,spider,,,
spider_727,Arctic-Text2SQL-R1-7B,spider,,,
spider_728,Arctic-Text2SQL-R1-7B,spider,,,
spider_729,Arctic-Text2SQL-R1-7B,spider,,,
spider_730,Arctic-Text2SQL-R1-7B,spider,,,
spider_731,Arctic-Text2SQL-R1-7B,spider,,,
spider_732,Arctic-Text2SQL-R1-7B,spider,,,
spider_733,Arctic-Text2SQL-R1-7B,spider,,,
spider_734,Arctic-Text2SQL-R1-7B,spider,,,
spider_735,Arctic-Text2SQL-R1-7B,spider,,,
spider_736,Arctic-Text2SQL-R1-7B,spider,,,
spider_737,Arctic-Text2SQL-R1-7B,spider,,,
spider_738,Arctic-Text2SQL-R1-7B,spider,,,
spider_739,Arctic-Text2SQL-R1-7B,spider,,,
spider_740,Arctic-Text2SQL-R1-7B,spider,,,
spider_741,Arctic-Text2SQL-R1-7B,spider,,,
spider_742,Arctic-Text2SQL-R1-7B,spider,,,
spider_743,Arctic-Text2SQL-R1-7B,spider,,,
spider_744,Arctic-Text2SQL-R1-7B,spider,,,
spider_745,Arctic-Text2SQL-R1-7B,spider,,,
spider_746,Arctic-Text2SQL-R1-7B,spider,,,
spider_747,Arctic-Text2SQL-R1-7B,spider,,,
spider_748,Arctic-Text2SQL-R1-7B,spider,,,
spider_749,Arctic-Text2SQL-R1-7B,spider,,,
spider_750,Arctic-Text2SQL-R1-7B,spider,,,
spider_751,Arctic-Text2SQL-R1-7B,spider,,,
spider_752,Arctic-Text2SQL-R1-7B,spider,,,
spider_753,Arctic-Text2SQL-R1-7B,spider,,,
spider_754,Arctic-Text2SQL-R1-7B,spider,,,
spider_755,Arctic-Text2SQL-R1-7B,spider,,,
spider_756,Arctic-Text2SQL-R1-7B,spider,,,
spider_757,Arctic-Text2SQL-R1-7B,spider,,,
spider_758,Arctic-Text2SQL-R1-7B,spider,,,
spider_759,Arctic-Text2SQL-R1-7B,spider,,,
spider_760,Arctic-Text2SQL-R1-7B,spider,,,
spider_761,Arctic-Text2SQL-R1-7B,spider,,,
spider_762,Arctic-Text2SQL-R1-7B,spider,,,
spider_763,Arctic-Text2SQL-R1-7B,spider,,,
spider_764,Arctic-Text2SQL-R1-7B,spider,,,
spider_765,Arctic-Text2SQL-R1-7B,spider,,,
spider_766,Arctic-Text2SQL-R1-7B,spider,,,
spider_767,Arctic-Text2SQL-R1-7B,spider,,,
spider_768,Arctic-Text2SQL-R1-7B,spider,,,
spider_769,Arctic-Text2SQL-R1-7B,spider,,,
spider_770,Arctic-Text2SQL-R1-7B,spider,,,
spider_771,Arctic-Text2SQL-R1-7B,spider,,,
spider_772,Arctic-Text2SQL-R1-7B,spider,,,
spider_773,Arctic-Text2SQL-R1-7B,spider,,,
spider_774,Arctic-Text2SQL-R1-7B,spider,,,
spider_775,Arctic-Text2SQL-R1-7B,spider,,,
spider_776,Arctic-Text2SQL-R1-7B,spider,,,
spider_777,Arctic-Text2SQL-R1-7B,spider,,,
spider_778,Arctic-Text2SQL-R1-7B,spider,,,
spider_779,Arctic-Text2SQL-R1-7B,spider,,,
spider_780,Arctic-Text2SQL-R1-7B,spider,,,
spider_781,Arctic-Text2SQL-R1-7B,spider,,,
spider_782,Arctic-Text2SQL-R1-7B,spider,,,
spider_783,Arctic-Text2SQL-R1-7B,spider,,,
spider_784,Arctic-Text2SQL-R1-7B,spider,,,
spider_785,Arctic-Text2SQL-R1-7B,spider,,,
spider_786,Arctic-Text2SQL-R1-7B,spider,,,
spider_787,Arctic-Text2SQL-R1-7B,spider,,,
spider_788,Arctic-Text2SQL-R1-7B,spider,,,
spider_789,Arctic-Text2SQL-R1-7B,spider,,,
spider_790,Arctic-Text2SQL-R1-7B,spider,,,
spider_791,Arctic-Text2SQL-R1-7B,spider,,,
spider_792,Arctic-Text2SQL-R1-7B,spider,,,
spider_793,Arctic-Text2SQL-R1-7B,spider,,,
spider_794,Arctic-Text2SQL-R1-7B,spider,,,
spider_795,Arctic-Text2SQL-R1-7B,spider,,,
spider_796,Arctic-Text2SQL-R1-7B,spider,,,
spider_797,Arctic-Text2SQL-R1-7B,spider,,,
spider_798,Arctic-Text2SQL-R1-7B,spider,,,
spider_799,Arctic-Text2SQL-R1-7B,spider,,,
spider_800,Arctic-Text2SQL-R1-7B,spider,,,
spider_801,Arctic-Text2SQL-R1-7B,spider,,,
spider_802,Arctic-Text2SQL-R1-7B,spider,,,
spider_803,Arctic-Text2SQL-R1-7B,spider,,,
spider_804,Arctic-Text2SQL-R1-7B,spider,,,
spider_805,Arctic-Text2SQL-R1-7B,spider,,,
spider_806,Arctic-Text2SQL-R1-7B,spider,,,
spider_807,Arctic-Text2SQL-R1-7B,spider,,,
spider_808,Arctic-Text2SQL-R1-7B,spider,,,
spider_809,Arctic-Text2SQL-R1-7B,spider,,,
spider_810,Arctic-Text2SQL-R1-7B,spider,,,
spider_811,Arctic-Text2SQL-R1-7B,spider,,,
spider_812,Arctic-Text2SQL-R1-7B,spider,,,
spider_813,Arctic-Text2SQL-R1-7B,spider,,,
spider_814,Arctic-Text2SQL-R1-7B,spider,,,
spider_815,Arctic-Text2SQL-R1-7B,spider,,,
spider_816,Arctic-Text2SQL-R1-7B,spider,,,
spider_817,Arctic-Text2SQL-R1-7B,spider,,,
spider_818,Arctic-Text2SQL-R1-7B,spider,,,
spider_819,Arctic-Text2SQL-R1-7B,spider,,,
spider_820,Arctic-Text2SQL-R1-7B,spider,,,
spider_821,Arctic-Text2SQL-R1-7B,spider,,,
spider_822,Arctic-Text2SQL-R1-7B,spider,,,
spider_823,Arctic-Text2SQL-R1-7B,spider,,,
spider_824,Arctic-Text2SQL-R1-7B,spider,,,
spider_825,Arctic-Text2SQL-R1-7B,spider,,,
spider_826,Arctic-Text2SQL-R1-7B,spider,,,
spider_827,Arctic-Text2SQL-R1-7B,spider,,,
spider_828,Arctic-Text2SQL-R1-7B,spider,,,
spider_829,Arctic-Text2SQL-R1-7B,spider,,,
spider_830,Arctic-Text2SQL-R1-7B,spider,,,
spider_831,Arctic-Text2SQL-R1-7B,spider,,,
spider_832,Arctic-Text2SQL-R1-7B,spider,,,
spider_833,Arctic-Text2SQL-R1-7B,spider,,,
spider_834,Arctic-Text2SQL-R1-7B,spider,,,
spider_835,Arctic-Text2SQL-R1-7B,spider,,,
spider_836,Arctic-Text2SQL-R1-7B,spider,,,
spider_837,Arctic-Text2SQL-R1-7B,spider,,,
spider_838,Arctic-Text2SQL-R1-7B,spider,,,
spider_839,Arctic-Text2SQL-R1-7B,spider,,,
spider_840,Arctic-Text2SQL-R1-7B,spider,,,
spider_841,Arctic-Text2SQL-R1-7B,spider,,,
spider_842,Arctic-Text2SQL-R1-7B,spider,,,
spider_843,Arctic-Text2SQL-R1-7B,spider,,,
spider_844,Arctic-Text2SQL-R1-7B,spider,,,
spider_845,Arctic-Text2SQL-R1-7B,spider,,,
spider_846,Arctic-Text2SQL-R1-7B,spider,,,
spider_847,Arctic-Text2SQL-R1-7B,spider,,,
spider_848,Arctic-Text2SQL-R1-7B,spider,,,
spider_849,Arctic-Text2SQL-R1-7B,spider,,,
spider_850,Arctic-Text2SQL-R1-7B,spider,,,
spider_851,Arctic-Text2SQL-R1-7B,spider,,,
spider_852,Arctic-Text2SQL-R1-7B,spider,,,
spider_853,Arctic-Text2SQL-R1-7B,spider,,,
spider_854,Arctic-Text2SQL-R1-7B,spider,,,
spider_855,Arctic-Text2SQL-R1-7B,spider,,,
spider_856,Arctic-Text2SQL-R1-7B,spider,,,
spider_857,Arctic-Text2SQL-R1-7B,spider,,,
spider_858,Arctic-Text2SQL-R1-7B,spider,,,
spider_859,Arctic-Text2SQL-R1-7B,spider,,,
spider_860,Arctic-Text2SQL-R1-7B,spider,,,
spider_861,Arctic-Text2SQL-R1-7B,spider,,,
spider_862,Arctic-Text2SQL-R1-7B,spider,,,
spider_863,Arctic-Text2SQL-R1-7B,spider,,,
spider_864,Arctic-Text2SQL-R1-7B,spider,,,
spider_865,Arctic-Text2SQL-R1-7B,spider,,,
spider_866,Arctic-Text2SQL-R1-7B,spider,,,
spider_867,Arctic-Text2SQL-R1-7B,spider,,,
spider_868,Arctic-Text2SQL-R1-7B,spider,,,
spider_869,Arctic-Text2SQL-R1-7B,spider,,,
spider_870,Arctic-Text2SQL-R1-7B,spider,,,
spider_871,Arctic-Text2SQL-R1-7B,spider,,,
spider_872,Arctic-Text2SQL-R1-7B,spider,,,
spider_873,Arctic-Text2SQL-R1-7B,spider,,,
spider_874,Arctic-Text2SQL-R1-7B,spider,,,
spider_875,Arctic-Text2SQL-R1-7B,spider,,,
spider_876,Arctic-Text2SQL-R1-7B,spider,,,
spider_877,Arctic-Text2SQL-R1-7B,spider,,,
spider_878,Arctic-Text2SQL-R1-7B,spider,,,
spider_879,Arctic-Text2SQL-R1-7B,spider,,,
spider_880,Arctic-Text2SQL-R1-7B,spider,,,
spider_881,Arctic-Text2SQL-R1-7B,spider,,,
spider_882,Arctic-Text2SQL-R1-7B,spider,,,
spider_883,Arctic-Text2SQL-R1-7B,spider,,,
spider_884,Arctic-Text2SQL-R1-7B,spider,,,
spider_885,Arctic-Text2SQL-R1-7B,spider,,,
spider_886,Arctic-Text2SQL-R1-7B,spider,,,
spider_887,Arctic-Text2SQL-R1-7B,spider,,,
spider_888,Arctic-Text2SQL-R1-7B,spider,,,
spider_889,Arctic-Text2SQL-R1-7B,spider,,,
spider_890,Arctic-Text2SQL-R1-7B,spider,,,
spider_891,Arctic-Text2SQL-R1-7B,spider,,,
spider_892,Arctic-Text2SQL-R1-7B,spider,,,
spider_893,Arctic-Text2SQL-R1-7B,spider,,,
spider_894,Arctic-Text2SQL-R1-7B,spider,,,
spider_895,Arctic-Text2SQL-R1-7B,spider,,,
spider_896,Arctic-Text2SQL-R1-7B,spider,,,
spider_897,Arctic-Text2SQL-R1-7B,spider,,,
spider_898,Arctic-Text2SQL-R1-7B,spider,,,
spider_899,Arctic-Text2SQL-R1-7B,spider,,,
spider_900,Arctic-Text2SQL-R1-7B,spider,,,
spider_901,Arctic-Text2SQL-R1-7B,spider,,,
spider_902,Arctic-Text2SQL-R1-7B,spider,,,
spider_903,Arctic-Text2SQL-R1-7B,spider,,,
spider_904,Arctic-Text2SQL-R1-7B,spider,,,
spider_905,Arctic-Text2SQL-R1-7B,spider,,,
spider_906,Arctic-Text2SQL-R1-7B,spider,,,
spider_907,Arctic-Text2SQL-R1-7B,spider,,,
spider_908,Arctic-Text2SQL-R1-7B,spider,,,
spider_909,Arctic-Text2SQL-R1-7B,spider,,,
spider_910,Arctic-Text2SQL-R1-7B,spider,,,
spider_911,Arctic-Text2SQL-R1-7B,spider,,,
spider_912,Arctic-Text2SQL-R1-7B,spider,,,
spider_913,Arctic-Text2SQL-R1-7B,spider,,,
spider_914,Arctic-Text2SQL-R1-7B,spider,,,
spider_915,Arctic-Text2SQL-R1-7B,spider,,,
spider_916,Arctic-Text2SQL-R1-7B,spider,,,
spider_917,Arctic-Text2SQL-R1-7B,spider,,,
spider_918,Arctic-Text2SQL-R1-7B,spider,,,
spider_919,Arctic-Text2SQL-R1-7B,spider,,,
spider_920,Arctic-Text2SQL-R1-7B,spider,,,
spider_921,Arctic-Text2SQL-R1-7B,spider,,,
spider_922,Arctic-Text2SQL-R1-7B,spider,,,
spider_923,Arctic-Text2SQL-R1-7B,spider,,,
spider_924,Arctic-Text2SQL-R1-7B,spider,,,
spider_925,Arctic-Text2SQL-R1-7B,spider,,,
spider_926,Arctic-Text2SQL-R1-7B,spider,,,
spider_927,Arctic-Text2SQL-R1-7B,spider,,,
spider_928,Arctic-Text2SQL-R1-7B,spider,,,
spider_929,Arctic-Text2SQL-R1-7B,spider,,,
spider_930,Arctic-Text2SQL-R1-7B,spider,,,
spider_931,Arctic-Text2SQL-R1-7B,spider,,,
spider_932,Arctic-Text2SQL-R1-7B,spider,,,
spider_933,Arctic-Text2SQL-R1-7B,spider,,,
spider_934,Arctic-Text2SQL-R1-7B,spider,,,
spider_935,Arctic-Text2SQL-R1-7B,spider,,,
spider_936,Arctic-Text2SQL-R1-7B,spider,,,
spider_937,Arctic-Text2SQL-R1-7B,spider,,,
spider_938,Arctic-Text2SQL-R1-7B,spider,,,
spider_939,Arctic-Text2SQL-R1-7B,spider,,,
spider_940,Arctic-Text2SQL-R1-7B,spider,,,
spider_941,Arctic-Text2SQL-R1-7B,spider,,,
spider_942,Arctic-Text2SQL-R1-7B,spider,,,
spider_943,Arctic-Text2SQL-R1-7B,spider,,,
spider_944,Arctic-Text2SQL-R1-7B,spider,,,
spider_945,Arctic-Text2SQL-R1-7B,spider,,,
spider_946,Arctic-Text2SQL-R1-7B,spider,,,
spider_947,Arctic-Text2SQL-R1-7B,spider,,,
spider_948,Arctic-Text2SQL-R1-7B,spider,,,
spider_949,Arctic-Text2SQL-R1-7B,spider,,,
spider_950,Arctic-Text2SQL-R1-7B,spider,,,
spider_951,Arctic-Text2SQL-R1-7B,spider,,,
spider_952,Arctic-Text2SQL-R1-7B,spider,,,
spider_953,Arctic-Text2SQL-R1-7B,spider,,,
spider_954,Arctic-Text2SQL-R1-7B,spider,,,
spider_955,Arctic-Text2SQL-R1-7B,spider,,,
spider_956,Arctic-Text2SQL-R1-7B,spider,,,
spider_957,Arctic-Text2SQL-R1-7B,spider,,,
spider_958,Arctic-Text2SQL-R1-7B,spider,,,
spider_959,Arctic-Text2SQL-R1-7B,spider,,,
spider_960,Arctic-Text2SQL-R1-7B,spider,,,
spider_961,Arctic-Text2SQL-R1-7B,spider,,,
spider_962,Arctic-Text2SQL-R1-7B,spider,,,
spider_963,Arctic-Text2SQL-R1-7B,spider,,,
spider_964,Arctic-Text2SQL-R1-7B,spider,,,
spider_965,Arctic-Text2SQL-R1-7B,spider,,,
spider_966,Arctic-Text2SQL-R1-7B,spider,,,
spider_967,Arctic-Text2SQL-R1-7B,spider,,,
spider_968,Arctic-Text2SQL-R1-7B,spider,,,
spider_969,Arctic-Text2SQL-R1-7B,spider,,,
spider_970,Arctic-Text2SQL-R1-7B,spider,,,
spider_971,Arctic-Text2SQL-R1-7B,spider,,,
spider_972,Arctic-Text2SQL-R1-7B,spider,,,
spider_973,Arctic-Text2SQL-R1-7B,spider,,,
spider_974,Arctic-Text2SQL-R1-7B,spider,,,
spider_975,Arctic-Text2SQL-R1-7B,spider,,,
spider_976,Arctic-Text2SQL-R1-7B,spider,,,
spider_977,Arctic-Text2SQL-R1-7B,spider,,,
spider_978,Arctic-Text2SQL-R1-7B,spider,,,
spider_979,Arctic-Text2SQL-R1-7B,spider,,,
spider_980,Arctic-Text2SQL-R1-7B,spider,,,
spider_981,Arctic-Text2SQL-R1-7B,spider,,,
spider_982,Arctic-Text2SQL-R1-7B,spider,,,
spider_983,Arctic-Text2SQL-R1-7B,spider,,,
spider_984,Arctic-Text2SQL-R1-7B,spider,,,
spider_985,Arctic-Text2SQL-R1-7B,spider,,,
spider_986,Arctic-Text2SQL-R1-7B,spider,,,
spider_987,Arctic-Text2SQL-R1-7B,spider,,,
spider_988,Arctic-Text2SQL-R1-7B,spider,,,
spider_989,Arctic-Text2SQL-R1-7B,spider,,,
spider_990,Arctic-Text2SQL-R1-7B,spider,,,
spider_991,Arctic-Text2SQL-R1-7B,spider,,,
spider_992,Arctic-Text2SQL-R1-7B,spider,,,
spider_993,Arctic-Text2SQL-R1-7B,spider,,,
spider_994,Arctic-Text2SQL-R1-7B,spider,,,
spider_995,Arctic-Text2SQL-R1-7B,spider,,,
spider_996,Arctic-Text2SQL-R1-7B,spider,,,
spider_997,Arctic-Text2SQL-R1-7B,spider,,,
spider_998,Arctic-Text2SQL-R1-7B,spider,,,
spider_999,Arctic-Text2SQL-R1-7B,spider,,,
spider_1000,Arctic-Text2SQL-R1-7B,spider,,,
spider_1001,Arctic-Text2SQL-R1-7B,spider,,,
spider_1002,Arctic-Text2SQL-R1-7B,spider,,,
spider_1003,Arctic-Text2SQL-R1-7B,spider,,,
spider_1004,Arctic-Text2SQL-R1-7B,spider,,,
spider_1005,Arctic-Text2SQL-R1-7B,spider,,,
spider_1006,Arctic-Text2SQL-R1-7B,spider,,,
spider_1007,Arctic-Text2SQL-R1-7B,spider,,,
spider_1008,Arctic-Text2SQL-R1-7B,spider,,,
spider_1009,Arctic-Text2SQL-R1-7B,spider,,,
spider_1010,Arctic-Text2SQL-R1-7B,spider,,,
spider_1011,Arctic-Text2SQL-R1-7B,spider,,,
spider_1012,Arctic-Text2SQL-R1-7B,spider,,,
spider_1013,Arctic-Text2SQL-R1-7B,spider,,,
spider_1014,Arctic-Text2SQL-R1-7B,spider,,,
spider_1015,Arctic-Text2SQL-R1-7B,spider,,,
spider_1016,Arctic-Text2SQL-R1-7B,spider,,,
spider_1017,Arctic-Text2SQL-R1-7B,spider,,,
spider_1018,Arctic-Text2SQL-R1-7B,spider,,,
spider_1019,Arctic-Text2SQL-R1-7B,spider,,,
spider_1020,Arctic-Text2SQL-R1-7B,spider,,,
spider_1021,Arctic-Text2SQL-R1-7B,spider,,,
spider_1022,Arctic-Text2SQL-R1-7B,spider,,,
spider_1023,Arctic-Text2SQL-R1-7B,spider,,,
spider_1024,Arctic-Text2SQL-R1-7B,spider,,,
spider_1025,Arctic-Text2SQL-R1-7B,spider,,,
spider_1026,Arctic-Text2SQL-R1-7B,spider,,,
spider_1027,Arctic-Text2SQL-R1-7B,spider,,,
spider_1028,Arctic-Text2SQL-R1-7B,spider,,,
spider_1029,Arctic-Text2SQL-R1-7B,spider,,,
spider_1030,Arctic-Text2SQL-R1-7B,spider,,,
spider_1031,Arctic-Text2SQL-R1-7B,spider,,,
spider_1032,Arctic-Text2SQL-R1-7B,spider,,,
spider_1033,Arctic-Text2SQL-R1-7B,spider,,,
bird_0,ChatGPT,bird,,,
bird_1,ChatGPT,bird,,,
bird_2,ChatGPT,bird,,,
bird_3,ChatGPT,bird,,,
bird_4,ChatGPT,bird,,,
bird_5,ChatGPT,bird,,,
bird_6,ChatGPT,bird,,,
bird_7,ChatGPT,bird,,,
bird_8,ChatGPT,bird,,,
bird_9,ChatGPT,bird,,,
bird_10,ChatGPT,bird,,,
bird_11,ChatGPT,bird,,,
bird_12,ChatGPT,bird,,,
bird_13,ChatGPT,bird,,,
bird_14,ChatGPT,bird,,,
bird_15,ChatGPT,bird,,,
bird_16,ChatGPT,bird,,,
bird_17,ChatGPT,bird,,,
bird_18,ChatGPT,bird,,,
bird_19,ChatGPT,bird,,,
bird_20,ChatGPT,bird,,,
bird_21,ChatGPT,bird,,,
bird_22,ChatGPT,bird,,,
bird_23,ChatGPT,bird,,,
bird_24,ChatGPT,bird,,,
bird_25,ChatGPT,bird,,,
bird_26,ChatGPT,bird,,,
bird_27,ChatGPT,bird,,,
bird_28,ChatGPT,bird,,,
bird_29,ChatGPT,bird,,,
bird_30,ChatGPT,bird,,,
bird_31,ChatGPT,bird,,,
bird_32,ChatGPT,bird,,,
bird_33,ChatGPT,bird,,,
bird_34,ChatGPT,bird,,,
bird_35,ChatGPT,bird,,,
bird_36,ChatGPT,bird,,,
bird_37,ChatGPT,bird,,,
bird_38,ChatGPT,bird,,,
bird_39,ChatGPT,bird,,,
bird_40,ChatGPT,bird,,,
bird_41,ChatGPT,bird,,,
bird_42,ChatGPT,bird,,,
bird_43,ChatGPT,bird,,,
bird_44,ChatGPT,bird,,,
bird_45,ChatGPT,bird,,,
bird_46,ChatGPT,bird,,,
bird_47,ChatGPT,bird,,,
bird_48,ChatGPT,bird,,,
bird_49,ChatGPT,bird,,,
bird_50,ChatGPT,bird,,,
bird_51,ChatGPT,bird,,,
bird_52,ChatGPT,bird,,,
bird_53,ChatGPT,bird,,,
bird_54,ChatGPT,bird,,,
bird_55,ChatGPT,bird,,,
bird_56,ChatGPT,bird,,,
bird_57,ChatGPT,bird,,,
bird_58,ChatGPT,bird,,,
bird_59,ChatGPT,bird,,,
bird_60,ChatGPT,bird,,,
bird_61,ChatGPT,bird,,,
bird_62,ChatGPT,bird,,,
bird_63,ChatGPT,bird,,,
bird_64,ChatGPT,bird,,,
bird_65,ChatGPT,bird,,,
bird_66,ChatGPT,bird,,,
bird_67,ChatGPT,bird,,,
bird_68,ChatGPT,bird,,,
bird_69,ChatGPT,bird,,,
bird_70,ChatGPT,bird,,,
bird_71,ChatGPT,bird,,,
bird_72,ChatGPT,bird,,,
bird_73,ChatGPT,bird,,,
bird_74,ChatGPT,bird,,,
bird_75,ChatGPT,bird,,,
bird_76,ChatGPT,bird,,,
bird_77,ChatGPT,bird,,,
bird_78,ChatGPT,bird,,,
bird_79,ChatGPT,bird,,,
bird_80,ChatGPT,bird,,,
bird_81,ChatGPT,bird,,,
bird_82,ChatGPT,bird,,,
bird_83,ChatGPT,bird,,,
bird_84,ChatGPT,bird,,,
bird_85,ChatGPT,bird,,,
bird_86,ChatGPT,bird,,,
bird_87,ChatGPT,bird,,,
bird_88,ChatGPT,bird,,,
bird_89,ChatGPT,bird,,,
bird_90,ChatGPT,bird,,,
bird_91,ChatGPT,bird,,,
bird_92,ChatGPT,bird,,,
bird_93,ChatGPT,bird,,,
bird_94,ChatGPT,bird,,,
bird_95,ChatGPT,bird,,,
bird_96,ChatGPT,bird,,,
bird_97,ChatGPT,bird,,,
bird_98,ChatGPT,bird,,,
bird_99,ChatGPT,bird,,,
bird_100,ChatGPT,bird,,,
bird_101,ChatGPT,bird,,,
bird_102,ChatGPT,bird,,,
bird_103,ChatGPT,bird,,,
bird_104,ChatGPT,bird,,,
bird_105,ChatGPT,bird,,,
bird_106,ChatGPT,bird,,,
bird_107,ChatGPT,bird,,,
bird_108,ChatGPT,bird,,,
bird_109,ChatGPT,bird,,,
bird_110,ChatGPT,bird,,,
bird_111,ChatGPT,bird,,,
bird_112,ChatGPT,bird,,,
bird_113,ChatGPT,bird,,,
bird_114,ChatGPT,bird,,,
bird_115,ChatGPT,bird,,,
bird_116,ChatGPT,bird,,,
bird_117,ChatGPT,bird,,,
bird_118,ChatGPT,bird,,,
bird_119,ChatGPT,bird,,,
bird_120,ChatGPT,bird,,,
bird_121,ChatGPT,bird,,,
bird_122,ChatGPT,bird,,,
bird_123,ChatGPT,bird,,,
bird_124,ChatGPT,bird,,,
bird_125,ChatGPT,bird,,,
bird_126,ChatGPT,bird,,,
bird_127,ChatGPT,bird,,,
bird_128,ChatGPT,bird,,,
bird_129,ChatGPT,bird,,,
bird_130,ChatGPT,bird,,,
bird_131,ChatGPT,bird,,,
bird_132,ChatGPT,bird,,,
bird_133,ChatGPT,bird,,,
bird_134,ChatGPT,bird,,,
bird_135,ChatGPT,bird,,,
bird_136,ChatGPT,bird,,,
bird_137,ChatGPT,bird,,,
bird_138,ChatGPT,bird,,,
bird_139,ChatGPT,bird,,,
bird_140,ChatGPT,bird,,,
bird_141,ChatGPT,bird,,,
bird_142,ChatGPT,bird,,,
bird_143,ChatGPT,bird,,,
bird_144,ChatGPT,bird,,,
bird_145,ChatGPT,bird,,,
bird_146,ChatGPT,bird,,,
bird_147,ChatGPT,bird,,,
bird_148,ChatGPT,bird,,,
bird_149,ChatGPT,bird,,,
bird_150,ChatGPT,bird,,,
bird_151,ChatGPT,bird,,,
bird_152,ChatGPT,bird,,,
bird_153,ChatGPT,bird,,,
bird_154,ChatGPT,bird,,,
bird_155,ChatGPT,bird,,,
bird_156,ChatGPT,bird,,,
bird_157,ChatGPT,bird,,,
bird_158,ChatGPT,bird,,,
bird_159,ChatGPT,bird,,,
bird_160,ChatGPT,bird,,,
bird_161,ChatGPT,bird,,,
bird_162,ChatGPT,bird,,,
bird_163,ChatGPT,bird,,,
bird_164,ChatGPT,bird,,,
bird_165,ChatGPT,bird,,,
bird_166,ChatGPT,bird,,,
bird_167,ChatGPT,bird,,,
bird_168,ChatGPT,bird,,,
bird_169,ChatGPT,bird,,,
bird_170,ChatGPT,bird,,,
bird_171,ChatGPT,bird,,,
bird_172,ChatGPT,bird,,,
bird_173,ChatGPT,bird,,,
bird_174,ChatGPT,bird,,,
bird_175,ChatGPT,bird,,,
bird_176,ChatGPT,bird,,,
bird_177,ChatGPT,bird,,,
bird_178,ChatGPT,bird,,,
bird_179,ChatGPT,bird,,,
bird_180,ChatGPT,bird,,,
bird_181,ChatGPT,bird,,,
bird_182,ChatGPT,bird,,,
bird_183,ChatGPT,bird,,,
bird_184,ChatGPT,bird,,,
bird_185,ChatGPT,bird,,,
bird_186,ChatGPT,bird,,,
bird_187,ChatGPT,bird,,,
bird_188,ChatGPT,bird,,,
bird_189,ChatGPT,bird,,,
bird_190,ChatGPT,bird,,,
bird_191,ChatGPT,bird,,,
bird_192,ChatGPT,bird,,,
bird_193,ChatGPT,bird,,,
bird_194,ChatGPT,bird,,,
bird_195,ChatGPT,bird,,,
bird_196,ChatGPT,bird,,,
bird_197,ChatGPT,bird,,,
bird_198,ChatGPT,bird,,,
bird_199,ChatGPT,bird,,,
bird_200,ChatGPT,bird,,,
bird_201,ChatGPT,bird,,,
bird_202,ChatGPT,bird,,,
bird_203,ChatGPT,bird,,,
bird_204,ChatGPT,bird,,,
bird_205,ChatGPT,bird,,,
bird_206,ChatGPT,bird,,,
bird_207,ChatGPT,bird,,,
bird_208,ChatGPT,bird,,,
bird_209,ChatGPT,bird,,,
bird_210,ChatGPT,bird,,,
bird_211,ChatGPT,bird,,,
bird_212,ChatGPT,bird,,,
bird_213,ChatGPT,bird,,,
bird_214,ChatGPT,bird,,,
bird_215,ChatGPT,bird,,,
bird_216,ChatGPT,bird,,,
bird_217,ChatGPT,bird,,,
bird_218,ChatGPT,bird,,,
bird_219,ChatGPT,bird,,,
bird_220,ChatGPT,bird,,,
bird_221,ChatGPT,bird,,,
bird_222,ChatGPT,bird,,,
bird_223,ChatGPT,bird,,,
bird_224,ChatGPT,bird,,,
bird_225,ChatGPT,bird,,,
bird_226,ChatGPT,bird,,,
bird_227,ChatGPT,bird,,,
bird_228,ChatGPT,bird,,,
bird_229,ChatGPT,bird,,,
bird_230,ChatGPT,bird,,,
bird_231,ChatGPT,bird,,,
bird_232,ChatGPT,bird,,,
bird_233,ChatGPT,bird,,,
bird_234,ChatGPT,bird,,,
bird_235,ChatGPT,bird,,,
bird_236,ChatGPT,bird,,,
bird_237,ChatGPT,bird,,,
bird_238,ChatGPT,bird,,,
bird_239,ChatGPT,bird,,,
bird_240,ChatGPT,bird,,,
bird_241,ChatGPT,bird,,,
bird_242,ChatGPT,bird,,,
bird_243,ChatGPT,bird,,,
bird_244,ChatGPT,bird,,,
bird_245,ChatGPT,bird,,,
bird_246,ChatGPT,bird,,,
bird_247,ChatGPT,bird,,,
bird_248,ChatGPT,bird,,,
bird_249,ChatGPT,bird,,,
bird_250,ChatGPT,bird,,,
bird_251,ChatGPT,bird,,,
bird_252,ChatGPT,bird,,,
bird_253,ChatGPT,bird,,,
bird_254,ChatGPT,bird,,,
bird_255,ChatGPT,bird,,,
bird_256,ChatGPT,bird,,,
bird_257,ChatGPT,bird,,,
bird_258,ChatGPT,bird,,,
bird_259,ChatGPT,bird,,,
bird_260,ChatGPT,bird,,,
bird_261,ChatGPT,bird,,,
bird_262,ChatGPT,bird,,,
bird_263,ChatGPT,bird,,,
bird_264,ChatGPT,bird,,,
bird_265,ChatGPT,bird,,,
bird_266,ChatGPT,bird,,,
bird_267,ChatGPT,bird,,,
bird_268,ChatGPT,bird,,,
bird_269,ChatGPT,bird,,,
bird_270,ChatGPT,bird,,,
bird_271,ChatGPT,bird,,,
bird_272,ChatGPT,bird,,,
bird_273,ChatGPT,bird,,,
bird_274,ChatGPT,bird,,,
bird_275,ChatGPT,bird,,,
bird_276,ChatGPT,bird,,,
bird_277,ChatGPT,bird,,,
bird_278,ChatGPT,bird,,,
bird_279,ChatGPT,bird,,,
bird_280,ChatGPT,bird,,,
bird_281,ChatGPT,bird,,,
bird_282,ChatGPT,bird,,,
bird_283,ChatGPT,bird,,,
bird_284,ChatGPT,bird,,,
bird_285,ChatGPT,bird,,,
bird_286,ChatGPT,bird,,,
bird_287,ChatGPT,bird,,,
bird_288,ChatGPT,bird,,,
bird_289,ChatGPT,bird,,,
bird_290,ChatGPT,bird,,,
bird_291,ChatGPT,bird,,,
bird_292,ChatGPT,bird,,,
bird_293,ChatGPT,bird,,,
bird_294,ChatGPT,bird,,,
bird_295,ChatGPT,bird,,,
bird_296,ChatGPT,bird,,,
bird_297,ChatGPT,bird,,,
bird_298,ChatGPT,bird,,,
bird_299,ChatGPT,bird,,,
bird_300,ChatGPT,bird,,,
bird_301,ChatGPT,bird,,,
bird_302,ChatGPT,bird,,,
bird_303,ChatGPT,bird,,,
bird_304,ChatGPT,bird,,,
bird_305,ChatGPT,bird,,,
bird_306,ChatGPT,bird,,,
bird_307,ChatGPT,bird,,,
bird_308,ChatGPT,bird,,,
bird_309,ChatGPT,bird,,,
bird_310,ChatGPT,bird,,,
bird_311,ChatGPT,bird,,,
bird_312,ChatGPT,bird,,,
bird_313,ChatGPT,bird,,,
bird_314,ChatGPT,bird,,,
bird_315,ChatGPT,bird,,,
bird_316,ChatGPT,bird,,,
bird_317,ChatGPT,bird,,,
bird_318,ChatGPT,bird,,,
bird_319,ChatGPT,bird,,,
bird_320,ChatGPT,bird,,,
bird_321,ChatGPT,bird,,,
bird_322,ChatGPT,bird,,,
bird_323,ChatGPT,bird,,,
bird_324,ChatGPT,bird,,,
bird_325,ChatGPT,bird,,,
bird_326,ChatGPT,bird,,,
bird_327,ChatGPT,bird,,,
bird_328,ChatGPT,bird,,,
bird_329,ChatGPT,bird,,,
bird_330,ChatGPT,bird,,,
bird_331,ChatGPT,bird,,,
bird_332,ChatGPT,bird,,,
bird_333,ChatGPT,bird,,,
bird_334,ChatGPT,bird,,,
bird_335,ChatGPT,bird,,,
bird_336,ChatGPT,bird,,,
bird_337,ChatGPT,bird,,,
bird_338,ChatGPT,bird,,,
bird_339,ChatGPT,bird,,,
bird_340,ChatGPT,bird,,,
bird_341,ChatGPT,bird,,,
bird_342,ChatGPT,bird,,,
bird_343,ChatGPT,bird,,,
bird_344,ChatGPT,bird,,,
bird_345,ChatGPT,bird,,,
bird_346,ChatGPT,bird,,,
bird_347,ChatGPT,bird,,,
bird_348,ChatGPT,bird,,,
bird_349,ChatGPT,bird,,,
bird_350,ChatGPT,bird,,,
bird_351,ChatGPT,bird,,,
bird_352,ChatGPT,bird,,,
bird_353,ChatGPT,bird,,,
bird_354,ChatGPT,bird,,,
bird_355,ChatGPT,bird,,,
bird_356,ChatGPT,bird,,,
bird_357,ChatGPT,bird,,,
bird_358,ChatGPT,bird,,,
bird_359,ChatGPT,bird,,,
bird_360,ChatGPT,bird,,,
bird_361,ChatGPT,bird,,,
bird_362,ChatGPT,bird,,,
bird_363,ChatGPT,bird,,,
bird_364,ChatGPT,bird,,,
bird_365,ChatGPT,bird,,,
bird_366,ChatGPT,bird,,,
bird_367,ChatGPT,bird,,,
bird_368,ChatGPT,bird,,,
bird_369,ChatGPT,bird,,,
bird_370,ChatGPT,bird,,,
bird_371,ChatGPT,bird,,,
bird_372,ChatGPT,bird,,,
bird_373,ChatGPT,bird,,,
bird_374,ChatGPT,bird,,,
bird_375,ChatGPT,bird,,,
bird_376,ChatGPT,bird,,,
bird_377,ChatGPT,bird,,,
bird_378,ChatGPT,bird,,,
bird_379,ChatGPT,bird,,,
bird_380,ChatGPT,bird,,,
bird_381,ChatGPT,bird,,,
bird_382,ChatGPT,bird,,,
bird_383,ChatGPT,bird,,,
bird_384,ChatGPT,bird,,,
bird_385,ChatGPT,bird,,,
bird_386,ChatGPT,bird,,,
bird_387,ChatGPT,bird,,,
bird_388,ChatGPT,bird,,,
bird_389,ChatGPT,bird,,,
bird_390,ChatGPT,bird,,,
bird_391,ChatGPT,bird,,,
bird_392,ChatGPT,bird,,,
bird_393,ChatGPT,bird,,,
bird_394,ChatGPT,bird,,,
bird_395,ChatGPT,bird,,,
bird_396,ChatGPT,bird,,,
bird_397,ChatGPT,bird,,,
bird_398,ChatGPT,bird,,,
bird_399,ChatGPT,bird,,,
bird_400,ChatGPT,bird,,,
bird_401,ChatGPT,bird,,,
bird_402,ChatGPT,bird,,,
bird_403,ChatGPT,bird,,,
bird_404,ChatGPT,bird,,,
bird_405,ChatGPT,bird,,,
bird_406,ChatGPT,bird,,,
bird_407,ChatGPT,bird,,,
bird_408,ChatGPT,bird,,,
bird_409,ChatGPT,bird,,,
bird_410,ChatGPT,bird,,,
bird_411,ChatGPT,bird,,,
bird_412,ChatGPT,bird,,,
bird_413,ChatGPT,bird,,,
bird_414,ChatGPT,bird,,,
bird_415,ChatGPT,bird,,,
bird_416,ChatGPT,bird,,,
bird_417,ChatGPT,bird,,,
bird_418,ChatGPT,bird,,,
bird_419,ChatGPT,bird,,,
bird_420,ChatGPT,bird,,,
bird_421,ChatGPT,bird,,,
bird_422,ChatGPT,bird,,,
bird_423,ChatGPT,bird,,,
bird_424,ChatGPT,bird,,,
bird_425,ChatGPT,bird,,,
bird_426,ChatGPT,bird,,,
bird_427,ChatGPT,bird,,,
bird_428,ChatGPT,bird,,,
bird_429,ChatGPT,bird,,,
bird_430,ChatGPT,bird,,,
bird_431,ChatGPT,bird,,,
bird_432,ChatGPT,bird,,,
bird_433,ChatGPT,bird,,,
bird_434,ChatGPT,bird,,,
bird_435,ChatGPT,bird,,,
bird_436,ChatGPT,bird,,,
bird_437,ChatGPT,bird,,,
bird_438,ChatGPT,bird,,,
bird_439,ChatGPT,bird,,,
bird_440,ChatGPT,bird,,,
bird_441,ChatGPT,bird,,,
bird_442,ChatGPT,bird,,,
bird_443,ChatGPT,bird,,,
bird_444,ChatGPT,bird,,,
bird_445,ChatGPT,bird,,,
bird_446,ChatGPT,bird,,,
bird_447,ChatGPT,bird,,,
bird_448,ChatGPT,bird,,,
bird_449,ChatGPT,bird,,,
bird_450,ChatGPT,bird,,,
bird_451,ChatGPT,bird,,,
bird_452,ChatGPT,bird,,,
bird_453,ChatGPT,bird,,,
bird_454,ChatGPT,bird,,,
bird_455,ChatGPT,bird,,,
bird_456,ChatGPT,bird,,,
bird_457,ChatGPT,bird,,,
bird_458,ChatGPT,bird,,,
bird_459,ChatGPT,bird,,,
bird_460,ChatGPT,bird,,,
bird_461,ChatGPT,bird,,,
bird_462,ChatGPT,bird,,,
bird_463,ChatGPT,bird,,,
bird_464,ChatGPT,bird,,,
bird_465,ChatGPT,bird,,,
bird_466,ChatGPT,bird,,,
bird_467,ChatGPT,bird,,,
bird_468,ChatGPT,bird,,,
bird_469,ChatGPT,bird,,,
bird_470,ChatGPT,bird,,,
bird_471,ChatGPT,bird,,,
bird_472,ChatGPT,bird,,,
bird_473,ChatGPT,bird,,,
bird_474,ChatGPT,bird,,,
bird_475,ChatGPT,bird,,,
bird_476,ChatGPT,bird,,,
bird_477,ChatGPT,bird,,,
bird_478,ChatGPT,bird,,,
bird_479,ChatGPT,bird,,,
bird_480,ChatGPT,bird,,,
bird_481,ChatGPT,bird,,,
bird_482,ChatGPT,bird,,,
bird_483,ChatGPT,bird,,,
bird_484,ChatGPT,bird,,,
bird_485,ChatGPT,bird,,,
bird_486,ChatGPT,bird,,,
bird_487,ChatGPT,bird,,,
bird_488,ChatGPT,bird,,,
bird_489,ChatGPT,bird,,,
bird_490,ChatGPT,bird,,,
bird_491,ChatGPT,bird,,,
bird_492,ChatGPT,bird,,,
bird_493,ChatGPT,bird,,,
bird_494,ChatGPT,bird,,,
bird_495,ChatGPT,bird,,,
bird_496,ChatGPT,bird,,,
bird_497,ChatGPT,bird,,,
bird_498,ChatGPT,bird,,,
bird_499,ChatGPT,bird,,,
bird_500,ChatGPT,bird,,,
bird_501,ChatGPT,bird,,,
bird_502,ChatGPT,bird,,,
bird_503,ChatGPT,bird,,,
bird_504,ChatGPT,bird,,,
bird_505,ChatGPT,bird,,,
bird_506,ChatGPT,bird,,,
bird_507,ChatGPT,bird,,,
bird_508,ChatGPT,bird,,,
bird_509,ChatGPT,bird,,,
bird_510,ChatGPT,bird,,,
bird_511,ChatGPT,bird,,,
bird_512,ChatGPT,bird,,,
bird_513,ChatGPT,bird,,,
bird_514,ChatGPT,bird,,,
bird_515,ChatGPT,bird,,,
bird_516,ChatGPT,bird,,,
bird_517,ChatGPT,bird,,,
bird_518,ChatGPT,bird,,,
bird_519,ChatGPT,bird,,,
bird_520,ChatGPT,bird,,,
bird_521,ChatGPT,bird,,,
bird_522,ChatGPT,bird,,,
bird_523,ChatGPT,bird,,,
bird_524,ChatGPT,bird,,,
bird_525,ChatGPT,bird,,,
bird_526,ChatGPT,bird,,,
bird_527,ChatGPT,bird,,,
bird_528,ChatGPT,bird,,,
bird_529,ChatGPT,bird,,,
bird_530,ChatGPT,bird,,,
bird_531,ChatGPT,bird,,,
bird_532,ChatGPT,bird,,,
bird_533,ChatGPT,bird,,,
bird_534,ChatGPT,bird,,,
bird_535,ChatGPT,bird,,,
bird_536,ChatGPT,bird,,,
bird_537,ChatGPT,bird,,,
bird_538,ChatGPT,bird,,,
bird_539,ChatGPT,bird,,,
bird_540,ChatGPT,bird,,,
bird_541,ChatGPT,bird,,,
bird_542,ChatGPT,bird,,,
bird_543,ChatGPT,bird,,,
bird_544,ChatGPT,bird,,,
bird_545,ChatGPT,bird,,,
bird_546,ChatGPT,bird,,,
bird_547,ChatGPT,bird,,,
bird_548,ChatGPT,bird,,,
bird_549,ChatGPT,bird,,,
bird_550,ChatGPT,bird,,,
bird_551,ChatGPT,bird,,,
bird_552,ChatGPT,bird,,,
bird_553,ChatGPT,bird,,,
bird_554,ChatGPT,bird,,,
bird_555,ChatGPT,bird,,,
bird_556,ChatGPT,bird,,,
bird_557,ChatGPT,bird,,,
bird_558,ChatGPT,bird,,,
bird_559,ChatGPT,bird,,,
bird_560,ChatGPT,bird,,,
bird_561,ChatGPT,bird,,,
bird_562,ChatGPT,bird,,,
bird_563,ChatGPT,bird,,,
bird_564,ChatGPT,bird,,,
bird_565,ChatGPT,bird,,,
bird_566,ChatGPT,bird,,,
bird_567,ChatGPT,bird,,,
bird_568,ChatGPT,bird,,,
bird_569,ChatGPT,bird,,,
bird_570,ChatGPT,bird,,,
bird_571,ChatGPT,bird,,,
bird_572,ChatGPT,bird,,,
bird_573,ChatGPT,bird,,,
bird_574,ChatGPT,bird,,,
bird_575,ChatGPT,bird,,,
bird_576,ChatGPT,bird,,,
bird_577,ChatGPT,bird,,,
bird_578,ChatGPT,bird,,,
bird_579,ChatGPT,bird,,,
bird_580,ChatGPT,bird,,,
bird_581,ChatGPT,bird,,,
bird_582,ChatGPT,bird,,,
bird_583,ChatGPT,bird,,,
bird_584,ChatGPT,bird,,,
bird_585,ChatGPT,bird,,,
bird_586,ChatGPT,bird,,,
bird_587,ChatGPT,bird,,,
bird_588,ChatGPT,bird,,,
bird_589,ChatGPT,bird,,,
bird_590,ChatGPT,bird,,,
bird_591,ChatGPT,bird,,,
bird_592,ChatGPT,bird,,,
bird_593,ChatGPT,bird,,,
bird_594,ChatGPT,bird,,,
bird_595,ChatGPT,bird,,,
bird_596,ChatGPT,bird,,,
bird_597,ChatGPT,bird,,,
bird_598,ChatGPT,bird,,,
bird_599,ChatGPT,bird,,,
bird_600,ChatGPT,bird,,,
bird_601,ChatGPT,bird,,,
bird_602,ChatGPT,bird,,,
bird_603,ChatGPT,bird,,,
bird_604,ChatGPT,bird,,,
bird_605,ChatGPT,bird,,,
bird_606,ChatGPT,bird,,,
bird_607,ChatGPT,bird,,,
bird_608,ChatGPT,bird,,,
bird_609,ChatGPT,bird,,,
bird_610,ChatGPT,bird,,,
bird_611,ChatGPT,bird,,,
bird_612,ChatGPT,bird,,,
bird_613,ChatGPT,bird,,,
bird_614,ChatGPT,bird,,,
bird_615,ChatGPT,bird,,,
bird_616,ChatGPT,bird,,,
bird_617,ChatGPT,bird,,,
bird_618,ChatGPT,bird,,,
bird_619,ChatGPT,bird,,,
bird_620,ChatGPT,bird,,,
bird_621,ChatGPT,bird,,,
bird_622,ChatGPT,bird,,,
bird_623,ChatGPT,bird,,,
bird_624,ChatGPT,bird,,,
bird_625,ChatGPT,bird,,,
bird_626,ChatGPT,bird,,,
bird_627,ChatGPT,bird,,,
bird_628,ChatGPT,bird,,,
bird_629,ChatGPT,bird,,,
bird_630,ChatGPT,bird,,,
bird_631,ChatGPT,bird,,,
bird_632,ChatGPT,bird,,,
bird_633,ChatGPT,bird,,,
bird_634,ChatGPT,bird,,,
bird_635,ChatGPT,bird,,,
bird_636,ChatGPT,bird,,,
bird_637,ChatGPT,bird,,,
bird_638,ChatGPT,bird,,,
bird_639,ChatGPT,bird,,,
bird_640,ChatGPT,bird,,,
bird_641,ChatGPT,bird,,,
bird_642,ChatGPT,bird,,,
bird_643,ChatGPT,bird,,,
bird_644,ChatGPT,bird,,,
bird_645,ChatGPT,bird,,,
bird_646,ChatGPT,bird,,,
bird_647,ChatGPT,bird,,,
bird_648,ChatGPT,bird,,,
bird_649,ChatGPT,bird,,,
bird_650,ChatGPT,bird,,,
bird_651,ChatGPT,bird,,,
bird_652,ChatGPT,bird,,,
bird_653,ChatGPT,bird,,,
bird_654,ChatGPT,bird,,,
bird_655,ChatGPT,bird,,,
bird_656,ChatGPT,bird,,,
bird_657,ChatGPT,bird,,,
bird_658,ChatGPT,bird,,,
bird_659,ChatGPT,bird,,,
bird_660,ChatGPT,bird,,,
bird_661,ChatGPT,bird,,,
bird_662,ChatGPT,bird,,,
bird_663,ChatGPT,bird,,,
bird_664,ChatGPT,bird,,,
bird_665,ChatGPT,bird,,,
bird_666,ChatGPT,bird,,,
bird_667,ChatGPT,bird,,,
bird_668,ChatGPT,bird,,,
bird_669,ChatGPT,bird,,,
bird_670,ChatGPT,bird,,,
bird_671,ChatGPT,bird,,,
bird_672,ChatGPT,bird,,,
bird_673,ChatGPT,bird,,,
bird_674,ChatGPT,bird,,,
bird_675,ChatGPT,bird,,,
bird_676,ChatGPT,bird,,,
bird_677,ChatGPT,bird,,,
bird_678,ChatGPT,bird,,,
bird_679,ChatGPT,bird,,,
bird_680,ChatGPT,bird,,,
bird_681,ChatGPT,bird,,,
bird_682,ChatGPT,bird,,,
bird_683,ChatGPT,bird,,,
bird_684,ChatGPT,bird,,,
bird_685,ChatGPT,bird,,,
bird_686,ChatGPT,bird,,,
bird_687,ChatGPT,bird,,,
bird_688,ChatGPT,bird,,,
bird_689,ChatGPT,bird,,,
bird_690,ChatGPT,bird,,,
bird_691,ChatGPT,bird,,,
bird_692,ChatGPT,bird,,,
bird_693,ChatGPT,bird,,,
bird_694,ChatGPT,bird,,,
bird_695,ChatGPT,bird,,,
bird_696,ChatGPT,bird,,,
bird_697,ChatGPT,bird,,,
bird_698,ChatGPT,bird,,,
bird_699,ChatGPT,bird,,,
bird_700,ChatGPT,bird,,,
bird_701,ChatGPT,bird,,,
bird_702,ChatGPT,bird,,,
bird_703,ChatGPT,bird,,,
bird_704,ChatGPT,bird,,,
bird_705,ChatGPT,bird,,,
bird_706,ChatGPT,bird,,,
bird_707,ChatGPT,bird,,,
bird_708,ChatGPT,bird,,,
bird_709,ChatGPT,bird,,,
bird_710,ChatGPT,bird,,,
bird_711,ChatGPT,bird,,,
bird_712,ChatGPT,bird,,,
bird_713,ChatGPT,bird,,,
bird_714,ChatGPT,bird,,,
bird_715,ChatGPT,bird,,,
bird_716,ChatGPT,bird,,,
bird_717,ChatGPT,bird,,,
bird_718,ChatGPT,bird,,,
bird_719,ChatGPT,bird,,,
bird_720,ChatGPT,bird,,,
bird_721,ChatGPT,bird,,,
bird_722,ChatGPT,bird,,,
bird_723,ChatGPT,bird,,,
bird_724,ChatGPT,bird,,,
bird_725,ChatGPT,bird,,,
bird_726,ChatGPT,bird,,,
bird_727,ChatGPT,bird,,,
bird_728,ChatGPT,bird,,,
bird_729,ChatGPT,bird,,,
bird_730,ChatGPT,bird,,,
bird_731,ChatGPT,bird,,,
bird_732,ChatGPT,bird,,,
bird_733,ChatGPT,bird,,,
bird_734,ChatGPT,bird,,,
bird_735,ChatGPT,bird,,,
bird_736,ChatGPT,bird,,,
bird_737,ChatGPT,bird,,,
bird_738,ChatGPT,bird,,,
bird_739,ChatGPT,bird,,,
bird_740,ChatGPT,bird,,,
bird_741,ChatGPT,bird,,,
bird_742,ChatGPT,bird,,,
bird_743,ChatGPT,bird,,,
bird_744,ChatGPT,bird,,,
bird_745,ChatGPT,bird,,,
bird_746,ChatGPT,bird,,,
bird_747,ChatGPT,bird,,,
bird_748,ChatGPT,bird,,,
bird_749,ChatGPT,bird,,,
bird_750,ChatGPT,bird,,,
bird_751,ChatGPT,bird,,,
bird_752,ChatGPT,bird,,,
bird_753,ChatGPT,bird,,,
bird_754,ChatGPT,bird,,,
bird_755,ChatGPT,bird,,,
bird_756,ChatGPT,bird,,,
bird_757,ChatGPT,bird,,,
bird_758,ChatGPT,bird,,,
bird_759,ChatGPT,bird,,,
bird_760,ChatGPT,bird,,,
bird_761,ChatGPT,bird,,,
bird_762,ChatGPT,bird,,,
bird_763,ChatGPT,bird,,,
bird_764,ChatGPT,bird,,,
bird_765,ChatGPT,bird,,,
bird_766,ChatGPT,bird,,,
bird_767,ChatGPT,bird,,,
bird_768,ChatGPT,bird,,,
bird_769,ChatGPT,bird,,,
bird_770,ChatGPT,bird,,,
bird_771,ChatGPT,bird,,,
bird_772,ChatGPT,bird,,,
bird_773,ChatGPT,bird,,,
bird_774,ChatGPT,bird,,,
bird_775,ChatGPT,bird,,,
bird_776,ChatGPT,bird,,,
bird_777,ChatGPT,bird,,,
bird_778,ChatGPT,bird,,,
bird_779,ChatGPT,bird,,,
bird_780,ChatGPT,bird,,,
bird_781,ChatGPT,bird,,,
bird_782,ChatGPT,bird,,,
bird_783,ChatGPT,bird,,,
bird_784,ChatGPT,bird,,,
bird_785,ChatGPT,bird,,,
bird_786,ChatGPT,bird,,,
bird_787,ChatGPT,bird,,,
bird_788,ChatGPT,bird,,,
bird_789,ChatGPT,bird,,,
bird_790,ChatGPT,bird,,,
bird_791,ChatGPT,bird,,,
bird_792,ChatGPT,bird,,,
bird_793,ChatGPT,bird,,,
bird_794,ChatGPT,bird,,,
bird_795,ChatGPT,bird,,,
bird_796,ChatGPT,bird,,,
bird_797,ChatGPT,bird,,,
bird_798,ChatGPT,bird,,,
bird_799,ChatGPT,bird,,,
bird_800,ChatGPT,bird,,,
bird_801,ChatGPT,bird,,,
bird_802,ChatGPT,bird,,,
bird_803,ChatGPT,bird,,,
bird_804,ChatGPT,bird,,,
bird_805,ChatGPT,bird,,,
bird_806,ChatGPT,bird,,,
bird_807,ChatGPT,bird,,,
bird_808,ChatGPT,bird,,,
bird_809,ChatGPT,bird,,,
bird_810,ChatGPT,bird,,,
bird_811,ChatGPT,bird,,,
bird_812,ChatGPT,bird,,,
bird_813,ChatGPT,bird,,,
bird_814,ChatGPT,bird,,,
bird_815,ChatGPT,bird,,,
bird_816,ChatGPT,bird,,,
bird_817,ChatGPT,bird,,,
bird_818,ChatGPT,bird,,,
bird_819,ChatGPT,bird,,,
bird_820,ChatGPT,bird,,,
bird_821,ChatGPT,bird,,,
bird_822,ChatGPT,bird,,,
bird_823,ChatGPT,bird,,,
bird_824,ChatGPT,bird,,,
bird_825,ChatGPT,bird,,,
bird_826,ChatGPT,bird,,,
bird_827,ChatGPT,bird,,,
bird_828,ChatGPT,bird,,,
bird_829,ChatGPT,bird,,,
bird_830,ChatGPT,bird,,,
bird_831,ChatGPT,bird,,,
bird_832,ChatGPT,bird,,,
bird_833,ChatGPT,bird,,,
bird_834,ChatGPT,bird,,,
bird_835,ChatGPT,bird,,,
bird_836,ChatGPT,bird,,,
bird_837,ChatGPT,bird,,,
bird_838,ChatGPT,bird,,,
bird_839,ChatGPT,bird,,,
bird_840,ChatGPT,bird,,,
bird_841,ChatGPT,bird,,,
bird_842,ChatGPT,bird,,,
bird_843,ChatGPT,bird,,,
bird_844,ChatGPT,bird,,,
bird_845,ChatGPT,bird,,,
bird_846,ChatGPT,bird,,,
bird_847,ChatGPT,bird,,,
bird_848,ChatGPT,bird,,,
bird_849,ChatGPT,bird,,,
bird_850,ChatGPT,bird,,,
bird_851,ChatGPT,bird,,,
bird_852,ChatGPT,bird,,,
bird_853,ChatGPT,bird,,,
bird_854,ChatGPT,bird,,,
bird_855,ChatGPT,bird,,,
bird_856,ChatGPT,bird,,,
bird_857,ChatGPT,bird,,,
bird_858,ChatGPT,bird,,,
bird_859,ChatGPT,bird,,,
bird_860,ChatGPT,bird,,,
bird_861,ChatGPT,bird,,,
bird_862,ChatGPT,bird,,,
bird_863,ChatGPT,bird,,,
bird_864,ChatGPT,bird,,,
bird_865,ChatGPT,bird,,,
bird_866,ChatGPT,bird,,,
bird_867,ChatGPT,bird,,,
bird_868,ChatGPT,bird,,,
bird_869,ChatGPT,bird,,,
bird_870,ChatGPT,bird,,,
bird_871,ChatGPT,bird,,,
bird_872,ChatGPT,bird,,,
bird_873,ChatGPT,bird,,,
bird_874,ChatGPT,bird,,,
bird_875,ChatGPT,bird,,,
bird_876,ChatGPT,bird,,,
bird_877,ChatGPT,bird,,,
bird_878,ChatGPT,bird,,,
bird_879,ChatGPT,bird,,,
bird_880,ChatGPT,bird,,,
bird_881,ChatGPT,bird,,,
bird_882,ChatGPT,bird,,,
bird_883,ChatGPT,bird,,,
bird_884,ChatGPT,bird,,,
bird_885,ChatGPT,bird,,,
bird_886,ChatGPT,bird,,,
bird_887,ChatGPT,bird,,,
bird_888,ChatGPT,bird,,,
bird_889,ChatGPT,bird,,,
bird_890,ChatGPT,bird,,,
bird_891,ChatGPT,bird,,,
bird_892,ChatGPT,bird,,,
bird_893,ChatGPT,bird,,,
bird_894,ChatGPT,bird,,,
bird_895,ChatGPT,bird,,,
bird_896,ChatGPT,bird,,,
bird_897,ChatGPT,bird,,,
bird_898,ChatGPT,bird,,,
bird_899,ChatGPT,bird,,,
bird_900,ChatGPT,bird,,,
bird_901,ChatGPT,bird,,,
bird_902,ChatGPT,bird,,,
bird_903,ChatGPT,bird,,,
bird_904,ChatGPT,bird,,,
bird_905,ChatGPT,bird,,,
bird_906,ChatGPT,bird,,,
bird_907,ChatGPT,bird,,,
bird_908,ChatGPT,bird,,,
bird_909,ChatGPT,bird,,,
bird_910,ChatGPT,bird,,,
bird_911,ChatGPT,bird,,,
bird_912,ChatGPT,bird,,,
bird_913,ChatGPT,bird,,,
bird_914,ChatGPT,bird,,,
bird_915,ChatGPT,bird,,,
bird_916,ChatGPT,bird,,,
bird_917,ChatGPT,bird,,,
bird_918,ChatGPT,bird,,,
bird_919,ChatGPT,bird,,,
bird_920,ChatGPT,bird,,,
bird_921,ChatGPT,bird,,,
bird_922,ChatGPT,bird,,,
bird_923,ChatGPT,bird,,,
bird_924,ChatGPT,bird,,,
bird_925,ChatGPT,bird,,,
bird_926,ChatGPT,bird,,,
bird_927,ChatGPT,bird,,,
bird_928,ChatGPT,bird,,,
bird_929,ChatGPT,bird,,,
bird_930,ChatGPT,bird,,,
bird_931,ChatGPT,bird,,,
bird_932,ChatGPT,bird,,,
bird_933,ChatGPT,bird,,,
bird_934,ChatGPT,bird,,,
bird_935,ChatGPT,bird,,,
bird_936,ChatGPT,bird,,,
bird_937,ChatGPT,bird,,,
bird_938,ChatGPT,bird,,,
bird_939,ChatGPT,bird,,,
bird_940,ChatGPT,bird,,,
bird_941,ChatGPT,bird,,,
bird_942,ChatGPT,bird,,,
bird_943,ChatGPT,bird,,,
bird_944,ChatGPT,bird,,,
bird_945,ChatGPT,bird,,,
bird_946,ChatGPT,bird,,,
bird_947,ChatGPT,bird,,,
bird_948,ChatGPT,bird,,,
bird_949,ChatGPT,bird,,,
bird_950,ChatGPT,bird,,,
bird_951,ChatGPT,bird,,,
bird_952,ChatGPT,bird,,,
bird_953,ChatGPT,bird,,,
bird_954,ChatGPT,bird,,,
bird_955,ChatGPT,bird,,,
bird_956,ChatGPT,bird,,,
bird_957,ChatGPT,bird,,,
bird_958,ChatGPT,bird,,,
bird_959,ChatGPT,bird,,,
bird_960,ChatGPT,bird,,,
bird_961,ChatGPT,bird,,,
bird_962,ChatGPT,bird,,,
bird_963,ChatGPT,bird,,,
bird_964,ChatGPT,bird,,,
bird_965,ChatGPT,bird,,,
bird_966,ChatGPT,bird,,,
bird_967,ChatGPT,bird,,,
bird_968,ChatGPT,bird,,,
bird_969,ChatGPT,bird,,,
bird_970,ChatGPT,bird,,,
bird_971,ChatGPT,bird,,,
bird_972,ChatGPT,bird,,,
bird_973,ChatGPT,bird,,,
bird_974,ChatGPT,bird,,,
bird_975,ChatGPT,bird,,,
bird_976,ChatGPT,bird,,,
bird_977,ChatGPT,bird,,,
bird_978,ChatGPT,bird,,,
bird_979,ChatGPT,bird,,,
bird_980,ChatGPT,bird,,,
bird_981,ChatGPT,bird,,,
bird_982,ChatGPT,bird,,,
bird_983,ChatGPT,bird,,,
bird_984,ChatGPT,bird,,,
bird_985,ChatGPT,bird,,,
bird_986,ChatGPT,bird,,,
bird_987,ChatGPT,bird,,,
bird_988,ChatGPT,bird,,,
bird_989,ChatGPT,bird,,,
bird_990,ChatGPT,bird,,,
bird_991,ChatGPT,bird,,,
bird_992,ChatGPT,bird,,,
bird_993,ChatGPT,bird,,,
bird_994,ChatGPT,bird,,,
bird_995,ChatGPT,bird,,,
bird_996,ChatGPT,bird,,,
bird_997,ChatGPT,bird,,,
bird_998,ChatGPT,bird,,,
bird_999,ChatGPT,bird,,,
bird_1000,ChatGPT,bird,,,
bird_1001,ChatGPT,bird,,,
bird_1002,ChatGPT,bird,,,
bird_1003,ChatGPT,bird,,,
bird_1004,ChatGPT,bird,,,
bird_1005,ChatGPT,bird,,,
bird_1006,ChatGPT,bird,,,
bird_1007,ChatGPT,bird,,,
bird_1008,ChatGPT,bird,,,
bird_1009,ChatGPT,bird,,,
bird_1010,ChatGPT,bird,,,
bird_1011,ChatGPT,bird,,,
bird_1012,ChatGPT,bird,,,
bird_1013,ChatGPT,bird,,,
bird_1014,ChatGPT,bird,,,
bird_1015,ChatGPT,bird,,,
bird_1016,ChatGPT,bird,,,
bird_1017,ChatGPT,bird,,,
bird_1018,ChatGPT,bird,,,
bird_1019,ChatGPT,bird,,,
bird_1020,ChatGPT,bird,,,
bird_1021,ChatGPT,bird,,,
bird_1022,ChatGPT,bird,,,
bird_1023,ChatGPT,bird,,,
bird_1024,ChatGPT,bird,,,
bird_1025,ChatGPT,bird,,,
bird_1026,ChatGPT,bird,,,
bird_1027,ChatGPT,bird,,,
bird_1028,ChatGPT,bird,,,
bird_1029,ChatGPT,bird,,,
bird_1030,ChatGPT,bird,,,
bird_1031,ChatGPT,bird,,,
bird_1032,ChatGPT,bird,,,
bird_1033,ChatGPT,bird,,,
bird_1034,ChatGPT,bird,,,
bird_1035,ChatGPT,bird,,,
bird_1036,ChatGPT,bird,,,
bird_1037,ChatGPT,bird,,,
bird_1038,ChatGPT,bird,,,
bird_1039,ChatGPT,bird,,,
bird_1040,ChatGPT,bird,,,
bird_1041,ChatGPT,bird,,,
bird_1042,ChatGPT,bird,,,
bird_1043,ChatGPT,bird,,,
bird_1044,ChatGPT,bird,,,
bird_1045,ChatGPT,bird,,,
bird_1046,ChatGPT,bird,,,
bird_1047,ChatGPT,bird,,,
bird_1048,ChatGPT,bird,,,
bird_1049,ChatGPT,bird,,,
bird_1050,ChatGPT,bird,,,
bird_1051,ChatGPT,bird,,,
bird_1052,ChatGPT,bird,,,
bird_1053,ChatGPT,bird,,,
bird_1054,ChatGPT,bird,,,
bird_1055,ChatGPT,bird,,,
bird_1056,ChatGPT,bird,,,
bird_1057,ChatGPT,bird,,,
bird_1058,ChatGPT,bird,,,
bird_1059,ChatGPT,bird,,,
bird_1060,ChatGPT,bird,,,
bird_1061,ChatGPT,bird,,,
bird_1062,ChatGPT,bird,,,
bird_1063,ChatGPT,bird,,,
bird_1064,ChatGPT,bird,,,
bird_1065,ChatGPT,bird,,,
bird_1066,ChatGPT,bird,,,
bird_1067,ChatGPT,bird,,,
bird_1068,ChatGPT,bird,,,
bird_1069,ChatGPT,bird,,,
bird_1070,ChatGPT,bird,,,
bird_1071,ChatGPT,bird,,,
bird_1072,ChatGPT,bird,,,
bird_1073,ChatGPT,bird,,,
bird_1074,ChatGPT,bird,,,
bird_1075,ChatGPT,bird,,,
bird_1076,ChatGPT,bird,,,
bird_1077,ChatGPT,bird,,,
bird_1078,ChatGPT,bird,,,
bird_1079,ChatGPT,bird,,,
bird_1080,ChatGPT,bird,,,
bird_1081,ChatGPT,bird,,,
bird_1082,ChatGPT,bird,,,
bird_1083,ChatGPT,bird,,,
bird_1084,ChatGPT,bird,,,
bird_1085,ChatGPT,bird,,,
bird_1086,ChatGPT,bird,,,
bird_1087,ChatGPT,bird,,,
bird_1088,ChatGPT,bird,,,
bird_1089,ChatGPT,bird,,,
bird_1090,ChatGPT,bird,,,
bird_1091,ChatGPT,bird,,,
bird_1092,ChatGPT,bird,,,
bird_1093,ChatGPT,bird,,,
bird_1094,ChatGPT,bird,,,
bird_1095,ChatGPT,bird,,,
bird_1096,ChatGPT,bird,,,
bird_1097,ChatGPT,bird,,,
bird_1098,ChatGPT,bird,,,
bird_1099,ChatGPT,bird,,,
bird_1100,ChatGPT,bird,,,
bird_1101,ChatGPT,bird,,,
bird_1102,ChatGPT,bird,,,
bird_1103,ChatGPT,bird,,,
bird_1104,ChatGPT,bird,,,
bird_1105,ChatGPT,bird,,,
bird_1106,ChatGPT,bird,,,
bird_1107,ChatGPT,bird,,,
bird_1108,ChatGPT,bird,,,
bird_1109,ChatGPT,bird,,,
bird_1110,ChatGPT,bird,,,
bird_1111,ChatGPT,bird,,,
bird_1112,ChatGPT,bird,,,
bird_1113,ChatGPT,bird,,,
bird_1114,ChatGPT,bird,,,
bird_1115,ChatGPT,bird,,,
bird_1116,ChatGPT,bird,,,
bird_1117,ChatGPT,bird,,,
bird_1118,ChatGPT,bird,,,
bird_1119,ChatGPT,bird,,,
bird_1120,ChatGPT,bird,,,
bird_1121,ChatGPT,bird,,,
bird_1122,ChatGPT,bird,,,
bird_1123,ChatGPT,bird,,,
bird_1124,ChatGPT,bird,,,
bird_1125,ChatGPT,bird,,,
bird_1126,ChatGPT,bird,,,
bird_1127,ChatGPT,bird,,,
bird_1128,ChatGPT,bird,,,
bird_1129,ChatGPT,bird,,,
bird_1130,ChatGPT,bird,,,
bird_1131,ChatGPT,bird,,,
bird_1132,ChatGPT,bird,,,
bird_1133,ChatGPT,bird,,,
bird_1134,ChatGPT,bird,,,
bird_1135,ChatGPT,bird,,,
bird_1136,ChatGPT,bird,,,
bird_1137,ChatGPT,bird,,,
bird_1138,ChatGPT,bird,,,
bird_1139,ChatGPT,bird,,,
bird_1140,ChatGPT,bird,,,
bird_1141,ChatGPT,bird,,,
bird_1142,ChatGPT,bird,,,
bird_1143,ChatGPT,bird,,,
bird_1144,ChatGPT,bird,,,
bird_1145,ChatGPT,bird,,,
bird_1146,ChatGPT,bird,,,
bird_1147,ChatGPT,bird,,,
bird_1148,ChatGPT,bird,,,
bird_1149,ChatGPT,bird,,,
bird_1150,ChatGPT,bird,,,
bird_1151,ChatGPT,bird,,,
bird_1152,ChatGPT,bird,,,
bird_1153,ChatGPT,bird,,,
bird_1154,ChatGPT,bird,,,
bird_1155,ChatGPT,bird,,,
bird_1156,ChatGPT,bird,,,
bird_1157,ChatGPT,bird,,,
bird_1158,ChatGPT,bird,,,
bird_1159,ChatGPT,bird,,,
bird_1160,ChatGPT,bird,,,
bird_1161,ChatGPT,bird,,,
bird_1162,ChatGPT,bird,,,
bird_1163,ChatGPT,bird,,,
bird_1164,ChatGPT,bird,,,
bird_1165,ChatGPT,bird,,,
bird_1166,ChatGPT,bird,,,
bird_1167,ChatGPT,bird,,,
bird_1168,ChatGPT,bird,,,
bird_1169,ChatGPT,bird,,,
bird_1170,ChatGPT,bird,,,
bird_1171,ChatGPT,bird,,,
bird_1172,ChatGPT,bird,,,
bird_1173,ChatGPT,bird,,,
bird_1174,ChatGPT,bird,,,
bird_1175,ChatGPT,bird,,,
bird_1176,ChatGPT,bird,,,
bird_1177,ChatGPT,bird,,,
bird_1178,ChatGPT,bird,,,
bird_1179,ChatGPT,bird,,,
bird_1180,ChatGPT,bird,,,
bird_1181,ChatGPT,bird,,,
bird_1182,ChatGPT,bird,,,
bird_1183,ChatGPT,bird,,,
bird_1184,ChatGPT,bird,,,
bird_1185,ChatGPT,bird,,,
bird_1186,ChatGPT,bird,,,
bird_1187,ChatGPT,bird,,,
bird_1188,ChatGPT,bird,,,
bird_1189,ChatGPT,bird,,,
bird_1190,ChatGPT,bird,,,
bird_1191,ChatGPT,bird,,,
bird_1192,ChatGPT,bird,,,
bird_1193,ChatGPT,bird,,,
bird_1194,ChatGPT,bird,,,
bird_1195,ChatGPT,bird,,,
bird_1196,ChatGPT,bird,,,
bird_1197,ChatGPT,bird,,,
bird_1198,ChatGPT,bird,,,
bird_1199,ChatGPT,bird,,,
bird_1200,ChatGPT,bird,,,
bird_1201,ChatGPT,bird,,,
bird_1202,ChatGPT,bird,,,
bird_1203,ChatGPT,bird,,,
bird_1204,ChatGPT,bird,,,
bird_1205,ChatGPT,bird,,,
bird_1206,ChatGPT,bird,,,
bird_1207,ChatGPT,bird,,,
bird_1208,ChatGPT,bird,,,
bird_1209,ChatGPT,bird,,,
bird_1210,ChatGPT,bird,,,
bird_1211,ChatGPT,bird,,,
bird_1212,ChatGPT,bird,,,
bird_1213,ChatGPT,bird,,,
bird_1214,ChatGPT,bird,,,
bird_1215,ChatGPT,bird,,,
bird_1216,ChatGPT,bird,,,
bird_1217,ChatGPT,bird,,,
bird_1218,ChatGPT,bird,,,
bird_1219,ChatGPT,bird,,,
bird_1220,ChatGPT,bird,,,
bird_1221,ChatGPT,bird,,,
bird_1222,ChatGPT,bird,,,
bird_1223,ChatGPT,bird,,,
bird_1224,ChatGPT,bird,,,
bird_1225,ChatGPT,bird,,,
bird_1226,ChatGPT,bird,,,
bird_1227,ChatGPT,bird,,,
bird_1228,ChatGPT,bird,,,
bird_1229,ChatGPT,bird,,,
bird_1230,ChatGPT,bird,,,
bird_1231,ChatGPT,bird,,,
bird_1232,ChatGPT,bird,,,
bird_1233,ChatGPT,bird,,,
bird_1234,ChatGPT,bird,,,
bird_1235,ChatGPT,bird,,,
bird_1236,ChatGPT,bird,,,
bird_1237,ChatGPT,bird,,,
bird_1238,ChatGPT,bird,,,
bird_1239,ChatGPT,bird,,,
bird_1240,ChatGPT,bird,,,
bird_1241,ChatGPT,bird,,,
bird_1242,ChatGPT,bird,,,
bird_1243,ChatGPT,bird,,,
bird_1244,ChatGPT,bird,,,
bird_1245,ChatGPT,bird,,,
bird_1246,ChatGPT,bird,,,
bird_1247,ChatGPT,bird,,,
bird_1248,ChatGPT,bird,,,
bird_1249,ChatGPT,bird,,,
bird_1250,ChatGPT,bird,,,
bird_1251,ChatGPT,bird,,,
bird_1252,ChatGPT,bird,,,
bird_1253,ChatGPT,bird,,,
bird_1254,ChatGPT,bird,,,
bird_1255,ChatGPT,bird,,,
bird_1256,ChatGPT,bird,,,
bird_1257,ChatGPT,bird,,,
bird_1258,ChatGPT,bird,,,
bird_1259,ChatGPT,bird,,,
bird_1260,ChatGPT,bird,,,
bird_1261,ChatGPT,bird,,,
bird_1262,ChatGPT,bird,,,
bird_1263,ChatGPT,bird,,,
bird_1264,ChatGPT,bird,,,
bird_1265,ChatGPT,bird,,,
bird_1266,ChatGPT,bird,,,
bird_1267,ChatGPT,bird,,,
bird_1268,ChatGPT,bird,,,
bird_1269,ChatGPT,bird,,,
bird_1270,ChatGPT,bird,,,
bird_1271,ChatGPT,bird,,,
bird_1272,ChatGPT,bird,,,
bird_1273,ChatGPT,bird,,,
bird_1274,ChatGPT,bird,,,
bird_1275,ChatGPT,bird,,,
bird_1276,ChatGPT,bird,,,
bird_1277,ChatGPT,bird,,,
bird_1278,ChatGPT,bird,,,
bird_1279,ChatGPT,bird,,,
bird_1280,ChatGPT,bird,,,
bird_1281,ChatGPT,bird,,,
bird_1282,ChatGPT,bird,,,
bird_1283,ChatGPT,bird,,,
bird_1284,ChatGPT,bird,,,
bird_1285,ChatGPT,bird,,,
bird_1286,ChatGPT,bird,,,
bird_1287,ChatGPT,bird,,,
bird_1288,ChatGPT,bird,,,
bird_1289,ChatGPT,bird,,,
bird_1290,ChatGPT,bird,,,
bird_1291,ChatGPT,bird,,,
bird_1292,ChatGPT,bird,,,
bird_1293,ChatGPT,bird,,,
bird_1294,ChatGPT,bird,,,
bird_1295,ChatGPT,bird,,,
bird_1296,ChatGPT,bird,,,
bird_1297,ChatGPT,bird,,,
bird_1298,ChatGPT,bird,,,
bird_1299,ChatGPT,bird,,,
bird_1300,ChatGPT,bird,,,
bird_1301,ChatGPT,bird,,,
bird_1302,ChatGPT,bird,,,
bird_1303,ChatGPT,bird,,,
bird_1304,ChatGPT,bird,,,
bird_1305,ChatGPT,bird,,,
bird_1306,ChatGPT,bird,,,
bird_1307,ChatGPT,bird,,,
bird_1308,ChatGPT,bird,,,
bird_1309,ChatGPT,bird,,,
bird_1310,ChatGPT,bird,,,
bird_1311,ChatGPT,bird,,,
bird_1312,ChatGPT,bird,,,
bird_1313,ChatGPT,bird,,,
bird_1314,ChatGPT,bird,,,
bird_1315,ChatGPT,bird,,,
bird_1316,ChatGPT,bird,,,
bird_1317,ChatGPT,bird,,,
bird_1318,ChatGPT,bird,,,
bird_1319,ChatGPT,bird,,,
bird_1320,ChatGPT,bird,,,
bird_1321,ChatGPT,bird,,,
bird_1322,ChatGPT,bird,,,
bird_1323,ChatGPT,bird,,,
bird_1324,ChatGPT,bird,,,
bird_1325,ChatGPT,bird,,,
bird_1326,ChatGPT,bird,,,
bird_1327,ChatGPT,bird,,,
bird_1328,ChatGPT,bird,,,
bird_1329,ChatGPT,bird,,,
bird_1330,ChatGPT,bird,,,
bird_1331,ChatGPT,bird,,,
bird_1332,ChatGPT,bird,,,
bird_1333,ChatGPT,bird,,,
bird_1334,ChatGPT,bird,,,
bird_1335,ChatGPT,bird,,,
bird_1336,ChatGPT,bird,,,
bird_1337,ChatGPT,bird,,,
bird_1338,ChatGPT,bird,,,
bird_1339,ChatGPT,bird,,,
bird_1340,ChatGPT,bird,,,
bird_1341,ChatGPT,bird,,,
bird_1342,ChatGPT,bird,,,
bird_1343,ChatGPT,bird,,,
bird_1344,ChatGPT,bird,,,
bird_1345,ChatGPT,bird,,,
bird_1346,ChatGPT,bird,,,
bird_1347,ChatGPT,bird,,,
bird_1348,ChatGPT,bird,,,
bird_1349,ChatGPT,bird,,,
bird_1350,ChatGPT,bird,,,
bird_1351,ChatGPT,bird,,,
bird_1352,ChatGPT,bird,,,
bird_1353,ChatGPT,bird,,,
bird_1354,ChatGPT,bird,,,
bird_1355,ChatGPT,bird,,,
bird_1356,ChatGPT,bird,,,
bird_1357,ChatGPT,bird,,,
bird_1358,ChatGPT,bird,,,
bird_1359,ChatGPT,bird,,,
bird_1360,ChatGPT,bird,,,
bird_1361,ChatGPT,bird,,,
bird_1362,ChatGPT,bird,,,
bird_1363,ChatGPT,bird,,,
bird_1364,ChatGPT,bird,,,
bird_1365,ChatGPT,bird,,,
bird_1366,ChatGPT,bird,,,
bird_1367,ChatGPT,bird,,,
bird_1368,ChatGPT,bird,,,
bird_1369,ChatGPT,bird,,,
bird_1370,ChatGPT,bird,,,
bird_1371,ChatGPT,bird,,,
bird_1372,ChatGPT,bird,,,
bird_1373,ChatGPT,bird,,,
bird_1374,ChatGPT,bird,,,
bird_1375,ChatGPT,bird,,,
bird_1376,ChatGPT,bird,,,
bird_1377,ChatGPT,bird,,,
bird_1378,ChatGPT,bird,,,
bird_1379,ChatGPT,bird,,,
bird_1380,ChatGPT,bird,,,
bird_1381,ChatGPT,bird,,,
bird_1382,ChatGPT,bird,,,
bird_1383,ChatGPT,bird,,,
bird_1384,ChatGPT,bird,,,
bird_1385,ChatGPT,bird,,,
bird_1386,ChatGPT,bird,,,
bird_1387,ChatGPT,bird,,,
bird_1388,ChatGPT,bird,,,
bird_1389,ChatGPT,bird,,,
bird_1390,ChatGPT,bird,,,
bird_1391,ChatGPT,bird,,,
bird_1392,ChatGPT,bird,,,
bird_1393,ChatGPT,bird,,,
bird_1394,ChatGPT,bird,,,
bird_1395,ChatGPT,bird,,,
bird_1396,ChatGPT,bird,,,
bird_1397,ChatGPT,bird,,,
bird_1398,ChatGPT,bird,,,
bird_1399,ChatGPT,bird,,,
bird_1400,ChatGPT,bird,,,
bird_1401,ChatGPT,bird,,,
bird_1402,ChatGPT,bird,,,
bird_1403,ChatGPT,bird,,,
bird_1404,ChatGPT,bird,,,
bird_1405,ChatGPT,bird,,,
bird_1406,ChatGPT,bird,,,
bird_1407,ChatGPT,bird,,,
bird_1408,ChatGPT,bird,,,
bird_1409,ChatGPT,bird,,,
bird_1410,ChatGPT,bird,,,
bird_1411,ChatGPT,bird,,,
bird_1412,ChatGPT,bird,,,
bird_1413,ChatGPT,bird,,,
bird_1414,ChatGPT,bird,,,
bird_1415,ChatGPT,bird,,,
bird_1416,ChatGPT,bird,,,
bird_1417,ChatGPT,bird,,,
bird_1418,ChatGPT,bird,,,
bird_1419,ChatGPT,bird,,,
bird_1420,ChatGPT,bird,,,
bird_1421,ChatGPT,bird,,,
bird_1422,ChatGPT,bird,,,
bird_1423,ChatGPT,bird,,,
bird_1424,ChatGPT,bird,,,
bird_1425,ChatGPT,bird,,,
bird_1426,ChatGPT,bird,,,
bird_1427,ChatGPT,bird,,,
bird_1428,ChatGPT,bird,,,
bird_1429,ChatGPT,bird,,,
bird_1430,ChatGPT,bird,,,
bird_1431,ChatGPT,bird,,,
bird_1432,ChatGPT,bird,,,
bird_1433,ChatGPT,bird,,,
bird_1434,ChatGPT,bird,,,
bird_1435,ChatGPT,bird,,,
bird_1436,ChatGPT,bird,,,
bird_1437,ChatGPT,bird,,,
bird_1438,ChatGPT,bird,,,
bird_1439,ChatGPT,bird,,,
bird_1440,ChatGPT,bird,,,
bird_1441,ChatGPT,bird,,,
bird_1442,ChatGPT,bird,,,
bird_1443,ChatGPT,bird,,,
bird_1444,ChatGPT,bird,,,
bird_1445,ChatGPT,bird,,,
bird_1446,ChatGPT,bird,,,
bird_1447,ChatGPT,bird,,,
bird_1448,ChatGPT,bird,,,
bird_1449,ChatGPT,bird,,,
bird_1450,ChatGPT,bird,,,
bird_1451,ChatGPT,bird,,,
bird_1452,ChatGPT,bird,,,
bird_1453,ChatGPT,bird,,,
bird_1454,ChatGPT,bird,,,
bird_1455,ChatGPT,bird,,,
bird_1456,ChatGPT,bird,,,
bird_1457,ChatGPT,bird,,,
bird_1458,ChatGPT,bird,,,
bird_1459,ChatGPT,bird,,,
bird_1460,ChatGPT,bird,,,
bird_1461,ChatGPT,bird,,,
bird_1462,ChatGPT,bird,,,
bird_1463,ChatGPT,bird,,,
bird_1464,ChatGPT,bird,,,
bird_1465,ChatGPT,bird,,,
bird_1466,ChatGPT,bird,,,
bird_1467,ChatGPT,bird,,,
bird_1468,ChatGPT,bird,,,
bird_1469,ChatGPT,bird,,,
bird_1470,ChatGPT,bird,,,
bird_1471,ChatGPT,bird,,,
bird_1472,ChatGPT,bird,,,
bird_1473,ChatGPT,bird,,,
bird_1474,ChatGPT,bird,,,
bird_1475,ChatGPT,bird,,,
bird_1476,ChatGPT,bird,,,
bird_1477,ChatGPT,bird,,,
bird_1478,ChatGPT,bird,,,
bird_1479,ChatGPT,bird,,,
bird_1480,ChatGPT,bird,,,
bird_1481,ChatGPT,bird,,,
bird_1482,ChatGPT,bird,,,
bird_1483,ChatGPT,bird,,,
bird_1484,ChatGPT,bird,,,
bird_1485,ChatGPT,bird,,,
bird_1486,ChatGPT,bird,,,
bird_1487,ChatGPT,bird,,,
bird_1488,ChatGPT,bird,,,
bird_1489,ChatGPT,bird,,,
bird_1490,ChatGPT,bird,,,
bird_1491,ChatGPT,bird,,,
bird_1492,ChatGPT,bird,,,
bird_1493,ChatGPT,bird,,,
bird_1494,ChatGPT,bird,,,
bird_1495,ChatGPT,bird,,,
bird_1496,ChatGPT,bird,,,
bird_1497,ChatGPT,bird,,,
bird_1498,ChatGPT,bird,,,
bird_1499,ChatGPT,bird,,,
bird_1500,ChatGPT,bird,,,
bird_1501,ChatGPT,bird,,,
bird_1502,ChatGPT,bird,,,
bird_1503,ChatGPT,bird,,,
bird_1504,ChatGPT,bird,,,
bird_1505,ChatGPT,bird,,,
bird_1506,ChatGPT,bird,,,
bird_1507,ChatGPT,bird,,,
bird_1508,ChatGPT,bird,,,
bird_1509,ChatGPT,bird,,,
bird_1510,ChatGPT,bird,,,
bird_1511,ChatGPT,bird,,,
bird_1512,ChatGPT,bird,,,
bird_1513,ChatGPT,bird,,,
bird_1514,ChatGPT,bird,,,
bird_1515,ChatGPT,bird,,,
bird_1516,ChatGPT,bird,,,
bird_1517,ChatGPT,bird,,,
bird_1518,ChatGPT,bird,,,
bird_1519,ChatGPT,bird,,,
bird_1520,ChatGPT,bird,,,
bird_1521,ChatGPT,bird,,,
bird_1522,ChatGPT,bird,,,
bird_1523,ChatGPT,bird,,,
bird_1524,ChatGPT,bird,,,
bird_1525,ChatGPT,bird,,,
bird_1526,ChatGPT,bird,,,
bird_1527,ChatGPT,bird,,,
bird_1528,ChatGPT,bird,,,
bird_1529,ChatGPT,bird,,,
bird_1530,ChatGPT,bird,,,
bird_1531,ChatGPT,bird,,,
bird_1532,ChatGPT,bird,,,
bird_1533,ChatGPT,bird,,,
spider_0,ChatGPT,spider,,,
spider_1,ChatGPT,spider,,,
spider_2,ChatGPT,spider,,,
spider_3,ChatGPT,spider,,,
spider_4,ChatGPT,spider,,,
spider_5,ChatGPT,spider,,,
spider_6,ChatGPT,spider,,,
spider_7,ChatGPT,spider,,,
spider_8,ChatGPT,spider,,,
spider_9,ChatGPT,spider,,,
spider_10,ChatGPT,spider,,,
spider_11,ChatGPT,spider,,,
spider_12,ChatGPT,spider,,,
spider_13,ChatGPT,spider,,,
spider_14,ChatGPT,spider,,,
spider_15,ChatGPT,spider,,,
spider_16,ChatGPT,spider,,,
spider_17,ChatGPT,spider,,,
spider_18,ChatGPT,spider,,,
spider_19,ChatGPT,spider,,,
spider_20,ChatGPT,spider,,,
spider_21,ChatGPT,spider,,,
spider_22,ChatGPT,spider,,,
spider_23,ChatGPT,spider,,,
spider_24,ChatGPT,spider,,,
spider_25,ChatGPT,spider,,,
spider_26,ChatGPT,spider,,,
spider_27,ChatGPT,spider,,,
spider_28,ChatGPT,spider,,,
spider_29,ChatGPT,spider,,,
spider_30,ChatGPT,spider,,,
spider_31,ChatGPT,spider,,,
spider_32,ChatGPT,spider,,,
spider_33,ChatGPT,spider,,,
spider_34,ChatGPT,spider,,,
spider_35,ChatGPT,spider,,,
spider_36,ChatGPT,spider,,,
spider_37,ChatGPT,spider,,,
spider_38,ChatGPT,spider,,,
spider_39,ChatGPT,spider,,,
spider_40,ChatGPT,spider,,,
spider_41,ChatGPT,spider,,,
spider_42,ChatGPT,spider,,,
spider_43,ChatGPT,spider,,,
spider_44,ChatGPT,spider,,,
spider_45,ChatGPT,spider,,,
spider_46,ChatGPT,spider,,,
spider_47,ChatGPT,spider,,,
spider_48,ChatGPT,spider,,,
spider_49,ChatGPT,spider,,,
spider_50,ChatGPT,spider,,,
spider_51,ChatGPT,spider,,,
spider_52,ChatGPT,spider,,,
spider_53,ChatGPT,spider,,,
spider_54,ChatGPT,spider,,,
spider_55,ChatGPT,spider,,,
spider_56,ChatGPT,spider,,,
spider_57,ChatGPT,spider,,,
spider_58,ChatGPT,spider,,,
spider_59,ChatGPT,spider,,,
spider_60,ChatGPT,spider,,,
spider_61,ChatGPT,spider,,,
spider_62,ChatGPT,spider,,,
spider_63,ChatGPT,spider,,,
spider_64,ChatGPT,spider,,,
spider_65,ChatGPT,spider,,,
spider_66,ChatGPT,spider,,,
spider_67,ChatGPT,spider,,,
spider_68,ChatGPT,spider,,,
spider_69,ChatGPT,spider,,,
spider_70,ChatGPT,spider,,,
spider_71,ChatGPT,spider,,,
spider_72,ChatGPT,spider,,,
spider_73,ChatGPT,spider,,,
spider_74,ChatGPT,spider,,,
spider_75,ChatGPT,spider,,,
spider_76,ChatGPT,spider,,,
spider_77,ChatGPT,spider,,,
spider_78,ChatGPT,spider,,,
spider_79,ChatGPT,spider,,,
spider_80,ChatGPT,spider,,,
spider_81,ChatGPT,spider,,,
spider_82,ChatGPT,spider,,,
spider_83,ChatGPT,spider,,,
spider_84,ChatGPT,spider,,,
spider_85,ChatGPT,spider,,,
spider_86,ChatGPT,spider,,,
spider_87,ChatGPT,spider,,,
spider_88,ChatGPT,spider,,,
spider_89,ChatGPT,spider,,,
spider_90,ChatGPT,spider,,,
spider_91,ChatGPT,spider,,,
spider_92,ChatGPT,spider,,,
spider_93,ChatGPT,spider,,,
spider_94,ChatGPT,spider,,,
spider_95,ChatGPT,spider,,,
spider_96,ChatGPT,spider,,,
spider_97,ChatGPT,spider,,,
spider_98,ChatGPT,spider,,,
spider_99,ChatGPT,spider,,,
spider_100,ChatGPT,spider,,,
spider_101,ChatGPT,spider,,,
spider_102,ChatGPT,spider,,,
spider_103,ChatGPT,spider,,,
spider_104,ChatGPT,spider,,,
spider_105,ChatGPT,spider,,,
spider_106,ChatGPT,spider,,,
spider_107,ChatGPT,spider,,,
spider_108,ChatGPT,spider,,,
spider_109,ChatGPT,spider,,,
spider_110,ChatGPT,spider,,,
spider_111,ChatGPT,spider,,,
spider_112,ChatGPT,spider,,,
spider_113,ChatGPT,spider,,,
spider_114,ChatGPT,spider,,,
spider_115,ChatGPT,spider,,,
spider_116,ChatGPT,spider,,,
spider_117,ChatGPT,spider,,,
spider_118,ChatGPT,spider,,,
spider_119,ChatGPT,spider,,,
spider_120,ChatGPT,spider,,,
spider_121,ChatGPT,spider,,,
spider_122,ChatGPT,spider,,,
spider_123,ChatGPT,spider,,,
spider_124,ChatGPT,spider,,,
spider_125,ChatGPT,spider,,,
spider_126,ChatGPT,spider,,,
spider_127,ChatGPT,spider,,,
spider_128,ChatGPT,spider,,,
spider_129,ChatGPT,spider,,,
spider_130,ChatGPT,spider,,,
spider_131,ChatGPT,spider,,,
spider_132,ChatGPT,spider,,,
spider_133,ChatGPT,spider,,,
spider_134,ChatGPT,spider,,,
spider_135,ChatGPT,spider,,,
spider_136,ChatGPT,spider,,,
spider_137,ChatGPT,spider,,,
spider_138,ChatGPT,spider,,,
spider_139,ChatGPT,spider,,,
spider_140,ChatGPT,spider,,,
spider_141,ChatGPT,spider,,,
spider_142,ChatGPT,spider,,,
spider_143,ChatGPT,spider,,,
spider_144,ChatGPT,spider,,,
spider_145,ChatGPT,spider,,,
spider_146,ChatGPT,spider,,,
spider_147,ChatGPT,spider,,,
spider_148,ChatGPT,spider,,,
spider_149,ChatGPT,spider,,,
spider_150,ChatGPT,spider,,,
spider_151,ChatGPT,spider,,,
spider_152,ChatGPT,spider,,,
spider_153,ChatGPT,spider,,,
spider_154,ChatGPT,spider,,,
spider_155,ChatGPT,spider,,,
spider_156,ChatGPT,spider,,,
spider_157,ChatGPT,spider,,,
spider_158,ChatGPT,spider,,,
spider_159,ChatGPT,spider,,,
spider_160,ChatGPT,spider,,,
spider_161,ChatGPT,spider,,,
spider_162,ChatGPT,spider,,,
spider_163,ChatGPT,spider,,,
spider_164,ChatGPT,spider,,,
spider_165,ChatGPT,spider,,,
spider_166,ChatGPT,spider,,,
spider_167,ChatGPT,spider,,,
spider_168,ChatGPT,spider,,,
spider_169,ChatGPT,spider,,,
spider_170,ChatGPT,spider,,,
spider_171,ChatGPT,spider,,,
spider_172,ChatGPT,spider,,,
spider_173,ChatGPT,spider,,,
spider_174,ChatGPT,spider,,,
spider_175,ChatGPT,spider,,,
spider_176,ChatGPT,spider,,,
spider_177,ChatGPT,spider,,,
spider_178,ChatGPT,spider,,,
spider_179,ChatGPT,spider,,,
spider_180,ChatGPT,spider,,,
spider_181,ChatGPT,spider,,,
spider_182,ChatGPT,spider,,,
spider_183,ChatGPT,spider,,,
spider_184,ChatGPT,spider,,,
spider_185,ChatGPT,spider,,,
spider_186,ChatGPT,spider,,,
spider_187,ChatGPT,spider,,,
spider_188,ChatGPT,spider,,,
spider_189,ChatGPT,spider,,,
spider_190,ChatGPT,spider,,,
spider_191,ChatGPT,spider,,,
spider_192,ChatGPT,spider,,,
spider_193,ChatGPT,spider,,,
spider_194,ChatGPT,spider,,,
spider_195,ChatGPT,spider,,,
spider_196,ChatGPT,spider,,,
spider_197,ChatGPT,spider,,,
spider_198,ChatGPT,spider,,,
spider_199,ChatGPT,spider,,,
spider_200,ChatGPT,spider,,,
spider_201,ChatGPT,spider,,,
spider_202,ChatGPT,spider,,,
spider_203,ChatGPT,spider,,,
spider_204,ChatGPT,spider,,,
spider_205,ChatGPT,spider,,,
spider_206,ChatGPT,spider,,,
spider_207,ChatGPT,spider,,,
spider_208,ChatGPT,spider,,,
spider_209,ChatGPT,spider,,,
spider_210,ChatGPT,spider,,,
spider_211,ChatGPT,spider,,,
spider_212,ChatGPT,spider,,,
spider_213,ChatGPT,spider,,,
spider_214,ChatGPT,spider,,,
spider_215,ChatGPT,spider,,,
spider_216,ChatGPT,spider,,,
spider_217,ChatGPT,spider,,,
spider_218,ChatGPT,spider,,,
spider_219,ChatGPT,spider,,,
spider_220,ChatGPT,spider,,,
spider_221,ChatGPT,spider,,,
spider_222,ChatGPT,spider,,,
spider_223,ChatGPT,spider,,,
spider_224,ChatGPT,spider,,,
spider_225,ChatGPT,spider,,,
spider_226,ChatGPT,spider,,,
spider_227,ChatGPT,spider,,,
spider_228,ChatGPT,spider,,,
spider_229,ChatGPT,spider,,,
spider_230,ChatGPT,spider,,,
spider_231,ChatGPT,spider,,,
spider_232,ChatGPT,spider,,,
spider_233,ChatGPT,spider,,,
spider_234,ChatGPT,spider,,,
spider_235,ChatGPT,spider,,,
spider_236,ChatGPT,spider,,,
spider_237,ChatGPT,spider,,,
spider_238,ChatGPT,spider,,,
spider_239,ChatGPT,spider,,,
spider_240,ChatGPT,spider,,,
spider_241,ChatGPT,spider,,,
spider_242,ChatGPT,spider,,,
spider_243,ChatGPT,spider,,,
spider_244,ChatGPT,spider,,,
spider_245,ChatGPT,spider,,,
spider_246,ChatGPT,spider,,,
spider_247,ChatGPT,spider,,,
spider_248,ChatGPT,spider,,,
spider_249,ChatGPT,spider,,,
spider_250,ChatGPT,spider,,,
spider_251,ChatGPT,spider,,,
spider_252,ChatGPT,spider,,,
spider_253,ChatGPT,spider,,,
spider_254,ChatGPT,spider,,,
spider_255,ChatGPT,spider,,,
spider_256,ChatGPT,spider,,,
spider_257,ChatGPT,spider,,,
spider_258,ChatGPT,spider,,,
spider_259,ChatGPT,spider,,,
spider_260,ChatGPT,spider,,,
spider_261,ChatGPT,spider,,,
spider_262,ChatGPT,spider,,,
spider_263,ChatGPT,spider,,,
spider_264,ChatGPT,spider,,,
spider_265,ChatGPT,spider,,,
spider_266,ChatGPT,spider,,,
spider_267,ChatGPT,spider,,,
spider_268,ChatGPT,spider,,,
spider_269,ChatGPT,spider,,,
spider_270,ChatGPT,spider,,,
spider_271,ChatGPT,spider,,,
spider_272,ChatGPT,spider,,,
spider_273,ChatGPT,spider,,,
spider_274,ChatGPT,spider,,,
spider_275,ChatGPT,spider,,,
spider_276,ChatGPT,spider,,,
spider_277,ChatGPT,spider,,,
spider_278,ChatGPT,spider,,,
spider_279,ChatGPT,spider,,,
spider_280,ChatGPT,spider,,,
spider_281,ChatGPT,spider,,,
spider_282,ChatGPT,spider,,,
spider_283,ChatGPT,spider,,,
spider_284,ChatGPT,spider,,,
spider_285,ChatGPT,spider,,,
spider_286,ChatGPT,spider,,,
spider_287,ChatGPT,spider,,,
spider_288,ChatGPT,spider,,,
spider_289,ChatGPT,spider,,,
spider_290,ChatGPT,spider,,,
spider_291,ChatGPT,spider,,,
spider_292,ChatGPT,spider,,,
spider_293,ChatGPT,spider,,,
spider_294,ChatGPT,spider,,,
spider_295,ChatGPT,spider,,,
spider_296,ChatGPT,spider,,,
spider_297,ChatGPT,spider,,,
spider_298,ChatGPT,spider,,,
spider_299,ChatGPT,spider,,,
spider_300,ChatGPT,spider,,,
spider_301,ChatGPT,spider,,,
spider_302,ChatGPT,spider,,,
spider_303,ChatGPT,spider,,,
spider_304,ChatGPT,spider,,,
spider_305,ChatGPT,spider,,,
spider_306,ChatGPT,spider,,,
spider_307,ChatGPT,spider,,,
spider_308,ChatGPT,spider,,,
spider_309,ChatGPT,spider,,,
spider_310,ChatGPT,spider,,,
spider_311,ChatGPT,spider,,,
spider_312,ChatGPT,spider,,,
spider_313,ChatGPT,spider,,,
spider_314,ChatGPT,spider,,,
spider_315,ChatGPT,spider,,,
spider_316,ChatGPT,spider,,,
spider_317,ChatGPT,spider,,,
spider_318,ChatGPT,spider,,,
spider_319,ChatGPT,spider,,,
spider_320,ChatGPT,spider,,,
spider_321,ChatGPT,spider,,,
spider_322,ChatGPT,spider,,,
spider_323,ChatGPT,spider,,,
spider_324,ChatGPT,spider,,,
spider_325,ChatGPT,spider,,,
spider_326,ChatGPT,spider,,,
spider_327,ChatGPT,spider,,,
spider_328,ChatGPT,spider,,,
spider_329,ChatGPT,spider,,,
spider_330,ChatGPT,spider,,,
spider_331,ChatGPT,spider,,,
spider_332,ChatGPT,spider,,,
spider_333,ChatGPT,spider,,,
spider_334,ChatGPT,spider,,,
spider_335,ChatGPT,spider,,,
spider_336,ChatGPT,spider,,,
spider_337,ChatGPT,spider,,,
spider_338,ChatGPT,spider,,,
spider_339,ChatGPT,spider,,,
spider_340,ChatGPT,spider,,,
spider_341,ChatGPT,spider,,,
spider_342,ChatGPT,spider,,,
spider_343,ChatGPT,spider,,,
spider_344,ChatGPT,spider,,,
spider_345,ChatGPT,spider,,,
spider_346,ChatGPT,spider,,,
spider_347,ChatGPT,spider,,,
spider_348,ChatGPT,spider,,,
spider_349,ChatGPT,spider,,,
spider_350,ChatGPT,spider,,,
spider_351,ChatGPT,spider,,,
spider_352,ChatGPT,spider,,,
spider_353,ChatGPT,spider,,,
spider_354,ChatGPT,spider,,,
spider_355,ChatGPT,spider,,,
spider_356,ChatGPT,spider,,,
spider_357,ChatGPT,spider,,,
spider_358,ChatGPT,spider,,,
spider_359,ChatGPT,spider,,,
spider_360,ChatGPT,spider,,,
spider_361,ChatGPT,spider,,,
spider_362,ChatGPT,spider,,,
spider_363,ChatGPT,spider,,,
spider_364,ChatGPT,spider,,,
spider_365,ChatGPT,spider,,,
spider_366,ChatGPT,spider,,,
spider_367,ChatGPT,spider,,,
spider_368,ChatGPT,spider,,,
spider_369,ChatGPT,spider,,,
spider_370,ChatGPT,spider,,,
spider_371,ChatGPT,spider,,,
spider_372,ChatGPT,spider,,,
spider_373,ChatGPT,spider,,,
spider_374,ChatGPT,spider,,,
spider_375,ChatGPT,spider,,,
spider_376,ChatGPT,spider,,,
spider_377,ChatGPT,spider,,,
spider_378,ChatGPT,spider,,,
spider_379,ChatGPT,spider,,,
spider_380,ChatGPT,spider,,,
spider_381,ChatGPT,spider,,,
spider_382,ChatGPT,spider,,,
spider_383,ChatGPT,spider,,,
spider_384,ChatGPT,spider,,,
spider_385,ChatGPT,spider,,,
spider_386,ChatGPT,spider,,,
spider_387,ChatGPT,spider,,,
spider_388,ChatGPT,spider,,,
spider_389,ChatGPT,spider,,,
spider_390,ChatGPT,spider,,,
spider_391,ChatGPT,spider,,,
spider_392,ChatGPT,spider,,,
spider_393,ChatGPT,spider,,,
spider_394,ChatGPT,spider,,,
spider_395,ChatGPT,spider,,,
spider_396,ChatGPT,spider,,,
spider_397,ChatGPT,spider,,,
spider_398,ChatGPT,spider,,,
spider_399,ChatGPT,spider,,,
spider_400,ChatGPT,spider,,,
spider_401,ChatGPT,spider,,,
spider_402,ChatGPT,spider,,,
spider_403,ChatGPT,spider,,,
spider_404,ChatGPT,spider,,,
spider_405,ChatGPT,spider,,,
spider_406,ChatGPT,spider,,,
spider_407,ChatGPT,spider,,,
spider_408,ChatGPT,spider,,,
spider_409,ChatGPT,spider,,,
spider_410,ChatGPT,spider,,,
spider_411,ChatGPT,spider,,,
spider_412,ChatGPT,spider,,,
spider_413,ChatGPT,spider,,,
spider_414,ChatGPT,spider,,,
spider_415,ChatGPT,spider,,,
spider_416,ChatGPT,spider,,,
spider_417,ChatGPT,spider,,,
spider_418,ChatGPT,spider,,,
spider_419,ChatGPT,spider,,,
spider_420,ChatGPT,spider,,,
spider_421,ChatGPT,spider,,,
spider_422,ChatGPT,spider,,,
spider_423,ChatGPT,spider,,,
spider_424,ChatGPT,spider,,,
spider_425,ChatGPT,spider,,,
spider_426,ChatGPT,spider,,,
spider_427,ChatGPT,spider,,,
spider_428,ChatGPT,spider,,,
spider_429,ChatGPT,spider,,,
spider_430,ChatGPT,spider,,,
spider_431,ChatGPT,spider,,,
spider_432,ChatGPT,spider,,,
spider_433,ChatGPT,spider,,,
spider_434,ChatGPT,spider,,,
spider_435,ChatGPT,spider,,,
spider_436,ChatGPT,spider,,,
spider_437,ChatGPT,spider,,,
spider_438,ChatGPT,spider,,,
spider_439,ChatGPT,spider,,,
spider_440,ChatGPT,spider,,,
spider_441,ChatGPT,spider,,,
spider_442,ChatGPT,spider,,,
spider_443,ChatGPT,spider,,,
spider_444,ChatGPT,spider,,,
spider_445,ChatGPT,spider,,,
spider_446,ChatGPT,spider,,,
spider_447,ChatGPT,spider,,,
spider_448,ChatGPT,spider,,,
spider_449,ChatGPT,spider,,,
spider_450,ChatGPT,spider,,,
spider_451,ChatGPT,spider,,,
spider_452,ChatGPT,spider,,,
spider_453,ChatGPT,spider,,,
spider_454,ChatGPT,spider,,,
spider_455,ChatGPT,spider,,,
spider_456,ChatGPT,spider,,,
spider_457,ChatGPT,spider,,,
spider_458,ChatGPT,spider,,,
spider_459,ChatGPT,spider,,,
spider_460,ChatGPT,spider,,,
spider_461,ChatGPT,spider,,,
spider_462,ChatGPT,spider,,,
spider_463,ChatGPT,spider,,,
spider_464,ChatGPT,spider,,,
spider_465,ChatGPT,spider,,,
spider_466,ChatGPT,spider,,,
spider_467,ChatGPT,spider,,,
spider_468,ChatGPT,spider,,,
spider_469,ChatGPT,spider,,,
spider_470,ChatGPT,spider,,,
spider_471,ChatGPT,spider,,,
spider_472,ChatGPT,spider,,,
spider_473,ChatGPT,spider,,,
spider_474,ChatGPT,spider,,,
spider_475,ChatGPT,spider,,,
spider_476,ChatGPT,spider,,,
spider_477,ChatGPT,spider,,,
spider_478,ChatGPT,spider,,,
spider_479,ChatGPT,spider,,,
spider_480,ChatGPT,spider,,,
spider_481,ChatGPT,spider,,,
spider_482,ChatGPT,spider,,,
spider_483,ChatGPT,spider,,,
spider_484,ChatGPT,spider,,,
spider_485,ChatGPT,spider,,,
spider_486,ChatGPT,spider,,,
spider_487,ChatGPT,spider,,,
spider_488,ChatGPT,spider,,,
spider_489,ChatGPT,spider,,,
spider_490,ChatGPT,spider,,,
spider_491,ChatGPT,spider,,,
spider_492,ChatGPT,spider,,,
spider_493,ChatGPT,spider,,,
spider_494,ChatGPT,spider,,,
spider_495,ChatGPT,spider,,,
spider_496,ChatGPT,spider,,,
spider_497,ChatGPT,spider,,,
spider_498,ChatGPT,spider,,,
spider_499,ChatGPT,spider,,,
spider_500,ChatGPT,spider,,,
spider_501,ChatGPT,spider,,,
spider_502,ChatGPT,spider,,,
spider_503,ChatGPT,spider,,,
spider_504,ChatGPT,spider,,,
spider_505,ChatGPT,spider,,,
spider_506,ChatGPT,spider,,,
spider_507,ChatGPT,spider,,,
spider_508,ChatGPT,spider,,,
spider_509,ChatGPT,spider,,,
spider_510,ChatGPT,spider,,,
spider_511,ChatGPT,spider,,,
spider_512,ChatGPT,spider,,,
spider_513,ChatGPT,spider,,,
spider_514,ChatGPT,spider,,,
spider_515,ChatGPT,spider,,,
spider_516,ChatGPT,spider,,,
spider_517,ChatGPT,spider,,,
spider_518,ChatGPT,spider,,,
spider_519,ChatGPT,spider,,,
spider_520,ChatGPT,spider,,,
spider_521,ChatGPT,spider,,,
spider_522,ChatGPT,spider,,,
spider_523,ChatGPT,spider,,,
spider_524,ChatGPT,spider,,,
spider_525,ChatGPT,spider,,,
spider_526,ChatGPT,spider,,,
spider_527,ChatGPT,spider,,,
spider_528,ChatGPT,spider,,,
spider_529,ChatGPT,spider,,,
spider_530,ChatGPT,spider,,,
spider_531,ChatGPT,spider,,,
spider_532,ChatGPT,spider,,,
spider_533,ChatGPT,spider,,,
spider_534,ChatGPT,spider,,,
spider_535,ChatGPT,spider,,,
spider_536,ChatGPT,spider,,,
spider_537,ChatGPT,spider,,,
spider_538,ChatGPT,spider,,,
spider_539,ChatGPT,spider,,,
spider_540,ChatGPT,spider,,,
spider_541,ChatGPT,spider,,,
spider_542,ChatGPT,spider,,,
spider_543,ChatGPT,spider,,,
spider_544,ChatGPT,spider,,,
spider_545,ChatGPT,spider,,,
spider_546,ChatGPT,spider,,,
spider_547,ChatGPT,spider,,,
spider_548,ChatGPT,spider,,,
spider_549,ChatGPT,spider,,,
spider_550,ChatGPT,spider,,,
spider_551,ChatGPT,spider,,,
spider_552,ChatGPT,spider,,,
spider_553,ChatGPT,spider,,,
spider_554,ChatGPT,spider,,,
spider_555,ChatGPT,spider,,,
spider_556,ChatGPT,spider,,,
spider_557,ChatGPT,spider,,,
spider_558,ChatGPT,spider,,,
spider_559,ChatGPT,spider,,,
spider_560,ChatGPT,spider,,,
spider_561,ChatGPT,spider,,,
spider_562,ChatGPT,spider,,,
spider_563,ChatGPT,spider,,,
spider_564,ChatGPT,spider,,,
spider_565,ChatGPT,spider,,,
spider_566,ChatGPT,spider,,,
spider_567,ChatGPT,spider,,,
spider_568,ChatGPT,spider,,,
spider_569,ChatGPT,spider,,,
spider_570,ChatGPT,spider,,,
spider_571,ChatGPT,spider,,,
spider_572,ChatGPT,spider,,,
spider_573,ChatGPT,spider,,,
spider_574,ChatGPT,spider,,,
spider_575,ChatGPT,spider,,,
spider_576,ChatGPT,spider,,,
spider_577,ChatGPT,spider,,,
spider_578,ChatGPT,spider,,,
spider_579,ChatGPT,spider,,,
spider_580,ChatGPT,spider,,,
spider_581,ChatGPT,spider,,,
spider_582,ChatGPT,spider,,,
spider_583,ChatGPT,spider,,,
spider_584,ChatGPT,spider,,,
spider_585,ChatGPT,spider,,,
spider_586,ChatGPT,spider,,,
spider_587,ChatGPT,spider,,,
spider_588,ChatGPT,spider,,,
spider_589,ChatGPT,spider,,,
spider_590,ChatGPT,spider,,,
spider_591,ChatGPT,spider,,,
spider_592,ChatGPT,spider,,,
spider_593,ChatGPT,spider,,,
spider_594,ChatGPT,spider,,,
spider_595,ChatGPT,spider,,,
spider_596,ChatGPT,spider,,,
spider_597,ChatGPT,spider,,,
spider_598,ChatGPT,spider,,,
spider_599,ChatGPT,spider,,,
spider_600,ChatGPT,spider,,,
spider_601,ChatGPT,spider,,,
spider_602,ChatGPT,spider,,,
spider_603,ChatGPT,spider,,,
spider_604,ChatGPT,spider,,,
spider_605,ChatGPT,spider,,,
spider_606,ChatGPT,spider,,,
spider_607,ChatGPT,spider,,,
spider_608,ChatGPT,spider,,,
spider_609,ChatGPT,spider,,,
spider_610,ChatGPT,spider,,,
spider_611,ChatGPT,spider,,,
spider_612,ChatGPT,spider,,,
spider_613,ChatGPT,spider,,,
spider_614,ChatGPT,spider,,,
spider_615,ChatGPT,spider,,,
spider_616,ChatGPT,spider,,,
spider_617,ChatGPT,spider,,,
spider_618,ChatGPT,spider,,,
spider_619,ChatGPT,spider,,,
spider_620,ChatGPT,spider,,,
spider_621,ChatGPT,spider,,,
spider_622,ChatGPT,spider,,,
spider_623,ChatGPT,spider,,,
spider_624,ChatGPT,spider,,,
spider_625,ChatGPT,spider,,,
spider_626,ChatGPT,spider,,,
spider_627,ChatGPT,spider,,,
spider_628,ChatGPT,spider,,,
spider_629,ChatGPT,spider,,,
spider_630,ChatGPT,spider,,,
spider_631,ChatGPT,spider,,,
spider_632,ChatGPT,spider,,,
spider_633,ChatGPT,spider,,,
spider_634,ChatGPT,spider,,,
spider_635,ChatGPT,spider,,,
spider_636,ChatGPT,spider,,,
spider_637,ChatGPT,spider,,,
spider_638,ChatGPT,spider,,,
spider_639,ChatGPT,spider,,,
spider_640,ChatGPT,spider,,,
spider_641,ChatGPT,spider,,,
spider_642,ChatGPT,spider,,,
spider_643,ChatGPT,spider,,,
spider_644,ChatGPT,spider,,,
spider_645,ChatGPT,spider,,,
spider_646,ChatGPT,spider,,,
spider_647,ChatGPT,spider,,,
spider_648,ChatGPT,spider,,,
spider_649,ChatGPT,spider,,,
spider_650,ChatGPT,spider,,,
spider_651,ChatGPT,spider,,,
spider_652,ChatGPT,spider,,,
spider_653,ChatGPT,spider,,,
spider_654,ChatGPT,spider,,,
spider_655,ChatGPT,spider,,,
spider_656,ChatGPT,spider,,,
spider_657,ChatGPT,spider,,,
spider_658,ChatGPT,spider,,,
spider_659,ChatGPT,spider,,,
spider_660,ChatGPT,spider,,,
spider_661,ChatGPT,spider,,,
spider_662,ChatGPT,spider,,,
spider_663,ChatGPT,spider,,,
spider_664,ChatGPT,spider,,,
spider_665,ChatGPT,spider,,,
spider_666,ChatGPT,spider,,,
spider_667,ChatGPT,spider,,,
spider_668,ChatGPT,spider,,,
spider_669,ChatGPT,spider,,,
spider_670,ChatGPT,spider,,,
spider_671,ChatGPT,spider,,,
spider_672,ChatGPT,spider,,,
spider_673,ChatGPT,spider,,,
spider_674,ChatGPT,spider,,,
spider_675,ChatGPT,spider,,,
spider_676,ChatGPT,spider,,,
spider_677,ChatGPT,spider,,,
spider_678,ChatGPT,spider,,,
spider_679,ChatGPT,spider,,,
spider_680,ChatGPT,spider,,,
spider_681,ChatGPT,spider,,,
spider_682,ChatGPT,spider,,,
spider_683,ChatGPT,spider,,,
spider_684,ChatGPT,spider,,,
spider_685,ChatGPT,spider,,,
spider_686,ChatGPT,spider,,,
spider_687,ChatGPT,spider,,,
spider_688,ChatGPT,spider,,,
spider_689,ChatGPT,spider,,,
spider_690,ChatGPT,spider,,,
spider_691,ChatGPT,spider,,,
spider_692,ChatGPT,spider,,,
spider_693,ChatGPT,spider,,,
spider_694,ChatGPT,spider,,,
spider_695,ChatGPT,spider,,,
spider_696,ChatGPT,spider,,,
spider_697,ChatGPT,spider,,,
spider_698,ChatGPT,spider,,,
spider_699,ChatGPT,spider,,,
spider_700,ChatGPT,spider,,,
spider_701,ChatGPT,spider,,,
spider_702,ChatGPT,spider,,,
spider_703,ChatGPT,spider,,,
spider_704,ChatGPT,spider,,,
spider_705,ChatGPT,spider,,,
spider_706,ChatGPT,spider,,,
spider_707,ChatGPT,spider,,,
spider_708,ChatGPT,spider,,,
spider_709,ChatGPT,spider,,,
spider_710,ChatGPT,spider,,,
spider_711,ChatGPT,spider,,,
spider_712,ChatGPT,spider,,,
spider_713,ChatGPT,spider,,,
spider_714,ChatGPT,spider,,,
spider_715,ChatGPT,spider,,,
spider_716,ChatGPT,spider,,,
spider_717,ChatGPT,spider,,,
spider_718,ChatGPT,spider,,,
spider_719,ChatGPT,spider,,,
spider_720,ChatGPT,spider,,,
spider_721,ChatGPT,spider,,,
spider_722,ChatGPT,spider,,,
spider_723,ChatGPT,spider,,,
spider_724,ChatGPT,spider,,,
spider_725,ChatGPT,spider,,,
spider_726,ChatGPT,spider,,,
spider_727,ChatGPT,spider,,,
spider_728,ChatGPT,spider,,,
spider_729,ChatGPT,spider,,,
spider_730,ChatGPT,spider,,,
spider_731,ChatGPT,spider,,,
spider_732,ChatGPT,spider,,,
spider_733,ChatGPT,spider,,,
spider_734,ChatGPT,spider,,,
spider_735,ChatGPT,spider,,,
spider_736,ChatGPT,spider,,,
spider_737,ChatGPT,spider,,,
spider_738,ChatGPT,spider,,,
spider_739,ChatGPT,spider,,,
spider_740,ChatGPT,spider,,,
spider_741,ChatGPT,spider,,,
spider_742,ChatGPT,spider,,,
spider_743,ChatGPT,spider,,,
spider_744,ChatGPT,spider,,,
spider_745,ChatGPT,spider,,,
spider_746,ChatGPT,spider,,,
spider_747,ChatGPT,spider,,,
spider_748,ChatGPT,spider,,,
spider_749,ChatGPT,spider,,,
spider_750,ChatGPT,spider,,,
spider_751,ChatGPT,spider,,,
spider_752,ChatGPT,spider,,,
spider_753,ChatGPT,spider,,,
spider_754,ChatGPT,spider,,,
spider_755,ChatGPT,spider,,,
spider_756,ChatGPT,spider,,,
spider_757,ChatGPT,spider,,,
spider_758,ChatGPT,spider,,,
spider_759,ChatGPT,spider,,,
spider_760,ChatGPT,spider,,,
spider_761,ChatGPT,spider,,,
spider_762,ChatGPT,spider,,,
spider_763,ChatGPT,spider,,,
spider_764,ChatGPT,spider,,,
spider_765,ChatGPT,spider,,,
spider_766,ChatGPT,spider,,,
spider_767,ChatGPT,spider,,,
spider_768,ChatGPT,spider,,,
spider_769,ChatGPT,spider,,,
spider_770,ChatGPT,spider,,,
spider_771,ChatGPT,spider,,,
spider_772,ChatGPT,spider,,,
spider_773,ChatGPT,spider,,,
spider_774,ChatGPT,spider,,,
spider_775,ChatGPT,spider,,,
spider_776,ChatGPT,spider,,,
spider_777,ChatGPT,spider,,,
spider_778,ChatGPT,spider,,,
spider_779,ChatGPT,spider,,,
spider_780,ChatGPT,spider,,,
spider_781,ChatGPT,spider,,,
spider_782,ChatGPT,spider,,,
spider_783,ChatGPT,spider,,,
spider_784,ChatGPT,spider,,,
spider_785,ChatGPT,spider,,,
spider_786,ChatGPT,spider,,,
spider_787,ChatGPT,spider,,,
spider_788,ChatGPT,spider,,,
spider_789,ChatGPT,spider,,,
spider_790,ChatGPT,spider,,,
spider_791,ChatGPT,spider,,,
spider_792,ChatGPT,spider,,,
spider_793,ChatGPT,spider,,,
spider_794,ChatGPT,spider,,,
spider_795,ChatGPT,spider,,,
spider_796,ChatGPT,spider,,,
spider_797,ChatGPT,spider,,,
spider_798,ChatGPT,spider,,,
spider_799,ChatGPT,spider,,,
spider_800,ChatGPT,spider,,,
spider_801,ChatGPT,spider,,,
spider_802,ChatGPT,spider,,,
spider_803,ChatGPT,spider,,,
spider_804,ChatGPT,spider,,,
spider_805,ChatGPT,spider,,,
spider_806,ChatGPT,spider,,,
spider_807,ChatGPT,spider,,,
spider_808,ChatGPT,spider,,,
spider_809,ChatGPT,spider,,,
spider_810,ChatGPT,spider,,,
spider_811,ChatGPT,spider,,,
spider_812,ChatGPT,spider,,,
spider_813,ChatGPT,spider,,,
spider_814,ChatGPT,spider,,,
spider_815,ChatGPT,spider,,,
spider_816,ChatGPT,spider,,,
spider_817,ChatGPT,spider,,,
spider_818,ChatGPT,spider,,,
spider_819,ChatGPT,spider,,,
spider_820,ChatGPT,spider,,,
spider_821,ChatGPT,spider,,,
spider_822,ChatGPT,spider,,,
spider_823,ChatGPT,spider,,,
spider_824,ChatGPT,spider,,,
spider_825,ChatGPT,spider,,,
spider_826,ChatGPT,spider,,,
spider_827,ChatGPT,spider,,,
spider_828,ChatGPT,spider,,,
spider_829,ChatGPT,spider,,,
spider_830,ChatGPT,spider,,,
spider_831,ChatGPT,spider,,,
spider_832,ChatGPT,spider,,,
spider_833,ChatGPT,spider,,,
spider_834,ChatGPT,spider,,,
spider_835,ChatGPT,spider,,,
spider_836,ChatGPT,spider,,,
spider_837,ChatGPT,spider,,,
spider_838,ChatGPT,spider,,,
spider_839,ChatGPT,spider,,,
spider_840,ChatGPT,spider,,,
spider_841,ChatGPT,spider,,,
spider_842,ChatGPT,spider,,,
spider_843,ChatGPT,spider,,,
spider_844,ChatGPT,spider,,,
spider_845,ChatGPT,spider,,,
spider_846,ChatGPT,spider,,,
spider_847,ChatGPT,spider,,,
spider_848,ChatGPT,spider,,,
spider_849,ChatGPT,spider,,,
spider_850,ChatGPT,spider,,,
spider_851,ChatGPT,spider,,,
spider_852,ChatGPT,spider,,,
spider_853,ChatGPT,spider,,,
spider_854,ChatGPT,spider,,,
spider_855,ChatGPT,spider,,,
spider_856,ChatGPT,spider,,,
spider_857,ChatGPT,spider,,,
spider_858,ChatGPT,spider,,,
spider_859,ChatGPT,spider,,,
spider_860,ChatGPT,spider,,,
spider_861,ChatGPT,spider,,,
spider_862,ChatGPT,spider,,,
spider_863,ChatGPT,spider,,,
spider_864,ChatGPT,spider,,,
spider_865,ChatGPT,spider,,,
spider_866,ChatGPT,spider,,,
spider_867,ChatGPT,spider,,,
spider_868,ChatGPT,spider,,,
spider_869,ChatGPT,spider,,,
spider_870,ChatGPT,spider,,,
spider_871,ChatGPT,spider,,,
spider_872,ChatGPT,spider,,,
spider_873,ChatGPT,spider,,,
spider_874,ChatGPT,spider,,,
spider_875,ChatGPT,spider,,,
spider_876,ChatGPT,spider,,,
spider_877,ChatGPT,spider,,,
spider_878,ChatGPT,spider,,,
spider_879,ChatGPT,spider,,,
spider_880,ChatGPT,spider,,,
spider_881,ChatGPT,spider,,,
spider_882,ChatGPT,spider,,,
spider_883,ChatGPT,spider,,,
spider_884,ChatGPT,spider,,,
spider_885,ChatGPT,spider,,,
spider_886,ChatGPT,spider,,,
spider_887,ChatGPT,spider,,,
spider_888,ChatGPT,spider,,,
spider_889,ChatGPT,spider,,,
spider_890,ChatGPT,spider,,,
spider_891,ChatGPT,spider,,,
spider_892,ChatGPT,spider,,,
spider_893,ChatGPT,spider,,,
spider_894,ChatGPT,spider,,,
spider_895,ChatGPT,spider,,,
spider_896,ChatGPT,spider,,,
spider_897,ChatGPT,spider,,,
spider_898,ChatGPT,spider,,,
spider_899,ChatGPT,spider,,,
spider_900,ChatGPT,spider,,,
spider_901,ChatGPT,spider,,,
spider_902,ChatGPT,spider,,,
spider_903,ChatGPT,spider,,,
spider_904,ChatGPT,spider,,,
spider_905,ChatGPT,spider,,,
spider_906,ChatGPT,spider,,,
spider_907,ChatGPT,spider,,,
spider_908,ChatGPT,spider,,,
spider_909,ChatGPT,spider,,,
spider_910,ChatGPT,spider,,,
spider_911,ChatGPT,spider,,,
spider_912,ChatGPT,spider,,,
spider_913,ChatGPT,spider,,,
spider_914,ChatGPT,spider,,,
spider_915,ChatGPT,spider,,,
spider_916,ChatGPT,spider,,,
spider_917,ChatGPT,spider,,,
spider_918,ChatGPT,spider,,,
spider_919,ChatGPT,spider,,,
spider_920,ChatGPT,spider,,,
spider_921,ChatGPT,spider,,,
spider_922,ChatGPT,spider,,,
spider_923,ChatGPT,spider,,,
spider_924,ChatGPT,spider,,,
spider_925,ChatGPT,spider,,,
spider_926,ChatGPT,spider,,,
spider_927,ChatGPT,spider,,,
spider_928,ChatGPT,spider,,,
spider_929,ChatGPT,spider,,,
spider_930,ChatGPT,spider,,,
spider_931,ChatGPT,spider,,,
spider_932,ChatGPT,spider,,,
spider_933,ChatGPT,spider,,,
spider_934,ChatGPT,spider,,,
spider_935,ChatGPT,spider,,,
spider_936,ChatGPT,spider,,,
spider_937,ChatGPT,spider,,,
spider_938,ChatGPT,spider,,,
spider_939,ChatGPT,spider,,,
spider_940,ChatGPT,spider,,,
spider_941,ChatGPT,spider,,,
spider_942,ChatGPT,spider,,,
spider_943,ChatGPT,spider,,,
spider_944,ChatGPT,spider,,,
spider_945,ChatGPT,spider,,,
spider_946,ChatGPT,spider,,,
spider_947,ChatGPT,spider,,,
spider_948,ChatGPT,spider,,,
spider_949,ChatGPT,spider,,,
spider_950,ChatGPT,spider,,,
spider_951,ChatGPT,spider,,,
spider_952,ChatGPT,spider,,,
spider_953,ChatGPT,spider,,,
spider_954,ChatGPT,spider,,,
spider_955,ChatGPT,spider,,,
spider_956,ChatGPT,spider,,,
spider_957,ChatGPT,spider,,,
spider_958,ChatGPT,spider,,,
spider_959,ChatGPT,spider,,,
spider_960,ChatGPT,spider,,,
spider_961,ChatGPT,spider,,,
spider_962,ChatGPT,spider,,,
spider_963,ChatGPT,spider,,,
spider_964,ChatGPT,spider,,,
spider_965,ChatGPT,spider,,,
spider_966,ChatGPT,spider,,,
spider_967,ChatGPT,spider,,,
spider_968,ChatGPT,spider,,,
spider_969,ChatGPT,spider,,,
spider_970,ChatGPT,spider,,,
spider_971,ChatGPT,spider,,,
spider_972,ChatGPT,spider,,,
spider_973,ChatGPT,spider,,,
spider_974,ChatGPT,spider,,,
spider_975,ChatGPT,spider,,,
spider_976,ChatGPT,spider,,,
spider_977,ChatGPT,spider,,,
spider_978,ChatGPT,spider,,,
spider_979,ChatGPT,spider,,,
spider_980,ChatGPT,spider,,,
spider_981,ChatGPT,spider,,,
spider_982,ChatGPT,spider,,,
spider_983,ChatGPT,spider,,,
spider_984,ChatGPT,spider,,,
spider_985,ChatGPT,spider,,,
spider_986,ChatGPT,spider,,,
spider_987,ChatGPT,spider,,,
spider_988,ChatGPT,spider,,,
spider_989,ChatGPT,spider,,,
spider_990,ChatGPT,spider,,,
spider_991,ChatGPT,spider,,,
spider_992,ChatGPT,spider,,,
spider_993,ChatGPT,spider,,,
spider_994,ChatGPT,spider,,,
spider_995,ChatGPT,spider,,,
spider_996,ChatGPT,spider,,,
spider_997,ChatGPT,spider,,,
spider_998,ChatGPT,spider,,,
spider_999,ChatGPT,spider,,,
spider_1000,ChatGPT,spider,,,
spider_1001,ChatGPT,spider,,,
spider_1002,ChatGPT,spider,,,
spider_1003,ChatGPT,spider,,,
spider_1004,ChatGPT,spider,,,
spider_1005,ChatGPT,spider,,,
spider_1006,ChatGPT,spider,,,
spider_1007,ChatGPT,spider,,,
spider_1008,ChatGPT,spider,,,
spider_1009,ChatGPT,spider,,,
spider_1010,ChatGPT,spider,,,
spider_1011,ChatGPT,spider,,,
spider_1012,ChatGPT,spider,,,
spider_1013,ChatGPT,spider,,,
spider_1014,ChatGPT,spider,,,
spider_1015,ChatGPT,spider,,,
spider_1016,ChatGPT,spider,,,
spider_1017,ChatGPT,spider,,,
spider_1018,ChatGPT,spider,,,
spider_1019,ChatGPT,spider,,,
spider_1020,ChatGPT,spider,,,
spider_1021,ChatGPT,spider,,,
spider_1022,ChatGPT,spider,,,
spider_1023,ChatGPT,spider,,,
spider_1024,ChatGPT,spider,,,
spider_1025,ChatGPT,spider,,,
spider_1026,ChatGPT,spider,,,
spider_1027,ChatGPT,spider,,,
spider_1028,ChatGPT,spider,,,
spider_1029,ChatGPT,spider,,,
spider_1030,ChatGPT,spider,,,
spider_1031,ChatGPT,spider,,,
spider_1032,ChatGPT,spider,,,
spider_1033,ChatGPT,spider,,,
bird_0,Claude,bird,,,
bird_1,Claude,bird,,,
bird_2,Claude,bird,,,
bird_3,Claude,bird,,,
bird_4,Claude,bird,,,
bird_5,Claude,bird,,,
bird_6,Claude,bird,,,
bird_7,Claude,bird,,,
bird_8,Claude,bird,,,
bird_9,Claude,bird,,,
bird_10,Claude,bird,,,
bird_11,Claude,bird,,,
bird_12,Claude,bird,,,
bird_13,Claude,bird,,,
bird_14,Claude,bird,,,
bird_15,Claude,bird,,,
bird_16,Claude,bird,,,
bird_17,Claude,bird,,,
bird_18,Claude,bird,,,
bird_19,Claude,bird,,,
bird_20,Claude,bird,,,
bird_21,Claude,bird,,,
bird_22,Claude,bird,,,
bird_23,Claude,bird,,,
bird_24,Claude,bird,,,
bird_25,Claude,bird,,,
bird_26,Claude,bird,,,
bird_27,Claude,bird,,,
bird_28,Claude,bird,,,
bird_29,Claude,bird,,,
bird_30,Claude,bird,,,
bird_31,Claude,bird,,,
bird_32,Claude,bird,,,
bird_33,Claude,bird,,,
bird_34,Claude,bird,,,
bird_35,Claude,bird,,,
bird_36,Claude,bird,,,
bird_37,Claude,bird,,,
bird_38,Claude,bird,,,
bird_39,Claude,bird,,,
bird_40,Claude,bird,,,
bird_41,Claude,bird,,,
bird_42,Claude,bird,,,
bird_43,Claude,bird,,,
bird_44,Claude,bird,,,
bird_45,Claude,bird,,,
bird_46,Claude,bird,,,
bird_47,Claude,bird,,,
bird_48,Claude,bird,,,
bird_49,Claude,bird,,,
bird_50,Claude,bird,,,
bird_51,Claude,bird,,,
bird_52,Claude,bird,,,
bird_53,Claude,bird,,,
bird_54,Claude,bird,,,
bird_55,Claude,bird,,,
bird_56,Claude,bird,,,
bird_57,Claude,bird,,,
bird_58,Claude,bird,,,
bird_59,Claude,bird,,,
bird_60,Claude,bird,,,
bird_61,Claude,bird,,,
bird_62,Claude,bird,,,
bird_63,Claude,bird,,,
bird_64,Claude,bird,,,
bird_65,Claude,bird,,,
bird_66,Claude,bird,,,
bird_67,Claude,bird,,,
bird_68,Claude,bird,,,
bird_69,Claude,bird,,,
bird_70,Claude,bird,,,
bird_71,Claude,bird,,,
bird_72,Claude,bird,,,
bird_73,Claude,bird,,,
bird_74,Claude,bird,,,
bird_75,Claude,bird,,,
bird_76,Claude,bird,,,
bird_77,Claude,bird,,,
bird_78,Claude,bird,,,
bird_79,Claude,bird,,,
bird_80,Claude,bird,,,
bird_81,Claude,bird,,,
bird_82,Claude,bird,,,
bird_83,Claude,bird,,,
bird_84,Claude,bird,,,
bird_85,Claude,bird,,,
bird_86,Claude,bird,,,
bird_87,Claude,bird,,,
bird_88,Claude,bird,,,
bird_89,Claude,bird,,,
bird_90,Claude,bird,,,
bird_91,Claude,bird,,,
bird_92,Claude,bird,,,
bird_93,Claude,bird,,,
bird_94,Claude,bird,,,
bird_95,Claude,bird,,,
bird_96,Claude,bird,,,
bird_97,Claude,bird,,,
bird_98,Claude,bird,,,
bird_99,Claude,bird,,,
bird_100,Claude,bird,,,
bird_101,Claude,bird,,,
bird_102,Claude,bird,,,
bird_103,Claude,bird,,,
bird_104,Claude,bird,,,
bird_105,Claude,bird,,,
bird_106,Claude,bird,,,
bird_107,Claude,bird,,,
bird_108,Claude,bird,,,
bird_109,Claude,bird,,,
bird_110,Claude,bird,,,
bird_111,Claude,bird,,,
bird_112,Claude,bird,,,
bird_113,Claude,bird,,,
bird_114,Claude,bird,,,
bird_115,Claude,bird,,,
bird_116,Claude,bird,,,
bird_117,Claude,bird,,,
bird_118,Claude,bird,,,
bird_119,Claude,bird,,,
bird_120,Claude,bird,,,
bird_121,Claude,bird,,,
bird_122,Claude,bird,,,
bird_123,Claude,bird,,,
bird_124,Claude,bird,,,
bird_125,Claude,bird,,,
bird_126,Claude,bird,,,
bird_127,Claude,bird,,,
bird_128,Claude,bird,,,
bird_129,Claude,bird,,,
bird_130,Claude,bird,,,
bird_131,Claude,bird,,,
bird_132,Claude,bird,,,
bird_133,Claude,bird,,,
bird_134,Claude,bird,,,
bird_135,Claude,bird,,,
bird_136,Claude,bird,,,
bird_137,Claude,bird,,,
bird_138,Claude,bird,,,
bird_139,Claude,bird,,,
bird_140,Claude,bird,,,
bird_141,Claude,bird,,,
bird_142,Claude,bird,,,
bird_143,Claude,bird,,,
bird_144,Claude,bird,,,
bird_145,Claude,bird,,,
bird_146,Claude,bird,,,
bird_147,Claude,bird,,,
bird_148,Claude,bird,,,
bird_149,Claude,bird,,,
bird_150,Claude,bird,,,
bird_151,Claude,bird,,,
bird_152,Claude,bird,,,
bird_153,Claude,bird,,,
bird_154,Claude,bird,,,
bird_155,Claude,bird,,,
bird_156,Claude,bird,,,
bird_157,Claude,bird,,,
bird_158,Claude,bird,,,
bird_159,Claude,bird,,,
bird_160,Claude,bird,,,
bird_161,Claude,bird,,,
bird_162,Claude,bird,,,
bird_163,Claude,bird,,,
bird_164,Claude,bird,,,
bird_165,Claude,bird,,,
bird_166,Claude,bird,,,
bird_167,Claude,bird,,,
bird_168,Claude,bird,,,
bird_169,Claude,bird,,,
bird_170,Claude,bird,,,
bird_171,Claude,bird,,,
bird_172,Claude,bird,,,
bird_173,Claude,bird,,,
bird_174,Claude,bird,,,
bird_175,Claude,bird,,,
bird_176,Claude,bird,,,
bird_177,Claude,bird,,,
bird_178,Claude,bird,,,
bird_179,Claude,bird,,,
bird_180,Claude,bird,,,
bird_181,Claude,bird,,,
bird_182,Claude,bird,,,
bird_183,Claude,bird,,,
bird_184,Claude,bird,,,
bird_185,Claude,bird,,,
bird_186,Claude,bird,,,
bird_187,Claude,bird,,,
bird_188,Claude,bird,,,
bird_189,Claude,bird,,,
bird_190,Claude,bird,,,
bird_191,Claude,bird,,,
bird_192,Claude,bird,,,
bird_193,Claude,bird,,,
bird_194,Claude,bird,,,
bird_195,Claude,bird,,,
bird_196,Claude,bird,,,
bird_197,Claude,bird,,,
bird_198,Claude,bird,,,
bird_199,Claude,bird,,,
bird_200,Claude,bird,,,
bird_201,Claude,bird,,,
bird_202,Claude,bird,,,
bird_203,Claude,bird,,,
bird_204,Claude,bird,,,
bird_205,Claude,bird,,,
bird_206,Claude,bird,,,
bird_207,Claude,bird,,,
bird_208,Claude,bird,,,
bird_209,Claude,bird,,,
bird_210,Claude,bird,,,
bird_211,Claude,bird,,,
bird_212,Claude,bird,,,
bird_213,Claude,bird,,,
bird_214,Claude,bird,,,
bird_215,Claude,bird,,,
bird_216,Claude,bird,,,
bird_217,Claude,bird,,,
bird_218,Claude,bird,,,
bird_219,Claude,bird,,,
bird_220,Claude,bird,,,
bird_221,Claude,bird,,,
bird_222,Claude,bird,,,
bird_223,Claude,bird,,,
bird_224,Claude,bird,,,
bird_225,Claude,bird,,,
bird_226,Claude,bird,,,
bird_227,Claude,bird,,,
bird_228,Claude,bird,,,
bird_229,Claude,bird,,,
bird_230,Claude,bird,,,
bird_231,Claude,bird,,,
bird_232,Claude,bird,,,
bird_233,Claude,bird,,,
bird_234,Claude,bird,,,
bird_235,Claude,bird,,,
bird_236,Claude,bird,,,
bird_237,Claude,bird,,,
bird_238,Claude,bird,,,
bird_239,Claude,bird,,,
bird_240,Claude,bird,,,
bird_241,Claude,bird,,,
bird_242,Claude,bird,,,
bird_243,Claude,bird,,,
bird_244,Claude,bird,,,
bird_245,Claude,bird,,,
bird_246,Claude,bird,,,
bird_247,Claude,bird,,,
bird_248,Claude,bird,,,
bird_249,Claude,bird,,,
bird_250,Claude,bird,,,
bird_251,Claude,bird,,,
bird_252,Claude,bird,,,
bird_253,Claude,bird,,,
bird_254,Claude,bird,,,
bird_255,Claude,bird,,,
bird_256,Claude,bird,,,
bird_257,Claude,bird,,,
bird_258,Claude,bird,,,
bird_259,Claude,bird,,,
bird_260,Claude,bird,,,
bird_261,Claude,bird,,,
bird_262,Claude,bird,,,
bird_263,Claude,bird,,,
bird_264,Claude,bird,,,
bird_265,Claude,bird,,,
bird_266,Claude,bird,,,
bird_267,Claude,bird,,,
bird_268,Claude,bird,,,
bird_269,Claude,bird,,,
bird_270,Claude,bird,,,
bird_271,Claude,bird,,,
bird_272,Claude,bird,,,
bird_273,Claude,bird,,,
bird_274,Claude,bird,,,
bird_275,Claude,bird,,,
bird_276,Claude,bird,,,
bird_277,Claude,bird,,,
bird_278,Claude,bird,,,
bird_279,Claude,bird,,,
bird_280,Claude,bird,,,
bird_281,Claude,bird,,,
bird_282,Claude,bird,,,
bird_283,Claude,bird,,,
bird_284,Claude,bird,,,
bird_285,Claude,bird,,,
bird_286,Claude,bird,,,
bird_287,Claude,bird,,,
bird_288,Claude,bird,,,
bird_289,Claude,bird,,,
bird_290,Claude,bird,,,
bird_291,Claude,bird,,,
bird_292,Claude,bird,,,
bird_293,Claude,bird,,,
bird_294,Claude,bird,,,
bird_295,Claude,bird,,,
bird_296,Claude,bird,,,
bird_297,Claude,bird,,,
bird_298,Claude,bird,,,
bird_299,Claude,bird,,,
bird_300,Claude,bird,,,
bird_301,Claude,bird,,,
bird_302,Claude,bird,,,
bird_303,Claude,bird,,,
bird_304,Claude,bird,,,
bird_305,Claude,bird,,,
bird_306,Claude,bird,,,
bird_307,Claude,bird,,,
bird_308,Claude,bird,,,
bird_309,Claude,bird,,,
bird_310,Claude,bird,,,
bird_311,Claude,bird,,,
bird_312,Claude,bird,,,
bird_313,Claude,bird,,,
bird_314,Claude,bird,,,
bird_315,Claude,bird,,,
bird_316,Claude,bird,,,
bird_317,Claude,bird,,,
bird_318,Claude,bird,,,
bird_319,Claude,bird,,,
bird_320,Claude,bird,,,
bird_321,Claude,bird,,,
bird_322,Claude,bird,,,
bird_323,Claude,bird,,,
bird_324,Claude,bird,,,
bird_325,Claude,bird,,,
bird_326,Claude,bird,,,
bird_327,Claude,bird,,,
bird_328,Claude,bird,,,
bird_329,Claude,bird,,,
bird_330,Claude,bird,,,
bird_331,Claude,bird,,,
bird_332,Claude,bird,,,
bird_333,Claude,bird,,,
bird_334,Claude,bird,,,
bird_335,Claude,bird,,,
bird_336,Claude,bird,,,
bird_337,Claude,bird,,,
bird_338,Claude,bird,,,
bird_339,Claude,bird,,,
bird_340,Claude,bird,,,
bird_341,Claude,bird,,,
bird_342,Claude,bird,,,
bird_343,Claude,bird,,,
bird_344,Claude,bird,,,
bird_345,Claude,bird,,,
bird_346,Claude,bird,,,
bird_347,Claude,bird,,,
bird_348,Claude,bird,,,
bird_349,Claude,bird,,,
bird_350,Claude,bird,,,
bird_351,Claude,bird,,,
bird_352,Claude,bird,,,
bird_353,Claude,bird,,,
bird_354,Claude,bird,,,
bird_355,Claude,bird,,,
bird_356,Claude,bird,,,
bird_357,Claude,bird,,,
bird_358,Claude,bird,,,
bird_359,Claude,bird,,,
bird_360,Claude,bird,,,
bird_361,Claude,bird,,,
bird_362,Claude,bird,,,
bird_363,Claude,bird,,,
bird_364,Claude,bird,,,
bird_365,Claude,bird,,,
bird_366,Claude,bird,,,
bird_367,Claude,bird,,,
bird_368,Claude,bird,,,
bird_369,Claude,bird,,,
bird_370,Claude,bird,,,
bird_371,Claude,bird,,,
bird_372,Claude,bird,,,
bird_373,Claude,bird,,,
bird_374,Claude,bird,,,
bird_375,Claude,bird,,,
bird_376,Claude,bird,,,
bird_377,Claude,bird,,,
bird_378,Claude,bird,,,
bird_379,Claude,bird,,,
bird_380,Claude,bird,,,
bird_381,Claude,bird,,,
bird_382,Claude,bird,,,
bird_383,Claude,bird,,,
bird_384,Claude,bird,,,
bird_385,Claude,bird,,,
bird_386,Claude,bird,,,
bird_387,Claude,bird,,,
bird_388,Claude,bird,,,
bird_389,Claude,bird,,,
bird_390,Claude,bird,,,
bird_391,Claude,bird,,,
bird_392,Claude,bird,,,
bird_393,Claude,bird,,,
bird_394,Claude,bird,,,
bird_395,Claude,bird,,,
bird_396,Claude,bird,,,
bird_397,Claude,bird,,,
bird_398,Claude,bird,,,
bird_399,Claude,bird,,,
bird_400,Claude,bird,,,
bird_401,Claude,bird,,,
bird_402,Claude,bird,,,
bird_403,Claude,bird,,,
bird_404,Claude,bird,,,
bird_405,Claude,bird,,,
bird_406,Claude,bird,,,
bird_407,Claude,bird,,,
bird_408,Claude,bird,,,
bird_409,Claude,bird,,,
bird_410,Claude,bird,,,
bird_411,Claude,bird,,,
bird_412,Claude,bird,,,
bird_413,Claude,bird,,,
bird_414,Claude,bird,,,
bird_415,Claude,bird,,,
bird_416,Claude,bird,,,
bird_417,Claude,bird,,,
bird_418,Claude,bird,,,
bird_419,Claude,bird,,,
bird_420,Claude,bird,,,
bird_421,Claude,bird,,,
bird_422,Claude,bird,,,
bird_423,Claude,bird,,,
bird_424,Claude,bird,,,
bird_425,Claude,bird,,,
bird_426,Claude,bird,,,
bird_427,Claude,bird,,,
bird_428,Claude,bird,,,
bird_429,Claude,bird,,,
bird_430,Claude,bird,,,
bird_431,Claude,bird,,,
bird_432,Claude,bird,,,
bird_433,Claude,bird,,,
bird_434,Claude,bird,,,
bird_435,Claude,bird,,,
bird_436,Claude,bird,,,
bird_437,Claude,bird,,,
bird_438,Claude,bird,,,
bird_439,Claude,bird,,,
bird_440,Claude,bird,,,
bird_441,Claude,bird,,,
bird_442,Claude,bird,,,
bird_443,Claude,bird,,,
bird_444,Claude,bird,,,
bird_445,Claude,bird,,,
bird_446,Claude,bird,,,
bird_447,Claude,bird,,,
bird_448,Claude,bird,,,
bird_449,Claude,bird,,,
bird_450,Claude,bird,,,
bird_451,Claude,bird,,,
bird_452,Claude,bird,,,
bird_453,Claude,bird,,,
bird_454,Claude,bird,,,
bird_455,Claude,bird,,,
bird_456,Claude,bird,,,
bird_457,Claude,bird,,,
bird_458,Claude,bird,,,
bird_459,Claude,bird,,,
bird_460,Claude,bird,,,
bird_461,Claude,bird,,,
bird_462,Claude,bird,,,
bird_463,Claude,bird,,,
bird_464,Claude,bird,,,
bird_465,Claude,bird,,,
bird_466,Claude,bird,,,
bird_467,Claude,bird,,,
bird_468,Claude,bird,,,
bird_469,Claude,bird,,,
bird_470,Claude,bird,,,
bird_471,Claude,bird,,,
bird_472,Claude,bird,,,
bird_473,Claude,bird,,,
bird_474,Claude,bird,,,
bird_475,Claude,bird,,,
bird_476,Claude,bird,,,
bird_477,Claude,bird,,,
bird_478,Claude,bird,,,
bird_479,Claude,bird,,,
bird_480,Claude,bird,,,
bird_481,Claude,bird,,,
bird_482,Claude,bird,,,
bird_483,Claude,bird,,,
bird_484,Claude,bird,,,
bird_485,Claude,bird,,,
bird_486,Claude,bird,,,
bird_487,Claude,bird,,,
bird_488,Claude,bird,,,
bird_489,Claude,bird,,,
bird_490,Claude,bird,,,
bird_491,Claude,bird,,,
bird_492,Claude,bird,,,
bird_493,Claude,bird,,,
bird_494,Claude,bird,,,
bird_495,Claude,bird,,,
bird_496,Claude,bird,,,
bird_497,Claude,bird,,,
bird_498,Claude,bird,,,
bird_499,Claude,bird,,,
bird_500,Claude,bird,,,
bird_501,Claude,bird,,,
bird_502,Claude,bird,,,
bird_503,Claude,bird,,,
bird_504,Claude,bird,,,
bird_505,Claude,bird,,,
bird_506,Claude,bird,,,
bird_507,Claude,bird,,,
bird_508,Claude,bird,,,
bird_509,Claude,bird,,,
bird_510,Claude,bird,,,
bird_511,Claude,bird,,,
bird_512,Claude,bird,,,
bird_513,Claude,bird,,,
bird_514,Claude,bird,,,
bird_515,Claude,bird,,,
bird_516,Claude,bird,,,
bird_517,Claude,bird,,,
bird_518,Claude,bird,,,
bird_519,Claude,bird,,,
bird_520,Claude,bird,,,
bird_521,Claude,bird,,,
bird_522,Claude,bird,,,
bird_523,Claude,bird,,,
bird_524,Claude,bird,,,
bird_525,Claude,bird,,,
bird_526,Claude,bird,,,
bird_527,Claude,bird,,,
bird_528,Claude,bird,,,
bird_529,Claude,bird,,,
bird_530,Claude,bird,,,
bird_531,Claude,bird,,,
bird_532,Claude,bird,,,
bird_533,Claude,bird,,,
bird_534,Claude,bird,,,
bird_535,Claude,bird,,,
bird_536,Claude,bird,,,
bird_537,Claude,bird,,,
bird_538,Claude,bird,,,
bird_539,Claude,bird,,,
bird_540,Claude,bird,,,
bird_541,Claude,bird,,,
bird_542,Claude,bird,,,
bird_543,Claude,bird,,,
bird_544,Claude,bird,,,
bird_545,Claude,bird,,,
bird_546,Claude,bird,,,
bird_547,Claude,bird,,,
bird_548,Claude,bird,,,
bird_549,Claude,bird,,,
bird_550,Claude,bird,,,
bird_551,Claude,bird,,,
bird_552,Claude,bird,,,
bird_553,Claude,bird,,,
bird_554,Claude,bird,,,
bird_555,Claude,bird,,,
bird_556,Claude,bird,,,
bird_557,Claude,bird,,,
bird_558,Claude,bird,,,
bird_559,Claude,bird,,,
bird_560,Claude,bird,,,
bird_561,Claude,bird,,,
bird_562,Claude,bird,,,
bird_563,Claude,bird,,,
bird_564,Claude,bird,,,
bird_565,Claude,bird,,,
bird_566,Claude,bird,,,
bird_567,Claude,bird,,,
bird_568,Claude,bird,,,
bird_569,Claude,bird,,,
bird_570,Claude,bird,,,
bird_571,Claude,bird,,,
bird_572,Claude,bird,,,
bird_573,Claude,bird,,,
bird_574,Claude,bird,,,
bird_575,Claude,bird,,,
bird_576,Claude,bird,,,
bird_577,Claude,bird,,,
bird_578,Claude,bird,,,
bird_579,Claude,bird,,,
bird_580,Claude,bird,,,
bird_581,Claude,bird,,,
bird_582,Claude,bird,,,
bird_583,Claude,bird,,,
bird_584,Claude,bird,,,
bird_585,Claude,bird,,,
bird_586,Claude,bird,,,
bird_587,Claude,bird,,,
bird_588,Claude,bird,,,
bird_589,Claude,bird,,,
bird_590,Claude,bird,,,
bird_591,Claude,bird,,,
bird_592,Claude,bird,,,
bird_593,Claude,bird,,,
bird_594,Claude,bird,,,
bird_595,Claude,bird,,,
bird_596,Claude,bird,,,
bird_597,Claude,bird,,,
bird_598,Claude,bird,,,
bird_599,Claude,bird,,,
bird_600,Claude,bird,,,
bird_601,Claude,bird,,,
bird_602,Claude,bird,,,
bird_603,Claude,bird,,,
bird_604,Claude,bird,,,
bird_605,Claude,bird,,,
bird_606,Claude,bird,,,
bird_607,Claude,bird,,,
bird_608,Claude,bird,,,
bird_609,Claude,bird,,,
bird_610,Claude,bird,,,
bird_611,Claude,bird,,,
bird_612,Claude,bird,,,
bird_613,Claude,bird,,,
bird_614,Claude,bird,,,
bird_615,Claude,bird,,,
bird_616,Claude,bird,,,
bird_617,Claude,bird,,,
bird_618,Claude,bird,,,
bird_619,Claude,bird,,,
bird_620,Claude,bird,,,
bird_621,Claude,bird,,,
bird_622,Claude,bird,,,
bird_623,Claude,bird,,,
bird_624,Claude,bird,,,
bird_625,Claude,bird,,,
bird_626,Claude,bird,,,
bird_627,Claude,bird,,,
bird_628,Claude,bird,,,
bird_629,Claude,bird,,,
bird_630,Claude,bird,,,
bird_631,Claude,bird,,,
bird_632,Claude,bird,,,
bird_633,Claude,bird,,,
bird_634,Claude,bird,,,
bird_635,Claude,bird,,,
bird_636,Claude,bird,,,
bird_637,Claude,bird,,,
bird_638,Claude,bird,,,
bird_639,Claude,bird,,,
bird_640,Claude,bird,,,
bird_641,Claude,bird,,,
bird_642,Claude,bird,,,
bird_643,Claude,bird,,,
bird_644,Claude,bird,,,
bird_645,Claude,bird,,,
bird_646,Claude,bird,,,
bird_647,Claude,bird,,,
bird_648,Claude,bird,,,
bird_649,Claude,bird,,,
bird_650,Claude,bird,,,
bird_651,Claude,bird,,,
bird_652,Claude,bird,,,
bird_653,Claude,bird,,,
bird_654,Claude,bird,,,
bird_655,Claude,bird,,,
bird_656,Claude,bird,,,
bird_657,Claude,bird,,,
bird_658,Claude,bird,,,
bird_659,Claude,bird,,,
bird_660,Claude,bird,,,
bird_661,Claude,bird,,,
bird_662,Claude,bird,,,
bird_663,Claude,bird,,,
bird_664,Claude,bird,,,
bird_665,Claude,bird,,,
bird_666,Claude,bird,,,
bird_667,Claude,bird,,,
bird_668,Claude,bird,,,
bird_669,Claude,bird,,,
bird_670,Claude,bird,,,
bird_671,Claude,bird,,,
bird_672,Claude,bird,,,
bird_673,Claude,bird,,,
bird_674,Claude,bird,,,
bird_675,Claude,bird,,,
bird_676,Claude,bird,,,
bird_677,Claude,bird,,,
bird_678,Claude,bird,,,
bird_679,Claude,bird,,,
bird_680,Claude,bird,,,
bird_681,Claude,bird,,,
bird_682,Claude,bird,,,
bird_683,Claude,bird,,,
bird_684,Claude,bird,,,
bird_685,Claude,bird,,,
bird_686,Claude,bird,,,
bird_687,Claude,bird,,,
bird_688,Claude,bird,,,
bird_689,Claude,bird,,,
bird_690,Claude,bird,,,
bird_691,Claude,bird,,,
bird_692,Claude,bird,,,
bird_693,Claude,bird,,,
bird_694,Claude,bird,,,
bird_695,Claude,bird,,,
bird_696,Claude,bird,,,
bird_697,Claude,bird,,,
bird_698,Claude,bird,,,
bird_699,Claude,bird,,,
bird_700,Claude,bird,,,
bird_701,Claude,bird,,,
bird_702,Claude,bird,,,
bird_703,Claude,bird,,,
bird_704,Claude,bird,,,
bird_705,Claude,bird,,,
bird_706,Claude,bird,,,
bird_707,Claude,bird,,,
bird_708,Claude,bird,,,
bird_709,Claude,bird,,,
bird_710,Claude,bird,,,
bird_711,Claude,bird,,,
bird_712,Claude,bird,,,
bird_713,Claude,bird,,,
bird_714,Claude,bird,,,
bird_715,Claude,bird,,,
bird_716,Claude,bird,,,
bird_717,Claude,bird,,,
bird_718,Claude,bird,,,
bird_719,Claude,bird,,,
bird_720,Claude,bird,,,
bird_721,Claude,bird,,,
bird_722,Claude,bird,,,
bird_723,Claude,bird,,,
bird_724,Claude,bird,,,
bird_725,Claude,bird,,,
bird_726,Claude,bird,,,
bird_727,Claude,bird,,,
bird_728,Claude,bird,,,
bird_729,Claude,bird,,,
bird_730,Claude,bird,,,
bird_731,Claude,bird,,,
bird_732,Claude,bird,,,
bird_733,Claude,bird,,,
bird_734,Claude,bird,,,
bird_735,Claude,bird,,,
bird_736,Claude,bird,,,
bird_737,Claude,bird,,,
bird_738,Claude,bird,,,
bird_739,Claude,bird,,,
bird_740,Claude,bird,,,
bird_741,Claude,bird,,,
bird_742,Claude,bird,,,
bird_743,Claude,bird,,,
bird_744,Claude,bird,,,
bird_745,Claude,bird,,,
bird_746,Claude,bird,,,
bird_747,Claude,bird,,,
bird_748,Claude,bird,,,
bird_749,Claude,bird,,,
bird_750,Claude,bird,,,
bird_751,Claude,bird,,,
bird_752,Claude,bird,,,
bird_753,Claude,bird,,,
bird_754,Claude,bird,,,
bird_755,Claude,bird,,,
bird_756,Claude,bird,,,
bird_757,Claude,bird,,,
bird_758,Claude,bird,,,
bird_759,Claude,bird,,,
bird_760,Claude,bird,,,
bird_761,Claude,bird,,,
bird_762,Claude,bird,,,
bird_763,Claude,bird,,,
bird_764,Claude,bird,,,
bird_765,Claude,bird,,,
bird_766,Claude,bird,,,
bird_767,Claude,bird,,,
bird_768,Claude,bird,,,
bird_769,Claude,bird,,,
bird_770,Claude,bird,,,
bird_771,Claude,bird,,,
bird_772,Claude,bird,,,
bird_773,Claude,bird,,,
bird_774,Claude,bird,,,
bird_775,Claude,bird,,,
bird_776,Claude,bird,,,
bird_777,Claude,bird,,,
bird_778,Claude,bird,,,
bird_779,Claude,bird,,,
bird_780,Claude,bird,,,
bird_781,Claude,bird,,,
bird_782,Claude,bird,,,
bird_783,Claude,bird,,,
bird_784,Claude,bird,,,
bird_785,Claude,bird,,,
bird_786,Claude,bird,,,
bird_787,Claude,bird,,,
bird_788,Claude,bird,,,
bird_789,Claude,bird,,,
bird_790,Claude,bird,,,
bird_791,Claude,bird,,,
bird_792,Claude,bird,,,
bird_793,Claude,bird,,,
bird_794,Claude,bird,,,
bird_795,Claude,bird,,,
bird_796,Claude,bird,,,
bird_797,Claude,bird,,,
bird_798,Claude,bird,,,
bird_799,Claude,bird,,,
bird_800,Claude,bird,,,
bird_801,Claude,bird,,,
bird_802,Claude,bird,,,
bird_803,Claude,bird,,,
bird_804,Claude,bird,,,
bird_805,Claude,bird,,,
bird_806,Claude,bird,,,
bird_807,Claude,bird,,,
bird_808,Claude,bird,,,
bird_809,Claude,bird,,,
bird_810,Claude,bird,,,
bird_811,Claude,bird,,,
bird_812,Claude,bird,,,
bird_813,Claude,bird,,,
bird_814,Claude,bird,,,
bird_815,Claude,bird,,,
bird_816,Claude,bird,,,
bird_817,Claude,bird,,,
bird_818,Claude,bird,,,
bird_819,Claude,bird,,,
bird_820,Claude,bird,,,
bird_821,Claude,bird,,,
bird_822,Claude,bird,,,
bird_823,Claude,bird,,,
bird_824,Claude,bird,,,
bird_825,Claude,bird,,,
bird_826,Claude,bird,,,
bird_827,Claude,bird,,,
bird_828,Claude,bird,,,
bird_829,Claude,bird,,,
bird_830,Claude,bird,,,
bird_831,Claude,bird,,,
bird_832,Claude,bird,,,
bird_833,Claude,bird,,,
bird_834,Claude,bird,,,
bird_835,Claude,bird,,,
bird_836,Claude,bird,,,
bird_837,Claude,bird,,,
bird_838,Claude,bird,,,
bird_839,Claude,bird,,,
bird_840,Claude,bird,,,
bird_841,Claude,bird,,,
bird_842,Claude,bird,,,
bird_843,Claude,bird,,,
bird_844,Claude,bird,,,
bird_845,Claude,bird,,,
bird_846,Claude,bird,,,
bird_847,Claude,bird,,,
bird_848,Claude,bird,,,
bird_849,Claude,bird,,,
bird_850,Claude,bird,,,
bird_851,Claude,bird,,,
bird_852,Claude,bird,,,
bird_853,Claude,bird,,,
bird_854,Claude,bird,,,
bird_855,Claude,bird,,,
bird_856,Claude,bird,,,
bird_857,Claude,bird,,,
bird_858,Claude,bird,,,
bird_859,Claude,bird,,,
bird_860,Claude,bird,,,
bird_861,Claude,bird,,,
bird_862,Claude,bird,,,
bird_863,Claude,bird,,,
bird_864,Claude,bird,,,
bird_865,Claude,bird,,,
bird_866,Claude,bird,,,
bird_867,Claude,bird,,,
bird_868,Claude,bird,,,
bird_869,Claude,bird,,,
bird_870,Claude,bird,,,
bird_871,Claude,bird,,,
bird_872,Claude,bird,,,
bird_873,Claude,bird,,,
bird_874,Claude,bird,,,
bird_875,Claude,bird,,,
bird_876,Claude,bird,,,
bird_877,Claude,bird,,,
bird_878,Claude,bird,,,
bird_879,Claude,bird,,,
bird_880,Claude,bird,,,
bird_881,Claude,bird,,,
bird_882,Claude,bird,,,
bird_883,Claude,bird,,,
bird_884,Claude,bird,,,
bird_885,Claude,bird,,,
bird_886,Claude,bird,,,
bird_887,Claude,bird,,,
bird_888,Claude,bird,,,
bird_889,Claude,bird,,,
bird_890,Claude,bird,,,
bird_891,Claude,bird,,,
bird_892,Claude,bird,,,
bird_893,Claude,bird,,,
bird_894,Claude,bird,,,
bird_895,Claude,bird,,,
bird_896,Claude,bird,,,
bird_897,Claude,bird,,,
bird_898,Claude,bird,,,
bird_899,Claude,bird,,,
bird_900,Claude,bird,,,
bird_901,Claude,bird,,,
bird_902,Claude,bird,,,
bird_903,Claude,bird,,,
bird_904,Claude,bird,,,
bird_905,Claude,bird,,,
bird_906,Claude,bird,,,
bird_907,Claude,bird,,,
bird_908,Claude,bird,,,
bird_909,Claude,bird,,,
bird_910,Claude,bird,,,
bird_911,Claude,bird,,,
bird_912,Claude,bird,,,
bird_913,Claude,bird,,,
bird_914,Claude,bird,,,
bird_915,Claude,bird,,,
bird_916,Claude,bird,,,
bird_917,Claude,bird,,,
bird_918,Claude,bird,,,
bird_919,Claude,bird,,,
bird_920,Claude,bird,,,
bird_921,Claude,bird,,,
bird_922,Claude,bird,,,
bird_923,Claude,bird,,,
bird_924,Claude,bird,,,
bird_925,Claude,bird,,,
bird_926,Claude,bird,,,
bird_927,Claude,bird,,,
bird_928,Claude,bird,,,
bird_929,Claude,bird,,,
bird_930,Claude,bird,,,
bird_931,Claude,bird,,,
bird_932,Claude,bird,,,
bird_933,Claude,bird,,,
bird_934,Claude,bird,,,
bird_935,Claude,bird,,,
bird_936,Claude,bird,,,
bird_937,Claude,bird,,,
bird_938,Claude,bird,,,
bird_939,Claude,bird,,,
bird_940,Claude,bird,,,
bird_941,Claude,bird,,,
bird_942,Claude,bird,,,
bird_943,Claude,bird,,,
bird_944,Claude,bird,,,
bird_945,Claude,bird,,,
bird_946,Claude,bird,,,
bird_947,Claude,bird,,,
bird_948,Claude,bird,,,
bird_949,Claude,bird,,,
bird_950,Claude,bird,,,
bird_951,Claude,bird,,,
bird_952,Claude,bird,,,
bird_953,Claude,bird,,,
bird_954,Claude,bird,,,
bird_955,Claude,bird,,,
bird_956,Claude,bird,,,
bird_957,Claude,bird,,,
bird_958,Claude,bird,,,
bird_959,Claude,bird,,,
bird_960,Claude,bird,,,
bird_961,Claude,bird,,,
bird_962,Claude,bird,,,
bird_963,Claude,bird,,,
bird_964,Claude,bird,,,
bird_965,Claude,bird,,,
bird_966,Claude,bird,,,
bird_967,Claude,bird,,,
bird_968,Claude,bird,,,
bird_969,Claude,bird,,,
bird_970,Claude,bird,,,
bird_971,Claude,bird,,,
bird_972,Claude,bird,,,
bird_973,Claude,bird,,,
bird_974,Claude,bird,,,
bird_975,Claude,bird,,,
bird_976,Claude,bird,,,
bird_977,Claude,bird,,,
bird_978,Claude,bird,,,
bird_979,Claude,bird,,,
bird_980,Claude,bird,,,
bird_981,Claude,bird,,,
bird_982,Claude,bird,,,
bird_983,Claude,bird,,,
bird_984,Claude,bird,,,
bird_985,Claude,bird,,,
bird_986,Claude,bird,,,
bird_987,Claude,bird,,,
bird_988,Claude,bird,,,
bird_989,Claude,bird,,,
bird_990,Claude,bird,,,
bird_991,Claude,bird,,,
bird_992,Claude,bird,,,
bird_993,Claude,bird,,,
bird_994,Claude,bird,,,
bird_995,Claude,bird,,,
bird_996,Claude,bird,,,
bird_997,Claude,bird,,,
bird_998,Claude,bird,,,
bird_999,Claude,bird,,,
bird_1000,Claude,bird,,,
bird_1001,Claude,bird,,,
bird_1002,Claude,bird,,,
bird_1003,Claude,bird,,,
bird_1004,Claude,bird,,,
bird_1005,Claude,bird,,,
bird_1006,Claude,bird,,,
bird_1007,Claude,bird,,,
bird_1008,Claude,bird,,,
bird_1009,Claude,bird,,,
bird_1010,Claude,bird,,,
bird_1011,Claude,bird,,,
bird_1012,Claude,bird,,,
bird_1013,Claude,bird,,,
bird_1014,Claude,bird,,,
bird_1015,Claude,bird,,,
bird_1016,Claude,bird,,,
bird_1017,Claude,bird,,,
bird_1018,Claude,bird,,,
bird_1019,Claude,bird,,,
bird_1020,Claude,bird,,,
bird_1021,Claude,bird,,,
bird_1022,Claude,bird,,,
bird_1023,Claude,bird,,,
bird_1024,Claude,bird,,,
bird_1025,Claude,bird,,,
bird_1026,Claude,bird,,,
bird_1027,Claude,bird,,,
bird_1028,Claude,bird,,,
bird_1029,Claude,bird,,,
bird_1030,Claude,bird,,,
bird_1031,Claude,bird,,,
bird_1032,Claude,bird,,,
bird_1033,Claude,bird,,,
bird_1034,Claude,bird,,,
bird_1035,Claude,bird,,,
bird_1036,Claude,bird,,,
bird_1037,Claude,bird,,,
bird_1038,Claude,bird,,,
bird_1039,Claude,bird,,,
bird_1040,Claude,bird,,,
bird_1041,Claude,bird,,,
bird_1042,Claude,bird,,,
bird_1043,Claude,bird,,,
bird_1044,Claude,bird,,,
bird_1045,Claude,bird,,,
bird_1046,Claude,bird,,,
bird_1047,Claude,bird,,,
bird_1048,Claude,bird,,,
bird_1049,Claude,bird,,,
bird_1050,Claude,bird,,,
bird_1051,Claude,bird,,,
bird_1052,Claude,bird,,,
bird_1053,Claude,bird,,,
bird_1054,Claude,bird,,,
bird_1055,Claude,bird,,,
bird_1056,Claude,bird,,,
bird_1057,Claude,bird,,,
bird_1058,Claude,bird,,,
bird_1059,Claude,bird,,,
bird_1060,Claude,bird,,,
bird_1061,Claude,bird,,,
bird_1062,Claude,bird,,,
bird_1063,Claude,bird,,,
bird_1064,Claude,bird,,,
bird_1065,Claude,bird,,,
bird_1066,Claude,bird,,,
bird_1067,Claude,bird,,,
bird_1068,Claude,bird,,,
bird_1069,Claude,bird,,,
bird_1070,Claude,bird,,,
bird_1071,Claude,bird,,,
bird_1072,Claude,bird,,,
bird_1073,Claude,bird,,,
bird_1074,Claude,bird,,,
bird_1075,Claude,bird,,,
bird_1076,Claude,bird,,,
bird_1077,Claude,bird,,,
bird_1078,Claude,bird,,,
bird_1079,Claude,bird,,,
bird_1080,Claude,bird,,,
bird_1081,Claude,bird,,,
bird_1082,Claude,bird,,,
bird_1083,Claude,bird,,,
bird_1084,Claude,bird,,,
bird_1085,Claude,bird,,,
bird_1086,Claude,bird,,,
bird_1087,Claude,bird,,,
bird_1088,Claude,bird,,,
bird_1089,Claude,bird,,,
bird_1090,Claude,bird,,,
bird_1091,Claude,bird,,,
bird_1092,Claude,bird,,,
bird_1093,Claude,bird,,,
bird_1094,Claude,bird,,,
bird_1095,Claude,bird,,,
bird_1096,Claude,bird,,,
bird_1097,Claude,bird,,,
bird_1098,Claude,bird,,,
bird_1099,Claude,bird,,,
bird_1100,Claude,bird,,,
bird_1101,Claude,bird,,,
bird_1102,Claude,bird,,,
bird_1103,Claude,bird,,,
bird_1104,Claude,bird,,,
bird_1105,Claude,bird,,,
bird_1106,Claude,bird,,,
bird_1107,Claude,bird,,,
bird_1108,Claude,bird,,,
bird_1109,Claude,bird,,,
bird_1110,Claude,bird,,,
bird_1111,Claude,bird,,,
bird_1112,Claude,bird,,,
bird_1113,Claude,bird,,,
bird_1114,Claude,bird,,,
bird_1115,Claude,bird,,,
bird_1116,Claude,bird,,,
bird_1117,Claude,bird,,,
bird_1118,Claude,bird,,,
bird_1119,Claude,bird,,,
bird_1120,Claude,bird,,,
bird_1121,Claude,bird,,,
bird_1122,Claude,bird,,,
bird_1123,Claude,bird,,,
bird_1124,Claude,bird,,,
bird_1125,Claude,bird,,,
bird_1126,Claude,bird,,,
bird_1127,Claude,bird,,,
bird_1128,Claude,bird,,,
bird_1129,Claude,bird,,,
bird_1130,Claude,bird,,,
bird_1131,Claude,bird,,,
bird_1132,Claude,bird,,,
bird_1133,Claude,bird,,,
bird_1134,Claude,bird,,,
bird_1135,Claude,bird,,,
bird_1136,Claude,bird,,,
bird_1137,Claude,bird,,,
bird_1138,Claude,bird,,,
bird_1139,Claude,bird,,,
bird_1140,Claude,bird,,,
bird_1141,Claude,bird,,,
bird_1142,Claude,bird,,,
bird_1143,Claude,bird,,,
bird_1144,Claude,bird,,,
bird_1145,Claude,bird,,,
bird_1146,Claude,bird,,,
bird_1147,Claude,bird,,,
bird_1148,Claude,bird,,,
bird_1149,Claude,bird,,,
bird_1150,Claude,bird,,,
bird_1151,Claude,bird,,,
bird_1152,Claude,bird,,,
bird_1153,Claude,bird,,,
bird_1154,Claude,bird,,,
bird_1155,Claude,bird,,,
bird_1156,Claude,bird,,,
bird_1157,Claude,bird,,,
bird_1158,Claude,bird,,,
bird_1159,Claude,bird,,,
bird_1160,Claude,bird,,,
bird_1161,Claude,bird,,,
bird_1162,Claude,bird,,,
bird_1163,Claude,bird,,,
bird_1164,Claude,bird,,,
bird_1165,Claude,bird,,,
bird_1166,Claude,bird,,,
bird_1167,Claude,bird,,,
bird_1168,Claude,bird,,,
bird_1169,Claude,bird,,,
bird_1170,Claude,bird,,,
bird_1171,Claude,bird,,,
bird_1172,Claude,bird,,,
bird_1173,Claude,bird,,,
bird_1174,Claude,bird,,,
bird_1175,Claude,bird,,,
bird_1176,Claude,bird,,,
bird_1177,Claude,bird,,,
bird_1178,Claude,bird,,,
bird_1179,Claude,bird,,,
bird_1180,Claude,bird,,,
bird_1181,Claude,bird,,,
bird_1182,Claude,bird,,,
bird_1183,Claude,bird,,,
bird_1184,Claude,bird,,,
bird_1185,Claude,bird,,,
bird_1186,Claude,bird,,,
bird_1187,Claude,bird,,,
bird_1188,Claude,bird,,,
bird_1189,Claude,bird,,,
bird_1190,Claude,bird,,,
bird_1191,Claude,bird,,,
bird_1192,Claude,bird,,,
bird_1193,Claude,bird,,,
bird_1194,Claude,bird,,,
bird_1195,Claude,bird,,,
bird_1196,Claude,bird,,,
bird_1197,Claude,bird,,,
bird_1198,Claude,bird,,,
bird_1199,Claude,bird,,,
bird_1200,Claude,bird,,,
bird_1201,Claude,bird,,,
bird_1202,Claude,bird,,,
bird_1203,Claude,bird,,,
bird_1204,Claude,bird,,,
bird_1205,Claude,bird,,,
bird_1206,Claude,bird,,,
bird_1207,Claude,bird,,,
bird_1208,Claude,bird,,,
bird_1209,Claude,bird,,,
bird_1210,Claude,bird,,,
bird_1211,Claude,bird,,,
bird_1212,Claude,bird,,,
bird_1213,Claude,bird,,,
bird_1214,Claude,bird,,,
bird_1215,Claude,bird,,,
bird_1216,Claude,bird,,,
bird_1217,Claude,bird,,,
bird_1218,Claude,bird,,,
bird_1219,Claude,bird,,,
bird_1220,Claude,bird,,,
bird_1221,Claude,bird,,,
bird_1222,Claude,bird,,,
bird_1223,Claude,bird,,,
bird_1224,Claude,bird,,,
bird_1225,Claude,bird,,,
bird_1226,Claude,bird,,,
bird_1227,Claude,bird,,,
bird_1228,Claude,bird,,,
bird_1229,Claude,bird,,,
bird_1230,Claude,bird,,,
bird_1231,Claude,bird,,,
bird_1232,Claude,bird,,,
bird_1233,Claude,bird,,,
bird_1234,Claude,bird,,,
bird_1235,Claude,bird,,,
bird_1236,Claude,bird,,,
bird_1237,Claude,bird,,,
bird_1238,Claude,bird,,,
bird_1239,Claude,bird,,,
bird_1240,Claude,bird,,,
bird_1241,Claude,bird,,,
bird_1242,Claude,bird,,,
bird_1243,Claude,bird,,,
bird_1244,Claude,bird,,,
bird_1245,Claude,bird,,,
bird_1246,Claude,bird,,,
bird_1247,Claude,bird,,,
bird_1248,Claude,bird,,,
bird_1249,Claude,bird,,,
bird_1250,Claude,bird,,,
bird_1251,Claude,bird,,,
bird_1252,Claude,bird,,,
bird_1253,Claude,bird,,,
bird_1254,Claude,bird,,,
bird_1255,Claude,bird,,,
bird_1256,Claude,bird,,,
bird_1257,Claude,bird,,,
bird_1258,Claude,bird,,,
bird_1259,Claude,bird,,,
bird_1260,Claude,bird,,,
bird_1261,Claude,bird,,,
bird_1262,Claude,bird,,,
bird_1263,Claude,bird,,,
bird_1264,Claude,bird,,,
bird_1265,Claude,bird,,,
bird_1266,Claude,bird,,,
bird_1267,Claude,bird,,,
bird_1268,Claude,bird,,,
bird_1269,Claude,bird,,,
bird_1270,Claude,bird,,,
bird_1271,Claude,bird,,,
bird_1272,Claude,bird,,,
bird_1273,Claude,bird,,,
bird_1274,Claude,bird,,,
bird_1275,Claude,bird,,,
bird_1276,Claude,bird,,,
bird_1277,Claude,bird,,,
bird_1278,Claude,bird,,,
bird_1279,Claude,bird,,,
bird_1280,Claude,bird,,,
bird_1281,Claude,bird,,,
bird_1282,Claude,bird,,,
bird_1283,Claude,bird,,,
bird_1284,Claude,bird,,,
bird_1285,Claude,bird,,,
bird_1286,Claude,bird,,,
bird_1287,Claude,bird,,,
bird_1288,Claude,bird,,,
bird_1289,Claude,bird,,,
bird_1290,Claude,bird,,,
bird_1291,Claude,bird,,,
bird_1292,Claude,bird,,,
bird_1293,Claude,bird,,,
bird_1294,Claude,bird,,,
bird_1295,Claude,bird,,,
bird_1296,Claude,bird,,,
bird_1297,Claude,bird,,,
bird_1298,Claude,bird,,,
bird_1299,Claude,bird,,,
bird_1300,Claude,bird,,,
bird_1301,Claude,bird,,,
bird_1302,Claude,bird,,,
bird_1303,Claude,bird,,,
bird_1304,Claude,bird,,,
bird_1305,Claude,bird,,,
bird_1306,Claude,bird,,,
bird_1307,Claude,bird,,,
bird_1308,Claude,bird,,,
bird_1309,Claude,bird,,,
bird_1310,Claude,bird,,,
bird_1311,Claude,bird,,,
bird_1312,Claude,bird,,,
bird_1313,Claude,bird,,,
bird_1314,Claude,bird,,,
bird_1315,Claude,bird,,,
bird_1316,Claude,bird,,,
bird_1317,Claude,bird,,,
bird_1318,Claude,bird,,,
bird_1319,Claude,bird,,,
bird_1320,Claude,bird,,,
bird_1321,Claude,bird,,,
bird_1322,Claude,bird,,,
bird_1323,Claude,bird,,,
bird_1324,Claude,bird,,,
bird_1325,Claude,bird,,,
bird_1326,Claude,bird,,,
bird_1327,Claude,bird,,,
bird_1328,Claude,bird,,,
bird_1329,Claude,bird,,,
bird_1330,Claude,bird,,,
bird_1331,Claude,bird,,,
bird_1332,Claude,bird,,,
bird_1333,Claude,bird,,,
bird_1334,Claude,bird,,,
bird_1335,Claude,bird,,,
bird_1336,Claude,bird,,,
bird_1337,Claude,bird,,,
bird_1338,Claude,bird,,,
bird_1339,Claude,bird,,,
bird_1340,Claude,bird,,,
bird_1341,Claude,bird,,,
bird_1342,Claude,bird,,,
bird_1343,Claude,bird,,,
bird_1344,Claude,bird,,,
bird_1345,Claude,bird,,,
bird_1346,Claude,bird,,,
bird_1347,Claude,bird,,,
bird_1348,Claude,bird,,,
bird_1349,Claude,bird,,,
bird_1350,Claude,bird,,,
bird_1351,Claude,bird,,,
bird_1352,Claude,bird,,,
bird_1353,Claude,bird,,,
bird_1354,Claude,bird,,,
bird_1355,Claude,bird,,,
bird_1356,Claude,bird,,,
bird_1357,Claude,bird,,,
bird_1358,Claude,bird,,,
bird_1359,Claude,bird,,,
bird_1360,Claude,bird,,,
bird_1361,Claude,bird,,,
bird_1362,Claude,bird,,,
bird_1363,Claude,bird,,,
bird_1364,Claude,bird,,,
bird_1365,Claude,bird,,,
bird_1366,Claude,bird,,,
bird_1367,Claude,bird,,,
bird_1368,Claude,bird,,,
bird_1369,Claude,bird,,,
bird_1370,Claude,bird,,,
bird_1371,Claude,bird,,,
bird_1372,Claude,bird,,,
bird_1373,Claude,bird,,,
bird_1374,Claude,bird,,,
bird_1375,Claude,bird,,,
bird_1376,Claude,bird,,,
bird_1377,Claude,bird,,,
bird_1378,Claude,bird,,,
bird_1379,Claude,bird,,,
bird_1380,Claude,bird,,,
bird_1381,Claude,bird,,,
bird_1382,Claude,bird,,,
bird_1383,Claude,bird,,,
bird_1384,Claude,bird,,,
bird_1385,Claude,bird,,,
bird_1386,Claude,bird,,,
bird_1387,Claude,bird,,,
bird_1388,Claude,bird,,,
bird_1389,Claude,bird,,,
bird_1390,Claude,bird,,,
bird_1391,Claude,bird,,,
bird_1392,Claude,bird,,,
bird_1393,Claude,bird,,,
bird_1394,Claude,bird,,,
bird_1395,Claude,bird,,,
bird_1396,Claude,bird,,,
bird_1397,Claude,bird,,,
bird_1398,Claude,bird,,,
bird_1399,Claude,bird,,,
bird_1400,Claude,bird,,,
bird_1401,Claude,bird,,,
bird_1402,Claude,bird,,,
bird_1403,Claude,bird,,,
bird_1404,Claude,bird,,,
bird_1405,Claude,bird,,,
bird_1406,Claude,bird,,,
bird_1407,Claude,bird,,,
bird_1408,Claude,bird,,,
bird_1409,Claude,bird,,,
bird_1410,Claude,bird,,,
bird_1411,Claude,bird,,,
bird_1412,Claude,bird,,,
bird_1413,Claude,bird,,,
bird_1414,Claude,bird,,,
bird_1415,Claude,bird,,,
bird_1416,Claude,bird,,,
bird_1417,Claude,bird,,,
bird_1418,Claude,bird,,,
bird_1419,Claude,bird,,,
bird_1420,Claude,bird,,,
bird_1421,Claude,bird,,,
bird_1422,Claude,bird,,,
bird_1423,Claude,bird,,,
bird_1424,Claude,bird,,,
bird_1425,Claude,bird,,,
bird_1426,Claude,bird,,,
bird_1427,Claude,bird,,,
bird_1428,Claude,bird,,,
bird_1429,Claude,bird,,,
bird_1430,Claude,bird,,,
bird_1431,Claude,bird,,,
bird_1432,Claude,bird,,,
bird_1433,Claude,bird,,,
bird_1434,Claude,bird,,,
bird_1435,Claude,bird,,,
bird_1436,Claude,bird,,,
bird_1437,Claude,bird,,,
bird_1438,Claude,bird,,,
bird_1439,Claude,bird,,,
bird_1440,Claude,bird,,,
bird_1441,Claude,bird,,,
bird_1442,Claude,bird,,,
bird_1443,Claude,bird,,,
bird_1444,Claude,bird,,,
bird_1445,Claude,bird,,,
bird_1446,Claude,bird,,,
bird_1447,Claude,bird,,,
bird_1448,Claude,bird,,,
bird_1449,Claude,bird,,,
bird_1450,Claude,bird,,,
bird_1451,Claude,bird,,,
bird_1452,Claude,bird,,,
bird_1453,Claude,bird,,,
bird_1454,Claude,bird,,,
bird_1455,Claude,bird,,,
bird_1456,Claude,bird,,,
bird_1457,Claude,bird,,,
bird_1458,Claude,bird,,,
bird_1459,Claude,bird,,,
bird_1460,Claude,bird,,,
bird_1461,Claude,bird,,,
bird_1462,Claude,bird,,,
bird_1463,Claude,bird,,,
bird_1464,Claude,bird,,,
bird_1465,Claude,bird,,,
bird_1466,Claude,bird,,,
bird_1467,Claude,bird,,,
bird_1468,Claude,bird,,,
bird_1469,Claude,bird,,,
bird_1470,Claude,bird,,,
bird_1471,Claude,bird,,,
bird_1472,Claude,bird,,,
bird_1473,Claude,bird,,,
bird_1474,Claude,bird,,,
bird_1475,Claude,bird,,,
bird_1476,Claude,bird,,,
bird_1477,Claude,bird,,,
bird_1478,Claude,bird,,,
bird_1479,Claude,bird,,,
bird_1480,Claude,bird,,,
bird_1481,Claude,bird,,,
bird_1482,Claude,bird,,,
bird_1483,Claude,bird,,,
bird_1484,Claude,bird,,,
bird_1485,Claude,bird,,,
bird_1486,Claude,bird,,,
bird_1487,Claude,bird,,,
bird_1488,Claude,bird,,,
bird_1489,Claude,bird,,,
bird_1490,Claude,bird,,,
bird_1491,Claude,bird,,,
bird_1492,Claude,bird,,,
bird_1493,Claude,bird,,,
bird_1494,Claude,bird,,,
bird_1495,Claude,bird,,,
bird_1496,Claude,bird,,,
bird_1497,Claude,bird,,,
bird_1498,Claude,bird,,,
bird_1499,Claude,bird,,,
bird_1500,Claude,bird,,,
bird_1501,Claude,bird,,,
bird_1502,Claude,bird,,,
bird_1503,Claude,bird,,,
bird_1504,Claude,bird,,,
bird_1505,Claude,bird,,,
bird_1506,Claude,bird,,,
bird_1507,Claude,bird,,,
bird_1508,Claude,bird,,,
bird_1509,Claude,bird,,,
bird_1510,Claude,bird,,,
bird_1511,Claude,bird,,,
bird_1512,Claude,bird,,,
bird_1513,Claude,bird,,,
bird_1514,Claude,bird,,,
bird_1515,Claude,bird,,,
bird_1516,Claude,bird,,,
bird_1517,Claude,bird,,,
bird_1518,Claude,bird,,,
bird_1519,Claude,bird,,,
bird_1520,Claude,bird,,,
bird_1521,Claude,bird,,,
bird_1522,Claude,bird,,,
bird_1523,Claude,bird,,,
bird_1524,Claude,bird,,,
bird_1525,Claude,bird,,,
bird_1526,Claude,bird,,,
bird_1527,Claude,bird,,,
bird_1528,Claude,bird,,,
bird_1529,Claude,bird,,,
bird_1530,Claude,bird,,,
bird_1531,Claude,bird,,,
bird_1532,Claude,bird,,,
bird_1533,Claude,bird,,,
spider_0,Claude,spider,,,
spider_1,Claude,spider,,,
spider_2,Claude,spider,,,
spider_3,Claude,spider,,,
spider_4,Claude,spider,,,
spider_5,Claude,spider,,,
spider_6,Claude,spider,,,
spider_7,Claude,spider,,,
spider_8,Claude,spider,,,
spider_9,Claude,spider,,,
spider_10,Claude,spider,,,
spider_11,Claude,spider,,,
spider_12,Claude,spider,,,
spider_13,Claude,spider,,,
spider_14,Claude,spider,,,
spider_15,Claude,spider,,,
spider_16,Claude,spider,,,
spider_17,Claude,spider,,,
spider_18,Claude,spider,,,
spider_19,Claude,spider,,,
spider_20,Claude,spider,,,
spider_21,Claude,spider,,,
spider_22,Claude,spider,,,
spider_23,Claude,spider,,,
spider_24,Claude,spider,,,
spider_25,Claude,spider,,,
spider_26,Claude,spider,,,
spider_27,Claude,spider,,,
spider_28,Claude,spider,,,
spider_29,Claude,spider,,,
spider_30,Claude,spider,,,
spider_31,Claude,spider,,,
spider_32,Claude,spider,,,
spider_33,Claude,spider,,,
spider_34,Claude,spider,,,
spider_35,Claude,spider,,,
spider_36,Claude,spider,,,
spider_37,Claude,spider,,,
spider_38,Claude,spider,,,
spider_39,Claude,spider,,,
spider_40,Claude,spider,,,
spider_41,Claude,spider,,,
spider_42,Claude,spider,,,
spider_43,Claude,spider,,,
spider_44,Claude,spider,,,
spider_45,Claude,spider,,,
spider_46,Claude,spider,,,
spider_47,Claude,spider,,,
spider_48,Claude,spider,,,
spider_49,Claude,spider,,,
spider_50,Claude,spider,,,
spider_51,Claude,spider,,,
spider_52,Claude,spider,,,
spider_53,Claude,spider,,,
spider_54,Claude,spider,,,
spider_55,Claude,spider,,,
spider_56,Claude,spider,,,
spider_57,Claude,spider,,,
spider_58,Claude,spider,,,
spider_59,Claude,spider,,,
spider_60,Claude,spider,,,
spider_61,Claude,spider,,,
spider_62,Claude,spider,,,
spider_63,Claude,spider,,,
spider_64,Claude,spider,,,
spider_65,Claude,spider,,,
spider_66,Claude,spider,,,
spider_67,Claude,spider,,,
spider_68,Claude,spider,,,
spider_69,Claude,spider,,,
spider_70,Claude,spider,,,
spider_71,Claude,spider,,,
spider_72,Claude,spider,,,
spider_73,Claude,spider,,,
spider_74,Claude,spider,,,
spider_75,Claude,spider,,,
spider_76,Claude,spider,,,
spider_77,Claude,spider,,,
spider_78,Claude,spider,,,
spider_79,Claude,spider,,,
spider_80,Claude,spider,,,
spider_81,Claude,spider,,,
spider_82,Claude,spider,,,
spider_83,Claude,spider,,,
spider_84,Claude,spider,,,
spider_85,Claude,spider,,,
spider_86,Claude,spider,,,
spider_87,Claude,spider,,,
spider_88,Claude,spider,,,
spider_89,Claude,spider,,,
spider_90,Claude,spider,,,
spider_91,Claude,spider,,,
spider_92,Claude,spider,,,
spider_93,Claude,spider,,,
spider_94,Claude,spider,,,
spider_95,Claude,spider,,,
spider_96,Claude,spider,,,
spider_97,Claude,spider,,,
spider_98,Claude,spider,,,
spider_99,Claude,spider,,,
spider_100,Claude,spider,,,
spider_101,Claude,spider,,,
spider_102,Claude,spider,,,
spider_103,Claude,spider,,,
spider_104,Claude,spider,,,
spider_105,Claude,spider,,,
spider_106,Claude,spider,,,
spider_107,Claude,spider,,,
spider_108,Claude,spider,,,
spider_109,Claude,spider,,,
spider_110,Claude,spider,,,
spider_111,Claude,spider,,,
spider_112,Claude,spider,,,
spider_113,Claude,spider,,,
spider_114,Claude,spider,,,
spider_115,Claude,spider,,,
spider_116,Claude,spider,,,
spider_117,Claude,spider,,,
spider_118,Claude,spider,,,
spider_119,Claude,spider,,,
spider_120,Claude,spider,,,
spider_121,Claude,spider,,,
spider_122,Claude,spider,,,
spider_123,Claude,spider,,,
spider_124,Claude,spider,,,
spider_125,Claude,spider,,,
spider_126,Claude,spider,,,
spider_127,Claude,spider,,,
spider_128,Claude,spider,,,
spider_129,Claude,spider,,,
spider_130,Claude,spider,,,
spider_131,Claude,spider,,,
spider_132,Claude,spider,,,
spider_133,Claude,spider,,,
spider_134,Claude,spider,,,
spider_135,Claude,spider,,,
spider_136,Claude,spider,,,
spider_137,Claude,spider,,,
spider_138,Claude,spider,,,
spider_139,Claude,spider,,,
spider_140,Claude,spider,,,
spider_141,Claude,spider,,,
spider_142,Claude,spider,,,
spider_143,Claude,spider,,,
spider_144,Claude,spider,,,
spider_145,Claude,spider,,,
spider_146,Claude,spider,,,
spider_147,Claude,spider,,,
spider_148,Claude,spider,,,
spider_149,Claude,spider,,,
spider_150,Claude,spider,,,
spider_151,Claude,spider,,,
spider_152,Claude,spider,,,
spider_153,Claude,spider,,,
spider_154,Claude,spider,,,
spider_155,Claude,spider,,,
spider_156,Claude,spider,,,
spider_157,Claude,spider,,,
spider_158,Claude,spider,,,
spider_159,Claude,spider,,,
spider_160,Claude,spider,,,
spider_161,Claude,spider,,,
spider_162,Claude,spider,,,
spider_163,Claude,spider,,,
spider_164,Claude,spider,,,
spider_165,Claude,spider,,,
spider_166,Claude,spider,,,
spider_167,Claude,spider,,,
spider_168,Claude,spider,,,
spider_169,Claude,spider,,,
spider_170,Claude,spider,,,
spider_171,Claude,spider,,,
spider_172,Claude,spider,,,
spider_173,Claude,spider,,,
spider_174,Claude,spider,,,
spider_175,Claude,spider,,,
spider_176,Claude,spider,,,
spider_177,Claude,spider,,,
spider_178,Claude,spider,,,
spider_179,Claude,spider,,,
spider_180,Claude,spider,,,
spider_181,Claude,spider,,,
spider_182,Claude,spider,,,
spider_183,Claude,spider,,,
spider_184,Claude,spider,,,
spider_185,Claude,spider,,,
spider_186,Claude,spider,,,
spider_187,Claude,spider,,,
spider_188,Claude,spider,,,
spider_189,Claude,spider,,,
spider_190,Claude,spider,,,
spider_191,Claude,spider,,,
spider_192,Claude,spider,,,
spider_193,Claude,spider,,,
spider_194,Claude,spider,,,
spider_195,Claude,spider,,,
spider_196,Claude,spider,,,
spider_197,Claude,spider,,,
spider_198,Claude,spider,,,
spider_199,Claude,spider,,,
spider_200,Claude,spider,,,
spider_201,Claude,spider,,,
spider_202,Claude,spider,,,
spider_203,Claude,spider,,,
spider_204,Claude,spider,,,
spider_205,Claude,spider,,,
spider_206,Claude,spider,,,
spider_207,Claude,spider,,,
spider_208,Claude,spider,,,
spider_209,Claude,spider,,,
spider_210,Claude,spider,,,
spider_211,Claude,spider,,,
spider_212,Claude,spider,,,
spider_213,Claude,spider,,,
spider_214,Claude,spider,,,
spider_215,Claude,spider,,,
spider_216,Claude,spider,,,
spider_217,Claude,spider,,,
spider_218,Claude,spider,,,
spider_219,Claude,spider,,,
spider_220,Claude,spider,,,
spider_221,Claude,spider,,,
spider_222,Claude,spider,,,
spider_223,Claude,spider,,,
spider_224,Claude,spider,,,
spider_225,Claude,spider,,,
spider_226,Claude,spider,,,
spider_227,Claude,spider,,,
spider_228,Claude,spider,,,
spider_229,Claude,spider,,,
spider_230,Claude,spider,,,
spider_231,Claude,spider,,,
spider_232,Claude,spider,,,
spider_233,Claude,spider,,,
spider_234,Claude,spider,,,
spider_235,Claude,spider,,,
spider_236,Claude,spider,,,
spider_237,Claude,spider,,,
spider_238,Claude,spider,,,
spider_239,Claude,spider,,,
spider_240,Claude,spider,,,
spider_241,Claude,spider,,,
spider_242,Claude,spider,,,
spider_243,Claude,spider,,,
spider_244,Claude,spider,,,
spider_245,Claude,spider,,,
spider_246,Claude,spider,,,
spider_247,Claude,spider,,,
spider_248,Claude,spider,,,
spider_249,Claude,spider,,,
spider_250,Claude,spider,,,
spider_251,Claude,spider,,,
spider_252,Claude,spider,,,
spider_253,Claude,spider,,,
spider_254,Claude,spider,,,
spider_255,Claude,spider,,,
spider_256,Claude,spider,,,
spider_257,Claude,spider,,,
spider_258,Claude,spider,,,
spider_259,Claude,spider,,,
spider_260,Claude,spider,,,
spider_261,Claude,spider,,,
spider_262,Claude,spider,,,
spider_263,Claude,spider,,,
spider_264,Claude,spider,,,
spider_265,Claude,spider,,,
spider_266,Claude,spider,,,
spider_267,Claude,spider,,,
spider_268,Claude,spider,,,
spider_269,Claude,spider,,,
spider_270,Claude,spider,,,
spider_271,Claude,spider,,,
spider_272,Claude,spider,,,
spider_273,Claude,spider,,,
spider_274,Claude,spider,,,
spider_275,Claude,spider,,,
spider_276,Claude,spider,,,
spider_277,Claude,spider,,,
spider_278,Claude,spider,,,
spider_279,Claude,spider,,,
spider_280,Claude,spider,,,
spider_281,Claude,spider,,,
spider_282,Claude,spider,,,
spider_283,Claude,spider,,,
spider_284,Claude,spider,,,
spider_285,Claude,spider,,,
spider_286,Claude,spider,,,
spider_287,Claude,spider,,,
spider_288,Claude,spider,,,
spider_289,Claude,spider,,,
spider_290,Claude,spider,,,
spider_291,Claude,spider,,,
spider_292,Claude,spider,,,
spider_293,Claude,spider,,,
spider_294,Claude,spider,,,
spider_295,Claude,spider,,,
spider_296,Claude,spider,,,
spider_297,Claude,spider,,,
spider_298,Claude,spider,,,
spider_299,Claude,spider,,,
spider_300,Claude,spider,,,
spider_301,Claude,spider,,,
spider_302,Claude,spider,,,
spider_303,Claude,spider,,,
spider_304,Claude,spider,,,
spider_305,Claude,spider,,,
spider_306,Claude,spider,,,
spider_307,Claude,spider,,,
spider_308,Claude,spider,,,
spider_309,Claude,spider,,,
spider_310,Claude,spider,,,
spider_311,Claude,spider,,,
spider_312,Claude,spider,,,
spider_313,Claude,spider,,,
spider_314,Claude,spider,,,
spider_315,Claude,spider,,,
spider_316,Claude,spider,,,
spider_317,Claude,spider,,,
spider_318,Claude,spider,,,
spider_319,Claude,spider,,,
spider_320,Claude,spider,,,
spider_321,Claude,spider,,,
spider_322,Claude,spider,,,
spider_323,Claude,spider,,,
spider_324,Claude,spider,,,
spider_325,Claude,spider,,,
spider_326,Claude,spider,,,
spider_327,Claude,spider,,,
spider_328,Claude,spider,,,
spider_329,Claude,spider,,,
spider_330,Claude,spider,,,
spider_331,Claude,spider,,,
spider_332,Claude,spider,,,
spider_333,Claude,spider,,,
spider_334,Claude,spider,,,
spider_335,Claude,spider,,,
spider_336,Claude,spider,,,
spider_337,Claude,spider,,,
spider_338,Claude,spider,,,
spider_339,Claude,spider,,,
spider_340,Claude,spider,,,
spider_341,Claude,spider,,,
spider_342,Claude,spider,,,
spider_343,Claude,spider,,,
spider_344,Claude,spider,,,
spider_345,Claude,spider,,,
spider_346,Claude,spider,,,
spider_347,Claude,spider,,,
spider_348,Claude,spider,,,
spider_349,Claude,spider,,,
spider_350,Claude,spider,,,
spider_351,Claude,spider,,,
spider_352,Claude,spider,,,
spider_353,Claude,spider,,,
spider_354,Claude,spider,,,
spider_355,Claude,spider,,,
spider_356,Claude,spider,,,
spider_357,Claude,spider,,,
spider_358,Claude,spider,,,
spider_359,Claude,spider,,,
spider_360,Claude,spider,,,
spider_361,Claude,spider,,,
spider_362,Claude,spider,,,
spider_363,Claude,spider,,,
spider_364,Claude,spider,,,
spider_365,Claude,spider,,,
spider_366,Claude,spider,,,
spider_367,Claude,spider,,,
spider_368,Claude,spider,,,
spider_369,Claude,spider,,,
spider_370,Claude,spider,,,
spider_371,Claude,spider,,,
spider_372,Claude,spider,,,
spider_373,Claude,spider,,,
spider_374,Claude,spider,,,
spider_375,Claude,spider,,,
spider_376,Claude,spider,,,
spider_377,Claude,spider,,,
spider_378,Claude,spider,,,
spider_379,Claude,spider,,,
spider_380,Claude,spider,,,
spider_381,Claude,spider,,,
spider_382,Claude,spider,,,
spider_383,Claude,spider,,,
spider_384,Claude,spider,,,
spider_385,Claude,spider,,,
spider_386,Claude,spider,,,
spider_387,Claude,spider,,,
spider_388,Claude,spider,,,
spider_389,Claude,spider,,,
spider_390,Claude,spider,,,
spider_391,Claude,spider,,,
spider_392,Claude,spider,,,
spider_393,Claude,spider,,,
spider_394,Claude,spider,,,
spider_395,Claude,spider,,,
spider_396,Claude,spider,,,
spider_397,Claude,spider,,,
spider_398,Claude,spider,,,
spider_399,Claude,spider,,,
spider_400,Claude,spider,,,
spider_401,Claude,spider,,,
spider_402,Claude,spider,,,
spider_403,Claude,spider,,,
spider_404,Claude,spider,,,
spider_405,Claude,spider,,,
spider_406,Claude,spider,,,
spider_407,Claude,spider,,,
spider_408,Claude,spider,,,
spider_409,Claude,spider,,,
spider_410,Claude,spider,,,
spider_411,Claude,spider,,,
spider_412,Claude,spider,,,
spider_413,Claude,spider,,,
spider_414,Claude,spider,,,
spider_415,Claude,spider,,,
spider_416,Claude,spider,,,
spider_417,Claude,spider,,,
spider_418,Claude,spider,,,
spider_419,Claude,spider,,,
spider_420,Claude,spider,,,
spider_421,Claude,spider,,,
spider_422,Claude,spider,,,
spider_423,Claude,spider,,,
spider_424,Claude,spider,,,
spider_425,Claude,spider,,,
spider_426,Claude,spider,,,
spider_427,Claude,spider,,,
spider_428,Claude,spider,,,
spider_429,Claude,spider,,,
spider_430,Claude,spider,,,
spider_431,Claude,spider,,,
spider_432,Claude,spider,,,
spider_433,Claude,spider,,,
spider_434,Claude,spider,,,
spider_435,Claude,spider,,,
spider_436,Claude,spider,,,
spider_437,Claude,spider,,,
spider_438,Claude,spider,,,
spider_439,Claude,spider,,,
spider_440,Claude,spider,,,
spider_441,Claude,spider,,,
spider_442,Claude,spider,,,
spider_443,Claude,spider,,,
spider_444,Claude,spider,,,
spider_445,Claude,spider,,,
spider_446,Claude,spider,,,
spider_447,Claude,spider,,,
spider_448,Claude,spider,,,
spider_449,Claude,spider,,,
spider_450,Claude,spider,,,
spider_451,Claude,spider,,,
spider_452,Claude,spider,,,
spider_453,Claude,spider,,,
spider_454,Claude,spider,,,
spider_455,Claude,spider,,,
spider_456,Claude,spider,,,
spider_457,Claude,spider,,,
spider_458,Claude,spider,,,
spider_459,Claude,spider,,,
spider_460,Claude,spider,,,
spider_461,Claude,spider,,,
spider_462,Claude,spider,,,
spider_463,Claude,spider,,,
spider_464,Claude,spider,,,
spider_465,Claude,spider,,,
spider_466,Claude,spider,,,
spider_467,Claude,spider,,,
spider_468,Claude,spider,,,
spider_469,Claude,spider,,,
spider_470,Claude,spider,,,
spider_471,Claude,spider,,,
spider_472,Claude,spider,,,
spider_473,Claude,spider,,,
spider_474,Claude,spider,,,
spider_475,Claude,spider,,,
spider_476,Claude,spider,,,
spider_477,Claude,spider,,,
spider_478,Claude,spider,,,
spider_479,Claude,spider,,,
spider_480,Claude,spider,,,
spider_481,Claude,spider,,,
spider_482,Claude,spider,,,
spider_483,Claude,spider,,,
spider_484,Claude,spider,,,
spider_485,Claude,spider,,,
spider_486,Claude,spider,,,
spider_487,Claude,spider,,,
spider_488,Claude,spider,,,
spider_489,Claude,spider,,,
spider_490,Claude,spider,,,
spider_491,Claude,spider,,,
spider_492,Claude,spider,,,
spider_493,Claude,spider,,,
spider_494,Claude,spider,,,
spider_495,Claude,spider,,,
spider_496,Claude,spider,,,
spider_497,Claude,spider,,,
spider_498,Claude,spider,,,
spider_499,Claude,spider,,,
spider_500,Claude,spider,,,
spider_501,Claude,spider,,,
spider_502,Claude,spider,,,
spider_503,Claude,spider,,,
spider_504,Claude,spider,,,
spider_505,Claude,spider,,,
spider_506,Claude,spider,,,
spider_507,Claude,spider,,,
spider_508,Claude,spider,,,
spider_509,Claude,spider,,,
spider_510,Claude,spider,,,
spider_511,Claude,spider,,,
spider_512,Claude,spider,,,
spider_513,Claude,spider,,,
spider_514,Claude,spider,,,
spider_515,Claude,spider,,,
spider_516,Claude,spider,,,
spider_517,Claude,spider,,,
spider_518,Claude,spider,,,
spider_519,Claude,spider,,,
spider_520,Claude,spider,,,
spider_521,Claude,spider,,,
spider_522,Claude,spider,,,
spider_523,Claude,spider,,,
spider_524,Claude,spider,,,
spider_525,Claude,spider,,,
spider_526,Claude,spider,,,
spider_527,Claude,spider,,,
spider_528,Claude,spider,,,
spider_529,Claude,spider,,,
spider_530,Claude,spider,,,
spider_531,Claude,spider,,,
spider_532,Claude,spider,,,
spider_533,Claude,spider,,,
spider_534,Claude,spider,,,
spider_535,Claude,spider,,,
spider_536,Claude,spider,,,
spider_537,Claude,spider,,,
spider_538,Claude,spider,,,
spider_539,Claude,spider,,,
spider_540,Claude,spider,,,
spider_541,Claude,spider,,,
spider_542,Claude,spider,,,
spider_543,Claude,spider,,,
spider_544,Claude,spider,,,
spider_545,Claude,spider,,,
spider_546,Claude,spider,,,
spider_547,Claude,spider,,,
spider_548,Claude,spider,,,
spider_549,Claude,spider,,,
spider_550,Claude,spider,,,
spider_551,Claude,spider,,,
spider_552,Claude,spider,,,
spider_553,Claude,spider,,,
spider_554,Claude,spider,,,
spider_555,Claude,spider,,,
spider_556,Claude,spider,,,
spider_557,Claude,spider,,,
spider_558,Claude,spider,,,
spider_559,Claude,spider,,,
spider_560,Claude,spider,,,
spider_561,Claude,spider,,,
spider_562,Claude,spider,,,
spider_563,Claude,spider,,,
spider_564,Claude,spider,,,
spider_565,Claude,spider,,,
spider_566,Claude,spider,,,
spider_567,Claude,spider,,,
spider_568,Claude,spider,,,
spider_569,Claude,spider,,,
spider_570,Claude,spider,,,
spider_571,Claude,spider,,,
spider_572,Claude,spider,,,
spider_573,Claude,spider,,,
spider_574,Claude,spider,,,
spider_575,Claude,spider,,,
spider_576,Claude,spider,,,
spider_577,Claude,spider,,,
spider_578,Claude,spider,,,
spider_579,Claude,spider,,,
spider_580,Claude,spider,,,
spider_581,Claude,spider,,,
spider_582,Claude,spider,,,
spider_583,Claude,spider,,,
spider_584,Claude,spider,,,
spider_585,Claude,spider,,,
spider_586,Claude,spider,,,
spider_587,Claude,spider,,,
spider_588,Claude,spider,,,
spider_589,Claude,spider,,,
spider_590,Claude,spider,,,
spider_591,Claude,spider,,,
spider_592,Claude,spider,,,
spider_593,Claude,spider,,,
spider_594,Claude,spider,,,
spider_595,Claude,spider,,,
spider_596,Claude,spider,,,
spider_597,Claude,spider,,,
spider_598,Claude,spider,,,
spider_599,Claude,spider,,,
spider_600,Claude,spider,,,
spider_601,Claude,spider,,,
spider_602,Claude,spider,,,
spider_603,Claude,spider,,,
spider_604,Claude,spider,,,
spider_605,Claude,spider,,,
spider_606,Claude,spider,,,
spider_607,Claude,spider,,,
spider_608,Claude,spider,,,
spider_609,Claude,spider,,,
spider_610,Claude,spider,,,
spider_611,Claude,spider,,,
spider_612,Claude,spider,,,
spider_613,Claude,spider,,,
spider_614,Claude,spider,,,
spider_615,Claude,spider,,,
spider_616,Claude,spider,,,
spider_617,Claude,spider,,,
spider_618,Claude,spider,,,
spider_619,Claude,spider,,,
spider_620,Claude,spider,,,
spider_621,Claude,spider,,,
spider_622,Claude,spider,,,
spider_623,Claude,spider,,,
spider_624,Claude,spider,,,
spider_625,Claude,spider,,,
spider_626,Claude,spider,,,
spider_627,Claude,spider,,,
spider_628,Claude,spider,,,
spider_629,Claude,spider,,,
spider_630,Claude,spider,,,
spider_631,Claude,spider,,,
spider_632,Claude,spider,,,
spider_633,Claude,spider,,,
spider_634,Claude,spider,,,
spider_635,Claude,spider,,,
spider_636,Claude,spider,,,
spider_637,Claude,spider,,,
spider_638,Claude,spider,,,
spider_639,Claude,spider,,,
spider_640,Claude,spider,,,
spider_641,Claude,spider,,,
spider_642,Claude,spider,,,
spider_643,Claude,spider,,,
spider_644,Claude,spider,,,
spider_645,Claude,spider,,,
spider_646,Claude,spider,,,
spider_647,Claude,spider,,,
spider_648,Claude,spider,,,
spider_649,Claude,spider,,,
spider_650,Claude,spider,,,
spider_651,Claude,spider,,,
spider_652,Claude,spider,,,
spider_653,Claude,spider,,,
spider_654,Claude,spider,,,
spider_655,Claude,spider,,,
spider_656,Claude,spider,,,
spider_657,Claude,spider,,,
spider_658,Claude,spider,,,
spider_659,Claude,spider,,,
spider_660,Claude,spider,,,
spider_661,Claude,spider,,,
spider_662,Claude,spider,,,
spider_663,Claude,spider,,,
spider_664,Claude,spider,,,
spider_665,Claude,spider,,,
spider_666,Claude,spider,,,
spider_667,Claude,spider,,,
spider_668,Claude,spider,,,
spider_669,Claude,spider,,,
spider_670,Claude,spider,,,
spider_671,Claude,spider,,,
spider_672,Claude,spider,,,
spider_673,Claude,spider,,,
spider_674,Claude,spider,,,
spider_675,Claude,spider,,,
spider_676,Claude,spider,,,
spider_677,Claude,spider,,,
spider_678,Claude,spider,,,
spider_679,Claude,spider,,,
spider_680,Claude,spider,,,
spider_681,Claude,spider,,,
spider_682,Claude,spider,,,
spider_683,Claude,spider,,,
spider_684,Claude,spider,,,
spider_685,Claude,spider,,,
spider_686,Claude,spider,,,
spider_687,Claude,spider,,,
spider_688,Claude,spider,,,
spider_689,Claude,spider,,,
spider_690,Claude,spider,,,
spider_691,Claude,spider,,,
spider_692,Claude,spider,,,
spider_693,Claude,spider,,,
spider_694,Claude,spider,,,
spider_695,Claude,spider,,,
spider_696,Claude,spider,,,
spider_697,Claude,spider,,,
spider_698,Claude,spider,,,
spider_699,Claude,spider,,,
spider_700,Claude,spider,,,
spider_701,Claude,spider,,,
spider_702,Claude,spider,,,
spider_703,Claude,spider,,,
spider_704,Claude,spider,,,
spider_705,Claude,spider,,,
spider_706,Claude,spider,,,
spider_707,Claude,spider,,,
spider_708,Claude,spider,,,
spider_709,Claude,spider,,,
spider_710,Claude,spider,,,
spider_711,Claude,spider,,,
spider_712,Claude,spider,,,
spider_713,Claude,spider,,,
spider_714,Claude,spider,,,
spider_715,Claude,spider,,,
spider_716,Claude,spider,,,
spider_717,Claude,spider,,,
spider_718,Claude,spider,,,
spider_719,Claude,spider,,,
spider_720,Claude,spider,,,
spider_721,Claude,spider,,,
spider_722,Claude,spider,,,
spider_723,Claude,spider,,,
spider_724,Claude,spider,,,
spider_725,Claude,spider,,,
spider_726,Claude,spider,,,
spider_727,Claude,spider,,,
spider_728,Claude,spider,,,
spider_729,Claude,spider,,,
spider_730,Claude,spider,,,
spider_731,Claude,spider,,,
spider_732,Claude,spider,,,
spider_733,Claude,spider,,,
spider_734,Claude,spider,,,
spider_735,Claude,spider,,,
spider_736,Claude,spider,,,
spider_737,Claude,spider,,,
spider_738,Claude,spider,,,
spider_739,Claude,spider,,,
spider_740,Claude,spider,,,
spider_741,Claude,spider,,,
spider_742,Claude,spider,,,
spider_743,Claude,spider,,,
spider_744,Claude,spider,,,
spider_745,Claude,spider,,,
spider_746,Claude,spider,,,
spider_747,Claude,spider,,,
spider_748,Claude,spider,,,
spider_749,Claude,spider,,,
spider_750,Claude,spider,,,
spider_751,Claude,spider,,,
spider_752,Claude,spider,,,
spider_753,Claude,spider,,,
spider_754,Claude,spider,,,
spider_755,Claude,spider,,,
spider_756,Claude,spider,,,
spider_757,Claude,spider,,,
spider_758,Claude,spider,,,
spider_759,Claude,spider,,,
spider_760,Claude,spider,,,
spider_761,Claude,spider,,,
spider_762,Claude,spider,,,
spider_763,Claude,spider,,,
spider_764,Claude,spider,,,
spider_765,Claude,spider,,,
spider_766,Claude,spider,,,
spider_767,Claude,spider,,,
spider_768,Claude,spider,,,
spider_769,Claude,spider,,,
spider_770,Claude,spider,,,
spider_771,Claude,spider,,,
spider_772,Claude,spider,,,
spider_773,Claude,spider,,,
spider_774,Claude,spider,,,
spider_775,Claude,spider,,,
spider_776,Claude,spider,,,
spider_777,Claude,spider,,,
spider_778,Claude,spider,,,
spider_779,Claude,spider,,,
spider_780,Claude,spider,,,
spider_781,Claude,spider,,,
spider_782,Claude,spider,,,
spider_783,Claude,spider,,,
spider_784,Claude,spider,,,
spider_785,Claude,spider,,,
spider_786,Claude,spider,,,
spider_787,Claude,spider,,,
spider_788,Claude,spider,,,
spider_789,Claude,spider,,,
spider_790,Claude,spider,,,
spider_791,Claude,spider,,,
spider_792,Claude,spider,,,
spider_793,Claude,spider,,,
spider_794,Claude,spider,,,
spider_795,Claude,spider,,,
spider_796,Claude,spider,,,
spider_797,Claude,spider,,,
spider_798,Claude,spider,,,
spider_799,Claude,spider,,,
spider_800,Claude,spider,,,
spider_801,Claude,spider,,,
spider_802,Claude,spider,,,
spider_803,Claude,spider,,,
spider_804,Claude,spider,,,
spider_805,Claude,spider,,,
spider_806,Claude,spider,,,
spider_807,Claude,spider,,,
spider_808,Claude,spider,,,
spider_809,Claude,spider,,,
spider_810,Claude,spider,,,
spider_811,Claude,spider,,,
spider_812,Claude,spider,,,
spider_813,Claude,spider,,,
spider_814,Claude,spider,,,
spider_815,Claude,spider,,,
spider_816,Claude,spider,,,
spider_817,Claude,spider,,,
spider_818,Claude,spider,,,
spider_819,Claude,spider,,,
spider_820,Claude,spider,,,
spider_821,Claude,spider,,,
spider_822,Claude,spider,,,
spider_823,Claude,spider,,,
spider_824,Claude,spider,,,
spider_825,Claude,spider,,,
spider_826,Claude,spider,,,
spider_827,Claude,spider,,,
spider_828,Claude,spider,,,
spider_829,Claude,spider,,,
spider_830,Claude,spider,,,
spider_831,Claude,spider,,,
spider_832,Claude,spider,,,
spider_833,Claude,spider,,,
spider_834,Claude,spider,,,
spider_835,Claude,spider,,,
spider_836,Claude,spider,,,
spider_837,Claude,spider,,,
spider_838,Claude,spider,,,
spider_839,Claude,spider,,,
spider_840,Claude,spider,,,
spider_841,Claude,spider,,,
spider_842,Claude,spider,,,
spider_843,Claude,spider,,,
spider_844,Claude,spider,,,
spider_845,Claude,spider,,,
spider_846,Claude,spider,,,
spider_847,Claude,spider,,,
spider_848,Claude,spider,,,
spider_849,Claude,spider,,,
spider_850,Claude,spider,,,
spider_851,Claude,spider,,,
spider_852,Claude,spider,,,
spider_853,Claude,spider,,,
spider_854,Claude,spider,,,
spider_855,Claude,spider,,,
spider_856,Claude,spider,,,
spider_857,Claude,spider,,,
spider_858,Claude,spider,,,
spider_859,Claude,spider,,,
spider_860,Claude,spider,,,
spider_861,Claude,spider,,,
spider_862,Claude,spider,,,
spider_863,Claude,spider,,,
spider_864,Claude,spider,,,
spider_865,Claude,spider,,,
spider_866,Claude,spider,,,
spider_867,Claude,spider,,,
spider_868,Claude,spider,,,
spider_869,Claude,spider,,,
spider_870,Claude,spider,,,
spider_871,Claude,spider,,,
spider_872,Claude,spider,,,
spider_873,Claude,spider,,,
spider_874,Claude,spider,,,
spider_875,Claude,spider,,,
spider_876,Claude,spider,,,
spider_877,Claude,spider,,,
spider_878,Claude,spider,,,
spider_879,Claude,spider,,,
spider_880,Claude,spider,,,
spider_881,Claude,spider,,,
spider_882,Claude,spider,,,
spider_883,Claude,spider,,,
spider_884,Claude,spider,,,
spider_885,Claude,spider,,,
spider_886,Claude,spider,,,
spider_887,Claude,spider,,,
spider_888,Claude,spider,,,
spider_889,Claude,spider,,,
spider_890,Claude,spider,,,
spider_891,Claude,spider,,,
spider_892,Claude,spider,,,
spider_893,Claude,spider,,,
spider_894,Claude,spider,,,
spider_895,Claude,spider,,,
spider_896,Claude,spider,,,
spider_897,Claude,spider,,,
spider_898,Claude,spider,,,
spider_899,Claude,spider,,,
spider_900,Claude,spider,,,
spider_901,Claude,spider,,,
spider_902,Claude,spider,,,
spider_903,Claude,spider,,,
spider_904,Claude,spider,,,
spider_905,Claude,spider,,,
spider_906,Claude,spider,,,
spider_907,Claude,spider,,,
spider_908,Claude,spider,,,
spider_909,Claude,spider,,,
spider_910,Claude,spider,,,
spider_911,Claude,spider,,,
spider_912,Claude,spider,,,
spider_913,Claude,spider,,,
spider_914,Claude,spider,,,
spider_915,Claude,spider,,,
spider_916,Claude,spider,,,
spider_917,Claude,spider,,,
spider_918,Claude,spider,,,
spider_919,Claude,spider,,,
spider_920,Claude,spider,,,
spider_921,Claude,spider,,,
spider_922,Claude,spider,,,
spider_923,Claude,spider,,,
spider_924,Claude,spider,,,
spider_925,Claude,spider,,,
spider_926,Claude,spider,,,
spider_927,Claude,spider,,,
spider_928,Claude,spider,,,
spider_929,Claude,spider,,,
spider_930,Claude,spider,,,
spider_931,Claude,spider,,,
spider_932,Claude,spider,,,
spider_933,Claude,spider,,,
spider_934,Claude,spider,,,
spider_935,Claude,spider,,,
spider_936,Claude,spider,,,
spider_937,Claude,spider,,,
spider_938,Claude,spider,,,
spider_939,Claude,spider,,,
spider_940,Claude,spider,,,
spider_941,Claude,spider,,,
spider_942,Claude,spider,,,
spider_943,Claude,spider,,,
spider_944,Claude,spider,,,
spider_945,Claude,spider,,,
spider_946,Claude,spider,,,
spider_947,Claude,spider,,,
spider_948,Claude,spider,,,
spider_949,Claude,spider,,,
spider_950,Claude,spider,,,
spider_951,Claude,spider,,,
spider_952,Claude,spider,,,
spider_953,Claude,spider,,,
spider_954,Claude,spider,,,
spider_955,Claude,spider,,,
spider_956,Claude,spider,,,
spider_957,Claude,spider,,,
spider_958,Claude,spider,,,
spider_959,Claude,spider,,,
spider_960,Claude,spider,,,
spider_961,Claude,spider,,,
spider_962,Claude,spider,,,
spider_963,Claude,spider,,,
spider_964,Claude,spider,,,
spider_965,Claude,spider,,,
spider_966,Claude,spider,,,
spider_967,Claude,spider,,,
spider_968,Claude,spider,,,
spider_969,Claude,spider,,,
spider_970,Claude,spider,,,
spider_971,Claude,spider,,,
spider_972,Claude,spider,,,
spider_973,Claude,spider,,,
spider_974,Claude,spider,,,
spider_975,Claude,spider,,,
spider_976,Claude,spider,,,
spider_977,Claude,spider,,,
spider_978,Claude,spider,,,
spider_979,Claude,spider,,,
spider_980,Claude,spider,,,
spider_981,Claude,spider,,,
spider_982,Claude,spider,,,
spider_983,Claude,spider,,,
spider_984,Claude,spider,,,
spider_985,Claude,spider,,,
spider_986,Claude,spider,,,
spider_987,Claude,spider,,,
spider_988,Claude,spider,,,
spider_989,Claude,spider,,,
spider_990,Claude,spider,,,
spider_991,Claude,spider,,,
spider_992,Claude,spider,,,
spider_993,Claude,spider,,,
spider_994,Claude,spider,,,
spider_995,Claude,spider,,,
spider_996,Claude,spider,,,
spider_997,Claude,spider,,,
spider_998,Claude,spider,,,
spider_999,Claude,spider,,,
spider_1000,Claude,spider,,,
spider_1001,Claude,spider,,,
spider_1002,Claude,spider,,,
spider_1003,Claude,spider,,,
spider_1004,Claude,spider,,,
spider_1005,Claude,spider,,,
spider_1006,Claude,spider,,,
spider_1007,Claude,spider,,,
spider_1008,Claude,spider,,,
spider_1009,Claude,spider,,,
spider_1010,Claude,spider,,,
spider_1011,Claude,spider,,,
spider_1012,Claude,spider,,,
spider_1013,Claude,spider,,,
spider_1014,Claude,spider,,,
spider_1015,Claude,spider,,,
spider_1016,Claude,spider,,,
spider_1017,Claude,spider,,,
spider_1018,Claude,spider,,,
spider_1019,Claude,spider,,,
spider_1020,Claude,spider,,,
spider_1021,Claude,spider,,,
spider_1022,Claude,spider,,,
spider_1023,Claude,spider,,,
spider_1024,Claude,spider,,,
spider_1025,Claude,spider,,,
spider_1026,Claude,spider,,,
spider_1027,Claude,spider,,,
spider_1028,Claude,spider,,,
spider_1029,Claude,spider,,,
spider_1030,Claude,spider,,,
spider_1031,Claude,spider,,,
spider_1032,Claude,spider,,,
spider_1033,Claude,spider,,,
bird_0,DeepSeek,bird,,,
bird_1,DeepSeek,bird,,,
bird_2,DeepSeek,bird,,,
bird_3,DeepSeek,bird,,,
bird_4,DeepSeek,bird,,,
bird_5,DeepSeek,bird,,,
bird_6,DeepSeek,bird,,,
bird_7,DeepSeek,bird,,,
bird_8,DeepSeek,bird,,,
bird_9,DeepSeek,bird,,,
bird_10,DeepSeek,bird,,,
bird_11,DeepSeek,bird,,,
bird_12,DeepSeek,bird,,,
bird_13,DeepSeek,bird,,,
bird_14,DeepSeek,bird,,,
bird_15,DeepSeek,bird,,,
bird_16,DeepSeek,bird,,,
bird_17,DeepSeek,bird,,,
bird_18,DeepSeek,bird,,,
bird_19,DeepSeek,bird,,,
bird_20,DeepSeek,bird,,,
bird_21,DeepSeek,bird,,,
bird_22,DeepSeek,bird,,,
bird_23,DeepSeek,bird,,,
bird_24,DeepSeek,bird,,,
bird_25,DeepSeek,bird,,,
bird_26,DeepSeek,bird,,,
bird_27,DeepSeek,bird,,,
bird_28,DeepSeek,bird,,,
bird_29,DeepSeek,bird,,,
bird_30,DeepSeek,bird,,,
bird_31,DeepSeek,bird,,,
bird_32,DeepSeek,bird,,,
bird_33,DeepSeek,bird,,,
bird_34,DeepSeek,bird,,,
bird_35,DeepSeek,bird,,,
bird_36,DeepSeek,bird,,,
bird_37,DeepSeek,bird,,,
bird_38,DeepSeek,bird,,,
bird_39,DeepSeek,bird,,,
bird_40,DeepSeek,bird,,,
bird_41,DeepSeek,bird,,,
bird_42,DeepSeek,bird,,,
bird_43,DeepSeek,bird,,,
bird_44,DeepSeek,bird,,,
bird_45,DeepSeek,bird,,,
bird_46,DeepSeek,bird,,,
bird_47,DeepSeek,bird,,,
bird_48,DeepSeek,bird,,,
bird_49,DeepSeek,bird,,,
bird_50,DeepSeek,bird,,,
bird_51,DeepSeek,bird,,,
bird_52,DeepSeek,bird,,,
bird_53,DeepSeek,bird,,,
bird_54,DeepSeek,bird,,,
bird_55,DeepSeek,bird,,,
bird_56,DeepSeek,bird,,,
bird_57,DeepSeek,bird,,,
bird_58,DeepSeek,bird,,,
bird_59,DeepSeek,bird,,,
bird_60,DeepSeek,bird,,,
bird_61,DeepSeek,bird,,,
bird_62,DeepSeek,bird,,,
bird_63,DeepSeek,bird,,,
bird_64,DeepSeek,bird,,,
bird_65,DeepSeek,bird,,,
bird_66,DeepSeek,bird,,,
bird_67,DeepSeek,bird,,,
bird_68,DeepSeek,bird,,,
bird_69,DeepSeek,bird,,,
bird_70,DeepSeek,bird,,,
bird_71,DeepSeek,bird,,,
bird_72,DeepSeek,bird,,,
bird_73,DeepSeek,bird,,,
bird_74,DeepSeek,bird,,,
bird_75,DeepSeek,bird,,,
bird_76,DeepSeek,bird,,,
bird_77,DeepSeek,bird,,,
bird_78,DeepSeek,bird,,,
bird_79,DeepSeek,bird,,,
bird_80,DeepSeek,bird,,,
bird_81,DeepSeek,bird,,,
bird_82,DeepSeek,bird,,,
bird_83,DeepSeek,bird,,,
bird_84,DeepSeek,bird,,,
bird_85,DeepSeek,bird,,,
bird_86,DeepSeek,bird,,,
bird_87,DeepSeek,bird,,,
bird_88,DeepSeek,bird,,,
bird_89,DeepSeek,bird,,,
bird_90,DeepSeek,bird,,,
bird_91,DeepSeek,bird,,,
bird_92,DeepSeek,bird,,,
bird_93,DeepSeek,bird,,,
bird_94,DeepSeek,bird,,,
bird_95,DeepSeek,bird,,,
bird_96,DeepSeek,bird,,,
bird_97,DeepSeek,bird,,,
bird_98,DeepSeek,bird,,,
bird_99,DeepSeek,bird,,,
bird_100,DeepSeek,bird,,,
bird_101,DeepSeek,bird,,,
bird_102,DeepSeek,bird,,,
bird_103,DeepSeek,bird,,,
bird_104,DeepSeek,bird,,,
bird_105,DeepSeek,bird,,,
bird_106,DeepSeek,bird,,,
bird_107,DeepSeek,bird,,,
bird_108,DeepSeek,bird,,,
bird_109,DeepSeek,bird,,,
bird_110,DeepSeek,bird,,,
bird_111,DeepSeek,bird,,,
bird_112,DeepSeek,bird,,,
bird_113,DeepSeek,bird,,,
bird_114,DeepSeek,bird,,,
bird_115,DeepSeek,bird,,,
bird_116,DeepSeek,bird,,,
bird_117,DeepSeek,bird,,,
bird_118,DeepSeek,bird,,,
bird_119,DeepSeek,bird,,,
bird_120,DeepSeek,bird,,,
bird_121,DeepSeek,bird,,,
bird_122,DeepSeek,bird,,,
bird_123,DeepSeek,bird,,,
bird_124,DeepSeek,bird,,,
bird_125,DeepSeek,bird,,,
bird_126,DeepSeek,bird,,,
bird_127,DeepSeek,bird,,,
bird_128,DeepSeek,bird,,,
bird_129,DeepSeek,bird,,,
bird_130,DeepSeek,bird,,,
bird_131,DeepSeek,bird,,,
bird_132,DeepSeek,bird,,,
bird_133,DeepSeek,bird,,,
bird_134,DeepSeek,bird,,,
bird_135,DeepSeek,bird,,,
bird_136,DeepSeek,bird,,,
bird_137,DeepSeek,bird,,,
bird_138,DeepSeek,bird,,,
bird_139,DeepSeek,bird,,,
bird_140,DeepSeek,bird,,,
bird_141,DeepSeek,bird,,,
bird_142,DeepSeek,bird,,,
bird_143,DeepSeek,bird,,,
bird_144,DeepSeek,bird,,,
bird_145,DeepSeek,bird,,,
bird_146,DeepSeek,bird,,,
bird_147,DeepSeek,bird,,,
bird_148,DeepSeek,bird,,,
bird_149,DeepSeek,bird,,,
bird_150,DeepSeek,bird,,,
bird_151,DeepSeek,bird,,,
bird_152,DeepSeek,bird,,,
bird_153,DeepSeek,bird,,,
bird_154,DeepSeek,bird,,,
bird_155,DeepSeek,bird,,,
bird_156,DeepSeek,bird,,,
bird_157,DeepSeek,bird,,,
bird_158,DeepSeek,bird,,,
bird_159,DeepSeek,bird,,,
bird_160,DeepSeek,bird,,,
bird_161,DeepSeek,bird,,,
bird_162,DeepSeek,bird,,,
bird_163,DeepSeek,bird,,,
bird_164,DeepSeek,bird,,,
bird_165,DeepSeek,bird,,,
bird_166,DeepSeek,bird,,,
bird_167,DeepSeek,bird,,,
bird_168,DeepSeek,bird,,,
bird_169,DeepSeek,bird,,,
bird_170,DeepSeek,bird,,,
bird_171,DeepSeek,bird,,,
bird_172,DeepSeek,bird,,,
bird_173,DeepSeek,bird,,,
bird_174,DeepSeek,bird,,,
bird_175,DeepSeek,bird,,,
bird_176,DeepSeek,bird,,,
bird_177,DeepSeek,bird,,,
bird_178,DeepSeek,bird,,,
bird_179,DeepSeek,bird,,,
bird_180,DeepSeek,bird,,,
bird_181,DeepSeek,bird,,,
bird_182,DeepSeek,bird,,,
bird_183,DeepSeek,bird,,,
bird_184,DeepSeek,bird,,,
bird_185,DeepSeek,bird,,,
bird_186,DeepSeek,bird,,,
bird_187,DeepSeek,bird,,,
bird_188,DeepSeek,bird,,,
bird_189,DeepSeek,bird,,,
bird_190,DeepSeek,bird,,,
bird_191,DeepSeek,bird,,,
bird_192,DeepSeek,bird,,,
bird_193,DeepSeek,bird,,,
bird_194,DeepSeek,bird,,,
bird_195,DeepSeek,bird,,,
bird_196,DeepSeek,bird,,,
bird_197,DeepSeek,bird,,,
bird_198,DeepSeek,bird,,,
bird_199,DeepSeek,bird,,,
bird_200,DeepSeek,bird,,,
bird_201,DeepSeek,bird,,,
bird_202,DeepSeek,bird,,,
bird_203,DeepSeek,bird,,,
bird_204,DeepSeek,bird,,,
bird_205,DeepSeek,bird,,,
bird_206,DeepSeek,bird,,,
bird_207,DeepSeek,bird,,,
bird_208,DeepSeek,bird,,,
bird_209,DeepSeek,bird,,,
bird_210,DeepSeek,bird,,,
bird_211,DeepSeek,bird,,,
bird_212,DeepSeek,bird,,,
bird_213,DeepSeek,bird,,,
bird_214,DeepSeek,bird,,,
bird_215,DeepSeek,bird,,,
bird_216,DeepSeek,bird,,,
bird_217,DeepSeek,bird,,,
bird_218,DeepSeek,bird,,,
bird_219,DeepSeek,bird,,,
bird_220,DeepSeek,bird,,,
bird_221,DeepSeek,bird,,,
bird_222,DeepSeek,bird,,,
bird_223,DeepSeek,bird,,,
bird_224,DeepSeek,bird,,,
bird_225,DeepSeek,bird,,,
bird_226,DeepSeek,bird,,,
bird_227,DeepSeek,bird,,,
bird_228,DeepSeek,bird,,,
bird_229,DeepSeek,bird,,,
bird_230,DeepSeek,bird,,,
bird_231,DeepSeek,bird,,,
bird_232,DeepSeek,bird,,,
bird_233,DeepSeek,bird,,,
bird_234,DeepSeek,bird,,,
bird_235,DeepSeek,bird,,,
bird_236,DeepSeek,bird,,,
bird_237,DeepSeek,bird,,,
bird_238,DeepSeek,bird,,,
bird_239,DeepSeek,bird,,,
bird_240,DeepSeek,bird,,,
bird_241,DeepSeek,bird,,,
bird_242,DeepSeek,bird,,,
bird_243,DeepSeek,bird,,,
bird_244,DeepSeek,bird,,,
bird_245,DeepSeek,bird,,,
bird_246,DeepSeek,bird,,,
bird_247,DeepSeek,bird,,,
bird_248,DeepSeek,bird,,,
bird_249,DeepSeek,bird,,,
bird_250,DeepSeek,bird,,,
bird_251,DeepSeek,bird,,,
bird_252,DeepSeek,bird,,,
bird_253,DeepSeek,bird,,,
bird_254,DeepSeek,bird,,,
bird_255,DeepSeek,bird,,,
bird_256,DeepSeek,bird,,,
bird_257,DeepSeek,bird,,,
bird_258,DeepSeek,bird,,,
bird_259,DeepSeek,bird,,,
bird_260,DeepSeek,bird,,,
bird_261,DeepSeek,bird,,,
bird_262,DeepSeek,bird,,,
bird_263,DeepSeek,bird,,,
bird_264,DeepSeek,bird,,,
bird_265,DeepSeek,bird,,,
bird_266,DeepSeek,bird,,,
bird_267,DeepSeek,bird,,,
bird_268,DeepSeek,bird,,,
bird_269,DeepSeek,bird,,,
bird_270,DeepSeek,bird,,,
bird_271,DeepSeek,bird,,,
bird_272,DeepSeek,bird,,,
bird_273,DeepSeek,bird,,,
bird_274,DeepSeek,bird,,,
bird_275,DeepSeek,bird,,,
bird_276,DeepSeek,bird,,,
bird_277,DeepSeek,bird,,,
bird_278,DeepSeek,bird,,,
bird_279,DeepSeek,bird,,,
bird_280,DeepSeek,bird,,,
bird_281,DeepSeek,bird,,,
bird_282,DeepSeek,bird,,,
bird_283,DeepSeek,bird,,,
bird_284,DeepSeek,bird,,,
bird_285,DeepSeek,bird,,,
bird_286,DeepSeek,bird,,,
bird_287,DeepSeek,bird,,,
bird_288,DeepSeek,bird,,,
bird_289,DeepSeek,bird,,,
bird_290,DeepSeek,bird,,,
bird_291,DeepSeek,bird,,,
bird_292,DeepSeek,bird,,,
bird_293,DeepSeek,bird,,,
bird_294,DeepSeek,bird,,,
bird_295,DeepSeek,bird,,,
bird_296,DeepSeek,bird,,,
bird_297,DeepSeek,bird,,,
bird_298,DeepSeek,bird,,,
bird_299,DeepSeek,bird,,,
bird_300,DeepSeek,bird,,,
bird_301,DeepSeek,bird,,,
bird_302,DeepSeek,bird,,,
bird_303,DeepSeek,bird,,,
bird_304,DeepSeek,bird,,,
bird_305,DeepSeek,bird,,,
bird_306,DeepSeek,bird,,,
bird_307,DeepSeek,bird,,,
bird_308,DeepSeek,bird,,,
bird_309,DeepSeek,bird,,,
bird_310,DeepSeek,bird,,,
bird_311,DeepSeek,bird,,,
bird_312,DeepSeek,bird,,,
bird_313,DeepSeek,bird,,,
bird_314,DeepSeek,bird,,,
bird_315,DeepSeek,bird,,,
bird_316,DeepSeek,bird,,,
bird_317,DeepSeek,bird,,,
bird_318,DeepSeek,bird,,,
bird_319,DeepSeek,bird,,,
bird_320,DeepSeek,bird,,,
bird_321,DeepSeek,bird,,,
bird_322,DeepSeek,bird,,,
bird_323,DeepSeek,bird,,,
bird_324,DeepSeek,bird,,,
bird_325,DeepSeek,bird,,,
bird_326,DeepSeek,bird,,,
bird_327,DeepSeek,bird,,,
bird_328,DeepSeek,bird,,,
bird_329,DeepSeek,bird,,,
bird_330,DeepSeek,bird,,,
bird_331,DeepSeek,bird,,,
bird_332,DeepSeek,bird,,,
bird_333,DeepSeek,bird,,,
bird_334,DeepSeek,bird,,,
bird_335,DeepSeek,bird,,,
bird_336,DeepSeek,bird,,,
bird_337,DeepSeek,bird,,,
bird_338,DeepSeek,bird,,,
bird_339,DeepSeek,bird,,,
bird_340,DeepSeek,bird,,,
bird_341,DeepSeek,bird,,,
bird_342,DeepSeek,bird,,,
bird_343,DeepSeek,bird,,,
bird_344,DeepSeek,bird,,,
bird_345,DeepSeek,bird,,,
bird_346,DeepSeek,bird,,,
bird_347,DeepSeek,bird,,,
bird_348,DeepSeek,bird,,,
bird_349,DeepSeek,bird,,,
bird_350,DeepSeek,bird,,,
bird_351,DeepSeek,bird,,,
bird_352,DeepSeek,bird,,,
bird_353,DeepSeek,bird,,,
bird_354,DeepSeek,bird,,,
bird_355,DeepSeek,bird,,,
bird_356,DeepSeek,bird,,,
bird_357,DeepSeek,bird,,,
bird_358,DeepSeek,bird,,,
bird_359,DeepSeek,bird,,,
bird_360,DeepSeek,bird,,,
bird_361,DeepSeek,bird,,,
bird_362,DeepSeek,bird,,,
bird_363,DeepSeek,bird,,,
bird_364,DeepSeek,bird,,,
bird_365,DeepSeek,bird,,,
bird_366,DeepSeek,bird,,,
bird_367,DeepSeek,bird,,,
bird_368,DeepSeek,bird,,,
bird_369,DeepSeek,bird,,,
bird_370,DeepSeek,bird,,,
bird_371,DeepSeek,bird,,,
bird_372,DeepSeek,bird,,,
bird_373,DeepSeek,bird,,,
bird_374,DeepSeek,bird,,,
bird_375,DeepSeek,bird,,,
bird_376,DeepSeek,bird,,,
bird_377,DeepSeek,bird,,,
bird_378,DeepSeek,bird,,,
bird_379,DeepSeek,bird,,,
bird_380,DeepSeek,bird,,,
bird_381,DeepSeek,bird,,,
bird_382,DeepSeek,bird,,,
bird_383,DeepSeek,bird,,,
bird_384,DeepSeek,bird,,,
bird_385,DeepSeek,bird,,,
bird_386,DeepSeek,bird,,,
bird_387,DeepSeek,bird,,,
bird_388,DeepSeek,bird,,,
bird_389,DeepSeek,bird,,,
bird_390,DeepSeek,bird,,,
bird_391,DeepSeek,bird,,,
bird_392,DeepSeek,bird,,,
bird_393,DeepSeek,bird,,,
bird_394,DeepSeek,bird,,,
bird_395,DeepSeek,bird,,,
bird_396,DeepSeek,bird,,,
bird_397,DeepSeek,bird,,,
bird_398,DeepSeek,bird,,,
bird_399,DeepSeek,bird,,,
bird_400,DeepSeek,bird,,,
bird_401,DeepSeek,bird,,,
bird_402,DeepSeek,bird,,,
bird_403,DeepSeek,bird,,,
bird_404,DeepSeek,bird,,,
bird_405,DeepSeek,bird,,,
bird_406,DeepSeek,bird,,,
bird_407,DeepSeek,bird,,,
bird_408,DeepSeek,bird,,,
bird_409,DeepSeek,bird,,,
bird_410,DeepSeek,bird,,,
bird_411,DeepSeek,bird,,,
bird_412,DeepSeek,bird,,,
bird_413,DeepSeek,bird,,,
bird_414,DeepSeek,bird,,,
bird_415,DeepSeek,bird,,,
bird_416,DeepSeek,bird,,,
bird_417,DeepSeek,bird,,,
bird_418,DeepSeek,bird,,,
bird_419,DeepSeek,bird,,,
bird_420,DeepSeek,bird,,,
bird_421,DeepSeek,bird,,,
bird_422,DeepSeek,bird,,,
bird_423,DeepSeek,bird,,,
bird_424,DeepSeek,bird,,,
bird_425,DeepSeek,bird,,,
bird_426,DeepSeek,bird,,,
bird_427,DeepSeek,bird,,,
bird_428,DeepSeek,bird,,,
bird_429,DeepSeek,bird,,,
bird_430,DeepSeek,bird,,,
bird_431,DeepSeek,bird,,,
bird_432,DeepSeek,bird,,,
bird_433,DeepSeek,bird,,,
bird_434,DeepSeek,bird,,,
bird_435,DeepSeek,bird,,,
bird_436,DeepSeek,bird,,,
bird_437,DeepSeek,bird,,,
bird_438,DeepSeek,bird,,,
bird_439,DeepSeek,bird,,,
bird_440,DeepSeek,bird,,,
bird_441,DeepSeek,bird,,,
bird_442,DeepSeek,bird,,,
bird_443,DeepSeek,bird,,,
bird_444,DeepSeek,bird,,,
bird_445,DeepSeek,bird,,,
bird_446,DeepSeek,bird,,,
bird_447,DeepSeek,bird,,,
bird_448,DeepSeek,bird,,,
bird_449,DeepSeek,bird,,,
bird_450,DeepSeek,bird,,,
bird_451,DeepSeek,bird,,,
bird_452,DeepSeek,bird,,,
bird_453,DeepSeek,bird,,,
bird_454,DeepSeek,bird,,,
bird_455,DeepSeek,bird,,,
bird_456,DeepSeek,bird,,,
bird_457,DeepSeek,bird,,,
bird_458,DeepSeek,bird,,,
bird_459,DeepSeek,bird,,,
bird_460,DeepSeek,bird,,,
bird_461,DeepSeek,bird,,,
bird_462,DeepSeek,bird,,,
bird_463,DeepSeek,bird,,,
bird_464,DeepSeek,bird,,,
bird_465,DeepSeek,bird,,,
bird_466,DeepSeek,bird,,,
bird_467,DeepSeek,bird,,,
bird_468,DeepSeek,bird,,,
bird_469,DeepSeek,bird,,,
bird_470,DeepSeek,bird,,,
bird_471,DeepSeek,bird,,,
bird_472,DeepSeek,bird,,,
bird_473,DeepSeek,bird,,,
bird_474,DeepSeek,bird,,,
bird_475,DeepSeek,bird,,,
bird_476,DeepSeek,bird,,,
bird_477,DeepSeek,bird,,,
bird_478,DeepSeek,bird,,,
bird_479,DeepSeek,bird,,,
bird_480,DeepSeek,bird,,,
bird_481,DeepSeek,bird,,,
bird_482,DeepSeek,bird,,,
bird_483,DeepSeek,bird,,,
bird_484,DeepSeek,bird,,,
bird_485,DeepSeek,bird,,,
bird_486,DeepSeek,bird,,,
bird_487,DeepSeek,bird,,,
bird_488,DeepSeek,bird,,,
bird_489,DeepSeek,bird,,,
bird_490,DeepSeek,bird,,,
bird_491,DeepSeek,bird,,,
bird_492,DeepSeek,bird,,,
bird_493,DeepSeek,bird,,,
bird_494,DeepSeek,bird,,,
bird_495,DeepSeek,bird,,,
bird_496,DeepSeek,bird,,,
bird_497,DeepSeek,bird,,,
bird_498,DeepSeek,bird,,,
bird_499,DeepSeek,bird,,,
bird_500,DeepSeek,bird,,,
bird_501,DeepSeek,bird,,,
bird_502,DeepSeek,bird,,,
bird_503,DeepSeek,bird,,,
bird_504,DeepSeek,bird,,,
bird_505,DeepSeek,bird,,,
bird_506,DeepSeek,bird,,,
bird_507,DeepSeek,bird,,,
bird_508,DeepSeek,bird,,,
bird_509,DeepSeek,bird,,,
bird_510,DeepSeek,bird,,,
bird_511,DeepSeek,bird,,,
bird_512,DeepSeek,bird,,,
bird_513,DeepSeek,bird,,,
bird_514,DeepSeek,bird,,,
bird_515,DeepSeek,bird,,,
bird_516,DeepSeek,bird,,,
bird_517,DeepSeek,bird,,,
bird_518,DeepSeek,bird,,,
bird_519,DeepSeek,bird,,,
bird_520,DeepSeek,bird,,,
bird_521,DeepSeek,bird,,,
bird_522,DeepSeek,bird,,,
bird_523,DeepSeek,bird,,,
bird_524,DeepSeek,bird,,,
bird_525,DeepSeek,bird,,,
bird_526,DeepSeek,bird,,,
bird_527,DeepSeek,bird,,,
bird_528,DeepSeek,bird,,,
bird_529,DeepSeek,bird,,,
bird_530,DeepSeek,bird,,,
bird_531,DeepSeek,bird,,,
bird_532,DeepSeek,bird,,,
bird_533,DeepSeek,bird,,,
bird_534,DeepSeek,bird,,,
bird_535,DeepSeek,bird,,,
bird_536,DeepSeek,bird,,,
bird_537,DeepSeek,bird,,,
bird_538,DeepSeek,bird,,,
bird_539,DeepSeek,bird,,,
bird_540,DeepSeek,bird,,,
bird_541,DeepSeek,bird,,,
bird_542,DeepSeek,bird,,,
bird_543,DeepSeek,bird,,,
bird_544,DeepSeek,bird,,,
bird_545,DeepSeek,bird,,,
bird_546,DeepSeek,bird,,,
bird_547,DeepSeek,bird,,,
bird_548,DeepSeek,bird,,,
bird_549,DeepSeek,bird,,,
bird_550,DeepSeek,bird,,,
bird_551,DeepSeek,bird,,,
bird_552,DeepSeek,bird,,,
bird_553,DeepSeek,bird,,,
bird_554,DeepSeek,bird,,,
bird_555,DeepSeek,bird,,,
bird_556,DeepSeek,bird,,,
bird_557,DeepSeek,bird,,,
bird_558,DeepSeek,bird,,,
bird_559,DeepSeek,bird,,,
bird_560,DeepSeek,bird,,,
bird_561,DeepSeek,bird,,,
bird_562,DeepSeek,bird,,,
bird_563,DeepSeek,bird,,,
bird_564,DeepSeek,bird,,,
bird_565,DeepSeek,bird,,,
bird_566,DeepSeek,bird,,,
bird_567,DeepSeek,bird,,,
bird_568,DeepSeek,bird,,,
bird_569,DeepSeek,bird,,,
bird_570,DeepSeek,bird,,,
bird_571,DeepSeek,bird,,,
bird_572,DeepSeek,bird,,,
bird_573,DeepSeek,bird,,,
bird_574,DeepSeek,bird,,,
bird_575,DeepSeek,bird,,,
bird_576,DeepSeek,bird,,,
bird_577,DeepSeek,bird,,,
bird_578,DeepSeek,bird,,,
bird_579,DeepSeek,bird,,,
bird_580,DeepSeek,bird,,,
bird_581,DeepSeek,bird,,,
bird_582,DeepSeek,bird,,,
bird_583,DeepSeek,bird,,,
bird_584,DeepSeek,bird,,,
bird_585,DeepSeek,bird,,,
bird_586,DeepSeek,bird,,,
bird_587,DeepSeek,bird,,,
bird_588,DeepSeek,bird,,,
bird_589,DeepSeek,bird,,,
bird_590,DeepSeek,bird,,,
bird_591,DeepSeek,bird,,,
bird_592,DeepSeek,bird,,,
bird_593,DeepSeek,bird,,,
bird_594,DeepSeek,bird,,,
bird_595,DeepSeek,bird,,,
bird_596,DeepSeek,bird,,,
bird_597,DeepSeek,bird,,,
bird_598,DeepSeek,bird,,,
bird_599,DeepSeek,bird,,,
bird_600,DeepSeek,bird,,,
bird_601,DeepSeek,bird,,,
bird_602,DeepSeek,bird,,,
bird_603,DeepSeek,bird,,,
bird_604,DeepSeek,bird,,,
bird_605,DeepSeek,bird,,,
bird_606,DeepSeek,bird,,,
bird_607,DeepSeek,bird,,,
bird_608,DeepSeek,bird,,,
bird_609,DeepSeek,bird,,,
bird_610,DeepSeek,bird,,,
bird_611,DeepSeek,bird,,,
bird_612,DeepSeek,bird,,,
bird_613,DeepSeek,bird,,,
bird_614,DeepSeek,bird,,,
bird_615,DeepSeek,bird,,,
bird_616,DeepSeek,bird,,,
bird_617,DeepSeek,bird,,,
bird_618,DeepSeek,bird,,,
bird_619,DeepSeek,bird,,,
bird_620,DeepSeek,bird,,,
bird_621,DeepSeek,bird,,,
bird_622,DeepSeek,bird,,,
bird_623,DeepSeek,bird,,,
bird_624,DeepSeek,bird,,,
bird_625,DeepSeek,bird,,,
bird_626,DeepSeek,bird,,,
bird_627,DeepSeek,bird,,,
bird_628,DeepSeek,bird,,,
bird_629,DeepSeek,bird,,,
bird_630,DeepSeek,bird,,,
bird_631,DeepSeek,bird,,,
bird_632,DeepSeek,bird,,,
bird_633,DeepSeek,bird,,,
bird_634,DeepSeek,bird,,,
bird_635,DeepSeek,bird,,,
bird_636,DeepSeek,bird,,,
bird_637,DeepSeek,bird,,,
bird_638,DeepSeek,bird,,,
bird_639,DeepSeek,bird,,,
bird_640,DeepSeek,bird,,,
bird_641,DeepSeek,bird,,,
bird_642,DeepSeek,bird,,,
bird_643,DeepSeek,bird,,,
bird_644,DeepSeek,bird,,,
bird_645,DeepSeek,bird,,,
bird_646,DeepSeek,bird,,,
bird_647,DeepSeek,bird,,,
bird_648,DeepSeek,bird,,,
bird_649,DeepSeek,bird,,,
bird_650,DeepSeek,bird,,,
bird_651,DeepSeek,bird,,,
bird_652,DeepSeek,bird,,,
bird_653,DeepSeek,bird,,,
bird_654,DeepSeek,bird,,,
bird_655,DeepSeek,bird,,,
bird_656,DeepSeek,bird,,,
bird_657,DeepSeek,bird,,,
bird_658,DeepSeek,bird,,,
bird_659,DeepSeek,bird,,,
bird_660,DeepSeek,bird,,,
bird_661,DeepSeek,bird,,,
bird_662,DeepSeek,bird,,,
bird_663,DeepSeek,bird,,,
bird_664,DeepSeek,bird,,,
bird_665,DeepSeek,bird,,,
bird_666,DeepSeek,bird,,,
bird_667,DeepSeek,bird,,,
bird_668,DeepSeek,bird,,,
bird_669,DeepSeek,bird,,,
bird_670,DeepSeek,bird,,,
bird_671,DeepSeek,bird,,,
bird_672,DeepSeek,bird,,,
bird_673,DeepSeek,bird,,,
bird_674,DeepSeek,bird,,,
bird_675,DeepSeek,bird,,,
bird_676,DeepSeek,bird,,,
bird_677,DeepSeek,bird,,,
bird_678,DeepSeek,bird,,,
bird_679,DeepSeek,bird,,,
bird_680,DeepSeek,bird,,,
bird_681,DeepSeek,bird,,,
bird_682,DeepSeek,bird,,,
bird_683,DeepSeek,bird,,,
bird_684,DeepSeek,bird,,,
bird_685,DeepSeek,bird,,,
bird_686,DeepSeek,bird,,,
bird_687,DeepSeek,bird,,,
bird_688,DeepSeek,bird,,,
bird_689,DeepSeek,bird,,,
bird_690,DeepSeek,bird,,,
bird_691,DeepSeek,bird,,,
bird_692,DeepSeek,bird,,,
bird_693,DeepSeek,bird,,,
bird_694,DeepSeek,bird,,,
bird_695,DeepSeek,bird,,,
bird_696,DeepSeek,bird,,,
bird_697,DeepSeek,bird,,,
bird_698,DeepSeek,bird,,,
bird_699,DeepSeek,bird,,,
bird_700,DeepSeek,bird,,,
bird_701,DeepSeek,bird,,,
bird_702,DeepSeek,bird,,,
bird_703,DeepSeek,bird,,,
bird_704,DeepSeek,bird,,,
bird_705,DeepSeek,bird,,,
bird_706,DeepSeek,bird,,,
bird_707,DeepSeek,bird,,,
bird_708,DeepSeek,bird,,,
bird_709,DeepSeek,bird,,,
bird_710,DeepSeek,bird,,,
bird_711,DeepSeek,bird,,,
bird_712,DeepSeek,bird,,,
bird_713,DeepSeek,bird,,,
bird_714,DeepSeek,bird,,,
bird_715,DeepSeek,bird,,,
bird_716,DeepSeek,bird,,,
bird_717,DeepSeek,bird,,,
bird_718,DeepSeek,bird,,,
bird_719,DeepSeek,bird,,,
bird_720,DeepSeek,bird,,,
bird_721,DeepSeek,bird,,,
bird_722,DeepSeek,bird,,,
bird_723,DeepSeek,bird,,,
bird_724,DeepSeek,bird,,,
bird_725,DeepSeek,bird,,,
bird_726,DeepSeek,bird,,,
bird_727,DeepSeek,bird,,,
bird_728,DeepSeek,bird,,,
bird_729,DeepSeek,bird,,,
bird_730,DeepSeek,bird,,,
bird_731,DeepSeek,bird,,,
bird_732,DeepSeek,bird,,,
bird_733,DeepSeek,bird,,,
bird_734,DeepSeek,bird,,,
bird_735,DeepSeek,bird,,,
bird_736,DeepSeek,bird,,,
bird_737,DeepSeek,bird,,,
bird_738,DeepSeek,bird,,,
bird_739,DeepSeek,bird,,,
bird_740,DeepSeek,bird,,,
bird_741,DeepSeek,bird,,,
bird_742,DeepSeek,bird,,,
bird_743,DeepSeek,bird,,,
bird_744,DeepSeek,bird,,,
bird_745,DeepSeek,bird,,,
bird_746,DeepSeek,bird,,,
bird_747,DeepSeek,bird,,,
bird_748,DeepSeek,bird,,,
bird_749,DeepSeek,bird,,,
bird_750,DeepSeek,bird,,,
bird_751,DeepSeek,bird,,,
bird_752,DeepSeek,bird,,,
bird_753,DeepSeek,bird,,,
bird_754,DeepSeek,bird,,,
bird_755,DeepSeek,bird,,,
bird_756,DeepSeek,bird,,,
bird_757,DeepSeek,bird,,,
bird_758,DeepSeek,bird,,,
bird_759,DeepSeek,bird,,,
bird_760,DeepSeek,bird,,,
bird_761,DeepSeek,bird,,,
bird_762,DeepSeek,bird,,,
bird_763,DeepSeek,bird,,,
bird_764,DeepSeek,bird,,,
bird_765,DeepSeek,bird,,,
bird_766,DeepSeek,bird,,,
bird_767,DeepSeek,bird,,,
bird_768,DeepSeek,bird,,,
bird_769,DeepSeek,bird,,,
bird_770,DeepSeek,bird,,,
bird_771,DeepSeek,bird,,,
bird_772,DeepSeek,bird,,,
bird_773,DeepSeek,bird,,,
bird_774,DeepSeek,bird,,,
bird_775,DeepSeek,bird,,,
bird_776,DeepSeek,bird,,,
bird_777,DeepSeek,bird,,,
bird_778,DeepSeek,bird,,,
bird_779,DeepSeek,bird,,,
bird_780,DeepSeek,bird,,,
bird_781,DeepSeek,bird,,,
bird_782,DeepSeek,bird,,,
bird_783,DeepSeek,bird,,,
bird_784,DeepSeek,bird,,,
bird_785,DeepSeek,bird,,,
bird_786,DeepSeek,bird,,,
bird_787,DeepSeek,bird,,,
bird_788,DeepSeek,bird,,,
bird_789,DeepSeek,bird,,,
bird_790,DeepSeek,bird,,,
bird_791,DeepSeek,bird,,,
bird_792,DeepSeek,bird,,,
bird_793,DeepSeek,bird,,,
bird_794,DeepSeek,bird,,,
bird_795,DeepSeek,bird,,,
bird_796,DeepSeek,bird,,,
bird_797,DeepSeek,bird,,,
bird_798,DeepSeek,bird,,,
bird_799,DeepSeek,bird,,,
bird_800,DeepSeek,bird,,,
bird_801,DeepSeek,bird,,,
bird_802,DeepSeek,bird,,,
bird_803,DeepSeek,bird,,,
bird_804,DeepSeek,bird,,,
bird_805,DeepSeek,bird,,,
bird_806,DeepSeek,bird,,,
bird_807,DeepSeek,bird,,,
bird_808,DeepSeek,bird,,,
bird_809,DeepSeek,bird,,,
bird_810,DeepSeek,bird,,,
bird_811,DeepSeek,bird,,,
bird_812,DeepSeek,bird,,,
bird_813,DeepSeek,bird,,,
bird_814,DeepSeek,bird,,,
bird_815,DeepSeek,bird,,,
bird_816,DeepSeek,bird,,,
bird_817,DeepSeek,bird,,,
bird_818,DeepSeek,bird,,,
bird_819,DeepSeek,bird,,,
bird_820,DeepSeek,bird,,,
bird_821,DeepSeek,bird,,,
bird_822,DeepSeek,bird,,,
bird_823,DeepSeek,bird,,,
bird_824,DeepSeek,bird,,,
bird_825,DeepSeek,bird,,,
bird_826,DeepSeek,bird,,,
bird_827,DeepSeek,bird,,,
bird_828,DeepSeek,bird,,,
bird_829,DeepSeek,bird,,,
bird_830,DeepSeek,bird,,,
bird_831,DeepSeek,bird,,,
bird_832,DeepSeek,bird,,,
bird_833,DeepSeek,bird,,,
bird_834,DeepSeek,bird,,,
bird_835,DeepSeek,bird,,,
bird_836,DeepSeek,bird,,,
bird_837,DeepSeek,bird,,,
bird_838,DeepSeek,bird,,,
bird_839,DeepSeek,bird,,,
bird_840,DeepSeek,bird,,,
bird_841,DeepSeek,bird,,,
bird_842,DeepSeek,bird,,,
bird_843,DeepSeek,bird,,,
bird_844,DeepSeek,bird,,,
bird_845,DeepSeek,bird,,,
bird_846,DeepSeek,bird,,,
bird_847,DeepSeek,bird,,,
bird_848,DeepSeek,bird,,,
bird_849,DeepSeek,bird,,,
bird_850,DeepSeek,bird,,,
bird_851,DeepSeek,bird,,,
bird_852,DeepSeek,bird,,,
bird_853,DeepSeek,bird,,,
bird_854,DeepSeek,bird,,,
bird_855,DeepSeek,bird,,,
bird_856,DeepSeek,bird,,,
bird_857,DeepSeek,bird,,,
bird_858,DeepSeek,bird,,,
bird_859,DeepSeek,bird,,,
bird_860,DeepSeek,bird,,,
bird_861,DeepSeek,bird,,,
bird_862,DeepSeek,bird,,,
bird_863,DeepSeek,bird,,,
bird_864,DeepSeek,bird,,,
bird_865,DeepSeek,bird,,,
bird_866,DeepSeek,bird,,,
bird_867,DeepSeek,bird,,,
bird_868,DeepSeek,bird,,,
bird_869,DeepSeek,bird,,,
bird_870,DeepSeek,bird,,,
bird_871,DeepSeek,bird,,,
bird_872,DeepSeek,bird,,,
bird_873,DeepSeek,bird,,,
bird_874,DeepSeek,bird,,,
bird_875,DeepSeek,bird,,,
bird_876,DeepSeek,bird,,,
bird_877,DeepSeek,bird,,,
bird_878,DeepSeek,bird,,,
bird_879,DeepSeek,bird,,,
bird_880,DeepSeek,bird,,,
bird_881,DeepSeek,bird,,,
bird_882,DeepSeek,bird,,,
bird_883,DeepSeek,bird,,,
bird_884,DeepSeek,bird,,,
bird_885,DeepSeek,bird,,,
bird_886,DeepSeek,bird,,,
bird_887,DeepSeek,bird,,,
bird_888,DeepSeek,bird,,,
bird_889,DeepSeek,bird,,,
bird_890,DeepSeek,bird,,,
bird_891,DeepSeek,bird,,,
bird_892,DeepSeek,bird,,,
bird_893,DeepSeek,bird,,,
bird_894,DeepSeek,bird,,,
bird_895,DeepSeek,bird,,,
bird_896,DeepSeek,bird,,,
bird_897,DeepSeek,bird,,,
bird_898,DeepSeek,bird,,,
bird_899,DeepSeek,bird,,,
bird_900,DeepSeek,bird,,,
bird_901,DeepSeek,bird,,,
bird_902,DeepSeek,bird,,,
bird_903,DeepSeek,bird,,,
bird_904,DeepSeek,bird,,,
bird_905,DeepSeek,bird,,,
bird_906,DeepSeek,bird,,,
bird_907,DeepSeek,bird,,,
bird_908,DeepSeek,bird,,,
bird_909,DeepSeek,bird,,,
bird_910,DeepSeek,bird,,,
bird_911,DeepSeek,bird,,,
bird_912,DeepSeek,bird,,,
bird_913,DeepSeek,bird,,,
bird_914,DeepSeek,bird,,,
bird_915,DeepSeek,bird,,,
bird_916,DeepSeek,bird,,,
bird_917,DeepSeek,bird,,,
bird_918,DeepSeek,bird,,,
bird_919,DeepSeek,bird,,,
bird_920,DeepSeek,bird,,,
bird_921,DeepSeek,bird,,,
bird_922,DeepSeek,bird,,,
bird_923,DeepSeek,bird,,,
bird_924,DeepSeek,bird,,,
bird_925,DeepSeek,bird,,,
bird_926,DeepSeek,bird,,,
bird_927,DeepSeek,bird,,,
bird_928,DeepSeek,bird,,,
bird_929,DeepSeek,bird,,,
bird_930,DeepSeek,bird,,,
bird_931,DeepSeek,bird,,,
bird_932,DeepSeek,bird,,,
bird_933,DeepSeek,bird,,,
bird_934,DeepSeek,bird,,,
bird_935,DeepSeek,bird,,,
bird_936,DeepSeek,bird,,,
bird_937,DeepSeek,bird,,,
bird_938,DeepSeek,bird,,,
bird_939,DeepSeek,bird,,,
bird_940,DeepSeek,bird,,,
bird_941,DeepSeek,bird,,,
bird_942,DeepSeek,bird,,,
bird_943,DeepSeek,bird,,,
bird_944,DeepSeek,bird,,,
bird_945,DeepSeek,bird,,,
bird_946,DeepSeek,bird,,,
bird_947,DeepSeek,bird,,,
bird_948,DeepSeek,bird,,,
bird_949,DeepSeek,bird,,,
bird_950,DeepSeek,bird,,,
bird_951,DeepSeek,bird,,,
bird_952,DeepSeek,bird,,,
bird_953,DeepSeek,bird,,,
bird_954,DeepSeek,bird,,,
bird_955,DeepSeek,bird,,,
bird_956,DeepSeek,bird,,,
bird_957,DeepSeek,bird,,,
bird_958,DeepSeek,bird,,,
bird_959,DeepSeek,bird,,,
bird_960,DeepSeek,bird,,,
bird_961,DeepSeek,bird,,,
bird_962,DeepSeek,bird,,,
bird_963,DeepSeek,bird,,,
bird_964,DeepSeek,bird,,,
bird_965,DeepSeek,bird,,,
bird_966,DeepSeek,bird,,,
bird_967,DeepSeek,bird,,,
bird_968,DeepSeek,bird,,,
bird_969,DeepSeek,bird,,,
bird_970,DeepSeek,bird,,,
bird_971,DeepSeek,bird,,,
bird_972,DeepSeek,bird,,,
bird_973,DeepSeek,bird,,,
bird_974,DeepSeek,bird,,,
bird_975,DeepSeek,bird,,,
bird_976,DeepSeek,bird,,,
bird_977,DeepSeek,bird,,,
bird_978,DeepSeek,bird,,,
bird_979,DeepSeek,bird,,,
bird_980,DeepSeek,bird,,,
bird_981,DeepSeek,bird,,,
bird_982,DeepSeek,bird,,,
bird_983,DeepSeek,bird,,,
bird_984,DeepSeek,bird,,,
bird_985,DeepSeek,bird,,,
bird_986,DeepSeek,bird,,,
bird_987,DeepSeek,bird,,,
bird_988,DeepSeek,bird,,,
bird_989,DeepSeek,bird,,,
bird_990,DeepSeek,bird,,,
bird_991,DeepSeek,bird,,,
bird_992,DeepSeek,bird,,,
bird_993,DeepSeek,bird,,,
bird_994,DeepSeek,bird,,,
bird_995,DeepSeek,bird,,,
bird_996,DeepSeek,bird,,,
bird_997,DeepSeek,bird,,,
bird_998,DeepSeek,bird,,,
bird_999,DeepSeek,bird,,,
bird_1000,DeepSeek,bird,,,
bird_1001,DeepSeek,bird,,,
bird_1002,DeepSeek,bird,,,
bird_1003,DeepSeek,bird,,,
bird_1004,DeepSeek,bird,,,
bird_1005,DeepSeek,bird,,,
bird_1006,DeepSeek,bird,,,
bird_1007,DeepSeek,bird,,,
bird_1008,DeepSeek,bird,,,
bird_1009,DeepSeek,bird,,,
bird_1010,DeepSeek,bird,,,
bird_1011,DeepSeek,bird,,,
bird_1012,DeepSeek,bird,,,
bird_1013,DeepSeek,bird,,,
bird_1014,DeepSeek,bird,,,
bird_1015,DeepSeek,bird,,,
bird_1016,DeepSeek,bird,,,
bird_1017,DeepSeek,bird,,,
bird_1018,DeepSeek,bird,,,
bird_1019,DeepSeek,bird,,,
bird_1020,DeepSeek,bird,,,
bird_1021,DeepSeek,bird,,,
bird_1022,DeepSeek,bird,,,
bird_1023,DeepSeek,bird,,,
bird_1024,DeepSeek,bird,,,
bird_1025,DeepSeek,bird,,,
bird_1026,DeepSeek,bird,,,
bird_1027,DeepSeek,bird,,,
bird_1028,DeepSeek,bird,,,
bird_1029,DeepSeek,bird,,,
bird_1030,DeepSeek,bird,,,
bird_1031,DeepSeek,bird,,,
bird_1032,DeepSeek,bird,,,
bird_1033,DeepSeek,bird,,,
bird_1034,DeepSeek,bird,,,
bird_1035,DeepSeek,bird,,,
bird_1036,DeepSeek,bird,,,
bird_1037,DeepSeek,bird,,,
bird_1038,DeepSeek,bird,,,
bird_1039,DeepSeek,bird,,,
bird_1040,DeepSeek,bird,,,
bird_1041,DeepSeek,bird,,,
bird_1042,DeepSeek,bird,,,
bird_1043,DeepSeek,bird,,,
bird_1044,DeepSeek,bird,,,
bird_1045,DeepSeek,bird,,,
bird_1046,DeepSeek,bird,,,
bird_1047,DeepSeek,bird,,,
bird_1048,DeepSeek,bird,,,
bird_1049,DeepSeek,bird,,,
bird_1050,DeepSeek,bird,,,
bird_1051,DeepSeek,bird,,,
bird_1052,DeepSeek,bird,,,
bird_1053,DeepSeek,bird,,,
bird_1054,DeepSeek,bird,,,
bird_1055,DeepSeek,bird,,,
bird_1056,DeepSeek,bird,,,
bird_1057,DeepSeek,bird,,,
bird_1058,DeepSeek,bird,,,
bird_1059,DeepSeek,bird,,,
bird_1060,DeepSeek,bird,,,
bird_1061,DeepSeek,bird,,,
bird_1062,DeepSeek,bird,,,
bird_1063,DeepSeek,bird,,,
bird_1064,DeepSeek,bird,,,
bird_1065,DeepSeek,bird,,,
bird_1066,DeepSeek,bird,,,
bird_1067,DeepSeek,bird,,,
bird_1068,DeepSeek,bird,,,
bird_1069,DeepSeek,bird,,,
bird_1070,DeepSeek,bird,,,
bird_1071,DeepSeek,bird,,,
bird_1072,DeepSeek,bird,,,
bird_1073,DeepSeek,bird,,,
bird_1074,DeepSeek,bird,,,
bird_1075,DeepSeek,bird,,,
bird_1076,DeepSeek,bird,,,
bird_1077,DeepSeek,bird,,,
bird_1078,DeepSeek,bird,,,
bird_1079,DeepSeek,bird,,,
bird_1080,DeepSeek,bird,,,
bird_1081,DeepSeek,bird,,,
bird_1082,DeepSeek,bird,,,
bird_1083,DeepSeek,bird,,,
bird_1084,DeepSeek,bird,,,
bird_1085,DeepSeek,bird,,,
bird_1086,DeepSeek,bird,,,
bird_1087,DeepSeek,bird,,,
bird_1088,DeepSeek,bird,,,
bird_1089,DeepSeek,bird,,,
bird_1090,DeepSeek,bird,,,
bird_1091,DeepSeek,bird,,,
bird_1092,DeepSeek,bird,,,
bird_1093,DeepSeek,bird,,,
bird_1094,DeepSeek,bird,,,
bird_1095,DeepSeek,bird,,,
bird_1096,DeepSeek,bird,,,
bird_1097,DeepSeek,bird,,,
bird_1098,DeepSeek,bird,,,
bird_1099,DeepSeek,bird,,,
bird_1100,DeepSeek,bird,,,
bird_1101,DeepSeek,bird,,,
bird_1102,DeepSeek,bird,,,
bird_1103,DeepSeek,bird,,,
bird_1104,DeepSeek,bird,,,
bird_1105,DeepSeek,bird,,,
bird_1106,DeepSeek,bird,,,
bird_1107,DeepSeek,bird,,,
bird_1108,DeepSeek,bird,,,
bird_1109,DeepSeek,bird,,,
bird_1110,DeepSeek,bird,,,
bird_1111,DeepSeek,bird,,,
bird_1112,DeepSeek,bird,,,
bird_1113,DeepSeek,bird,,,
bird_1114,DeepSeek,bird,,,
bird_1115,DeepSeek,bird,,,
bird_1116,DeepSeek,bird,,,
bird_1117,DeepSeek,bird,,,
bird_1118,DeepSeek,bird,,,
bird_1119,DeepSeek,bird,,,
bird_1120,DeepSeek,bird,,,
bird_1121,DeepSeek,bird,,,
bird_1122,DeepSeek,bird,,,
bird_1123,DeepSeek,bird,,,
bird_1124,DeepSeek,bird,,,
bird_1125,DeepSeek,bird,,,
bird_1126,DeepSeek,bird,,,
bird_1127,DeepSeek,bird,,,
bird_1128,DeepSeek,bird,,,
bird_1129,DeepSeek,bird,,,
bird_1130,DeepSeek,bird,,,
bird_1131,DeepSeek,bird,,,
bird_1132,DeepSeek,bird,,,
bird_1133,DeepSeek,bird,,,
bird_1134,DeepSeek,bird,,,
bird_1135,DeepSeek,bird,,,
bird_1136,DeepSeek,bird,,,
bird_1137,DeepSeek,bird,,,
bird_1138,DeepSeek,bird,,,
bird_1139,DeepSeek,bird,,,
bird_1140,DeepSeek,bird,,,
bird_1141,DeepSeek,bird,,,
bird_1142,DeepSeek,bird,,,
bird_1143,DeepSeek,bird,,,
bird_1144,DeepSeek,bird,,,
bird_1145,DeepSeek,bird,,,
bird_1146,DeepSeek,bird,,,
bird_1147,DeepSeek,bird,,,
bird_1148,DeepSeek,bird,,,
bird_1149,DeepSeek,bird,,,
bird_1150,DeepSeek,bird,,,
bird_1151,DeepSeek,bird,,,
bird_1152,DeepSeek,bird,,,
bird_1153,DeepSeek,bird,,,
bird_1154,DeepSeek,bird,,,
bird_1155,DeepSeek,bird,,,
bird_1156,DeepSeek,bird,,,
bird_1157,DeepSeek,bird,,,
bird_1158,DeepSeek,bird,,,
bird_1159,DeepSeek,bird,,,
bird_1160,DeepSeek,bird,,,
bird_1161,DeepSeek,bird,,,
bird_1162,DeepSeek,bird,,,
bird_1163,DeepSeek,bird,,,
bird_1164,DeepSeek,bird,,,
bird_1165,DeepSeek,bird,,,
bird_1166,DeepSeek,bird,,,
bird_1167,DeepSeek,bird,,,
bird_1168,DeepSeek,bird,,,
bird_1169,DeepSeek,bird,,,
bird_1170,DeepSeek,bird,,,
bird_1171,DeepSeek,bird,,,
bird_1172,DeepSeek,bird,,,
bird_1173,DeepSeek,bird,,,
bird_1174,DeepSeek,bird,,,
bird_1175,DeepSeek,bird,,,
bird_1176,DeepSeek,bird,,,
bird_1177,DeepSeek,bird,,,
bird_1178,DeepSeek,bird,,,
bird_1179,DeepSeek,bird,,,
bird_1180,DeepSeek,bird,,,
bird_1181,DeepSeek,bird,,,
bird_1182,DeepSeek,bird,,,
bird_1183,DeepSeek,bird,,,
bird_1184,DeepSeek,bird,,,
bird_1185,DeepSeek,bird,,,
bird_1186,DeepSeek,bird,,,
bird_1187,DeepSeek,bird,,,
bird_1188,DeepSeek,bird,,,
bird_1189,DeepSeek,bird,,,
bird_1190,DeepSeek,bird,,,
bird_1191,DeepSeek,bird,,,
bird_1192,DeepSeek,bird,,,
bird_1193,DeepSeek,bird,,,
bird_1194,DeepSeek,bird,,,
bird_1195,DeepSeek,bird,,,
bird_1196,DeepSeek,bird,,,
bird_1197,DeepSeek,bird,,,
bird_1198,DeepSeek,bird,,,
bird_1199,DeepSeek,bird,,,
bird_1200,DeepSeek,bird,,,
bird_1201,DeepSeek,bird,,,
bird_1202,DeepSeek,bird,,,
bird_1203,DeepSeek,bird,,,
bird_1204,DeepSeek,bird,,,
bird_1205,DeepSeek,bird,,,
bird_1206,DeepSeek,bird,,,
bird_1207,DeepSeek,bird,,,
bird_1208,DeepSeek,bird,,,
bird_1209,DeepSeek,bird,,,
bird_1210,DeepSeek,bird,,,
bird_1211,DeepSeek,bird,,,
bird_1212,DeepSeek,bird,,,
bird_1213,DeepSeek,bird,,,
bird_1214,DeepSeek,bird,,,
bird_1215,DeepSeek,bird,,,
bird_1216,DeepSeek,bird,,,
bird_1217,DeepSeek,bird,,,
bird_1218,DeepSeek,bird,,,
bird_1219,DeepSeek,bird,,,
bird_1220,DeepSeek,bird,,,
bird_1221,DeepSeek,bird,,,
bird_1222,DeepSeek,bird,,,
bird_1223,DeepSeek,bird,,,
bird_1224,DeepSeek,bird,,,
bird_1225,DeepSeek,bird,,,
bird_1226,DeepSeek,bird,,,
bird_1227,DeepSeek,bird,,,
bird_1228,DeepSeek,bird,,,
bird_1229,DeepSeek,bird,,,
bird_1230,DeepSeek,bird,,,
bird_1231,DeepSeek,bird,,,
bird_1232,DeepSeek,bird,,,
bird_1233,DeepSeek,bird,,,
bird_1234,DeepSeek,bird,,,
bird_1235,DeepSeek,bird,,,
bird_1236,DeepSeek,bird,,,
bird_1237,DeepSeek,bird,,,
bird_1238,DeepSeek,bird,,,
bird_1239,DeepSeek,bird,,,
bird_1240,DeepSeek,bird,,,
bird_1241,DeepSeek,bird,,,
bird_1242,DeepSeek,bird,,,
bird_1243,DeepSeek,bird,,,
bird_1244,DeepSeek,bird,,,
bird_1245,DeepSeek,bird,,,
bird_1246,DeepSeek,bird,,,
bird_1247,DeepSeek,bird,,,
bird_1248,DeepSeek,bird,,,
bird_1249,DeepSeek,bird,,,
bird_1250,DeepSeek,bird,,,
bird_1251,DeepSeek,bird,,,
bird_1252,DeepSeek,bird,,,
bird_1253,DeepSeek,bird,,,
bird_1254,DeepSeek,bird,,,
bird_1255,DeepSeek,bird,,,
bird_1256,DeepSeek,bird,,,
bird_1257,DeepSeek,bird,,,
bird_1258,DeepSeek,bird,,,
bird_1259,DeepSeek,bird,,,
bird_1260,DeepSeek,bird,,,
bird_1261,DeepSeek,bird,,,
bird_1262,DeepSeek,bird,,,
bird_1263,DeepSeek,bird,,,
bird_1264,DeepSeek,bird,,,
bird_1265,DeepSeek,bird,,,
bird_1266,DeepSeek,bird,,,
bird_1267,DeepSeek,bird,,,
bird_1268,DeepSeek,bird,,,
bird_1269,DeepSeek,bird,,,
bird_1270,DeepSeek,bird,,,
bird_1271,DeepSeek,bird,,,
bird_1272,DeepSeek,bird,,,
bird_1273,DeepSeek,bird,,,
bird_1274,DeepSeek,bird,,,
bird_1275,DeepSeek,bird,,,
bird_1276,DeepSeek,bird,,,
bird_1277,DeepSeek,bird,,,
bird_1278,DeepSeek,bird,,,
bird_1279,DeepSeek,bird,,,
bird_1280,DeepSeek,bird,,,
bird_1281,DeepSeek,bird,,,
bird_1282,DeepSeek,bird,,,
bird_1283,DeepSeek,bird,,,
bird_1284,DeepSeek,bird,,,
bird_1285,DeepSeek,bird,,,
bird_1286,DeepSeek,bird,,,
bird_1287,DeepSeek,bird,,,
bird_1288,DeepSeek,bird,,,
bird_1289,DeepSeek,bird,,,
bird_1290,DeepSeek,bird,,,
bird_1291,DeepSeek,bird,,,
bird_1292,DeepSeek,bird,,,
bird_1293,DeepSeek,bird,,,
bird_1294,DeepSeek,bird,,,
bird_1295,DeepSeek,bird,,,
bird_1296,DeepSeek,bird,,,
bird_1297,DeepSeek,bird,,,
bird_1298,DeepSeek,bird,,,
bird_1299,DeepSeek,bird,,,
bird_1300,DeepSeek,bird,,,
bird_1301,DeepSeek,bird,,,
bird_1302,DeepSeek,bird,,,
bird_1303,DeepSeek,bird,,,
bird_1304,DeepSeek,bird,,,
bird_1305,DeepSeek,bird,,,
bird_1306,DeepSeek,bird,,,
bird_1307,DeepSeek,bird,,,
bird_1308,DeepSeek,bird,,,
bird_1309,DeepSeek,bird,,,
bird_1310,DeepSeek,bird,,,
bird_1311,DeepSeek,bird,,,
bird_1312,DeepSeek,bird,,,
bird_1313,DeepSeek,bird,,,
bird_1314,DeepSeek,bird,,,
bird_1315,DeepSeek,bird,,,
bird_1316,DeepSeek,bird,,,
bird_1317,DeepSeek,bird,,,
bird_1318,DeepSeek,bird,,,
bird_1319,DeepSeek,bird,,,
bird_1320,DeepSeek,bird,,,
bird_1321,DeepSeek,bird,,,
bird_1322,DeepSeek,bird,,,
bird_1323,DeepSeek,bird,,,
bird_1324,DeepSeek,bird,,,
bird_1325,DeepSeek,bird,,,
bird_1326,DeepSeek,bird,,,
bird_1327,DeepSeek,bird,,,
bird_1328,DeepSeek,bird,,,
bird_1329,DeepSeek,bird,,,
bird_1330,DeepSeek,bird,,,
bird_1331,DeepSeek,bird,,,
bird_1332,DeepSeek,bird,,,
bird_1333,DeepSeek,bird,,,
bird_1334,DeepSeek,bird,,,
bird_1335,DeepSeek,bird,,,
bird_1336,DeepSeek,bird,,,
bird_1337,DeepSeek,bird,,,
bird_1338,DeepSeek,bird,,,
bird_1339,DeepSeek,bird,,,
bird_1340,DeepSeek,bird,,,
bird_1341,DeepSeek,bird,,,
bird_1342,DeepSeek,bird,,,
bird_1343,DeepSeek,bird,,,
bird_1344,DeepSeek,bird,,,
bird_1345,DeepSeek,bird,,,
bird_1346,DeepSeek,bird,,,
bird_1347,DeepSeek,bird,,,
bird_1348,DeepSeek,bird,,,
bird_1349,DeepSeek,bird,,,
bird_1350,DeepSeek,bird,,,
bird_1351,DeepSeek,bird,,,
bird_1352,DeepSeek,bird,,,
bird_1353,DeepSeek,bird,,,
bird_1354,DeepSeek,bird,,,
bird_1355,DeepSeek,bird,,,
bird_1356,DeepSeek,bird,,,
bird_1357,DeepSeek,bird,,,
bird_1358,DeepSeek,bird,,,
bird_1359,DeepSeek,bird,,,
bird_1360,DeepSeek,bird,,,
bird_1361,DeepSeek,bird,,,
bird_1362,DeepSeek,bird,,,
bird_1363,DeepSeek,bird,,,
bird_1364,DeepSeek,bird,,,
bird_1365,DeepSeek,bird,,,
bird_1366,DeepSeek,bird,,,
bird_1367,DeepSeek,bird,,,
bird_1368,DeepSeek,bird,,,
bird_1369,DeepSeek,bird,,,
bird_1370,DeepSeek,bird,,,
bird_1371,DeepSeek,bird,,,
bird_1372,DeepSeek,bird,,,
bird_1373,DeepSeek,bird,,,
bird_1374,DeepSeek,bird,,,
bird_1375,DeepSeek,bird,,,
bird_1376,DeepSeek,bird,,,
bird_1377,DeepSeek,bird,,,
bird_1378,DeepSeek,bird,,,
bird_1379,DeepSeek,bird,,,
bird_1380,DeepSeek,bird,,,
bird_1381,DeepSeek,bird,,,
bird_1382,DeepSeek,bird,,,
bird_1383,DeepSeek,bird,,,
bird_1384,DeepSeek,bird,,,
bird_1385,DeepSeek,bird,,,
bird_1386,DeepSeek,bird,,,
bird_1387,DeepSeek,bird,,,
bird_1388,DeepSeek,bird,,,
bird_1389,DeepSeek,bird,,,
bird_1390,DeepSeek,bird,,,
bird_1391,DeepSeek,bird,,,
bird_1392,DeepSeek,bird,,,
bird_1393,DeepSeek,bird,,,
bird_1394,DeepSeek,bird,,,
bird_1395,DeepSeek,bird,,,
bird_1396,DeepSeek,bird,,,
bird_1397,DeepSeek,bird,,,
bird_1398,DeepSeek,bird,,,
bird_1399,DeepSeek,bird,,,
bird_1400,DeepSeek,bird,,,
bird_1401,DeepSeek,bird,,,
bird_1402,DeepSeek,bird,,,
bird_1403,DeepSeek,bird,,,
bird_1404,DeepSeek,bird,,,
bird_1405,DeepSeek,bird,,,
bird_1406,DeepSeek,bird,,,
bird_1407,DeepSeek,bird,,,
bird_1408,DeepSeek,bird,,,
bird_1409,DeepSeek,bird,,,
bird_1410,DeepSeek,bird,,,
bird_1411,DeepSeek,bird,,,
bird_1412,DeepSeek,bird,,,
bird_1413,DeepSeek,bird,,,
bird_1414,DeepSeek,bird,,,
bird_1415,DeepSeek,bird,,,
bird_1416,DeepSeek,bird,,,
bird_1417,DeepSeek,bird,,,
bird_1418,DeepSeek,bird,,,
bird_1419,DeepSeek,bird,,,
bird_1420,DeepSeek,bird,,,
bird_1421,DeepSeek,bird,,,
bird_1422,DeepSeek,bird,,,
bird_1423,DeepSeek,bird,,,
bird_1424,DeepSeek,bird,,,
bird_1425,DeepSeek,bird,,,
bird_1426,DeepSeek,bird,,,
bird_1427,DeepSeek,bird,,,
bird_1428,DeepSeek,bird,,,
bird_1429,DeepSeek,bird,,,
bird_1430,DeepSeek,bird,,,
bird_1431,DeepSeek,bird,,,
bird_1432,DeepSeek,bird,,,
bird_1433,DeepSeek,bird,,,
bird_1434,DeepSeek,bird,,,
bird_1435,DeepSeek,bird,,,
bird_1436,DeepSeek,bird,,,
bird_1437,DeepSeek,bird,,,
bird_1438,DeepSeek,bird,,,
bird_1439,DeepSeek,bird,,,
bird_1440,DeepSeek,bird,,,
bird_1441,DeepSeek,bird,,,
bird_1442,DeepSeek,bird,,,
bird_1443,DeepSeek,bird,,,
bird_1444,DeepSeek,bird,,,
bird_1445,DeepSeek,bird,,,
bird_1446,DeepSeek,bird,,,
bird_1447,DeepSeek,bird,,,
bird_1448,DeepSeek,bird,,,
bird_1449,DeepSeek,bird,,,
bird_1450,DeepSeek,bird,,,
bird_1451,DeepSeek,bird,,,
bird_1452,DeepSeek,bird,,,
bird_1453,DeepSeek,bird,,,
bird_1454,DeepSeek,bird,,,
bird_1455,DeepSeek,bird,,,
bird_1456,DeepSeek,bird,,,
bird_1457,DeepSeek,bird,,,
bird_1458,DeepSeek,bird,,,
bird_1459,DeepSeek,bird,,,
bird_1460,DeepSeek,bird,,,
bird_1461,DeepSeek,bird,,,
bird_1462,DeepSeek,bird,,,
bird_1463,DeepSeek,bird,,,
bird_1464,DeepSeek,bird,,,
bird_1465,DeepSeek,bird,,,
bird_1466,DeepSeek,bird,,,
bird_1467,DeepSeek,bird,,,
bird_1468,DeepSeek,bird,,,
bird_1469,DeepSeek,bird,,,
bird_1470,DeepSeek,bird,,,
bird_1471,DeepSeek,bird,,,
bird_1472,DeepSeek,bird,,,
bird_1473,DeepSeek,bird,,,
bird_1474,DeepSeek,bird,,,
bird_1475,DeepSeek,bird,,,
bird_1476,DeepSeek,bird,,,
bird_1477,DeepSeek,bird,,,
bird_1478,DeepSeek,bird,,,
bird_1479,DeepSeek,bird,,,
bird_1480,DeepSeek,bird,,,
bird_1481,DeepSeek,bird,,,
bird_1482,DeepSeek,bird,,,
bird_1483,DeepSeek,bird,,,
bird_1484,DeepSeek,bird,,,
bird_1485,DeepSeek,bird,,,
bird_1486,DeepSeek,bird,,,
bird_1487,DeepSeek,bird,,,
bird_1488,DeepSeek,bird,,,
bird_1489,DeepSeek,bird,,,
bird_1490,DeepSeek,bird,,,
bird_1491,DeepSeek,bird,,,
bird_1492,DeepSeek,bird,,,
bird_1493,DeepSeek,bird,,,
bird_1494,DeepSeek,bird,,,
bird_1495,DeepSeek,bird,,,
bird_1496,DeepSeek,bird,,,
bird_1497,DeepSeek,bird,,,
bird_1498,DeepSeek,bird,,,
bird_1499,DeepSeek,bird,,,
bird_1500,DeepSeek,bird,,,
bird_1501,DeepSeek,bird,,,
bird_1502,DeepSeek,bird,,,
bird_1503,DeepSeek,bird,,,
bird_1504,DeepSeek,bird,,,
bird_1505,DeepSeek,bird,,,
bird_1506,DeepSeek,bird,,,
bird_1507,DeepSeek,bird,,,
bird_1508,DeepSeek,bird,,,
bird_1509,DeepSeek,bird,,,
bird_1510,DeepSeek,bird,,,
bird_1511,DeepSeek,bird,,,
bird_1512,DeepSeek,bird,,,
bird_1513,DeepSeek,bird,,,
bird_1514,DeepSeek,bird,,,
bird_1515,DeepSeek,bird,,,
bird_1516,DeepSeek,bird,,,
bird_1517,DeepSeek,bird,,,
bird_1518,DeepSeek,bird,,,
bird_1519,DeepSeek,bird,,,
bird_1520,DeepSeek,bird,,,
bird_1521,DeepSeek,bird,,,
bird_1522,DeepSeek,bird,,,
bird_1523,DeepSeek,bird,,,
bird_1524,DeepSeek,bird,,,
bird_1525,DeepSeek,bird,,,
bird_1526,DeepSeek,bird,,,
bird_1527,DeepSeek,bird,,,
bird_1528,DeepSeek,bird,,,
bird_1529,DeepSeek,bird,,,
bird_1530,DeepSeek,bird,,,
bird_1531,DeepSeek,bird,,,
bird_1532,DeepSeek,bird,,,
bird_1533,DeepSeek,bird,,,
spider_0,DeepSeek,spider,,,
spider_1,DeepSeek,spider,,,
spider_2,DeepSeek,spider,,,
spider_3,DeepSeek,spider,,,
spider_4,DeepSeek,spider,,,
spider_5,DeepSeek,spider,,,
spider_6,DeepSeek,spider,,,
spider_7,DeepSeek,spider,,,
spider_8,DeepSeek,spider,,,
spider_9,DeepSeek,spider,,,
spider_10,DeepSeek,spider,,,
spider_11,DeepSeek,spider,,,
spider_12,DeepSeek,spider,,,
spider_13,DeepSeek,spider,,,
spider_14,DeepSeek,spider,,,
spider_15,DeepSeek,spider,,,
spider_16,DeepSeek,spider,,,
spider_17,DeepSeek,spider,,,
spider_18,DeepSeek,spider,,,
spider_19,DeepSeek,spider,,,
spider_20,DeepSeek,spider,,,
spider_21,DeepSeek,spider,,,
spider_22,DeepSeek,spider,,,
spider_23,DeepSeek,spider,,,
spider_24,DeepSeek,spider,,,
spider_25,DeepSeek,spider,,,
spider_26,DeepSeek,spider,,,
spider_27,DeepSeek,spider,,,
spider_28,DeepSeek,spider,,,
spider_29,DeepSeek,spider,,,
spider_30,DeepSeek,spider,,,
spider_31,DeepSeek,spider,,,
spider_32,DeepSeek,spider,,,
spider_33,DeepSeek,spider,,,
spider_34,DeepSeek,spider,,,
spider_35,DeepSeek,spider,,,
spider_36,DeepSeek,spider,,,
spider_37,DeepSeek,spider,,,
spider_38,DeepSeek,spider,,,
spider_39,DeepSeek,spider,,,
spider_40,DeepSeek,spider,,,
spider_41,DeepSeek,spider,,,
spider_42,DeepSeek,spider,,,
spider_43,DeepSeek,spider,,,
spider_44,DeepSeek,spider,,,
spider_45,DeepSeek,spider,,,
spider_46,DeepSeek,spider,,,
spider_47,DeepSeek,spider,,,
spider_48,DeepSeek,spider,,,
spider_49,DeepSeek,spider,,,
spider_50,DeepSeek,spider,,,
spider_51,DeepSeek,spider,,,
spider_52,DeepSeek,spider,,,
spider_53,DeepSeek,spider,,,
spider_54,DeepSeek,spider,,,
spider_55,DeepSeek,spider,,,
spider_56,DeepSeek,spider,,,
spider_57,DeepSeek,spider,,,
spider_58,DeepSeek,spider,,,
spider_59,DeepSeek,spider,,,
spider_60,DeepSeek,spider,,,
spider_61,DeepSeek,spider,,,
spider_62,DeepSeek,spider,,,
spider_63,DeepSeek,spider,,,
spider_64,DeepSeek,spider,,,
spider_65,DeepSeek,spider,,,
spider_66,DeepSeek,spider,,,
spider_67,DeepSeek,spider,,,
spider_68,DeepSeek,spider,,,
spider_69,DeepSeek,spider,,,
spider_70,DeepSeek,spider,,,
spider_71,DeepSeek,spider,,,
spider_72,DeepSeek,spider,,,
spider_73,DeepSeek,spider,,,
spider_74,DeepSeek,spider,,,
spider_75,DeepSeek,spider,,,
spider_76,DeepSeek,spider,,,
spider_77,DeepSeek,spider,,,
spider_78,DeepSeek,spider,,,
spider_79,DeepSeek,spider,,,
spider_80,DeepSeek,spider,,,
spider_81,DeepSeek,spider,,,
spider_82,DeepSeek,spider,,,
spider_83,DeepSeek,spider,,,
spider_84,DeepSeek,spider,,,
spider_85,DeepSeek,spider,,,
spider_86,DeepSeek,spider,,,
spider_87,DeepSeek,spider,,,
spider_88,DeepSeek,spider,,,
spider_89,DeepSeek,spider,,,
spider_90,DeepSeek,spider,,,
spider_91,DeepSeek,spider,,,
spider_92,DeepSeek,spider,,,
spider_93,DeepSeek,spider,,,
spider_94,DeepSeek,spider,,,
spider_95,DeepSeek,spider,,,
spider_96,DeepSeek,spider,,,
spider_97,DeepSeek,spider,,,
spider_98,DeepSeek,spider,,,
spider_99,DeepSeek,spider,,,
spider_100,DeepSeek,spider,,,
spider_101,DeepSeek,spider,,,
spider_102,DeepSeek,spider,,,
spider_103,DeepSeek,spider,,,
spider_104,DeepSeek,spider,,,
spider_105,DeepSeek,spider,,,
spider_106,DeepSeek,spider,,,
spider_107,DeepSeek,spider,,,
spider_108,DeepSeek,spider,,,
spider_109,DeepSeek,spider,,,
spider_110,DeepSeek,spider,,,
spider_111,DeepSeek,spider,,,
spider_112,DeepSeek,spider,,,
spider_113,DeepSeek,spider,,,
spider_114,DeepSeek,spider,,,
spider_115,DeepSeek,spider,,,
spider_116,DeepSeek,spider,,,
spider_117,DeepSeek,spider,,,
spider_118,DeepSeek,spider,,,
spider_119,DeepSeek,spider,,,
spider_120,DeepSeek,spider,,,
spider_121,DeepSeek,spider,,,
spider_122,DeepSeek,spider,,,
spider_123,DeepSeek,spider,,,
spider_124,DeepSeek,spider,,,
spider_125,DeepSeek,spider,,,
spider_126,DeepSeek,spider,,,
spider_127,DeepSeek,spider,,,
spider_128,DeepSeek,spider,,,
spider_129,DeepSeek,spider,,,
spider_130,DeepSeek,spider,,,
spider_131,DeepSeek,spider,,,
spider_132,DeepSeek,spider,,,
spider_133,DeepSeek,spider,,,
spider_134,DeepSeek,spider,,,
spider_135,DeepSeek,spider,,,
spider_136,DeepSeek,spider,,,
spider_137,DeepSeek,spider,,,
spider_138,DeepSeek,spider,,,
spider_139,DeepSeek,spider,,,
spider_140,DeepSeek,spider,,,
spider_141,DeepSeek,spider,,,
spider_142,DeepSeek,spider,,,
spider_143,DeepSeek,spider,,,
spider_144,DeepSeek,spider,,,
spider_145,DeepSeek,spider,,,
spider_146,DeepSeek,spider,,,
spider_147,DeepSeek,spider,,,
spider_148,DeepSeek,spider,,,
spider_149,DeepSeek,spider,,,
spider_150,DeepSeek,spider,,,
spider_151,DeepSeek,spider,,,
spider_152,DeepSeek,spider,,,
spider_153,DeepSeek,spider,,,
spider_154,DeepSeek,spider,,,
spider_155,DeepSeek,spider,,,
spider_156,DeepSeek,spider,,,
spider_157,DeepSeek,spider,,,
spider_158,DeepSeek,spider,,,
spider_159,DeepSeek,spider,,,
spider_160,DeepSeek,spider,,,
spider_161,DeepSeek,spider,,,
spider_162,DeepSeek,spider,,,
spider_163,DeepSeek,spider,,,
spider_164,DeepSeek,spider,,,
spider_165,DeepSeek,spider,,,
spider_166,DeepSeek,spider,,,
spider_167,DeepSeek,spider,,,
spider_168,DeepSeek,spider,,,
spider_169,DeepSeek,spider,,,
spider_170,DeepSeek,spider,,,
spider_171,DeepSeek,spider,,,
spider_172,DeepSeek,spider,,,
spider_173,DeepSeek,spider,,,
spider_174,DeepSeek,spider,,,
spider_175,DeepSeek,spider,,,
spider_176,DeepSeek,spider,,,
spider_177,DeepSeek,spider,,,
spider_178,DeepSeek,spider,,,
spider_179,DeepSeek,spider,,,
spider_180,DeepSeek,spider,,,
spider_181,DeepSeek,spider,,,
spider_182,DeepSeek,spider,,,
spider_183,DeepSeek,spider,,,
spider_184,DeepSeek,spider,,,
spider_185,DeepSeek,spider,,,
spider_186,DeepSeek,spider,,,
spider_187,DeepSeek,spider,,,
spider_188,DeepSeek,spider,,,
spider_189,DeepSeek,spider,,,
spider_190,DeepSeek,spider,,,
spider_191,DeepSeek,spider,,,
spider_192,DeepSeek,spider,,,
spider_193,DeepSeek,spider,,,
spider_194,DeepSeek,spider,,,
spider_195,DeepSeek,spider,,,
spider_196,DeepSeek,spider,,,
spider_197,DeepSeek,spider,,,
spider_198,DeepSeek,spider,,,
spider_199,DeepSeek,spider,,,
spider_200,DeepSeek,spider,,,
spider_201,DeepSeek,spider,,,
spider_202,DeepSeek,spider,,,
spider_203,DeepSeek,spider,,,
spider_204,DeepSeek,spider,,,
spider_205,DeepSeek,spider,,,
spider_206,DeepSeek,spider,,,
spider_207,DeepSeek,spider,,,
spider_208,DeepSeek,spider,,,
spider_209,DeepSeek,spider,,,
spider_210,DeepSeek,spider,,,
spider_211,DeepSeek,spider,,,
spider_212,DeepSeek,spider,,,
spider_213,DeepSeek,spider,,,
spider_214,DeepSeek,spider,,,
spider_215,DeepSeek,spider,,,
spider_216,DeepSeek,spider,,,
spider_217,DeepSeek,spider,,,
spider_218,DeepSeek,spider,,,
spider_219,DeepSeek,spider,,,
spider_220,DeepSeek,spider,,,
spider_221,DeepSeek,spider,,,
spider_222,DeepSeek,spider,,,
spider_223,DeepSeek,spider,,,
spider_224,DeepSeek,spider,,,
spider_225,DeepSeek,spider,,,
spider_226,DeepSeek,spider,,,
spider_227,DeepSeek,spider,,,
spider_228,DeepSeek,spider,,,
spider_229,DeepSeek,spider,,,
spider_230,DeepSeek,spider,,,
spider_231,DeepSeek,spider,,,
spider_232,DeepSeek,spider,,,
spider_233,DeepSeek,spider,,,
spider_234,DeepSeek,spider,,,
spider_235,DeepSeek,spider,,,
spider_236,DeepSeek,spider,,,
spider_237,DeepSeek,spider,,,
spider_238,DeepSeek,spider,,,
spider_239,DeepSeek,spider,,,
spider_240,DeepSeek,spider,,,
spider_241,DeepSeek,spider,,,
spider_242,DeepSeek,spider,,,
spider_243,DeepSeek,spider,,,
spider_244,DeepSeek,spider,,,
spider_245,DeepSeek,spider,,,
spider_246,DeepSeek,spider,,,
spider_247,DeepSeek,spider,,,
spider_248,DeepSeek,spider,,,
spider_249,DeepSeek,spider,,,
spider_250,DeepSeek,spider,,,
spider_251,DeepSeek,spider,,,
spider_252,DeepSeek,spider,,,
spider_253,DeepSeek,spider,,,
spider_254,DeepSeek,spider,,,
spider_255,DeepSeek,spider,,,
spider_256,DeepSeek,spider,,,
spider_257,DeepSeek,spider,,,
spider_258,DeepSeek,spider,,,
spider_259,DeepSeek,spider,,,
spider_260,DeepSeek,spider,,,
spider_261,DeepSeek,spider,,,
spider_262,DeepSeek,spider,,,
spider_263,DeepSeek,spider,,,
spider_264,DeepSeek,spider,,,
spider_265,DeepSeek,spider,,,
spider_266,DeepSeek,spider,,,
spider_267,DeepSeek,spider,,,
spider_268,DeepSeek,spider,,,
spider_269,DeepSeek,spider,,,
spider_270,DeepSeek,spider,,,
spider_271,DeepSeek,spider,,,
spider_272,DeepSeek,spider,,,
spider_273,DeepSeek,spider,,,
spider_274,DeepSeek,spider,,,
spider_275,DeepSeek,spider,,,
spider_276,DeepSeek,spider,,,
spider_277,DeepSeek,spider,,,
spider_278,DeepSeek,spider,,,
spider_279,DeepSeek,spider,,,
spider_280,DeepSeek,spider,,,
spider_281,DeepSeek,spider,,,
spider_282,DeepSeek,spider,,,
spider_283,DeepSeek,spider,,,
spider_284,DeepSeek,spider,,,
spider_285,DeepSeek,spider,,,
spider_286,DeepSeek,spider,,,
spider_287,DeepSeek,spider,,,
spider_288,DeepSeek,spider,,,
spider_289,DeepSeek,spider,,,
spider_290,DeepSeek,spider,,,
spider_291,DeepSeek,spider,,,
spider_292,DeepSeek,spider,,,
spider_293,DeepSeek,spider,,,
spider_294,DeepSeek,spider,,,
spider_295,DeepSeek,spider,,,
spider_296,DeepSeek,spider,,,
spider_297,DeepSeek,spider,,,
spider_298,DeepSeek,spider,,,
spider_299,DeepSeek,spider,,,
spider_300,DeepSeek,spider,,,
spider_301,DeepSeek,spider,,,
spider_302,DeepSeek,spider,,,
spider_303,DeepSeek,spider,,,
spider_304,DeepSeek,spider,,,
spider_305,DeepSeek,spider,,,
spider_306,DeepSeek,spider,,,
spider_307,DeepSeek,spider,,,
spider_308,DeepSeek,spider,,,
spider_309,DeepSeek,spider,,,
spider_310,DeepSeek,spider,,,
spider_311,DeepSeek,spider,,,
spider_312,DeepSeek,spider,,,
spider_313,DeepSeek,spider,,,
spider_314,DeepSeek,spider,,,
spider_315,DeepSeek,spider,,,
spider_316,DeepSeek,spider,,,
spider_317,DeepSeek,spider,,,
spider_318,DeepSeek,spider,,,
spider_319,DeepSeek,spider,,,
spider_320,DeepSeek,spider,,,
spider_321,DeepSeek,spider,,,
spider_322,DeepSeek,spider,,,
spider_323,DeepSeek,spider,,,
spider_324,DeepSeek,spider,,,
spider_325,DeepSeek,spider,,,
spider_326,DeepSeek,spider,,,
spider_327,DeepSeek,spider,,,
spider_328,DeepSeek,spider,,,
spider_329,DeepSeek,spider,,,
spider_330,DeepSeek,spider,,,
spider_331,DeepSeek,spider,,,
spider_332,DeepSeek,spider,,,
spider_333,DeepSeek,spider,,,
spider_334,DeepSeek,spider,,,
spider_335,DeepSeek,spider,,,
spider_336,DeepSeek,spider,,,
spider_337,DeepSeek,spider,,,
spider_338,DeepSeek,spider,,,
spider_339,DeepSeek,spider,,,
spider_340,DeepSeek,spider,,,
spider_341,DeepSeek,spider,,,
spider_342,DeepSeek,spider,,,
spider_343,DeepSeek,spider,,,
spider_344,DeepSeek,spider,,,
spider_345,DeepSeek,spider,,,
spider_346,DeepSeek,spider,,,
spider_347,DeepSeek,spider,,,
spider_348,DeepSeek,spider,,,
spider_349,DeepSeek,spider,,,
spider_350,DeepSeek,spider,,,
spider_351,DeepSeek,spider,,,
spider_352,DeepSeek,spider,,,
spider_353,DeepSeek,spider,,,
spider_354,DeepSeek,spider,,,
spider_355,DeepSeek,spider,,,
spider_356,DeepSeek,spider,,,
spider_357,DeepSeek,spider,,,
spider_358,DeepSeek,spider,,,
spider_359,DeepSeek,spider,,,
spider_360,DeepSeek,spider,,,
spider_361,DeepSeek,spider,,,
spider_362,DeepSeek,spider,,,
spider_363,DeepSeek,spider,,,
spider_364,DeepSeek,spider,,,
spider_365,DeepSeek,spider,,,
spider_366,DeepSeek,spider,,,
spider_367,DeepSeek,spider,,,
spider_368,DeepSeek,spider,,,
spider_369,DeepSeek,spider,,,
spider_370,DeepSeek,spider,,,
spider_371,DeepSeek,spider,,,
spider_372,DeepSeek,spider,,,
spider_373,DeepSeek,spider,,,
spider_374,DeepSeek,spider,,,
spider_375,DeepSeek,spider,,,
spider_376,DeepSeek,spider,,,
spider_377,DeepSeek,spider,,,
spider_378,DeepSeek,spider,,,
spider_379,DeepSeek,spider,,,
spider_380,DeepSeek,spider,,,
spider_381,DeepSeek,spider,,,
spider_382,DeepSeek,spider,,,
spider_383,DeepSeek,spider,,,
spider_384,DeepSeek,spider,,,
spider_385,DeepSeek,spider,,,
spider_386,DeepSeek,spider,,,
spider_387,DeepSeek,spider,,,
spider_388,DeepSeek,spider,,,
spider_389,DeepSeek,spider,,,
spider_390,DeepSeek,spider,,,
spider_391,DeepSeek,spider,,,
spider_392,DeepSeek,spider,,,
spider_393,DeepSeek,spider,,,
spider_394,DeepSeek,spider,,,
spider_395,DeepSeek,spider,,,
spider_396,DeepSeek,spider,,,
spider_397,DeepSeek,spider,,,
spider_398,DeepSeek,spider,,,
spider_399,DeepSeek,spider,,,
spider_400,DeepSeek,spider,,,
spider_401,DeepSeek,spider,,,
spider_402,DeepSeek,spider,,,
spider_403,DeepSeek,spider,,,
spider_404,DeepSeek,spider,,,
spider_405,DeepSeek,spider,,,
spider_406,DeepSeek,spider,,,
spider_407,DeepSeek,spider,,,
spider_408,DeepSeek,spider,,,
spider_409,DeepSeek,spider,,,
spider_410,DeepSeek,spider,,,
spider_411,DeepSeek,spider,,,
spider_412,DeepSeek,spider,,,
spider_413,DeepSeek,spider,,,
spider_414,DeepSeek,spider,,,
spider_415,DeepSeek,spider,,,
spider_416,DeepSeek,spider,,,
spider_417,DeepSeek,spider,,,
spider_418,DeepSeek,spider,,,
spider_419,DeepSeek,spider,,,
spider_420,DeepSeek,spider,,,
spider_421,DeepSeek,spider,,,
spider_422,DeepSeek,spider,,,
spider_423,DeepSeek,spider,,,
spider_424,DeepSeek,spider,,,
spider_425,DeepSeek,spider,,,
spider_426,DeepSeek,spider,,,
spider_427,DeepSeek,spider,,,
spider_428,DeepSeek,spider,,,
spider_429,DeepSeek,spider,,,
spider_430,DeepSeek,spider,,,
spider_431,DeepSeek,spider,,,
spider_432,DeepSeek,spider,,,
spider_433,DeepSeek,spider,,,
spider_434,DeepSeek,spider,,,
spider_435,DeepSeek,spider,,,
spider_436,DeepSeek,spider,,,
spider_437,DeepSeek,spider,,,
spider_438,DeepSeek,spider,,,
spider_439,DeepSeek,spider,,,
spider_440,DeepSeek,spider,,,
spider_441,DeepSeek,spider,,,
spider_442,DeepSeek,spider,,,
spider_443,DeepSeek,spider,,,
spider_444,DeepSeek,spider,,,
spider_445,DeepSeek,spider,,,
spider_446,DeepSeek,spider,,,
spider_447,DeepSeek,spider,,,
spider_448,DeepSeek,spider,,,
spider_449,DeepSeek,spider,,,
spider_450,DeepSeek,spider,,,
spider_451,DeepSeek,spider,,,
spider_452,DeepSeek,spider,,,
spider_453,DeepSeek,spider,,,
spider_454,DeepSeek,spider,,,
spider_455,DeepSeek,spider,,,
spider_456,DeepSeek,spider,,,
spider_457,DeepSeek,spider,,,
spider_458,DeepSeek,spider,,,
spider_459,DeepSeek,spider,,,
spider_460,DeepSeek,spider,,,
spider_461,DeepSeek,spider,,,
spider_462,DeepSeek,spider,,,
spider_463,DeepSeek,spider,,,
spider_464,DeepSeek,spider,,,
spider_465,DeepSeek,spider,,,
spider_466,DeepSeek,spider,,,
spider_467,DeepSeek,spider,,,
spider_468,DeepSeek,spider,,,
spider_469,DeepSeek,spider,,,
spider_470,DeepSeek,spider,,,
spider_471,DeepSeek,spider,,,
spider_472,DeepSeek,spider,,,
spider_473,DeepSeek,spider,,,
spider_474,DeepSeek,spider,,,
spider_475,DeepSeek,spider,,,
spider_476,DeepSeek,spider,,,
spider_477,DeepSeek,spider,,,
spider_478,DeepSeek,spider,,,
spider_479,DeepSeek,spider,,,
spider_480,DeepSeek,spider,,,
spider_481,DeepSeek,spider,,,
spider_482,DeepSeek,spider,,,
spider_483,DeepSeek,spider,,,
spider_484,DeepSeek,spider,,,
spider_485,DeepSeek,spider,,,
spider_486,DeepSeek,spider,,,
spider_487,DeepSeek,spider,,,
spider_488,DeepSeek,spider,,,
spider_489,DeepSeek,spider,,,
spider_490,DeepSeek,spider,,,
spider_491,DeepSeek,spider,,,
spider_492,DeepSeek,spider,,,
spider_493,DeepSeek,spider,,,
spider_494,DeepSeek,spider,,,
spider_495,DeepSeek,spider,,,
spider_496,DeepSeek,spider,,,
spider_497,DeepSeek,spider,,,
spider_498,DeepSeek,spider,,,
spider_499,DeepSeek,spider,,,
spider_500,DeepSeek,spider,,,
spider_501,DeepSeek,spider,,,
spider_502,DeepSeek,spider,,,
spider_503,DeepSeek,spider,,,
spider_504,DeepSeek,spider,,,
spider_505,DeepSeek,spider,,,
spider_506,DeepSeek,spider,,,
spider_507,DeepSeek,spider,,,
spider_508,DeepSeek,spider,,,
spider_509,DeepSeek,spider,,,
spider_510,DeepSeek,spider,,,
spider_511,DeepSeek,spider,,,
spider_512,DeepSeek,spider,,,
spider_513,DeepSeek,spider,,,
spider_514,DeepSeek,spider,,,
spider_515,DeepSeek,spider,,,
spider_516,DeepSeek,spider,,,
spider_517,DeepSeek,spider,,,
spider_518,DeepSeek,spider,,,
spider_519,DeepSeek,spider,,,
spider_520,DeepSeek,spider,,,
spider_521,DeepSeek,spider,,,
spider_522,DeepSeek,spider,,,
spider_523,DeepSeek,spider,,,
spider_524,DeepSeek,spider,,,
spider_525,DeepSeek,spider,,,
spider_526,DeepSeek,spider,,,
spider_527,DeepSeek,spider,,,
spider_528,DeepSeek,spider,,,
spider_529,DeepSeek,spider,,,
spider_530,DeepSeek,spider,,,
spider_531,DeepSeek,spider,,,
spider_532,DeepSeek,spider,,,
spider_533,DeepSeek,spider,,,
spider_534,DeepSeek,spider,,,
spider_535,DeepSeek,spider,,,
spider_536,DeepSeek,spider,,,
spider_537,DeepSeek,spider,,,
spider_538,DeepSeek,spider,,,
spider_539,DeepSeek,spider,,,
spider_540,DeepSeek,spider,,,
spider_541,DeepSeek,spider,,,
spider_542,DeepSeek,spider,,,
spider_543,DeepSeek,spider,,,
spider_544,DeepSeek,spider,,,
spider_545,DeepSeek,spider,,,
spider_546,DeepSeek,spider,,,
spider_547,DeepSeek,spider,,,
spider_548,DeepSeek,spider,,,
spider_549,DeepSeek,spider,,,
spider_550,DeepSeek,spider,,,
spider_551,DeepSeek,spider,,,
spider_552,DeepSeek,spider,,,
spider_553,DeepSeek,spider,,,
spider_554,DeepSeek,spider,,,
spider_555,DeepSeek,spider,,,
spider_556,DeepSeek,spider,,,
spider_557,DeepSeek,spider,,,
spider_558,DeepSeek,spider,,,
spider_559,DeepSeek,spider,,,
spider_560,DeepSeek,spider,,,
spider_561,DeepSeek,spider,,,
spider_562,DeepSeek,spider,,,
spider_563,DeepSeek,spider,,,
spider_564,DeepSeek,spider,,,
spider_565,DeepSeek,spider,,,
spider_566,DeepSeek,spider,,,
spider_567,DeepSeek,spider,,,
spider_568,DeepSeek,spider,,,
spider_569,DeepSeek,spider,,,
spider_570,DeepSeek,spider,,,
spider_571,DeepSeek,spider,,,
spider_572,DeepSeek,spider,,,
spider_573,DeepSeek,spider,,,
spider_574,DeepSeek,spider,,,
spider_575,DeepSeek,spider,,,
spider_576,DeepSeek,spider,,,
spider_577,DeepSeek,spider,,,
spider_578,DeepSeek,spider,,,
spider_579,DeepSeek,spider,,,
spider_580,DeepSeek,spider,,,
spider_581,DeepSeek,spider,,,
spider_582,DeepSeek,spider,,,
spider_583,DeepSeek,spider,,,
spider_584,DeepSeek,spider,,,
spider_585,DeepSeek,spider,,,
spider_586,DeepSeek,spider,,,
spider_587,DeepSeek,spider,,,
spider_588,DeepSeek,spider,,,
spider_589,DeepSeek,spider,,,
spider_590,DeepSeek,spider,,,
spider_591,DeepSeek,spider,,,
spider_592,DeepSeek,spider,,,
spider_593,DeepSeek,spider,,,
spider_594,DeepSeek,spider,,,
spider_595,DeepSeek,spider,,,
spider_596,DeepSeek,spider,,,
spider_597,DeepSeek,spider,,,
spider_598,DeepSeek,spider,,,
spider_599,DeepSeek,spider,,,
spider_600,DeepSeek,spider,,,
spider_601,DeepSeek,spider,,,
spider_602,DeepSeek,spider,,,
spider_603,DeepSeek,spider,,,
spider_604,DeepSeek,spider,,,
spider_605,DeepSeek,spider,,,
spider_606,DeepSeek,spider,,,
spider_607,DeepSeek,spider,,,
spider_608,DeepSeek,spider,,,
spider_609,DeepSeek,spider,,,
spider_610,DeepSeek,spider,,,
spider_611,DeepSeek,spider,,,
spider_612,DeepSeek,spider,,,
spider_613,DeepSeek,spider,,,
spider_614,DeepSeek,spider,,,
spider_615,DeepSeek,spider,,,
spider_616,DeepSeek,spider,,,
spider_617,DeepSeek,spider,,,
spider_618,DeepSeek,spider,,,
spider_619,DeepSeek,spider,,,
spider_620,DeepSeek,spider,,,
spider_621,DeepSeek,spider,,,
spider_622,DeepSeek,spider,,,
spider_623,DeepSeek,spider,,,
spider_624,DeepSeek,spider,,,
spider_625,DeepSeek,spider,,,
spider_626,DeepSeek,spider,,,
spider_627,DeepSeek,spider,,,
spider_628,DeepSeek,spider,,,
spider_629,DeepSeek,spider,,,
spider_630,DeepSeek,spider,,,
spider_631,DeepSeek,spider,,,
spider_632,DeepSeek,spider,,,
spider_633,DeepSeek,spider,,,
spider_634,DeepSeek,spider,,,
spider_635,DeepSeek,spider,,,
spider_636,DeepSeek,spider,,,
spider_637,DeepSeek,spider,,,
spider_638,DeepSeek,spider,,,
spider_639,DeepSeek,spider,,,
spider_640,DeepSeek,spider,,,
spider_641,DeepSeek,spider,,,
spider_642,DeepSeek,spider,,,
spider_643,DeepSeek,spider,,,
spider_644,DeepSeek,spider,,,
spider_645,DeepSeek,spider,,,
spider_646,DeepSeek,spider,,,
spider_647,DeepSeek,spider,,,
spider_648,DeepSeek,spider,,,
spider_649,DeepSeek,spider,,,
spider_650,DeepSeek,spider,,,
spider_651,DeepSeek,spider,,,
spider_652,DeepSeek,spider,,,
spider_653,DeepSeek,spider,,,
spider_654,DeepSeek,spider,,,
spider_655,DeepSeek,spider,,,
spider_656,DeepSeek,spider,,,
spider_657,DeepSeek,spider,,,
spider_658,DeepSeek,spider,,,
spider_659,DeepSeek,spider,,,
spider_660,DeepSeek,spider,,,
spider_661,DeepSeek,spider,,,
spider_662,DeepSeek,spider,,,
spider_663,DeepSeek,spider,,,
spider_664,DeepSeek,spider,,,
spider_665,DeepSeek,spider,,,
spider_666,DeepSeek,spider,,,
spider_667,DeepSeek,spider,,,
spider_668,DeepSeek,spider,,,
spider_669,DeepSeek,spider,,,
spider_670,DeepSeek,spider,,,
spider_671,DeepSeek,spider,,,
spider_672,DeepSeek,spider,,,
spider_673,DeepSeek,spider,,,
spider_674,DeepSeek,spider,,,
spider_675,DeepSeek,spider,,,
spider_676,DeepSeek,spider,,,
spider_677,DeepSeek,spider,,,
spider_678,DeepSeek,spider,,,
spider_679,DeepSeek,spider,,,
spider_680,DeepSeek,spider,,,
spider_681,DeepSeek,spider,,,
spider_682,DeepSeek,spider,,,
spider_683,DeepSeek,spider,,,
spider_684,DeepSeek,spider,,,
spider_685,DeepSeek,spider,,,
spider_686,DeepSeek,spider,,,
spider_687,DeepSeek,spider,,,
spider_688,DeepSeek,spider,,,
spider_689,DeepSeek,spider,,,
spider_690,DeepSeek,spider,,,
spider_691,DeepSeek,spider,,,
spider_692,DeepSeek,spider,,,
spider_693,DeepSeek,spider,,,
spider_694,DeepSeek,spider,,,
spider_695,DeepSeek,spider,,,
spider_696,DeepSeek,spider,,,
spider_697,DeepSeek,spider,,,
spider_698,DeepSeek,spider,,,
spider_699,DeepSeek,spider,,,
spider_700,DeepSeek,spider,,,
spider_701,DeepSeek,spider,,,
spider_702,DeepSeek,spider,,,
spider_703,DeepSeek,spider,,,
spider_704,DeepSeek,spider,,,
spider_705,DeepSeek,spider,,,
spider_706,DeepSeek,spider,,,
spider_707,DeepSeek,spider,,,
spider_708,DeepSeek,spider,,,
spider_709,DeepSeek,spider,,,
spider_710,DeepSeek,spider,,,
spider_711,DeepSeek,spider,,,
spider_712,DeepSeek,spider,,,
spider_713,DeepSeek,spider,,,
spider_714,DeepSeek,spider,,,
spider_715,DeepSeek,spider,,,
spider_716,DeepSeek,spider,,,
spider_717,DeepSeek,spider,,,
spider_718,DeepSeek,spider,,,
spider_719,DeepSeek,spider,,,
spider_720,DeepSeek,spider,,,
spider_721,DeepSeek,spider,,,
spider_722,DeepSeek,spider,,,
spider_723,DeepSeek,spider,,,
spider_724,DeepSeek,spider,,,
spider_725,DeepSeek,spider,,,
spider_726,DeepSeek,spider,,,
spider_727,DeepSeek,spider,,,
spider_728,DeepSeek,spider,,,
spider_729,DeepSeek,spider,,,
spider_730,DeepSeek,spider,,,
spider_731,DeepSeek,spider,,,
spider_732,DeepSeek,spider,,,
spider_733,DeepSeek,spider,,,
spider_734,DeepSeek,spider,,,
spider_735,DeepSeek,spider,,,
spider_736,DeepSeek,spider,,,
spider_737,DeepSeek,spider,,,
spider_738,DeepSeek,spider,,,
spider_739,DeepSeek,spider,,,
spider_740,DeepSeek,spider,,,
spider_741,DeepSeek,spider,,,
spider_742,DeepSeek,spider,,,
spider_743,DeepSeek,spider,,,
spider_744,DeepSeek,spider,,,
spider_745,DeepSeek,spider,,,
spider_746,DeepSeek,spider,,,
spider_747,DeepSeek,spider,,,
spider_748,DeepSeek,spider,,,
spider_749,DeepSeek,spider,,,
spider_750,DeepSeek,spider,,,
spider_751,DeepSeek,spider,,,
spider_752,DeepSeek,spider,,,
spider_753,DeepSeek,spider,,,
spider_754,DeepSeek,spider,,,
spider_755,DeepSeek,spider,,,
spider_756,DeepSeek,spider,,,
spider_757,DeepSeek,spider,,,
spider_758,DeepSeek,spider,,,
spider_759,DeepSeek,spider,,,
spider_760,DeepSeek,spider,,,
spider_761,DeepSeek,spider,,,
spider_762,DeepSeek,spider,,,
spider_763,DeepSeek,spider,,,
spider_764,DeepSeek,spider,,,
spider_765,DeepSeek,spider,,,
spider_766,DeepSeek,spider,,,
spider_767,DeepSeek,spider,,,
spider_768,DeepSeek,spider,,,
spider_769,DeepSeek,spider,,,
spider_770,DeepSeek,spider,,,
spider_771,DeepSeek,spider,,,
spider_772,DeepSeek,spider,,,
spider_773,DeepSeek,spider,,,
spider_774,DeepSeek,spider,,,
spider_775,DeepSeek,spider,,,
spider_776,DeepSeek,spider,,,
spider_777,DeepSeek,spider,,,
spider_778,DeepSeek,spider,,,
spider_779,DeepSeek,spider,,,
spider_780,DeepSeek,spider,,,
spider_781,DeepSeek,spider,,,
spider_782,DeepSeek,spider,,,
spider_783,DeepSeek,spider,,,
spider_784,DeepSeek,spider,,,
spider_785,DeepSeek,spider,,,
spider_786,DeepSeek,spider,,,
spider_787,DeepSeek,spider,,,
spider_788,DeepSeek,spider,,,
spider_789,DeepSeek,spider,,,
spider_790,DeepSeek,spider,,,
spider_791,DeepSeek,spider,,,
spider_792,DeepSeek,spider,,,
spider_793,DeepSeek,spider,,,
spider_794,DeepSeek,spider,,,
spider_795,DeepSeek,spider,,,
spider_796,DeepSeek,spider,,,
spider_797,DeepSeek,spider,,,
spider_798,DeepSeek,spider,,,
spider_799,DeepSeek,spider,,,
spider_800,DeepSeek,spider,,,
spider_801,DeepSeek,spider,,,
spider_802,DeepSeek,spider,,,
spider_803,DeepSeek,spider,,,
spider_804,DeepSeek,spider,,,
spider_805,DeepSeek,spider,,,
spider_806,DeepSeek,spider,,,
spider_807,DeepSeek,spider,,,
spider_808,DeepSeek,spider,,,
spider_809,DeepSeek,spider,,,
spider_810,DeepSeek,spider,,,
spider_811,DeepSeek,spider,,,
spider_812,DeepSeek,spider,,,
spider_813,DeepSeek,spider,,,
spider_814,DeepSeek,spider,,,
spider_815,DeepSeek,spider,,,
spider_816,DeepSeek,spider,,,
spider_817,DeepSeek,spider,,,
spider_818,DeepSeek,spider,,,
spider_819,DeepSeek,spider,,,
spider_820,DeepSeek,spider,,,
spider_821,DeepSeek,spider,,,
spider_822,DeepSeek,spider,,,
spider_823,DeepSeek,spider,,,
spider_824,DeepSeek,spider,,,
spider_825,DeepSeek,spider,,,
spider_826,DeepSeek,spider,,,
spider_827,DeepSeek,spider,,,
spider_828,DeepSeek,spider,,,
spider_829,DeepSeek,spider,,,
spider_830,DeepSeek,spider,,,
spider_831,DeepSeek,spider,,,
spider_832,DeepSeek,spider,,,
spider_833,DeepSeek,spider,,,
spider_834,DeepSeek,spider,,,
spider_835,DeepSeek,spider,,,
spider_836,DeepSeek,spider,,,
spider_837,DeepSeek,spider,,,
spider_838,DeepSeek,spider,,,
spider_839,DeepSeek,spider,,,
spider_840,DeepSeek,spider,,,
spider_841,DeepSeek,spider,,,
spider_842,DeepSeek,spider,,,
spider_843,DeepSeek,spider,,,
spider_844,DeepSeek,spider,,,
spider_845,DeepSeek,spider,,,
spider_846,DeepSeek,spider,,,
spider_847,DeepSeek,spider,,,
spider_848,DeepSeek,spider,,,
spider_849,DeepSeek,spider,,,
spider_850,DeepSeek,spider,,,
spider_851,DeepSeek,spider,,,
spider_852,DeepSeek,spider,,,
spider_853,DeepSeek,spider,,,
spider_854,DeepSeek,spider,,,
spider_855,DeepSeek,spider,,,
spider_856,DeepSeek,spider,,,
spider_857,DeepSeek,spider,,,
spider_858,DeepSeek,spider,,,
spider_859,DeepSeek,spider,,,
spider_860,DeepSeek,spider,,,
spider_861,DeepSeek,spider,,,
spider_862,DeepSeek,spider,,,
spider_863,DeepSeek,spider,,,
spider_864,DeepSeek,spider,,,
spider_865,DeepSeek,spider,,,
spider_866,DeepSeek,spider,,,
spider_867,DeepSeek,spider,,,
spider_868,DeepSeek,spider,,,
spider_869,DeepSeek,spider,,,
spider_870,DeepSeek,spider,,,
spider_871,DeepSeek,spider,,,
spider_872,DeepSeek,spider,,,
spider_873,DeepSeek,spider,,,
spider_874,DeepSeek,spider,,,
spider_875,DeepSeek,spider,,,
spider_876,DeepSeek,spider,,,
spider_877,DeepSeek,spider,,,
spider_878,DeepSeek,spider,,,
spider_879,DeepSeek,spider,,,
spider_880,DeepSeek,spider,,,
spider_881,DeepSeek,spider,,,
spider_882,DeepSeek,spider,,,
spider_883,DeepSeek,spider,,,
spider_884,DeepSeek,spider,,,
spider_885,DeepSeek,spider,,,
spider_886,DeepSeek,spider,,,
spider_887,DeepSeek,spider,,,
spider_888,DeepSeek,spider,,,
spider_889,DeepSeek,spider,,,
spider_890,DeepSeek,spider,,,
spider_891,DeepSeek,spider,,,
spider_892,DeepSeek,spider,,,
spider_893,DeepSeek,spider,,,
spider_894,DeepSeek,spider,,,
spider_895,DeepSeek,spider,,,
spider_896,DeepSeek,spider,,,
spider_897,DeepSeek,spider,,,
spider_898,DeepSeek,spider,,,
spider_899,DeepSeek,spider,,,
spider_900,DeepSeek,spider,,,
spider_901,DeepSeek,spider,,,
spider_902,DeepSeek,spider,,,
spider_903,DeepSeek,spider,,,
spider_904,DeepSeek,spider,,,
spider_905,DeepSeek,spider,,,
spider_906,DeepSeek,spider,,,
spider_907,DeepSeek,spider,,,
spider_908,DeepSeek,spider,,,
spider_909,DeepSeek,spider,,,
spider_910,DeepSeek,spider,,,
spider_911,DeepSeek,spider,,,
spider_912,DeepSeek,spider,,,
spider_913,DeepSeek,spider,,,
spider_914,DeepSeek,spider,,,
spider_915,DeepSeek,spider,,,
spider_916,DeepSeek,spider,,,
spider_917,DeepSeek,spider,,,
spider_918,DeepSeek,spider,,,
spider_919,DeepSeek,spider,,,
spider_920,DeepSeek,spider,,,
spider_921,DeepSeek,spider,,,
spider_922,DeepSeek,spider,,,
spider_923,DeepSeek,spider,,,
spider_924,DeepSeek,spider,,,
spider_925,DeepSeek,spider,,,
spider_926,DeepSeek,spider,,,
spider_927,DeepSeek,spider,,,
spider_928,DeepSeek,spider,,,
spider_929,DeepSeek,spider,,,
spider_930,DeepSeek,spider,,,
spider_931,DeepSeek,spider,,,
spider_932,DeepSeek,spider,,,
spider_933,DeepSeek,spider,,,
spider_934,DeepSeek,spider,,,
spider_935,DeepSeek,spider,,,
spider_936,DeepSeek,spider,,,
spider_937,DeepSeek,spider,,,
spider_938,DeepSeek,spider,,,
spider_939,DeepSeek,spider,,,
spider_940,DeepSeek,spider,,,
spider_941,DeepSeek,spider,,,
spider_942,DeepSeek,spider,,,
spider_943,DeepSeek,spider,,,
spider_944,DeepSeek,spider,,,
spider_945,DeepSeek,spider,,,
spider_946,DeepSeek,spider,,,
spider_947,DeepSeek,spider,,,
spider_948,DeepSeek,spider,,,
spider_949,DeepSeek,spider,,,
spider_950,DeepSeek,spider,,,
spider_951,DeepSeek,spider,,,
spider_952,DeepSeek,spider,,,
spider_953,DeepSeek,spider,,,
spider_954,DeepSeek,spider,,,
spider_955,DeepSeek,spider,,,
spider_956,DeepSeek,spider,,,
spider_957,DeepSeek,spider,,,
spider_958,DeepSeek,spider,,,
spider_959,DeepSeek,spider,,,
spider_960,DeepSeek,spider,,,
spider_961,DeepSeek,spider,,,
spider_962,DeepSeek,spider,,,
spider_963,DeepSeek,spider,,,
spider_964,DeepSeek,spider,,,
spider_965,DeepSeek,spider,,,
spider_966,DeepSeek,spider,,,
spider_967,DeepSeek,spider,,,
spider_968,DeepSeek,spider,,,
spider_969,DeepSeek,spider,,,
spider_970,DeepSeek,spider,,,
spider_971,DeepSeek,spider,,,
spider_972,DeepSeek,spider,,,
spider_973,DeepSeek,spider,,,
spider_974,DeepSeek,spider,,,
spider_975,DeepSeek,spider,,,
spider_976,DeepSeek,spider,,,
spider_977,DeepSeek,spider,,,
spider_978,DeepSeek,spider,,,
spider_979,DeepSeek,spider,,,
spider_980,DeepSeek,spider,,,
spider_981,DeepSeek,spider,,,
spider_982,DeepSeek,spider,,,
spider_983,DeepSeek,spider,,,
spider_984,DeepSeek,spider,,,
spider_985,DeepSeek,spider,,,
spider_986,DeepSeek,spider,,,
spider_987,DeepSeek,spider,,,
spider_988,DeepSeek,spider,,,
spider_989,DeepSeek,spider,,,
spider_990,DeepSeek,spider,,,
spider_991,DeepSeek,spider,,,
spider_992,DeepSeek,spider,,,
spider_993,DeepSeek,spider,,,
spider_994,DeepSeek,spider,,,
spider_995,DeepSeek,spider,,,
spider_996,DeepSeek,spider,,,
spider_997,DeepSeek,spider,,,
spider_998,DeepSeek,spider,,,
spider_999,DeepSeek,spider,,,
spider_1000,DeepSeek,spider,,,
spider_1001,DeepSeek,spider,,,
spider_1002,DeepSeek,spider,,,
spider_1003,DeepSeek,spider,,,
spider_1004,DeepSeek,spider,,,
spider_1005,DeepSeek,spider,,,
spider_1006,DeepSeek,spider,,,
spider_1007,DeepSeek,spider,,,
spider_1008,DeepSeek,spider,,,
spider_1009,DeepSeek,spider,,,
spider_1010,DeepSeek,spider,,,
spider_1011,DeepSeek,spider,,,
spider_1012,DeepSeek,spider,,,
spider_1013,DeepSeek,spider,,,
spider_1014,DeepSeek,spider,,,
spider_1015,DeepSeek,spider,,,
spider_1016,DeepSeek,spider,,,
spider_1017,DeepSeek,spider,,,
spider_1018,DeepSeek,spider,,,
spider_1019,DeepSeek,spider,,,
spider_1020,DeepSeek,spider,,,
spider_1021,DeepSeek,spider,,,
spider_1022,DeepSeek,spider,,,
spider_1023,DeepSeek,spider,,,
spider_1024,DeepSeek,spider,,,
spider_1025,DeepSeek,spider,,,
spider_1026,DeepSeek,spider,,,
spider_1027,DeepSeek,spider,,,
spider_1028,DeepSeek,spider,,,
spider_1029,DeepSeek,spider,,,
spider_1030,DeepSeek,spider,,,
spider_1031,DeepSeek,spider,,,
spider_1032,DeepSeek,spider,,,
spider_1033,DeepSeek,spider,,,
bird_0,Defog-Llama3-SQLCoder-8B,bird,,,
bird_1,Defog-Llama3-SQLCoder-8B,bird,,,
bird_2,Defog-Llama3-SQLCoder-8B,bird,,,
bird_3,Defog-Llama3-SQLCoder-8B,bird,,,
bird_4,Defog-Llama3-SQLCoder-8B,bird,,,
bird_5,Defog-Llama3-SQLCoder-8B,bird,,,
bird_6,Defog-Llama3-SQLCoder-8B,bird,,,
bird_7,Defog-Llama3-SQLCoder-8B,bird,,,
bird_8,Defog-Llama3-SQLCoder-8B,bird,,,
bird_9,Defog-Llama3-SQLCoder-8B,bird,,,
bird_10,Defog-Llama3-SQLCoder-8B,bird,,,
bird_11,Defog-Llama3-SQLCoder-8B,bird,,,
bird_12,Defog-Llama3-SQLCoder-8B,bird,,,
bird_13,Defog-Llama3-SQLCoder-8B,bird,,,
bird_14,Defog-Llama3-SQLCoder-8B,bird,,,
bird_15,Defog-Llama3-SQLCoder-8B,bird,,,
bird_16,Defog-Llama3-SQLCoder-8B,bird,,,
bird_17,Defog-Llama3-SQLCoder-8B,bird,,,
bird_18,Defog-Llama3-SQLCoder-8B,bird,,,
bird_19,Defog-Llama3-SQLCoder-8B,bird,,,
bird_20,Defog-Llama3-SQLCoder-8B,bird,,,
bird_21,Defog-Llama3-SQLCoder-8B,bird,,,
bird_22,Defog-Llama3-SQLCoder-8B,bird,,,
bird_23,Defog-Llama3-SQLCoder-8B,bird,,,
bird_24,Defog-Llama3-SQLCoder-8B,bird,,,
bird_25,Defog-Llama3-SQLCoder-8B,bird,,,
bird_26,Defog-Llama3-SQLCoder-8B,bird,,,
bird_27,Defog-Llama3-SQLCoder-8B,bird,,,
bird_28,Defog-Llama3-SQLCoder-8B,bird,,,
bird_29,Defog-Llama3-SQLCoder-8B,bird,,,
bird_30,Defog-Llama3-SQLCoder-8B,bird,,,
bird_31,Defog-Llama3-SQLCoder-8B,bird,,,
bird_32,Defog-Llama3-SQLCoder-8B,bird,,,
bird_33,Defog-Llama3-SQLCoder-8B,bird,,,
bird_34,Defog-Llama3-SQLCoder-8B,bird,,,
bird_35,Defog-Llama3-SQLCoder-8B,bird,,,
bird_36,Defog-Llama3-SQLCoder-8B,bird,,,
bird_37,Defog-Llama3-SQLCoder-8B,bird,,,
bird_38,Defog-Llama3-SQLCoder-8B,bird,,,
bird_39,Defog-Llama3-SQLCoder-8B,bird,,,
bird_40,Defog-Llama3-SQLCoder-8B,bird,,,
bird_41,Defog-Llama3-SQLCoder-8B,bird,,,
bird_42,Defog-Llama3-SQLCoder-8B,bird,,,
bird_43,Defog-Llama3-SQLCoder-8B,bird,,,
bird_44,Defog-Llama3-SQLCoder-8B,bird,,,
bird_45,Defog-Llama3-SQLCoder-8B,bird,,,
bird_46,Defog-Llama3-SQLCoder-8B,bird,,,
bird_47,Defog-Llama3-SQLCoder-8B,bird,,,
bird_48,Defog-Llama3-SQLCoder-8B,bird,,,
bird_49,Defog-Llama3-SQLCoder-8B,bird,,,
bird_50,Defog-Llama3-SQLCoder-8B,bird,,,
bird_51,Defog-Llama3-SQLCoder-8B,bird,,,
bird_52,Defog-Llama3-SQLCoder-8B,bird,,,
bird_53,Defog-Llama3-SQLCoder-8B,bird,,,
bird_54,Defog-Llama3-SQLCoder-8B,bird,,,
bird_55,Defog-Llama3-SQLCoder-8B,bird,,,
bird_56,Defog-Llama3-SQLCoder-8B,bird,,,
bird_57,Defog-Llama3-SQLCoder-8B,bird,,,
bird_58,Defog-Llama3-SQLCoder-8B,bird,,,
bird_59,Defog-Llama3-SQLCoder-8B,bird,,,
bird_60,Defog-Llama3-SQLCoder-8B,bird,,,
bird_61,Defog-Llama3-SQLCoder-8B,bird,,,
bird_62,Defog-Llama3-SQLCoder-8B,bird,,,
bird_63,Defog-Llama3-SQLCoder-8B,bird,,,
bird_64,Defog-Llama3-SQLCoder-8B,bird,,,
bird_65,Defog-Llama3-SQLCoder-8B,bird,,,
bird_66,Defog-Llama3-SQLCoder-8B,bird,,,
bird_67,Defog-Llama3-SQLCoder-8B,bird,,,
bird_68,Defog-Llama3-SQLCoder-8B,bird,,,
bird_69,Defog-Llama3-SQLCoder-8B,bird,,,
bird_70,Defog-Llama3-SQLCoder-8B,bird,,,
bird_71,Defog-Llama3-SQLCoder-8B,bird,,,
bird_72,Defog-Llama3-SQLCoder-8B,bird,,,
bird_73,Defog-Llama3-SQLCoder-8B,bird,,,
bird_74,Defog-Llama3-SQLCoder-8B,bird,,,
bird_75,Defog-Llama3-SQLCoder-8B,bird,,,
bird_76,Defog-Llama3-SQLCoder-8B,bird,,,
bird_77,Defog-Llama3-SQLCoder-8B,bird,,,
bird_78,Defog-Llama3-SQLCoder-8B,bird,,,
bird_79,Defog-Llama3-SQLCoder-8B,bird,,,
bird_80,Defog-Llama3-SQLCoder-8B,bird,,,
bird_81,Defog-Llama3-SQLCoder-8B,bird,,,
bird_82,Defog-Llama3-SQLCoder-8B,bird,,,
bird_83,Defog-Llama3-SQLCoder-8B,bird,,,
bird_84,Defog-Llama3-SQLCoder-8B,bird,,,
bird_85,Defog-Llama3-SQLCoder-8B,bird,,,
bird_86,Defog-Llama3-SQLCoder-8B,bird,,,
bird_87,Defog-Llama3-SQLCoder-8B,bird,,,
bird_88,Defog-Llama3-SQLCoder-8B,bird,,,
bird_89,Defog-Llama3-SQLCoder-8B,bird,,,
bird_90,Defog-Llama3-SQLCoder-8B,bird,,,
bird_91,Defog-Llama3-SQLCoder-8B,bird,,,
bird_92,Defog-Llama3-SQLCoder-8B,bird,,,
bird_93,Defog-Llama3-SQLCoder-8B,bird,,,
bird_94,Defog-Llama3-SQLCoder-8B,bird,,,
bird_95,Defog-Llama3-SQLCoder-8B,bird,,,
bird_96,Defog-Llama3-SQLCoder-8B,bird,,,
bird_97,Defog-Llama3-SQLCoder-8B,bird,,,
bird_98,Defog-Llama3-SQLCoder-8B,bird,,,
bird_99,Defog-Llama3-SQLCoder-8B,bird,,,
bird_100,Defog-Llama3-SQLCoder-8B,bird,,,
bird_101,Defog-Llama3-SQLCoder-8B,bird,,,
bird_102,Defog-Llama3-SQLCoder-8B,bird,,,
bird_103,Defog-Llama3-SQLCoder-8B,bird,,,
bird_104,Defog-Llama3-SQLCoder-8B,bird,,,
bird_105,Defog-Llama3-SQLCoder-8B,bird,,,
bird_106,Defog-Llama3-SQLCoder-8B,bird,,,
bird_107,Defog-Llama3-SQLCoder-8B,bird,,,
bird_108,Defog-Llama3-SQLCoder-8B,bird,,,
bird_109,Defog-Llama3-SQLCoder-8B,bird,,,
bird_110,Defog-Llama3-SQLCoder-8B,bird,,,
bird_111,Defog-Llama3-SQLCoder-8B,bird,,,
bird_112,Defog-Llama3-SQLCoder-8B,bird,,,
bird_113,Defog-Llama3-SQLCoder-8B,bird,,,
bird_114,Defog-Llama3-SQLCoder-8B,bird,,,
bird_115,Defog-Llama3-SQLCoder-8B,bird,,,
bird_116,Defog-Llama3-SQLCoder-8B,bird,,,
bird_117,Defog-Llama3-SQLCoder-8B,bird,,,
bird_118,Defog-Llama3-SQLCoder-8B,bird,,,
bird_119,Defog-Llama3-SQLCoder-8B,bird,,,
bird_120,Defog-Llama3-SQLCoder-8B,bird,,,
bird_121,Defog-Llama3-SQLCoder-8B,bird,,,
bird_122,Defog-Llama3-SQLCoder-8B,bird,,,
bird_123,Defog-Llama3-SQLCoder-8B,bird,,,
bird_124,Defog-Llama3-SQLCoder-8B,bird,,,
bird_125,Defog-Llama3-SQLCoder-8B,bird,,,
bird_126,Defog-Llama3-SQLCoder-8B,bird,,,
bird_127,Defog-Llama3-SQLCoder-8B,bird,,,
bird_128,Defog-Llama3-SQLCoder-8B,bird,,,
bird_129,Defog-Llama3-SQLCoder-8B,bird,,,
bird_130,Defog-Llama3-SQLCoder-8B,bird,,,
bird_131,Defog-Llama3-SQLCoder-8B,bird,,,
bird_132,Defog-Llama3-SQLCoder-8B,bird,,,
bird_133,Defog-Llama3-SQLCoder-8B,bird,,,
bird_134,Defog-Llama3-SQLCoder-8B,bird,,,
bird_135,Defog-Llama3-SQLCoder-8B,bird,,,
bird_136,Defog-Llama3-SQLCoder-8B,bird,,,
bird_137,Defog-Llama3-SQLCoder-8B,bird,,,
bird_138,Defog-Llama3-SQLCoder-8B,bird,,,
bird_139,Defog-Llama3-SQLCoder-8B,bird,,,
bird_140,Defog-Llama3-SQLCoder-8B,bird,,,
bird_141,Defog-Llama3-SQLCoder-8B,bird,,,
bird_142,Defog-Llama3-SQLCoder-8B,bird,,,
bird_143,Defog-Llama3-SQLCoder-8B,bird,,,
bird_144,Defog-Llama3-SQLCoder-8B,bird,,,
bird_145,Defog-Llama3-SQLCoder-8B,bird,,,
bird_146,Defog-Llama3-SQLCoder-8B,bird,,,
bird_147,Defog-Llama3-SQLCoder-8B,bird,,,
bird_148,Defog-Llama3-SQLCoder-8B,bird,,,
bird_149,Defog-Llama3-SQLCoder-8B,bird,,,
bird_150,Defog-Llama3-SQLCoder-8B,bird,,,
bird_151,Defog-Llama3-SQLCoder-8B,bird,,,
bird_152,Defog-Llama3-SQLCoder-8B,bird,,,
bird_153,Defog-Llama3-SQLCoder-8B,bird,,,
bird_154,Defog-Llama3-SQLCoder-8B,bird,,,
bird_155,Defog-Llama3-SQLCoder-8B,bird,,,
bird_156,Defog-Llama3-SQLCoder-8B,bird,,,
bird_157,Defog-Llama3-SQLCoder-8B,bird,,,
bird_158,Defog-Llama3-SQLCoder-8B,bird,,,
bird_159,Defog-Llama3-SQLCoder-8B,bird,,,
bird_160,Defog-Llama3-SQLCoder-8B,bird,,,
bird_161,Defog-Llama3-SQLCoder-8B,bird,,,
bird_162,Defog-Llama3-SQLCoder-8B,bird,,,
bird_163,Defog-Llama3-SQLCoder-8B,bird,,,
bird_164,Defog-Llama3-SQLCoder-8B,bird,,,
bird_165,Defog-Llama3-SQLCoder-8B,bird,,,
bird_166,Defog-Llama3-SQLCoder-8B,bird,,,
bird_167,Defog-Llama3-SQLCoder-8B,bird,,,
bird_168,Defog-Llama3-SQLCoder-8B,bird,,,
bird_169,Defog-Llama3-SQLCoder-8B,bird,,,
bird_170,Defog-Llama3-SQLCoder-8B,bird,,,
bird_171,Defog-Llama3-SQLCoder-8B,bird,,,
bird_172,Defog-Llama3-SQLCoder-8B,bird,,,
bird_173,Defog-Llama3-SQLCoder-8B,bird,,,
bird_174,Defog-Llama3-SQLCoder-8B,bird,,,
bird_175,Defog-Llama3-SQLCoder-8B,bird,,,
bird_176,Defog-Llama3-SQLCoder-8B,bird,,,
bird_177,Defog-Llama3-SQLCoder-8B,bird,,,
bird_178,Defog-Llama3-SQLCoder-8B,bird,,,
bird_179,Defog-Llama3-SQLCoder-8B,bird,,,
bird_180,Defog-Llama3-SQLCoder-8B,bird,,,
bird_181,Defog-Llama3-SQLCoder-8B,bird,,,
bird_182,Defog-Llama3-SQLCoder-8B,bird,,,
bird_183,Defog-Llama3-SQLCoder-8B,bird,,,
bird_184,Defog-Llama3-SQLCoder-8B,bird,,,
bird_185,Defog-Llama3-SQLCoder-8B,bird,,,
bird_186,Defog-Llama3-SQLCoder-8B,bird,,,
bird_187,Defog-Llama3-SQLCoder-8B,bird,,,
bird_188,Defog-Llama3-SQLCoder-8B,bird,,,
bird_189,Defog-Llama3-SQLCoder-8B,bird,,,
bird_190,Defog-Llama3-SQLCoder-8B,bird,,,
bird_191,Defog-Llama3-SQLCoder-8B,bird,,,
bird_192,Defog-Llama3-SQLCoder-8B,bird,,,
bird_193,Defog-Llama3-SQLCoder-8B,bird,,,
bird_194,Defog-Llama3-SQLCoder-8B,bird,,,
bird_195,Defog-Llama3-SQLCoder-8B,bird,,,
bird_196,Defog-Llama3-SQLCoder-8B,bird,,,
bird_197,Defog-Llama3-SQLCoder-8B,bird,,,
bird_198,Defog-Llama3-SQLCoder-8B,bird,,,
bird_199,Defog-Llama3-SQLCoder-8B,bird,,,
bird_200,Defog-Llama3-SQLCoder-8B,bird,,,
bird_201,Defog-Llama3-SQLCoder-8B,bird,,,
bird_202,Defog-Llama3-SQLCoder-8B,bird,,,
bird_203,Defog-Llama3-SQLCoder-8B,bird,,,
bird_204,Defog-Llama3-SQLCoder-8B,bird,,,
bird_205,Defog-Llama3-SQLCoder-8B,bird,,,
bird_206,Defog-Llama3-SQLCoder-8B,bird,,,
bird_207,Defog-Llama3-SQLCoder-8B,bird,,,
bird_208,Defog-Llama3-SQLCoder-8B,bird,,,
bird_209,Defog-Llama3-SQLCoder-8B,bird,,,
bird_210,Defog-Llama3-SQLCoder-8B,bird,,,
bird_211,Defog-Llama3-SQLCoder-8B,bird,,,
bird_212,Defog-Llama3-SQLCoder-8B,bird,,,
bird_213,Defog-Llama3-SQLCoder-8B,bird,,,
bird_214,Defog-Llama3-SQLCoder-8B,bird,,,
bird_215,Defog-Llama3-SQLCoder-8B,bird,,,
bird_216,Defog-Llama3-SQLCoder-8B,bird,,,
bird_217,Defog-Llama3-SQLCoder-8B,bird,,,
bird_218,Defog-Llama3-SQLCoder-8B,bird,,,
bird_219,Defog-Llama3-SQLCoder-8B,bird,,,
bird_220,Defog-Llama3-SQLCoder-8B,bird,,,
bird_221,Defog-Llama3-SQLCoder-8B,bird,,,
bird_222,Defog-Llama3-SQLCoder-8B,bird,,,
bird_223,Defog-Llama3-SQLCoder-8B,bird,,,
bird_224,Defog-Llama3-SQLCoder-8B,bird,,,
bird_225,Defog-Llama3-SQLCoder-8B,bird,,,
bird_226,Defog-Llama3-SQLCoder-8B,bird,,,
bird_227,Defog-Llama3-SQLCoder-8B,bird,,,
bird_228,Defog-Llama3-SQLCoder-8B,bird,,,
bird_229,Defog-Llama3-SQLCoder-8B,bird,,,
bird_230,Defog-Llama3-SQLCoder-8B,bird,,,
bird_231,Defog-Llama3-SQLCoder-8B,bird,,,
bird_232,Defog-Llama3-SQLCoder-8B,bird,,,
bird_233,Defog-Llama3-SQLCoder-8B,bird,,,
bird_234,Defog-Llama3-SQLCoder-8B,bird,,,
bird_235,Defog-Llama3-SQLCoder-8B,bird,,,
bird_236,Defog-Llama3-SQLCoder-8B,bird,,,
bird_237,Defog-Llama3-SQLCoder-8B,bird,,,
bird_238,Defog-Llama3-SQLCoder-8B,bird,,,
bird_239,Defog-Llama3-SQLCoder-8B,bird,,,
bird_240,Defog-Llama3-SQLCoder-8B,bird,,,
bird_241,Defog-Llama3-SQLCoder-8B,bird,,,
bird_242,Defog-Llama3-SQLCoder-8B,bird,,,
bird_243,Defog-Llama3-SQLCoder-8B,bird,,,
bird_244,Defog-Llama3-SQLCoder-8B,bird,,,
bird_245,Defog-Llama3-SQLCoder-8B,bird,,,
bird_246,Defog-Llama3-SQLCoder-8B,bird,,,
bird_247,Defog-Llama3-SQLCoder-8B,bird,,,
bird_248,Defog-Llama3-SQLCoder-8B,bird,,,
bird_249,Defog-Llama3-SQLCoder-8B,bird,,,
bird_250,Defog-Llama3-SQLCoder-8B,bird,,,
bird_251,Defog-Llama3-SQLCoder-8B,bird,,,
bird_252,Defog-Llama3-SQLCoder-8B,bird,,,
bird_253,Defog-Llama3-SQLCoder-8B,bird,,,
bird_254,Defog-Llama3-SQLCoder-8B,bird,,,
bird_255,Defog-Llama3-SQLCoder-8B,bird,,,
bird_256,Defog-Llama3-SQLCoder-8B,bird,,,
bird_257,Defog-Llama3-SQLCoder-8B,bird,,,
bird_258,Defog-Llama3-SQLCoder-8B,bird,,,
bird_259,Defog-Llama3-SQLCoder-8B,bird,,,
bird_260,Defog-Llama3-SQLCoder-8B,bird,,,
bird_261,Defog-Llama3-SQLCoder-8B,bird,,,
bird_262,Defog-Llama3-SQLCoder-8B,bird,,,
bird_263,Defog-Llama3-SQLCoder-8B,bird,,,
bird_264,Defog-Llama3-SQLCoder-8B,bird,,,
bird_265,Defog-Llama3-SQLCoder-8B,bird,,,
bird_266,Defog-Llama3-SQLCoder-8B,bird,,,
bird_267,Defog-Llama3-SQLCoder-8B,bird,,,
bird_268,Defog-Llama3-SQLCoder-8B,bird,,,
bird_269,Defog-Llama3-SQLCoder-8B,bird,,,
bird_270,Defog-Llama3-SQLCoder-8B,bird,,,
bird_271,Defog-Llama3-SQLCoder-8B,bird,,,
bird_272,Defog-Llama3-SQLCoder-8B,bird,,,
bird_273,Defog-Llama3-SQLCoder-8B,bird,,,
bird_274,Defog-Llama3-SQLCoder-8B,bird,,,
bird_275,Defog-Llama3-SQLCoder-8B,bird,,,
bird_276,Defog-Llama3-SQLCoder-8B,bird,,,
bird_277,Defog-Llama3-SQLCoder-8B,bird,,,
bird_278,Defog-Llama3-SQLCoder-8B,bird,,,
bird_279,Defog-Llama3-SQLCoder-8B,bird,,,
bird_280,Defog-Llama3-SQLCoder-8B,bird,,,
bird_281,Defog-Llama3-SQLCoder-8B,bird,,,
bird_282,Defog-Llama3-SQLCoder-8B,bird,,,
bird_283,Defog-Llama3-SQLCoder-8B,bird,,,
bird_284,Defog-Llama3-SQLCoder-8B,bird,,,
bird_285,Defog-Llama3-SQLCoder-8B,bird,,,
bird_286,Defog-Llama3-SQLCoder-8B,bird,,,
bird_287,Defog-Llama3-SQLCoder-8B,bird,,,
bird_288,Defog-Llama3-SQLCoder-8B,bird,,,
bird_289,Defog-Llama3-SQLCoder-8B,bird,,,
bird_290,Defog-Llama3-SQLCoder-8B,bird,,,
bird_291,Defog-Llama3-SQLCoder-8B,bird,,,
bird_292,Defog-Llama3-SQLCoder-8B,bird,,,
bird_293,Defog-Llama3-SQLCoder-8B,bird,,,
bird_294,Defog-Llama3-SQLCoder-8B,bird,,,
bird_295,Defog-Llama3-SQLCoder-8B,bird,,,
bird_296,Defog-Llama3-SQLCoder-8B,bird,,,
bird_297,Defog-Llama3-SQLCoder-8B,bird,,,
bird_298,Defog-Llama3-SQLCoder-8B,bird,,,
bird_299,Defog-Llama3-SQLCoder-8B,bird,,,
bird_300,Defog-Llama3-SQLCoder-8B,bird,,,
bird_301,Defog-Llama3-SQLCoder-8B,bird,,,
bird_302,Defog-Llama3-SQLCoder-8B,bird,,,
bird_303,Defog-Llama3-SQLCoder-8B,bird,,,
bird_304,Defog-Llama3-SQLCoder-8B,bird,,,
bird_305,Defog-Llama3-SQLCoder-8B,bird,,,
bird_306,Defog-Llama3-SQLCoder-8B,bird,,,
bird_307,Defog-Llama3-SQLCoder-8B,bird,,,
bird_308,Defog-Llama3-SQLCoder-8B,bird,,,
bird_309,Defog-Llama3-SQLCoder-8B,bird,,,
bird_310,Defog-Llama3-SQLCoder-8B,bird,,,
bird_311,Defog-Llama3-SQLCoder-8B,bird,,,
bird_312,Defog-Llama3-SQLCoder-8B,bird,,,
bird_313,Defog-Llama3-SQLCoder-8B,bird,,,
bird_314,Defog-Llama3-SQLCoder-8B,bird,,,
bird_315,Defog-Llama3-SQLCoder-8B,bird,,,
bird_316,Defog-Llama3-SQLCoder-8B,bird,,,
bird_317,Defog-Llama3-SQLCoder-8B,bird,,,
bird_318,Defog-Llama3-SQLCoder-8B,bird,,,
bird_319,Defog-Llama3-SQLCoder-8B,bird,,,
bird_320,Defog-Llama3-SQLCoder-8B,bird,,,
bird_321,Defog-Llama3-SQLCoder-8B,bird,,,
bird_322,Defog-Llama3-SQLCoder-8B,bird,,,
bird_323,Defog-Llama3-SQLCoder-8B,bird,,,
bird_324,Defog-Llama3-SQLCoder-8B,bird,,,
bird_325,Defog-Llama3-SQLCoder-8B,bird,,,
bird_326,Defog-Llama3-SQLCoder-8B,bird,,,
bird_327,Defog-Llama3-SQLCoder-8B,bird,,,
bird_328,Defog-Llama3-SQLCoder-8B,bird,,,
bird_329,Defog-Llama3-SQLCoder-8B,bird,,,
bird_330,Defog-Llama3-SQLCoder-8B,bird,,,
bird_331,Defog-Llama3-SQLCoder-8B,bird,,,
bird_332,Defog-Llama3-SQLCoder-8B,bird,,,
bird_333,Defog-Llama3-SQLCoder-8B,bird,,,
bird_334,Defog-Llama3-SQLCoder-8B,bird,,,
bird_335,Defog-Llama3-SQLCoder-8B,bird,,,
bird_336,Defog-Llama3-SQLCoder-8B,bird,,,
bird_337,Defog-Llama3-SQLCoder-8B,bird,,,
bird_338,Defog-Llama3-SQLCoder-8B,bird,,,
bird_339,Defog-Llama3-SQLCoder-8B,bird,,,
bird_340,Defog-Llama3-SQLCoder-8B,bird,,,
bird_341,Defog-Llama3-SQLCoder-8B,bird,,,
bird_342,Defog-Llama3-SQLCoder-8B,bird,,,
bird_343,Defog-Llama3-SQLCoder-8B,bird,,,
bird_344,Defog-Llama3-SQLCoder-8B,bird,,,
bird_345,Defog-Llama3-SQLCoder-8B,bird,,,
bird_346,Defog-Llama3-SQLCoder-8B,bird,,,
bird_347,Defog-Llama3-SQLCoder-8B,bird,,,
bird_348,Defog-Llama3-SQLCoder-8B,bird,,,
bird_349,Defog-Llama3-SQLCoder-8B,bird,,,
bird_350,Defog-Llama3-SQLCoder-8B,bird,,,
bird_351,Defog-Llama3-SQLCoder-8B,bird,,,
bird_352,Defog-Llama3-SQLCoder-8B,bird,,,
bird_353,Defog-Llama3-SQLCoder-8B,bird,,,
bird_354,Defog-Llama3-SQLCoder-8B,bird,,,
bird_355,Defog-Llama3-SQLCoder-8B,bird,,,
bird_356,Defog-Llama3-SQLCoder-8B,bird,,,
bird_357,Defog-Llama3-SQLCoder-8B,bird,,,
bird_358,Defog-Llama3-SQLCoder-8B,bird,,,
bird_359,Defog-Llama3-SQLCoder-8B,bird,,,
bird_360,Defog-Llama3-SQLCoder-8B,bird,,,
bird_361,Defog-Llama3-SQLCoder-8B,bird,,,
bird_362,Defog-Llama3-SQLCoder-8B,bird,,,
bird_363,Defog-Llama3-SQLCoder-8B,bird,,,
bird_364,Defog-Llama3-SQLCoder-8B,bird,,,
bird_365,Defog-Llama3-SQLCoder-8B,bird,,,
bird_366,Defog-Llama3-SQLCoder-8B,bird,,,
bird_367,Defog-Llama3-SQLCoder-8B,bird,,,
bird_368,Defog-Llama3-SQLCoder-8B,bird,,,
bird_369,Defog-Llama3-SQLCoder-8B,bird,,,
bird_370,Defog-Llama3-SQLCoder-8B,bird,,,
bird_371,Defog-Llama3-SQLCoder-8B,bird,,,
bird_372,Defog-Llama3-SQLCoder-8B,bird,,,
bird_373,Defog-Llama3-SQLCoder-8B,bird,,,
bird_374,Defog-Llama3-SQLCoder-8B,bird,,,
bird_375,Defog-Llama3-SQLCoder-8B,bird,,,
bird_376,Defog-Llama3-SQLCoder-8B,bird,,,
bird_377,Defog-Llama3-SQLCoder-8B,bird,,,
bird_378,Defog-Llama3-SQLCoder-8B,bird,,,
bird_379,Defog-Llama3-SQLCoder-8B,bird,,,
bird_380,Defog-Llama3-SQLCoder-8B,bird,,,
bird_381,Defog-Llama3-SQLCoder-8B,bird,,,
bird_382,Defog-Llama3-SQLCoder-8B,bird,,,
bird_383,Defog-Llama3-SQLCoder-8B,bird,,,
bird_384,Defog-Llama3-SQLCoder-8B,bird,,,
bird_385,Defog-Llama3-SQLCoder-8B,bird,,,
bird_386,Defog-Llama3-SQLCoder-8B,bird,,,
bird_387,Defog-Llama3-SQLCoder-8B,bird,,,
bird_388,Defog-Llama3-SQLCoder-8B,bird,,,
bird_389,Defog-Llama3-SQLCoder-8B,bird,,,
bird_390,Defog-Llama3-SQLCoder-8B,bird,,,
bird_391,Defog-Llama3-SQLCoder-8B,bird,,,
bird_392,Defog-Llama3-SQLCoder-8B,bird,,,
bird_393,Defog-Llama3-SQLCoder-8B,bird,,,
bird_394,Defog-Llama3-SQLCoder-8B,bird,,,
bird_395,Defog-Llama3-SQLCoder-8B,bird,,,
bird_396,Defog-Llama3-SQLCoder-8B,bird,,,
bird_397,Defog-Llama3-SQLCoder-8B,bird,,,
bird_398,Defog-Llama3-SQLCoder-8B,bird,,,
bird_399,Defog-Llama3-SQLCoder-8B,bird,,,
bird_400,Defog-Llama3-SQLCoder-8B,bird,,,
bird_401,Defog-Llama3-SQLCoder-8B,bird,,,
bird_402,Defog-Llama3-SQLCoder-8B,bird,,,
bird_403,Defog-Llama3-SQLCoder-8B,bird,,,
bird_404,Defog-Llama3-SQLCoder-8B,bird,,,
bird_405,Defog-Llama3-SQLCoder-8B,bird,,,
bird_406,Defog-Llama3-SQLCoder-8B,bird,,,
bird_407,Defog-Llama3-SQLCoder-8B,bird,,,
bird_408,Defog-Llama3-SQLCoder-8B,bird,,,
bird_409,Defog-Llama3-SQLCoder-8B,bird,,,
bird_410,Defog-Llama3-SQLCoder-8B,bird,,,
bird_411,Defog-Llama3-SQLCoder-8B,bird,,,
bird_412,Defog-Llama3-SQLCoder-8B,bird,,,
bird_413,Defog-Llama3-SQLCoder-8B,bird,,,
bird_414,Defog-Llama3-SQLCoder-8B,bird,,,
bird_415,Defog-Llama3-SQLCoder-8B,bird,,,
bird_416,Defog-Llama3-SQLCoder-8B,bird,,,
bird_417,Defog-Llama3-SQLCoder-8B,bird,,,
bird_418,Defog-Llama3-SQLCoder-8B,bird,,,
bird_419,Defog-Llama3-SQLCoder-8B,bird,,,
bird_420,Defog-Llama3-SQLCoder-8B,bird,,,
bird_421,Defog-Llama3-SQLCoder-8B,bird,,,
bird_422,Defog-Llama3-SQLCoder-8B,bird,,,
bird_423,Defog-Llama3-SQLCoder-8B,bird,,,
bird_424,Defog-Llama3-SQLCoder-8B,bird,,,
bird_425,Defog-Llama3-SQLCoder-8B,bird,,,
bird_426,Defog-Llama3-SQLCoder-8B,bird,,,
bird_427,Defog-Llama3-SQLCoder-8B,bird,,,
bird_428,Defog-Llama3-SQLCoder-8B,bird,,,
bird_429,Defog-Llama3-SQLCoder-8B,bird,,,
bird_430,Defog-Llama3-SQLCoder-8B,bird,,,
bird_431,Defog-Llama3-SQLCoder-8B,bird,,,
bird_432,Defog-Llama3-SQLCoder-8B,bird,,,
bird_433,Defog-Llama3-SQLCoder-8B,bird,,,
bird_434,Defog-Llama3-SQLCoder-8B,bird,,,
bird_435,Defog-Llama3-SQLCoder-8B,bird,,,
bird_436,Defog-Llama3-SQLCoder-8B,bird,,,
bird_437,Defog-Llama3-SQLCoder-8B,bird,,,
bird_438,Defog-Llama3-SQLCoder-8B,bird,,,
bird_439,Defog-Llama3-SQLCoder-8B,bird,,,
bird_440,Defog-Llama3-SQLCoder-8B,bird,,,
bird_441,Defog-Llama3-SQLCoder-8B,bird,,,
bird_442,Defog-Llama3-SQLCoder-8B,bird,,,
bird_443,Defog-Llama3-SQLCoder-8B,bird,,,
bird_444,Defog-Llama3-SQLCoder-8B,bird,,,
bird_445,Defog-Llama3-SQLCoder-8B,bird,,,
bird_446,Defog-Llama3-SQLCoder-8B,bird,,,
bird_447,Defog-Llama3-SQLCoder-8B,bird,,,
bird_448,Defog-Llama3-SQLCoder-8B,bird,,,
bird_449,Defog-Llama3-SQLCoder-8B,bird,,,
bird_450,Defog-Llama3-SQLCoder-8B,bird,,,
bird_451,Defog-Llama3-SQLCoder-8B,bird,,,
bird_452,Defog-Llama3-SQLCoder-8B,bird,,,
bird_453,Defog-Llama3-SQLCoder-8B,bird,,,
bird_454,Defog-Llama3-SQLCoder-8B,bird,,,
bird_455,Defog-Llama3-SQLCoder-8B,bird,,,
bird_456,Defog-Llama3-SQLCoder-8B,bird,,,
bird_457,Defog-Llama3-SQLCoder-8B,bird,,,
bird_458,Defog-Llama3-SQLCoder-8B,bird,,,
bird_459,Defog-Llama3-SQLCoder-8B,bird,,,
bird_460,Defog-Llama3-SQLCoder-8B,bird,,,
bird_461,Defog-Llama3-SQLCoder-8B,bird,,,
bird_462,Defog-Llama3-SQLCoder-8B,bird,,,
bird_463,Defog-Llama3-SQLCoder-8B,bird,,,
bird_464,Defog-Llama3-SQLCoder-8B,bird,,,
bird_465,Defog-Llama3-SQLCoder-8B,bird,,,
bird_466,Defog-Llama3-SQLCoder-8B,bird,,,
bird_467,Defog-Llama3-SQLCoder-8B,bird,,,
bird_468,Defog-Llama3-SQLCoder-8B,bird,,,
bird_469,Defog-Llama3-SQLCoder-8B,bird,,,
bird_470,Defog-Llama3-SQLCoder-8B,bird,,,
bird_471,Defog-Llama3-SQLCoder-8B,bird,,,
bird_472,Defog-Llama3-SQLCoder-8B,bird,,,
bird_473,Defog-Llama3-SQLCoder-8B,bird,,,
bird_474,Defog-Llama3-SQLCoder-8B,bird,,,
bird_475,Defog-Llama3-SQLCoder-8B,bird,,,
bird_476,Defog-Llama3-SQLCoder-8B,bird,,,
bird_477,Defog-Llama3-SQLCoder-8B,bird,,,
bird_478,Defog-Llama3-SQLCoder-8B,bird,,,
bird_479,Defog-Llama3-SQLCoder-8B,bird,,,
bird_480,Defog-Llama3-SQLCoder-8B,bird,,,
bird_481,Defog-Llama3-SQLCoder-8B,bird,,,
bird_482,Defog-Llama3-SQLCoder-8B,bird,,,
bird_483,Defog-Llama3-SQLCoder-8B,bird,,,
bird_484,Defog-Llama3-SQLCoder-8B,bird,,,
bird_485,Defog-Llama3-SQLCoder-8B,bird,,,
bird_486,Defog-Llama3-SQLCoder-8B,bird,,,
bird_487,Defog-Llama3-SQLCoder-8B,bird,,,
bird_488,Defog-Llama3-SQLCoder-8B,bird,,,
bird_489,Defog-Llama3-SQLCoder-8B,bird,,,
bird_490,Defog-Llama3-SQLCoder-8B,bird,,,
bird_491,Defog-Llama3-SQLCoder-8B,bird,,,
bird_492,Defog-Llama3-SQLCoder-8B,bird,,,
bird_493,Defog-Llama3-SQLCoder-8B,bird,,,
bird_494,Defog-Llama3-SQLCoder-8B,bird,,,
bird_495,Defog-Llama3-SQLCoder-8B,bird,,,
bird_496,Defog-Llama3-SQLCoder-8B,bird,,,
bird_497,Defog-Llama3-SQLCoder-8B,bird,,,
bird_498,Defog-Llama3-SQLCoder-8B,bird,,,
bird_499,Defog-Llama3-SQLCoder-8B,bird,,,
bird_500,Defog-Llama3-SQLCoder-8B,bird,,,
bird_501,Defog-Llama3-SQLCoder-8B,bird,,,
bird_502,Defog-Llama3-SQLCoder-8B,bird,,,
bird_503,Defog-Llama3-SQLCoder-8B,bird,,,
bird_504,Defog-Llama3-SQLCoder-8B,bird,,,
bird_505,Defog-Llama3-SQLCoder-8B,bird,,,
bird_506,Defog-Llama3-SQLCoder-8B,bird,,,
bird_507,Defog-Llama3-SQLCoder-8B,bird,,,
bird_508,Defog-Llama3-SQLCoder-8B,bird,,,
bird_509,Defog-Llama3-SQLCoder-8B,bird,,,
bird_510,Defog-Llama3-SQLCoder-8B,bird,,,
bird_511,Defog-Llama3-SQLCoder-8B,bird,,,
bird_512,Defog-Llama3-SQLCoder-8B,bird,,,
bird_513,Defog-Llama3-SQLCoder-8B,bird,,,
bird_514,Defog-Llama3-SQLCoder-8B,bird,,,
bird_515,Defog-Llama3-SQLCoder-8B,bird,,,
bird_516,Defog-Llama3-SQLCoder-8B,bird,,,
bird_517,Defog-Llama3-SQLCoder-8B,bird,,,
bird_518,Defog-Llama3-SQLCoder-8B,bird,,,
bird_519,Defog-Llama3-SQLCoder-8B,bird,,,
bird_520,Defog-Llama3-SQLCoder-8B,bird,,,
bird_521,Defog-Llama3-SQLCoder-8B,bird,,,
bird_522,Defog-Llama3-SQLCoder-8B,bird,,,
bird_523,Defog-Llama3-SQLCoder-8B,bird,,,
bird_524,Defog-Llama3-SQLCoder-8B,bird,,,
bird_525,Defog-Llama3-SQLCoder-8B,bird,,,
bird_526,Defog-Llama3-SQLCoder-8B,bird,,,
bird_527,Defog-Llama3-SQLCoder-8B,bird,,,
bird_528,Defog-Llama3-SQLCoder-8B,bird,,,
bird_529,Defog-Llama3-SQLCoder-8B,bird,,,
bird_530,Defog-Llama3-SQLCoder-8B,bird,,,
bird_531,Defog-Llama3-SQLCoder-8B,bird,,,
bird_532,Defog-Llama3-SQLCoder-8B,bird,,,
bird_533,Defog-Llama3-SQLCoder-8B,bird,,,
bird_534,Defog-Llama3-SQLCoder-8B,bird,,,
bird_535,Defog-Llama3-SQLCoder-8B,bird,,,
bird_536,Defog-Llama3-SQLCoder-8B,bird,,,
bird_537,Defog-Llama3-SQLCoder-8B,bird,,,
bird_538,Defog-Llama3-SQLCoder-8B,bird,,,
bird_539,Defog-Llama3-SQLCoder-8B,bird,,,
bird_540,Defog-Llama3-SQLCoder-8B,bird,,,
bird_541,Defog-Llama3-SQLCoder-8B,bird,,,
bird_542,Defog-Llama3-SQLCoder-8B,bird,,,
bird_543,Defog-Llama3-SQLCoder-8B,bird,,,
bird_544,Defog-Llama3-SQLCoder-8B,bird,,,
bird_545,Defog-Llama3-SQLCoder-8B,bird,,,
bird_546,Defog-Llama3-SQLCoder-8B,bird,,,
bird_547,Defog-Llama3-SQLCoder-8B,bird,,,
bird_548,Defog-Llama3-SQLCoder-8B,bird,,,
bird_549,Defog-Llama3-SQLCoder-8B,bird,,,
bird_550,Defog-Llama3-SQLCoder-8B,bird,,,
bird_551,Defog-Llama3-SQLCoder-8B,bird,,,
bird_552,Defog-Llama3-SQLCoder-8B,bird,,,
bird_553,Defog-Llama3-SQLCoder-8B,bird,,,
bird_554,Defog-Llama3-SQLCoder-8B,bird,,,
bird_555,Defog-Llama3-SQLCoder-8B,bird,,,
bird_556,Defog-Llama3-SQLCoder-8B,bird,,,
bird_557,Defog-Llama3-SQLCoder-8B,bird,,,
bird_558,Defog-Llama3-SQLCoder-8B,bird,,,
bird_559,Defog-Llama3-SQLCoder-8B,bird,,,
bird_560,Defog-Llama3-SQLCoder-8B,bird,,,
bird_561,Defog-Llama3-SQLCoder-8B,bird,,,
bird_562,Defog-Llama3-SQLCoder-8B,bird,,,
bird_563,Defog-Llama3-SQLCoder-8B,bird,,,
bird_564,Defog-Llama3-SQLCoder-8B,bird,,,
bird_565,Defog-Llama3-SQLCoder-8B,bird,,,
bird_566,Defog-Llama3-SQLCoder-8B,bird,,,
bird_567,Defog-Llama3-SQLCoder-8B,bird,,,
bird_568,Defog-Llama3-SQLCoder-8B,bird,,,
bird_569,Defog-Llama3-SQLCoder-8B,bird,,,
bird_570,Defog-Llama3-SQLCoder-8B,bird,,,
bird_571,Defog-Llama3-SQLCoder-8B,bird,,,
bird_572,Defog-Llama3-SQLCoder-8B,bird,,,
bird_573,Defog-Llama3-SQLCoder-8B,bird,,,
bird_574,Defog-Llama3-SQLCoder-8B,bird,,,
bird_575,Defog-Llama3-SQLCoder-8B,bird,,,
bird_576,Defog-Llama3-SQLCoder-8B,bird,,,
bird_577,Defog-Llama3-SQLCoder-8B,bird,,,
bird_578,Defog-Llama3-SQLCoder-8B,bird,,,
bird_579,Defog-Llama3-SQLCoder-8B,bird,,,
bird_580,Defog-Llama3-SQLCoder-8B,bird,,,
bird_581,Defog-Llama3-SQLCoder-8B,bird,,,
bird_582,Defog-Llama3-SQLCoder-8B,bird,,,
bird_583,Defog-Llama3-SQLCoder-8B,bird,,,
bird_584,Defog-Llama3-SQLCoder-8B,bird,,,
bird_585,Defog-Llama3-SQLCoder-8B,bird,,,
bird_586,Defog-Llama3-SQLCoder-8B,bird,,,
bird_587,Defog-Llama3-SQLCoder-8B,bird,,,
bird_588,Defog-Llama3-SQLCoder-8B,bird,,,
bird_589,Defog-Llama3-SQLCoder-8B,bird,,,
bird_590,Defog-Llama3-SQLCoder-8B,bird,,,
bird_591,Defog-Llama3-SQLCoder-8B,bird,,,
bird_592,Defog-Llama3-SQLCoder-8B,bird,,,
bird_593,Defog-Llama3-SQLCoder-8B,bird,,,
bird_594,Defog-Llama3-SQLCoder-8B,bird,,,
bird_595,Defog-Llama3-SQLCoder-8B,bird,,,
bird_596,Defog-Llama3-SQLCoder-8B,bird,,,
bird_597,Defog-Llama3-SQLCoder-8B,bird,,,
bird_598,Defog-Llama3-SQLCoder-8B,bird,,,
bird_599,Defog-Llama3-SQLCoder-8B,bird,,,
bird_600,Defog-Llama3-SQLCoder-8B,bird,,,
bird_601,Defog-Llama3-SQLCoder-8B,bird,,,
bird_602,Defog-Llama3-SQLCoder-8B,bird,,,
bird_603,Defog-Llama3-SQLCoder-8B,bird,,,
bird_604,Defog-Llama3-SQLCoder-8B,bird,,,
bird_605,Defog-Llama3-SQLCoder-8B,bird,,,
bird_606,Defog-Llama3-SQLCoder-8B,bird,,,
bird_607,Defog-Llama3-SQLCoder-8B,bird,,,
bird_608,Defog-Llama3-SQLCoder-8B,bird,,,
bird_609,Defog-Llama3-SQLCoder-8B,bird,,,
bird_610,Defog-Llama3-SQLCoder-8B,bird,,,
bird_611,Defog-Llama3-SQLCoder-8B,bird,,,
bird_612,Defog-Llama3-SQLCoder-8B,bird,,,
bird_613,Defog-Llama3-SQLCoder-8B,bird,,,
bird_614,Defog-Llama3-SQLCoder-8B,bird,,,
bird_615,Defog-Llama3-SQLCoder-8B,bird,,,
bird_616,Defog-Llama3-SQLCoder-8B,bird,,,
bird_617,Defog-Llama3-SQLCoder-8B,bird,,,
bird_618,Defog-Llama3-SQLCoder-8B,bird,,,
bird_619,Defog-Llama3-SQLCoder-8B,bird,,,
bird_620,Defog-Llama3-SQLCoder-8B,bird,,,
bird_621,Defog-Llama3-SQLCoder-8B,bird,,,
bird_622,Defog-Llama3-SQLCoder-8B,bird,,,
bird_623,Defog-Llama3-SQLCoder-8B,bird,,,
bird_624,Defog-Llama3-SQLCoder-8B,bird,,,
bird_625,Defog-Llama3-SQLCoder-8B,bird,,,
bird_626,Defog-Llama3-SQLCoder-8B,bird,,,
bird_627,Defog-Llama3-SQLCoder-8B,bird,,,
bird_628,Defog-Llama3-SQLCoder-8B,bird,,,
bird_629,Defog-Llama3-SQLCoder-8B,bird,,,
bird_630,Defog-Llama3-SQLCoder-8B,bird,,,
bird_631,Defog-Llama3-SQLCoder-8B,bird,,,
bird_632,Defog-Llama3-SQLCoder-8B,bird,,,
bird_633,Defog-Llama3-SQLCoder-8B,bird,,,
bird_634,Defog-Llama3-SQLCoder-8B,bird,,,
bird_635,Defog-Llama3-SQLCoder-8B,bird,,,
bird_636,Defog-Llama3-SQLCoder-8B,bird,,,
bird_637,Defog-Llama3-SQLCoder-8B,bird,,,
bird_638,Defog-Llama3-SQLCoder-8B,bird,,,
bird_639,Defog-Llama3-SQLCoder-8B,bird,,,
bird_640,Defog-Llama3-SQLCoder-8B,bird,,,
bird_641,Defog-Llama3-SQLCoder-8B,bird,,,
bird_642,Defog-Llama3-SQLCoder-8B,bird,,,
bird_643,Defog-Llama3-SQLCoder-8B,bird,,,
bird_644,Defog-Llama3-SQLCoder-8B,bird,,,
bird_645,Defog-Llama3-SQLCoder-8B,bird,,,
bird_646,Defog-Llama3-SQLCoder-8B,bird,,,
bird_647,Defog-Llama3-SQLCoder-8B,bird,,,
bird_648,Defog-Llama3-SQLCoder-8B,bird,,,
bird_649,Defog-Llama3-SQLCoder-8B,bird,,,
bird_650,Defog-Llama3-SQLCoder-8B,bird,,,
bird_651,Defog-Llama3-SQLCoder-8B,bird,,,
bird_652,Defog-Llama3-SQLCoder-8B,bird,,,
bird_653,Defog-Llama3-SQLCoder-8B,bird,,,
bird_654,Defog-Llama3-SQLCoder-8B,bird,,,
bird_655,Defog-Llama3-SQLCoder-8B,bird,,,
bird_656,Defog-Llama3-SQLCoder-8B,bird,,,
bird_657,Defog-Llama3-SQLCoder-8B,bird,,,
bird_658,Defog-Llama3-SQLCoder-8B,bird,,,
bird_659,Defog-Llama3-SQLCoder-8B,bird,,,
bird_660,Defog-Llama3-SQLCoder-8B,bird,,,
bird_661,Defog-Llama3-SQLCoder-8B,bird,,,
bird_662,Defog-Llama3-SQLCoder-8B,bird,,,
bird_663,Defog-Llama3-SQLCoder-8B,bird,,,
bird_664,Defog-Llama3-SQLCoder-8B,bird,,,
bird_665,Defog-Llama3-SQLCoder-8B,bird,,,
bird_666,Defog-Llama3-SQLCoder-8B,bird,,,
bird_667,Defog-Llama3-SQLCoder-8B,bird,,,
bird_668,Defog-Llama3-SQLCoder-8B,bird,,,
bird_669,Defog-Llama3-SQLCoder-8B,bird,,,
bird_670,Defog-Llama3-SQLCoder-8B,bird,,,
bird_671,Defog-Llama3-SQLCoder-8B,bird,,,
bird_672,Defog-Llama3-SQLCoder-8B,bird,,,
bird_673,Defog-Llama3-SQLCoder-8B,bird,,,
bird_674,Defog-Llama3-SQLCoder-8B,bird,,,
bird_675,Defog-Llama3-SQLCoder-8B,bird,,,
bird_676,Defog-Llama3-SQLCoder-8B,bird,,,
bird_677,Defog-Llama3-SQLCoder-8B,bird,,,
bird_678,Defog-Llama3-SQLCoder-8B,bird,,,
bird_679,Defog-Llama3-SQLCoder-8B,bird,,,
bird_680,Defog-Llama3-SQLCoder-8B,bird,,,
bird_681,Defog-Llama3-SQLCoder-8B,bird,,,
bird_682,Defog-Llama3-SQLCoder-8B,bird,,,
bird_683,Defog-Llama3-SQLCoder-8B,bird,,,
bird_684,Defog-Llama3-SQLCoder-8B,bird,,,
bird_685,Defog-Llama3-SQLCoder-8B,bird,,,
bird_686,Defog-Llama3-SQLCoder-8B,bird,,,
bird_687,Defog-Llama3-SQLCoder-8B,bird,,,
bird_688,Defog-Llama3-SQLCoder-8B,bird,,,
bird_689,Defog-Llama3-SQLCoder-8B,bird,,,
bird_690,Defog-Llama3-SQLCoder-8B,bird,,,
bird_691,Defog-Llama3-SQLCoder-8B,bird,,,
bird_692,Defog-Llama3-SQLCoder-8B,bird,,,
bird_693,Defog-Llama3-SQLCoder-8B,bird,,,
bird_694,Defog-Llama3-SQLCoder-8B,bird,,,
bird_695,Defog-Llama3-SQLCoder-8B,bird,,,
bird_696,Defog-Llama3-SQLCoder-8B,bird,,,
bird_697,Defog-Llama3-SQLCoder-8B,bird,,,
bird_698,Defog-Llama3-SQLCoder-8B,bird,,,
bird_699,Defog-Llama3-SQLCoder-8B,bird,,,
bird_700,Defog-Llama3-SQLCoder-8B,bird,,,
bird_701,Defog-Llama3-SQLCoder-8B,bird,,,
bird_702,Defog-Llama3-SQLCoder-8B,bird,,,
bird_703,Defog-Llama3-SQLCoder-8B,bird,,,
bird_704,Defog-Llama3-SQLCoder-8B,bird,,,
bird_705,Defog-Llama3-SQLCoder-8B,bird,,,
bird_706,Defog-Llama3-SQLCoder-8B,bird,,,
bird_707,Defog-Llama3-SQLCoder-8B,bird,,,
bird_708,Defog-Llama3-SQLCoder-8B,bird,,,
bird_709,Defog-Llama3-SQLCoder-8B,bird,,,
bird_710,Defog-Llama3-SQLCoder-8B,bird,,,
bird_711,Defog-Llama3-SQLCoder-8B,bird,,,
bird_712,Defog-Llama3-SQLCoder-8B,bird,,,
bird_713,Defog-Llama3-SQLCoder-8B,bird,,,
bird_714,Defog-Llama3-SQLCoder-8B,bird,,,
bird_715,Defog-Llama3-SQLCoder-8B,bird,,,
bird_716,Defog-Llama3-SQLCoder-8B,bird,,,
bird_717,Defog-Llama3-SQLCoder-8B,bird,,,
bird_718,Defog-Llama3-SQLCoder-8B,bird,,,
bird_719,Defog-Llama3-SQLCoder-8B,bird,,,
bird_720,Defog-Llama3-SQLCoder-8B,bird,,,
bird_721,Defog-Llama3-SQLCoder-8B,bird,,,
bird_722,Defog-Llama3-SQLCoder-8B,bird,,,
bird_723,Defog-Llama3-SQLCoder-8B,bird,,,
bird_724,Defog-Llama3-SQLCoder-8B,bird,,,
bird_725,Defog-Llama3-SQLCoder-8B,bird,,,
bird_726,Defog-Llama3-SQLCoder-8B,bird,,,
bird_727,Defog-Llama3-SQLCoder-8B,bird,,,
bird_728,Defog-Llama3-SQLCoder-8B,bird,,,
bird_729,Defog-Llama3-SQLCoder-8B,bird,,,
bird_730,Defog-Llama3-SQLCoder-8B,bird,,,
bird_731,Defog-Llama3-SQLCoder-8B,bird,,,
bird_732,Defog-Llama3-SQLCoder-8B,bird,,,
bird_733,Defog-Llama3-SQLCoder-8B,bird,,,
bird_734,Defog-Llama3-SQLCoder-8B,bird,,,
bird_735,Defog-Llama3-SQLCoder-8B,bird,,,
bird_736,Defog-Llama3-SQLCoder-8B,bird,,,
bird_737,Defog-Llama3-SQLCoder-8B,bird,,,
bird_738,Defog-Llama3-SQLCoder-8B,bird,,,
bird_739,Defog-Llama3-SQLCoder-8B,bird,,,
bird_740,Defog-Llama3-SQLCoder-8B,bird,,,
bird_741,Defog-Llama3-SQLCoder-8B,bird,,,
bird_742,Defog-Llama3-SQLCoder-8B,bird,,,
bird_743,Defog-Llama3-SQLCoder-8B,bird,,,
bird_744,Defog-Llama3-SQLCoder-8B,bird,,,
bird_745,Defog-Llama3-SQLCoder-8B,bird,,,
bird_746,Defog-Llama3-SQLCoder-8B,bird,,,
bird_747,Defog-Llama3-SQLCoder-8B,bird,,,
bird_748,Defog-Llama3-SQLCoder-8B,bird,,,
bird_749,Defog-Llama3-SQLCoder-8B,bird,,,
bird_750,Defog-Llama3-SQLCoder-8B,bird,,,
bird_751,Defog-Llama3-SQLCoder-8B,bird,,,
bird_752,Defog-Llama3-SQLCoder-8B,bird,,,
bird_753,Defog-Llama3-SQLCoder-8B,bird,,,
bird_754,Defog-Llama3-SQLCoder-8B,bird,,,
bird_755,Defog-Llama3-SQLCoder-8B,bird,,,
bird_756,Defog-Llama3-SQLCoder-8B,bird,,,
bird_757,Defog-Llama3-SQLCoder-8B,bird,,,
bird_758,Defog-Llama3-SQLCoder-8B,bird,,,
bird_759,Defog-Llama3-SQLCoder-8B,bird,,,
bird_760,Defog-Llama3-SQLCoder-8B,bird,,,
bird_761,Defog-Llama3-SQLCoder-8B,bird,,,
bird_762,Defog-Llama3-SQLCoder-8B,bird,,,
bird_763,Defog-Llama3-SQLCoder-8B,bird,,,
bird_764,Defog-Llama3-SQLCoder-8B,bird,,,
bird_765,Defog-Llama3-SQLCoder-8B,bird,,,
bird_766,Defog-Llama3-SQLCoder-8B,bird,,,
bird_767,Defog-Llama3-SQLCoder-8B,bird,,,
bird_768,Defog-Llama3-SQLCoder-8B,bird,,,
bird_769,Defog-Llama3-SQLCoder-8B,bird,,,
bird_770,Defog-Llama3-SQLCoder-8B,bird,,,
bird_771,Defog-Llama3-SQLCoder-8B,bird,,,
bird_772,Defog-Llama3-SQLCoder-8B,bird,,,
bird_773,Defog-Llama3-SQLCoder-8B,bird,,,
bird_774,Defog-Llama3-SQLCoder-8B,bird,,,
bird_775,Defog-Llama3-SQLCoder-8B,bird,,,
bird_776,Defog-Llama3-SQLCoder-8B,bird,,,
bird_777,Defog-Llama3-SQLCoder-8B,bird,,,
bird_778,Defog-Llama3-SQLCoder-8B,bird,,,
bird_779,Defog-Llama3-SQLCoder-8B,bird,,,
bird_780,Defog-Llama3-SQLCoder-8B,bird,,,
bird_781,Defog-Llama3-SQLCoder-8B,bird,,,
bird_782,Defog-Llama3-SQLCoder-8B,bird,,,
bird_783,Defog-Llama3-SQLCoder-8B,bird,,,
bird_784,Defog-Llama3-SQLCoder-8B,bird,,,
bird_785,Defog-Llama3-SQLCoder-8B,bird,,,
bird_786,Defog-Llama3-SQLCoder-8B,bird,,,
bird_787,Defog-Llama3-SQLCoder-8B,bird,,,
bird_788,Defog-Llama3-SQLCoder-8B,bird,,,
bird_789,Defog-Llama3-SQLCoder-8B,bird,,,
bird_790,Defog-Llama3-SQLCoder-8B,bird,,,
bird_791,Defog-Llama3-SQLCoder-8B,bird,,,
bird_792,Defog-Llama3-SQLCoder-8B,bird,,,
bird_793,Defog-Llama3-SQLCoder-8B,bird,,,
bird_794,Defog-Llama3-SQLCoder-8B,bird,,,
bird_795,Defog-Llama3-SQLCoder-8B,bird,,,
bird_796,Defog-Llama3-SQLCoder-8B,bird,,,
bird_797,Defog-Llama3-SQLCoder-8B,bird,,,
bird_798,Defog-Llama3-SQLCoder-8B,bird,,,
bird_799,Defog-Llama3-SQLCoder-8B,bird,,,
bird_800,Defog-Llama3-SQLCoder-8B,bird,,,
bird_801,Defog-Llama3-SQLCoder-8B,bird,,,
bird_802,Defog-Llama3-SQLCoder-8B,bird,,,
bird_803,Defog-Llama3-SQLCoder-8B,bird,,,
bird_804,Defog-Llama3-SQLCoder-8B,bird,,,
bird_805,Defog-Llama3-SQLCoder-8B,bird,,,
bird_806,Defog-Llama3-SQLCoder-8B,bird,,,
bird_807,Defog-Llama3-SQLCoder-8B,bird,,,
bird_808,Defog-Llama3-SQLCoder-8B,bird,,,
bird_809,Defog-Llama3-SQLCoder-8B,bird,,,
bird_810,Defog-Llama3-SQLCoder-8B,bird,,,
bird_811,Defog-Llama3-SQLCoder-8B,bird,,,
bird_812,Defog-Llama3-SQLCoder-8B,bird,,,
bird_813,Defog-Llama3-SQLCoder-8B,bird,,,
bird_814,Defog-Llama3-SQLCoder-8B,bird,,,
bird_815,Defog-Llama3-SQLCoder-8B,bird,,,
bird_816,Defog-Llama3-SQLCoder-8B,bird,,,
bird_817,Defog-Llama3-SQLCoder-8B,bird,,,
bird_818,Defog-Llama3-SQLCoder-8B,bird,,,
bird_819,Defog-Llama3-SQLCoder-8B,bird,,,
bird_820,Defog-Llama3-SQLCoder-8B,bird,,,
bird_821,Defog-Llama3-SQLCoder-8B,bird,,,
bird_822,Defog-Llama3-SQLCoder-8B,bird,,,
bird_823,Defog-Llama3-SQLCoder-8B,bird,,,
bird_824,Defog-Llama3-SQLCoder-8B,bird,,,
bird_825,Defog-Llama3-SQLCoder-8B,bird,,,
bird_826,Defog-Llama3-SQLCoder-8B,bird,,,
bird_827,Defog-Llama3-SQLCoder-8B,bird,,,
bird_828,Defog-Llama3-SQLCoder-8B,bird,,,
bird_829,Defog-Llama3-SQLCoder-8B,bird,,,
bird_830,Defog-Llama3-SQLCoder-8B,bird,,,
bird_831,Defog-Llama3-SQLCoder-8B,bird,,,
bird_832,Defog-Llama3-SQLCoder-8B,bird,,,
bird_833,Defog-Llama3-SQLCoder-8B,bird,,,
bird_834,Defog-Llama3-SQLCoder-8B,bird,,,
bird_835,Defog-Llama3-SQLCoder-8B,bird,,,
bird_836,Defog-Llama3-SQLCoder-8B,bird,,,
bird_837,Defog-Llama3-SQLCoder-8B,bird,,,
bird_838,Defog-Llama3-SQLCoder-8B,bird,,,
bird_839,Defog-Llama3-SQLCoder-8B,bird,,,
bird_840,Defog-Llama3-SQLCoder-8B,bird,,,
bird_841,Defog-Llama3-SQLCoder-8B,bird,,,
bird_842,Defog-Llama3-SQLCoder-8B,bird,,,
bird_843,Defog-Llama3-SQLCoder-8B,bird,,,
bird_844,Defog-Llama3-SQLCoder-8B,bird,,,
bird_845,Defog-Llama3-SQLCoder-8B,bird,,,
bird_846,Defog-Llama3-SQLCoder-8B,bird,,,
bird_847,Defog-Llama3-SQLCoder-8B,bird,,,
bird_848,Defog-Llama3-SQLCoder-8B,bird,,,
bird_849,Defog-Llama3-SQLCoder-8B,bird,,,
bird_850,Defog-Llama3-SQLCoder-8B,bird,,,
bird_851,Defog-Llama3-SQLCoder-8B,bird,,,
bird_852,Defog-Llama3-SQLCoder-8B,bird,,,
bird_853,Defog-Llama3-SQLCoder-8B,bird,,,
bird_854,Defog-Llama3-SQLCoder-8B,bird,,,
bird_855,Defog-Llama3-SQLCoder-8B,bird,,,
bird_856,Defog-Llama3-SQLCoder-8B,bird,,,
bird_857,Defog-Llama3-SQLCoder-8B,bird,,,
bird_858,Defog-Llama3-SQLCoder-8B,bird,,,
bird_859,Defog-Llama3-SQLCoder-8B,bird,,,
bird_860,Defog-Llama3-SQLCoder-8B,bird,,,
bird_861,Defog-Llama3-SQLCoder-8B,bird,,,
bird_862,Defog-Llama3-SQLCoder-8B,bird,,,
bird_863,Defog-Llama3-SQLCoder-8B,bird,,,
bird_864,Defog-Llama3-SQLCoder-8B,bird,,,
bird_865,Defog-Llama3-SQLCoder-8B,bird,,,
bird_866,Defog-Llama3-SQLCoder-8B,bird,,,
bird_867,Defog-Llama3-SQLCoder-8B,bird,,,
bird_868,Defog-Llama3-SQLCoder-8B,bird,,,
bird_869,Defog-Llama3-SQLCoder-8B,bird,,,
bird_870,Defog-Llama3-SQLCoder-8B,bird,,,
bird_871,Defog-Llama3-SQLCoder-8B,bird,,,
bird_872,Defog-Llama3-SQLCoder-8B,bird,,,
bird_873,Defog-Llama3-SQLCoder-8B,bird,,,
bird_874,Defog-Llama3-SQLCoder-8B,bird,,,
bird_875,Defog-Llama3-SQLCoder-8B,bird,,,
bird_876,Defog-Llama3-SQLCoder-8B,bird,,,
bird_877,Defog-Llama3-SQLCoder-8B,bird,,,
bird_878,Defog-Llama3-SQLCoder-8B,bird,,,
bird_879,Defog-Llama3-SQLCoder-8B,bird,,,
bird_880,Defog-Llama3-SQLCoder-8B,bird,,,
bird_881,Defog-Llama3-SQLCoder-8B,bird,,,
bird_882,Defog-Llama3-SQLCoder-8B,bird,,,
bird_883,Defog-Llama3-SQLCoder-8B,bird,,,
bird_884,Defog-Llama3-SQLCoder-8B,bird,,,
bird_885,Defog-Llama3-SQLCoder-8B,bird,,,
bird_886,Defog-Llama3-SQLCoder-8B,bird,,,
bird_887,Defog-Llama3-SQLCoder-8B,bird,,,
bird_888,Defog-Llama3-SQLCoder-8B,bird,,,
bird_889,Defog-Llama3-SQLCoder-8B,bird,,,
bird_890,Defog-Llama3-SQLCoder-8B,bird,,,
bird_891,Defog-Llama3-SQLCoder-8B,bird,,,
bird_892,Defog-Llama3-SQLCoder-8B,bird,,,
bird_893,Defog-Llama3-SQLCoder-8B,bird,,,
bird_894,Defog-Llama3-SQLCoder-8B,bird,,,
bird_895,Defog-Llama3-SQLCoder-8B,bird,,,
bird_896,Defog-Llama3-SQLCoder-8B,bird,,,
bird_897,Defog-Llama3-SQLCoder-8B,bird,,,
bird_898,Defog-Llama3-SQLCoder-8B,bird,,,
bird_899,Defog-Llama3-SQLCoder-8B,bird,,,
bird_900,Defog-Llama3-SQLCoder-8B,bird,,,
bird_901,Defog-Llama3-SQLCoder-8B,bird,,,
bird_902,Defog-Llama3-SQLCoder-8B,bird,,,
bird_903,Defog-Llama3-SQLCoder-8B,bird,,,
bird_904,Defog-Llama3-SQLCoder-8B,bird,,,
bird_905,Defog-Llama3-SQLCoder-8B,bird,,,
bird_906,Defog-Llama3-SQLCoder-8B,bird,,,
bird_907,Defog-Llama3-SQLCoder-8B,bird,,,
bird_908,Defog-Llama3-SQLCoder-8B,bird,,,
bird_909,Defog-Llama3-SQLCoder-8B,bird,,,
bird_910,Defog-Llama3-SQLCoder-8B,bird,,,
bird_911,Defog-Llama3-SQLCoder-8B,bird,,,
bird_912,Defog-Llama3-SQLCoder-8B,bird,,,
bird_913,Defog-Llama3-SQLCoder-8B,bird,,,
bird_914,Defog-Llama3-SQLCoder-8B,bird,,,
bird_915,Defog-Llama3-SQLCoder-8B,bird,,,
bird_916,Defog-Llama3-SQLCoder-8B,bird,,,
bird_917,Defog-Llama3-SQLCoder-8B,bird,,,
bird_918,Defog-Llama3-SQLCoder-8B,bird,,,
bird_919,Defog-Llama3-SQLCoder-8B,bird,,,
bird_920,Defog-Llama3-SQLCoder-8B,bird,,,
bird_921,Defog-Llama3-SQLCoder-8B,bird,,,
bird_922,Defog-Llama3-SQLCoder-8B,bird,,,
bird_923,Defog-Llama3-SQLCoder-8B,bird,,,
bird_924,Defog-Llama3-SQLCoder-8B,bird,,,
bird_925,Defog-Llama3-SQLCoder-8B,bird,,,
bird_926,Defog-Llama3-SQLCoder-8B,bird,,,
bird_927,Defog-Llama3-SQLCoder-8B,bird,,,
bird_928,Defog-Llama3-SQLCoder-8B,bird,,,
bird_929,Defog-Llama3-SQLCoder-8B,bird,,,
bird_930,Defog-Llama3-SQLCoder-8B,bird,,,
bird_931,Defog-Llama3-SQLCoder-8B,bird,,,
bird_932,Defog-Llama3-SQLCoder-8B,bird,,,
bird_933,Defog-Llama3-SQLCoder-8B,bird,,,
bird_934,Defog-Llama3-SQLCoder-8B,bird,,,
bird_935,Defog-Llama3-SQLCoder-8B,bird,,,
bird_936,Defog-Llama3-SQLCoder-8B,bird,,,
bird_937,Defog-Llama3-SQLCoder-8B,bird,,,
bird_938,Defog-Llama3-SQLCoder-8B,bird,,,
bird_939,Defog-Llama3-SQLCoder-8B,bird,,,
bird_940,Defog-Llama3-SQLCoder-8B,bird,,,
bird_941,Defog-Llama3-SQLCoder-8B,bird,,,
bird_942,Defog-Llama3-SQLCoder-8B,bird,,,
bird_943,Defog-Llama3-SQLCoder-8B,bird,,,
bird_944,Defog-Llama3-SQLCoder-8B,bird,,,
bird_945,Defog-Llama3-SQLCoder-8B,bird,,,
bird_946,Defog-Llama3-SQLCoder-8B,bird,,,
bird_947,Defog-Llama3-SQLCoder-8B,bird,,,
bird_948,Defog-Llama3-SQLCoder-8B,bird,,,
bird_949,Defog-Llama3-SQLCoder-8B,bird,,,
bird_950,Defog-Llama3-SQLCoder-8B,bird,,,
bird_951,Defog-Llama3-SQLCoder-8B,bird,,,
bird_952,Defog-Llama3-SQLCoder-8B,bird,,,
bird_953,Defog-Llama3-SQLCoder-8B,bird,,,
bird_954,Defog-Llama3-SQLCoder-8B,bird,,,
bird_955,Defog-Llama3-SQLCoder-8B,bird,,,
bird_956,Defog-Llama3-SQLCoder-8B,bird,,,
bird_957,Defog-Llama3-SQLCoder-8B,bird,,,
bird_958,Defog-Llama3-SQLCoder-8B,bird,,,
bird_959,Defog-Llama3-SQLCoder-8B,bird,,,
bird_960,Defog-Llama3-SQLCoder-8B,bird,,,
bird_961,Defog-Llama3-SQLCoder-8B,bird,,,
bird_962,Defog-Llama3-SQLCoder-8B,bird,,,
bird_963,Defog-Llama3-SQLCoder-8B,bird,,,
bird_964,Defog-Llama3-SQLCoder-8B,bird,,,
bird_965,Defog-Llama3-SQLCoder-8B,bird,,,
bird_966,Defog-Llama3-SQLCoder-8B,bird,,,
bird_967,Defog-Llama3-SQLCoder-8B,bird,,,
bird_968,Defog-Llama3-SQLCoder-8B,bird,,,
bird_969,Defog-Llama3-SQLCoder-8B,bird,,,
bird_970,Defog-Llama3-SQLCoder-8B,bird,,,
bird_971,Defog-Llama3-SQLCoder-8B,bird,,,
bird_972,Defog-Llama3-SQLCoder-8B,bird,,,
bird_973,Defog-Llama3-SQLCoder-8B,bird,,,
bird_974,Defog-Llama3-SQLCoder-8B,bird,,,
bird_975,Defog-Llama3-SQLCoder-8B,bird,,,
bird_976,Defog-Llama3-SQLCoder-8B,bird,,,
bird_977,Defog-Llama3-SQLCoder-8B,bird,,,
bird_978,Defog-Llama3-SQLCoder-8B,bird,,,
bird_979,Defog-Llama3-SQLCoder-8B,bird,,,
bird_980,Defog-Llama3-SQLCoder-8B,bird,,,
bird_981,Defog-Llama3-SQLCoder-8B,bird,,,
bird_982,Defog-Llama3-SQLCoder-8B,bird,,,
bird_983,Defog-Llama3-SQLCoder-8B,bird,,,
bird_984,Defog-Llama3-SQLCoder-8B,bird,,,
bird_985,Defog-Llama3-SQLCoder-8B,bird,,,
bird_986,Defog-Llama3-SQLCoder-8B,bird,,,
bird_987,Defog-Llama3-SQLCoder-8B,bird,,,
bird_988,Defog-Llama3-SQLCoder-8B,bird,,,
bird_989,Defog-Llama3-SQLCoder-8B,bird,,,
bird_990,Defog-Llama3-SQLCoder-8B,bird,,,
bird_991,Defog-Llama3-SQLCoder-8B,bird,,,
bird_992,Defog-Llama3-SQLCoder-8B,bird,,,
bird_993,Defog-Llama3-SQLCoder-8B,bird,,,
bird_994,Defog-Llama3-SQLCoder-8B,bird,,,
bird_995,Defog-Llama3-SQLCoder-8B,bird,,,
bird_996,Defog-Llama3-SQLCoder-8B,bird,,,
bird_997,Defog-Llama3-SQLCoder-8B,bird,,,
bird_998,Defog-Llama3-SQLCoder-8B,bird,,,
bird_999,Defog-Llama3-SQLCoder-8B,bird,,,
bird_1000,Defog-Llama3-SQLCoder-8B,bird,,,
bird_1001,Defog-Llama3-SQLCoder-8B,bird,,,
bird_1002,Defog-Llama3-SQLCoder-8B,bird,,,
bird_1003,Defog-Llama3-SQLCoder-8B,bird,,,
bird_1004,Defog-Llama3-SQLCoder-8B,bird,,,
bird_1005,Defog-Llama3-SQLCoder-8B,bird,,,
bird_1006,Defog-Llama3-SQLCoder-8B,bird,,,
bird_1007,Defog-Llama3-SQLCoder-8B,bird,,,
bird_1008,Defog-Llama3-SQLCoder-8B,bird,,,
bird_1009,Defog-Llama3-SQLCoder-8B,bird,,,
bird_1010,Defog-Llama3-SQLCoder-8B,bird,,,
bird_1011,Defog-Llama3-SQLCoder-8B,bird,,,
bird_1012,Defog-Llama3-SQLCoder-8B,bird,,,
bird_1013,Defog-Llama3-SQLCoder-8B,bird,,,
bird_1014,Defog-Llama3-SQLCoder-8B,bird,,,
bird_1015,Defog-Llama3-SQLCoder-8B,bird,,,
bird_1016,Defog-Llama3-SQLCoder-8B,bird,,,
bird_1017,Defog-Llama3-SQLCoder-8B,bird,,,
bird_1018,Defog-Llama3-SQLCoder-8B,bird,,,
bird_1019,Defog-Llama3-SQLCoder-8B,bird,,,
bird_1020,Defog-Llama3-SQLCoder-8B,bird,,,
bird_1021,Defog-Llama3-SQLCoder-8B,bird,,,
bird_1022,Defog-Llama3-SQLCoder-8B,bird,,,
bird_1023,Defog-Llama3-SQLCoder-8B,bird,,,
bird_1024,Defog-Llama3-SQLCoder-8B,bird,,,
bird_1025,Defog-Llama3-SQLCoder-8B,bird,,,
bird_1026,Defog-Llama3-SQLCoder-8B,bird,,,
bird_1027,Defog-Llama3-SQLCoder-8B,bird,,,
bird_1028,Defog-Llama3-SQLCoder-8B,bird,,,
bird_1029,Defog-Llama3-SQLCoder-8B,bird,,,
bird_1030,Defog-Llama3-SQLCoder-8B,bird,,,
bird_1031,Defog-Llama3-SQLCoder-8B,bird,,,
bird_1032,Defog-Llama3-SQLCoder-8B,bird,,,
bird_1033,Defog-Llama3-SQLCoder-8B,bird,,,
bird_1034,Defog-Llama3-SQLCoder-8B,bird,,,
bird_1035,Defog-Llama3-SQLCoder-8B,bird,,,
bird_1036,Defog-Llama3-SQLCoder-8B,bird,,,
bird_1037,Defog-Llama3-SQLCoder-8B,bird,,,
bird_1038,Defog-Llama3-SQLCoder-8B,bird,,,
bird_1039,Defog-Llama3-SQLCoder-8B,bird,,,
bird_1040,Defog-Llama3-SQLCoder-8B,bird,,,
bird_1041,Defog-Llama3-SQLCoder-8B,bird,,,
bird_1042,Defog-Llama3-SQLCoder-8B,bird,,,
bird_1043,Defog-Llama3-SQLCoder-8B,bird,,,
bird_1044,Defog-Llama3-SQLCoder-8B,bird,,,
bird_1045,Defog-Llama3-SQLCoder-8B,bird,,,
bird_1046,Defog-Llama3-SQLCoder-8B,bird,,,
bird_1047,Defog-Llama3-SQLCoder-8B,bird,,,
bird_1048,Defog-Llama3-SQLCoder-8B,bird,,,
bird_1049,Defog-Llama3-SQLCoder-8B,bird,,,
bird_1050,Defog-Llama3-SQLCoder-8B,bird,,,
bird_1051,Defog-Llama3-SQLCoder-8B,bird,,,
bird_1052,Defog-Llama3-SQLCoder-8B,bird,,,
bird_1053,Defog-Llama3-SQLCoder-8B,bird,,,
bird_1054,Defog-Llama3-SQLCoder-8B,bird,,,
bird_1055,Defog-Llama3-SQLCoder-8B,bird,,,
bird_1056,Defog-Llama3-SQLCoder-8B,bird,,,
bird_1057,Defog-Llama3-SQLCoder-8B,bird,,,
bird_1058,Defog-Llama3-SQLCoder-8B,bird,,,
bird_1059,Defog-Llama3-SQLCoder-8B,bird,,,
bird_1060,Defog-Llama3-SQLCoder-8B,bird,,,
bird_1061,Defog-Llama3-SQLCoder-8B,bird,,,
bird_1062,Defog-Llama3-SQLCoder-8B,bird,,,
bird_1063,Defog-Llama3-SQLCoder-8B,bird,,,
bird_1064,Defog-Llama3-SQLCoder-8B,bird,,,
bird_1065,Defog-Llama3-SQLCoder-8B,bird,,,
bird_1066,Defog-Llama3-SQLCoder-8B,bird,,,
bird_1067,Defog-Llama3-SQLCoder-8B,bird,,,
bird_1068,Defog-Llama3-SQLCoder-8B,bird,,,
bird_1069,Defog-Llama3-SQLCoder-8B,bird,,,
bird_1070,Defog-Llama3-SQLCoder-8B,bird,,,
bird_1071,Defog-Llama3-SQLCoder-8B,bird,,,
bird_1072,Defog-Llama3-SQLCoder-8B,bird,,,
bird_1073,Defog-Llama3-SQLCoder-8B,bird,,,
bird_1074,Defog-Llama3-SQLCoder-8B,bird,,,
bird_1075,Defog-Llama3-SQLCoder-8B,bird,,,
bird_1076,Defog-Llama3-SQLCoder-8B,bird,,,
bird_1077,Defog-Llama3-SQLCoder-8B,bird,,,
bird_1078,Defog-Llama3-SQLCoder-8B,bird,,,
bird_1079,Defog-Llama3-SQLCoder-8B,bird,,,
bird_1080,Defog-Llama3-SQLCoder-8B,bird,,,
bird_1081,Defog-Llama3-SQLCoder-8B,bird,,,
bird_1082,Defog-Llama3-SQLCoder-8B,bird,,,
bird_1083,Defog-Llama3-SQLCoder-8B,bird,,,
bird_1084,Defog-Llama3-SQLCoder-8B,bird,,,
bird_1085,Defog-Llama3-SQLCoder-8B,bird,,,
bird_1086,Defog-Llama3-SQLCoder-8B,bird,,,
bird_1087,Defog-Llama3-SQLCoder-8B,bird,,,
bird_1088,Defog-Llama3-SQLCoder-8B,bird,,,
bird_1089,Defog-Llama3-SQLCoder-8B,bird,,,
bird_1090,Defog-Llama3-SQLCoder-8B,bird,,,
bird_1091,Defog-Llama3-SQLCoder-8B,bird,,,
bird_1092,Defog-Llama3-SQLCoder-8B,bird,,,
bird_1093,Defog-Llama3-SQLCoder-8B,bird,,,
bird_1094,Defog-Llama3-SQLCoder-8B,bird,,,
bird_1095,Defog-Llama3-SQLCoder-8B,bird,,,
bird_1096,Defog-Llama3-SQLCoder-8B,bird,,,
bird_1097,Defog-Llama3-SQLCoder-8B,bird,,,
bird_1098,Defog-Llama3-SQLCoder-8B,bird,,,
bird_1099,Defog-Llama3-SQLCoder-8B,bird,,,
bird_1100,Defog-Llama3-SQLCoder-8B,bird,,,
bird_1101,Defog-Llama3-SQLCoder-8B,bird,,,
bird_1102,Defog-Llama3-SQLCoder-8B,bird,,,
bird_1103,Defog-Llama3-SQLCoder-8B,bird,,,
bird_1104,Defog-Llama3-SQLCoder-8B,bird,,,
bird_1105,Defog-Llama3-SQLCoder-8B,bird,,,
bird_1106,Defog-Llama3-SQLCoder-8B,bird,,,
bird_1107,Defog-Llama3-SQLCoder-8B,bird,,,
bird_1108,Defog-Llama3-SQLCoder-8B,bird,,,
bird_1109,Defog-Llama3-SQLCoder-8B,bird,,,
bird_1110,Defog-Llama3-SQLCoder-8B,bird,,,
bird_1111,Defog-Llama3-SQLCoder-8B,bird,,,
bird_1112,Defog-Llama3-SQLCoder-8B,bird,,,
bird_1113,Defog-Llama3-SQLCoder-8B,bird,,,
bird_1114,Defog-Llama3-SQLCoder-8B,bird,,,
bird_1115,Defog-Llama3-SQLCoder-8B,bird,,,
bird_1116,Defog-Llama3-SQLCoder-8B,bird,,,
bird_1117,Defog-Llama3-SQLCoder-8B,bird,,,
bird_1118,Defog-Llama3-SQLCoder-8B,bird,,,
bird_1119,Defog-Llama3-SQLCoder-8B,bird,,,
bird_1120,Defog-Llama3-SQLCoder-8B,bird,,,
bird_1121,Defog-Llama3-SQLCoder-8B,bird,,,
bird_1122,Defog-Llama3-SQLCoder-8B,bird,,,
bird_1123,Defog-Llama3-SQLCoder-8B,bird,,,
bird_1124,Defog-Llama3-SQLCoder-8B,bird,,,
bird_1125,Defog-Llama3-SQLCoder-8B,bird,,,
bird_1126,Defog-Llama3-SQLCoder-8B,bird,,,
bird_1127,Defog-Llama3-SQLCoder-8B,bird,,,
bird_1128,Defog-Llama3-SQLCoder-8B,bird,,,
bird_1129,Defog-Llama3-SQLCoder-8B,bird,,,
bird_1130,Defog-Llama3-SQLCoder-8B,bird,,,
bird_1131,Defog-Llama3-SQLCoder-8B,bird,,,
bird_1132,Defog-Llama3-SQLCoder-8B,bird,,,
bird_1133,Defog-Llama3-SQLCoder-8B,bird,,,
bird_1134,Defog-Llama3-SQLCoder-8B,bird,,,
bird_1135,Defog-Llama3-SQLCoder-8B,bird,,,
bird_1136,Defog-Llama3-SQLCoder-8B,bird,,,
bird_1137,Defog-Llama3-SQLCoder-8B,bird,,,
bird_1138,Defog-Llama3-SQLCoder-8B,bird,,,
bird_1139,Defog-Llama3-SQLCoder-8B,bird,,,
bird_1140,Defog-Llama3-SQLCoder-8B,bird,,,
bird_1141,Defog-Llama3-SQLCoder-8B,bird,,,
bird_1142,Defog-Llama3-SQLCoder-8B,bird,,,
bird_1143,Defog-Llama3-SQLCoder-8B,bird,,,
bird_1144,Defog-Llama3-SQLCoder-8B,bird,,,
bird_1145,Defog-Llama3-SQLCoder-8B,bird,,,
bird_1146,Defog-Llama3-SQLCoder-8B,bird,,,
bird_1147,Defog-Llama3-SQLCoder-8B,bird,,,
bird_1148,Defog-Llama3-SQLCoder-8B,bird,,,
bird_1149,Defog-Llama3-SQLCoder-8B,bird,,,
bird_1150,Defog-Llama3-SQLCoder-8B,bird,,,
bird_1151,Defog-Llama3-SQLCoder-8B,bird,,,
bird_1152,Defog-Llama3-SQLCoder-8B,bird,,,
bird_1153,Defog-Llama3-SQLCoder-8B,bird,,,
bird_1154,Defog-Llama3-SQLCoder-8B,bird,,,
bird_1155,Defog-Llama3-SQLCoder-8B,bird,,,
bird_1156,Defog-Llama3-SQLCoder-8B,bird,,,
bird_1157,Defog-Llama3-SQLCoder-8B,bird,,,
bird_1158,Defog-Llama3-SQLCoder-8B,bird,,,
bird_1159,Defog-Llama3-SQLCoder-8B,bird,,,
bird_1160,Defog-Llama3-SQLCoder-8B,bird,,,
bird_1161,Defog-Llama3-SQLCoder-8B,bird,,,
bird_1162,Defog-Llama3-SQLCoder-8B,bird,,,
bird_1163,Defog-Llama3-SQLCoder-8B,bird,,,
bird_1164,Defog-Llama3-SQLCoder-8B,bird,,,
bird_1165,Defog-Llama3-SQLCoder-8B,bird,,,
bird_1166,Defog-Llama3-SQLCoder-8B,bird,,,
bird_1167,Defog-Llama3-SQLCoder-8B,bird,,,
bird_1168,Defog-Llama3-SQLCoder-8B,bird,,,
bird_1169,Defog-Llama3-SQLCoder-8B,bird,,,
bird_1170,Defog-Llama3-SQLCoder-8B,bird,,,
bird_1171,Defog-Llama3-SQLCoder-8B,bird,,,
bird_1172,Defog-Llama3-SQLCoder-8B,bird,,,
bird_1173,Defog-Llama3-SQLCoder-8B,bird,,,
bird_1174,Defog-Llama3-SQLCoder-8B,bird,,,
bird_1175,Defog-Llama3-SQLCoder-8B,bird,,,
bird_1176,Defog-Llama3-SQLCoder-8B,bird,,,
bird_1177,Defog-Llama3-SQLCoder-8B,bird,,,
bird_1178,Defog-Llama3-SQLCoder-8B,bird,,,
bird_1179,Defog-Llama3-SQLCoder-8B,bird,,,
bird_1180,Defog-Llama3-SQLCoder-8B,bird,,,
bird_1181,Defog-Llama3-SQLCoder-8B,bird,,,
bird_1182,Defog-Llama3-SQLCoder-8B,bird,,,
bird_1183,Defog-Llama3-SQLCoder-8B,bird,,,
bird_1184,Defog-Llama3-SQLCoder-8B,bird,,,
bird_1185,Defog-Llama3-SQLCoder-8B,bird,,,
bird_1186,Defog-Llama3-SQLCoder-8B,bird,,,
bird_1187,Defog-Llama3-SQLCoder-8B,bird,,,
bird_1188,Defog-Llama3-SQLCoder-8B,bird,,,
bird_1189,Defog-Llama3-SQLCoder-8B,bird,,,
bird_1190,Defog-Llama3-SQLCoder-8B,bird,,,
bird_1191,Defog-Llama3-SQLCoder-8B,bird,,,
bird_1192,Defog-Llama3-SQLCoder-8B,bird,,,
bird_1193,Defog-Llama3-SQLCoder-8B,bird,,,
bird_1194,Defog-Llama3-SQLCoder-8B,bird,,,
bird_1195,Defog-Llama3-SQLCoder-8B,bird,,,
bird_1196,Defog-Llama3-SQLCoder-8B,bird,,,
bird_1197,Defog-Llama3-SQLCoder-8B,bird,,,
bird_1198,Defog-Llama3-SQLCoder-8B,bird,,,
bird_1199,Defog-Llama3-SQLCoder-8B,bird,,,
bird_1200,Defog-Llama3-SQLCoder-8B,bird,,,
bird_1201,Defog-Llama3-SQLCoder-8B,bird,,,
bird_1202,Defog-Llama3-SQLCoder-8B,bird,,,
bird_1203,Defog-Llama3-SQLCoder-8B,bird,,,
bird_1204,Defog-Llama3-SQLCoder-8B,bird,,,
bird_1205,Defog-Llama3-SQLCoder-8B,bird,,,
bird_1206,Defog-Llama3-SQLCoder-8B,bird,,,
bird_1207,Defog-Llama3-SQLCoder-8B,bird,,,
bird_1208,Defog-Llama3-SQLCoder-8B,bird,,,
bird_1209,Defog-Llama3-SQLCoder-8B,bird,,,
bird_1210,Defog-Llama3-SQLCoder-8B,bird,,,
bird_1211,Defog-Llama3-SQLCoder-8B,bird,,,
bird_1212,Defog-Llama3-SQLCoder-8B,bird,,,
bird_1213,Defog-Llama3-SQLCoder-8B,bird,,,
bird_1214,Defog-Llama3-SQLCoder-8B,bird,,,
bird_1215,Defog-Llama3-SQLCoder-8B,bird,,,
bird_1216,Defog-Llama3-SQLCoder-8B,bird,,,
bird_1217,Defog-Llama3-SQLCoder-8B,bird,,,
bird_1218,Defog-Llama3-SQLCoder-8B,bird,,,
bird_1219,Defog-Llama3-SQLCoder-8B,bird,,,
bird_1220,Defog-Llama3-SQLCoder-8B,bird,,,
bird_1221,Defog-Llama3-SQLCoder-8B,bird,,,
bird_1222,Defog-Llama3-SQLCoder-8B,bird,,,
bird_1223,Defog-Llama3-SQLCoder-8B,bird,,,
bird_1224,Defog-Llama3-SQLCoder-8B,bird,,,
bird_1225,Defog-Llama3-SQLCoder-8B,bird,,,
bird_1226,Defog-Llama3-SQLCoder-8B,bird,,,
bird_1227,Defog-Llama3-SQLCoder-8B,bird,,,
bird_1228,Defog-Llama3-SQLCoder-8B,bird,,,
bird_1229,Defog-Llama3-SQLCoder-8B,bird,,,
bird_1230,Defog-Llama3-SQLCoder-8B,bird,,,
bird_1231,Defog-Llama3-SQLCoder-8B,bird,,,
bird_1232,Defog-Llama3-SQLCoder-8B,bird,,,
bird_1233,Defog-Llama3-SQLCoder-8B,bird,,,
bird_1234,Defog-Llama3-SQLCoder-8B,bird,,,
bird_1235,Defog-Llama3-SQLCoder-8B,bird,,,
bird_1236,Defog-Llama3-SQLCoder-8B,bird,,,
bird_1237,Defog-Llama3-SQLCoder-8B,bird,,,
bird_1238,Defog-Llama3-SQLCoder-8B,bird,,,
bird_1239,Defog-Llama3-SQLCoder-8B,bird,,,
bird_1240,Defog-Llama3-SQLCoder-8B,bird,,,
bird_1241,Defog-Llama3-SQLCoder-8B,bird,,,
bird_1242,Defog-Llama3-SQLCoder-8B,bird,,,
bird_1243,Defog-Llama3-SQLCoder-8B,bird,,,
bird_1244,Defog-Llama3-SQLCoder-8B,bird,,,
bird_1245,Defog-Llama3-SQLCoder-8B,bird,,,
bird_1246,Defog-Llama3-SQLCoder-8B,bird,,,
bird_1247,Defog-Llama3-SQLCoder-8B,bird,,,
bird_1248,Defog-Llama3-SQLCoder-8B,bird,,,
bird_1249,Defog-Llama3-SQLCoder-8B,bird,,,
bird_1250,Defog-Llama3-SQLCoder-8B,bird,,,
bird_1251,Defog-Llama3-SQLCoder-8B,bird,,,
bird_1252,Defog-Llama3-SQLCoder-8B,bird,,,
bird_1253,Defog-Llama3-SQLCoder-8B,bird,,,
bird_1254,Defog-Llama3-SQLCoder-8B,bird,,,
bird_1255,Defog-Llama3-SQLCoder-8B,bird,,,
bird_1256,Defog-Llama3-SQLCoder-8B,bird,,,
bird_1257,Defog-Llama3-SQLCoder-8B,bird,,,
bird_1258,Defog-Llama3-SQLCoder-8B,bird,,,
bird_1259,Defog-Llama3-SQLCoder-8B,bird,,,
bird_1260,Defog-Llama3-SQLCoder-8B,bird,,,
bird_1261,Defog-Llama3-SQLCoder-8B,bird,,,
bird_1262,Defog-Llama3-SQLCoder-8B,bird,,,
bird_1263,Defog-Llama3-SQLCoder-8B,bird,,,
bird_1264,Defog-Llama3-SQLCoder-8B,bird,,,
bird_1265,Defog-Llama3-SQLCoder-8B,bird,,,
bird_1266,Defog-Llama3-SQLCoder-8B,bird,,,
bird_1267,Defog-Llama3-SQLCoder-8B,bird,,,
bird_1268,Defog-Llama3-SQLCoder-8B,bird,,,
bird_1269,Defog-Llama3-SQLCoder-8B,bird,,,
bird_1270,Defog-Llama3-SQLCoder-8B,bird,,,
bird_1271,Defog-Llama3-SQLCoder-8B,bird,,,
bird_1272,Defog-Llama3-SQLCoder-8B,bird,,,
bird_1273,Defog-Llama3-SQLCoder-8B,bird,,,
bird_1274,Defog-Llama3-SQLCoder-8B,bird,,,
bird_1275,Defog-Llama3-SQLCoder-8B,bird,,,
bird_1276,Defog-Llama3-SQLCoder-8B,bird,,,
bird_1277,Defog-Llama3-SQLCoder-8B,bird,,,
bird_1278,Defog-Llama3-SQLCoder-8B,bird,,,
bird_1279,Defog-Llama3-SQLCoder-8B,bird,,,
bird_1280,Defog-Llama3-SQLCoder-8B,bird,,,
bird_1281,Defog-Llama3-SQLCoder-8B,bird,,,
bird_1282,Defog-Llama3-SQLCoder-8B,bird,,,
bird_1283,Defog-Llama3-SQLCoder-8B,bird,,,
bird_1284,Defog-Llama3-SQLCoder-8B,bird,,,
bird_1285,Defog-Llama3-SQLCoder-8B,bird,,,
bird_1286,Defog-Llama3-SQLCoder-8B,bird,,,
bird_1287,Defog-Llama3-SQLCoder-8B,bird,,,
bird_1288,Defog-Llama3-SQLCoder-8B,bird,,,
bird_1289,Defog-Llama3-SQLCoder-8B,bird,,,
bird_1290,Defog-Llama3-SQLCoder-8B,bird,,,
bird_1291,Defog-Llama3-SQLCoder-8B,bird,,,
bird_1292,Defog-Llama3-SQLCoder-8B,bird,,,
bird_1293,Defog-Llama3-SQLCoder-8B,bird,,,
bird_1294,Defog-Llama3-SQLCoder-8B,bird,,,
bird_1295,Defog-Llama3-SQLCoder-8B,bird,,,
bird_1296,Defog-Llama3-SQLCoder-8B,bird,,,
bird_1297,Defog-Llama3-SQLCoder-8B,bird,,,
bird_1298,Defog-Llama3-SQLCoder-8B,bird,,,
bird_1299,Defog-Llama3-SQLCoder-8B,bird,,,
bird_1300,Defog-Llama3-SQLCoder-8B,bird,,,
bird_1301,Defog-Llama3-SQLCoder-8B,bird,,,
bird_1302,Defog-Llama3-SQLCoder-8B,bird,,,
bird_1303,Defog-Llama3-SQLCoder-8B,bird,,,
bird_1304,Defog-Llama3-SQLCoder-8B,bird,,,
bird_1305,Defog-Llama3-SQLCoder-8B,bird,,,
bird_1306,Defog-Llama3-SQLCoder-8B,bird,,,
bird_1307,Defog-Llama3-SQLCoder-8B,bird,,,
bird_1308,Defog-Llama3-SQLCoder-8B,bird,,,
bird_1309,Defog-Llama3-SQLCoder-8B,bird,,,
bird_1310,Defog-Llama3-SQLCoder-8B,bird,,,
bird_1311,Defog-Llama3-SQLCoder-8B,bird,,,
bird_1312,Defog-Llama3-SQLCoder-8B,bird,,,
bird_1313,Defog-Llama3-SQLCoder-8B,bird,,,
bird_1314,Defog-Llama3-SQLCoder-8B,bird,,,
bird_1315,Defog-Llama3-SQLCoder-8B,bird,,,
bird_1316,Defog-Llama3-SQLCoder-8B,bird,,,
bird_1317,Defog-Llama3-SQLCoder-8B,bird,,,
bird_1318,Defog-Llama3-SQLCoder-8B,bird,,,
bird_1319,Defog-Llama3-SQLCoder-8B,bird,,,
bird_1320,Defog-Llama3-SQLCoder-8B,bird,,,
bird_1321,Defog-Llama3-SQLCoder-8B,bird,,,
bird_1322,Defog-Llama3-SQLCoder-8B,bird,,,
bird_1323,Defog-Llama3-SQLCoder-8B,bird,,,
bird_1324,Defog-Llama3-SQLCoder-8B,bird,,,
bird_1325,Defog-Llama3-SQLCoder-8B,bird,,,
bird_1326,Defog-Llama3-SQLCoder-8B,bird,,,
bird_1327,Defog-Llama3-SQLCoder-8B,bird,,,
bird_1328,Defog-Llama3-SQLCoder-8B,bird,,,
bird_1329,Defog-Llama3-SQLCoder-8B,bird,,,
bird_1330,Defog-Llama3-SQLCoder-8B,bird,,,
bird_1331,Defog-Llama3-SQLCoder-8B,bird,,,
bird_1332,Defog-Llama3-SQLCoder-8B,bird,,,
bird_1333,Defog-Llama3-SQLCoder-8B,bird,,,
bird_1334,Defog-Llama3-SQLCoder-8B,bird,,,
bird_1335,Defog-Llama3-SQLCoder-8B,bird,,,
bird_1336,Defog-Llama3-SQLCoder-8B,bird,,,
bird_1337,Defog-Llama3-SQLCoder-8B,bird,,,
bird_1338,Defog-Llama3-SQLCoder-8B,bird,,,
bird_1339,Defog-Llama3-SQLCoder-8B,bird,,,
bird_1340,Defog-Llama3-SQLCoder-8B,bird,,,
bird_1341,Defog-Llama3-SQLCoder-8B,bird,,,
bird_1342,Defog-Llama3-SQLCoder-8B,bird,,,
bird_1343,Defog-Llama3-SQLCoder-8B,bird,,,
bird_1344,Defog-Llama3-SQLCoder-8B,bird,,,
bird_1345,Defog-Llama3-SQLCoder-8B,bird,,,
bird_1346,Defog-Llama3-SQLCoder-8B,bird,,,
bird_1347,Defog-Llama3-SQLCoder-8B,bird,,,
bird_1348,Defog-Llama3-SQLCoder-8B,bird,,,
bird_1349,Defog-Llama3-SQLCoder-8B,bird,,,
bird_1350,Defog-Llama3-SQLCoder-8B,bird,,,
bird_1351,Defog-Llama3-SQLCoder-8B,bird,,,
bird_1352,Defog-Llama3-SQLCoder-8B,bird,,,
bird_1353,Defog-Llama3-SQLCoder-8B,bird,,,
bird_1354,Defog-Llama3-SQLCoder-8B,bird,,,
bird_1355,Defog-Llama3-SQLCoder-8B,bird,,,
bird_1356,Defog-Llama3-SQLCoder-8B,bird,,,
bird_1357,Defog-Llama3-SQLCoder-8B,bird,,,
bird_1358,Defog-Llama3-SQLCoder-8B,bird,,,
bird_1359,Defog-Llama3-SQLCoder-8B,bird,,,
bird_1360,Defog-Llama3-SQLCoder-8B,bird,,,
bird_1361,Defog-Llama3-SQLCoder-8B,bird,,,
bird_1362,Defog-Llama3-SQLCoder-8B,bird,,,
bird_1363,Defog-Llama3-SQLCoder-8B,bird,,,
bird_1364,Defog-Llama3-SQLCoder-8B,bird,,,
bird_1365,Defog-Llama3-SQLCoder-8B,bird,,,
bird_1366,Defog-Llama3-SQLCoder-8B,bird,,,
bird_1367,Defog-Llama3-SQLCoder-8B,bird,,,
bird_1368,Defog-Llama3-SQLCoder-8B,bird,,,
bird_1369,Defog-Llama3-SQLCoder-8B,bird,,,
bird_1370,Defog-Llama3-SQLCoder-8B,bird,,,
bird_1371,Defog-Llama3-SQLCoder-8B,bird,,,
bird_1372,Defog-Llama3-SQLCoder-8B,bird,,,
bird_1373,Defog-Llama3-SQLCoder-8B,bird,,,
bird_1374,Defog-Llama3-SQLCoder-8B,bird,,,
bird_1375,Defog-Llama3-SQLCoder-8B,bird,,,
bird_1376,Defog-Llama3-SQLCoder-8B,bird,,,
bird_1377,Defog-Llama3-SQLCoder-8B,bird,,,
bird_1378,Defog-Llama3-SQLCoder-8B,bird,,,
bird_1379,Defog-Llama3-SQLCoder-8B,bird,,,
bird_1380,Defog-Llama3-SQLCoder-8B,bird,,,
bird_1381,Defog-Llama3-SQLCoder-8B,bird,,,
bird_1382,Defog-Llama3-SQLCoder-8B,bird,,,
bird_1383,Defog-Llama3-SQLCoder-8B,bird,,,
bird_1384,Defog-Llama3-SQLCoder-8B,bird,,,
bird_1385,Defog-Llama3-SQLCoder-8B,bird,,,
bird_1386,Defog-Llama3-SQLCoder-8B,bird,,,
bird_1387,Defog-Llama3-SQLCoder-8B,bird,,,
bird_1388,Defog-Llama3-SQLCoder-8B,bird,,,
bird_1389,Defog-Llama3-SQLCoder-8B,bird,,,
bird_1390,Defog-Llama3-SQLCoder-8B,bird,,,
bird_1391,Defog-Llama3-SQLCoder-8B,bird,,,
bird_1392,Defog-Llama3-SQLCoder-8B,bird,,,
bird_1393,Defog-Llama3-SQLCoder-8B,bird,,,
bird_1394,Defog-Llama3-SQLCoder-8B,bird,,,
bird_1395,Defog-Llama3-SQLCoder-8B,bird,,,
bird_1396,Defog-Llama3-SQLCoder-8B,bird,,,
bird_1397,Defog-Llama3-SQLCoder-8B,bird,,,
bird_1398,Defog-Llama3-SQLCoder-8B,bird,,,
bird_1399,Defog-Llama3-SQLCoder-8B,bird,,,
bird_1400,Defog-Llama3-SQLCoder-8B,bird,,,
bird_1401,Defog-Llama3-SQLCoder-8B,bird,,,
bird_1402,Defog-Llama3-SQLCoder-8B,bird,,,
bird_1403,Defog-Llama3-SQLCoder-8B,bird,,,
bird_1404,Defog-Llama3-SQLCoder-8B,bird,,,
bird_1405,Defog-Llama3-SQLCoder-8B,bird,,,
bird_1406,Defog-Llama3-SQLCoder-8B,bird,,,
bird_1407,Defog-Llama3-SQLCoder-8B,bird,,,
bird_1408,Defog-Llama3-SQLCoder-8B,bird,,,
bird_1409,Defog-Llama3-SQLCoder-8B,bird,,,
bird_1410,Defog-Llama3-SQLCoder-8B,bird,,,
bird_1411,Defog-Llama3-SQLCoder-8B,bird,,,
bird_1412,Defog-Llama3-SQLCoder-8B,bird,,,
bird_1413,Defog-Llama3-SQLCoder-8B,bird,,,
bird_1414,Defog-Llama3-SQLCoder-8B,bird,,,
bird_1415,Defog-Llama3-SQLCoder-8B,bird,,,
bird_1416,Defog-Llama3-SQLCoder-8B,bird,,,
bird_1417,Defog-Llama3-SQLCoder-8B,bird,,,
bird_1418,Defog-Llama3-SQLCoder-8B,bird,,,
bird_1419,Defog-Llama3-SQLCoder-8B,bird,,,
bird_1420,Defog-Llama3-SQLCoder-8B,bird,,,
bird_1421,Defog-Llama3-SQLCoder-8B,bird,,,
bird_1422,Defog-Llama3-SQLCoder-8B,bird,,,
bird_1423,Defog-Llama3-SQLCoder-8B,bird,,,
bird_1424,Defog-Llama3-SQLCoder-8B,bird,,,
bird_1425,Defog-Llama3-SQLCoder-8B,bird,,,
bird_1426,Defog-Llama3-SQLCoder-8B,bird,,,
bird_1427,Defog-Llama3-SQLCoder-8B,bird,,,
bird_1428,Defog-Llama3-SQLCoder-8B,bird,,,
bird_1429,Defog-Llama3-SQLCoder-8B,bird,,,
bird_1430,Defog-Llama3-SQLCoder-8B,bird,,,
bird_1431,Defog-Llama3-SQLCoder-8B,bird,,,
bird_1432,Defog-Llama3-SQLCoder-8B,bird,,,
bird_1433,Defog-Llama3-SQLCoder-8B,bird,,,
bird_1434,Defog-Llama3-SQLCoder-8B,bird,,,
bird_1435,Defog-Llama3-SQLCoder-8B,bird,,,
bird_1436,Defog-Llama3-SQLCoder-8B,bird,,,
bird_1437,Defog-Llama3-SQLCoder-8B,bird,,,
bird_1438,Defog-Llama3-SQLCoder-8B,bird,,,
bird_1439,Defog-Llama3-SQLCoder-8B,bird,,,
bird_1440,Defog-Llama3-SQLCoder-8B,bird,,,
bird_1441,Defog-Llama3-SQLCoder-8B,bird,,,
bird_1442,Defog-Llama3-SQLCoder-8B,bird,,,
bird_1443,Defog-Llama3-SQLCoder-8B,bird,,,
bird_1444,Defog-Llama3-SQLCoder-8B,bird,,,
bird_1445,Defog-Llama3-SQLCoder-8B,bird,,,
bird_1446,Defog-Llama3-SQLCoder-8B,bird,,,
bird_1447,Defog-Llama3-SQLCoder-8B,bird,,,
bird_1448,Defog-Llama3-SQLCoder-8B,bird,,,
bird_1449,Defog-Llama3-SQLCoder-8B,bird,,,
bird_1450,Defog-Llama3-SQLCoder-8B,bird,,,
bird_1451,Defog-Llama3-SQLCoder-8B,bird,,,
bird_1452,Defog-Llama3-SQLCoder-8B,bird,,,
bird_1453,Defog-Llama3-SQLCoder-8B,bird,,,
bird_1454,Defog-Llama3-SQLCoder-8B,bird,,,
bird_1455,Defog-Llama3-SQLCoder-8B,bird,,,
bird_1456,Defog-Llama3-SQLCoder-8B,bird,,,
bird_1457,Defog-Llama3-SQLCoder-8B,bird,,,
bird_1458,Defog-Llama3-SQLCoder-8B,bird,,,
bird_1459,Defog-Llama3-SQLCoder-8B,bird,,,
bird_1460,Defog-Llama3-SQLCoder-8B,bird,,,
bird_1461,Defog-Llama3-SQLCoder-8B,bird,,,
bird_1462,Defog-Llama3-SQLCoder-8B,bird,,,
bird_1463,Defog-Llama3-SQLCoder-8B,bird,,,
bird_1464,Defog-Llama3-SQLCoder-8B,bird,,,
bird_1465,Defog-Llama3-SQLCoder-8B,bird,,,
bird_1466,Defog-Llama3-SQLCoder-8B,bird,,,
bird_1467,Defog-Llama3-SQLCoder-8B,bird,,,
bird_1468,Defog-Llama3-SQLCoder-8B,bird,,,
bird_1469,Defog-Llama3-SQLCoder-8B,bird,,,
bird_1470,Defog-Llama3-SQLCoder-8B,bird,,,
bird_1471,Defog-Llama3-SQLCoder-8B,bird,,,
bird_1472,Defog-Llama3-SQLCoder-8B,bird,,,
bird_1473,Defog-Llama3-SQLCoder-8B,bird,,,
bird_1474,Defog-Llama3-SQLCoder-8B,bird,,,
bird_1475,Defog-Llama3-SQLCoder-8B,bird,,,
bird_1476,Defog-Llama3-SQLCoder-8B,bird,,,
bird_1477,Defog-Llama3-SQLCoder-8B,bird,,,
bird_1478,Defog-Llama3-SQLCoder-8B,bird,,,
bird_1479,Defog-Llama3-SQLCoder-8B,bird,,,
bird_1480,Defog-Llama3-SQLCoder-8B,bird,,,
bird_1481,Defog-Llama3-SQLCoder-8B,bird,,,
bird_1482,Defog-Llama3-SQLCoder-8B,bird,,,
bird_1483,Defog-Llama3-SQLCoder-8B,bird,,,
bird_1484,Defog-Llama3-SQLCoder-8B,bird,,,
bird_1485,Defog-Llama3-SQLCoder-8B,bird,,,
bird_1486,Defog-Llama3-SQLCoder-8B,bird,,,
bird_1487,Defog-Llama3-SQLCoder-8B,bird,,,
bird_1488,Defog-Llama3-SQLCoder-8B,bird,,,
bird_1489,Defog-Llama3-SQLCoder-8B,bird,,,
bird_1490,Defog-Llama3-SQLCoder-8B,bird,,,
bird_1491,Defog-Llama3-SQLCoder-8B,bird,,,
bird_1492,Defog-Llama3-SQLCoder-8B,bird,,,
bird_1493,Defog-Llama3-SQLCoder-8B,bird,,,
bird_1494,Defog-Llama3-SQLCoder-8B,bird,,,
bird_1495,Defog-Llama3-SQLCoder-8B,bird,,,
bird_1496,Defog-Llama3-SQLCoder-8B,bird,,,
bird_1497,Defog-Llama3-SQLCoder-8B,bird,,,
bird_1498,Defog-Llama3-SQLCoder-8B,bird,,,
bird_1499,Defog-Llama3-SQLCoder-8B,bird,,,
bird_1500,Defog-Llama3-SQLCoder-8B,bird,,,
bird_1501,Defog-Llama3-SQLCoder-8B,bird,,,
bird_1502,Defog-Llama3-SQLCoder-8B,bird,,,
bird_1503,Defog-Llama3-SQLCoder-8B,bird,,,
bird_1504,Defog-Llama3-SQLCoder-8B,bird,,,
bird_1505,Defog-Llama3-SQLCoder-8B,bird,,,
bird_1506,Defog-Llama3-SQLCoder-8B,bird,,,
bird_1507,Defog-Llama3-SQLCoder-8B,bird,,,
bird_1508,Defog-Llama3-SQLCoder-8B,bird,,,
bird_1509,Defog-Llama3-SQLCoder-8B,bird,,,
bird_1510,Defog-Llama3-SQLCoder-8B,bird,,,
bird_1511,Defog-Llama3-SQLCoder-8B,bird,,,
bird_1512,Defog-Llama3-SQLCoder-8B,bird,,,
bird_1513,Defog-Llama3-SQLCoder-8B,bird,,,
bird_1514,Defog-Llama3-SQLCoder-8B,bird,,,
bird_1515,Defog-Llama3-SQLCoder-8B,bird,,,
bird_1516,Defog-Llama3-SQLCoder-8B,bird,,,
bird_1517,Defog-Llama3-SQLCoder-8B,bird,,,
bird_1518,Defog-Llama3-SQLCoder-8B,bird,,,
bird_1519,Defog-Llama3-SQLCoder-8B,bird,,,
bird_1520,Defog-Llama3-SQLCoder-8B,bird,,,
bird_1521,Defog-Llama3-SQLCoder-8B,bird,,,
bird_1522,Defog-Llama3-SQLCoder-8B,bird,,,
bird_1523,Defog-Llama3-SQLCoder-8B,bird,,,
bird_1524,Defog-Llama3-SQLCoder-8B,bird,,,
bird_1525,Defog-Llama3-SQLCoder-8B,bird,,,
bird_1526,Defog-Llama3-SQLCoder-8B,bird,,,
bird_1527,Defog-Llama3-SQLCoder-8B,bird,,,
bird_1528,Defog-Llama3-SQLCoder-8B,bird,,,
bird_1529,Defog-Llama3-SQLCoder-8B,bird,,,
bird_1530,Defog-Llama3-SQLCoder-8B,bird,,,
bird_1531,Defog-Llama3-SQLCoder-8B,bird,,,
bird_1532,Defog-Llama3-SQLCoder-8B,bird,,,
bird_1533,Defog-Llama3-SQLCoder-8B,bird,,,
spider_0,Defog-Llama3-SQLCoder-8B,spider,,,
spider_1,Defog-Llama3-SQLCoder-8B,spider,,,
spider_2,Defog-Llama3-SQLCoder-8B,spider,,,
spider_3,Defog-Llama3-SQLCoder-8B,spider,,,
spider_4,Defog-Llama3-SQLCoder-8B,spider,,,
spider_5,Defog-Llama3-SQLCoder-8B,spider,,,
spider_6,Defog-Llama3-SQLCoder-8B,spider,,,
spider_7,Defog-Llama3-SQLCoder-8B,spider,,,
spider_8,Defog-Llama3-SQLCoder-8B,spider,,,
spider_9,Defog-Llama3-SQLCoder-8B,spider,,,
spider_10,Defog-Llama3-SQLCoder-8B,spider,,,
spider_11,Defog-Llama3-SQLCoder-8B,spider,,,
spider_12,Defog-Llama3-SQLCoder-8B,spider,,,
spider_13,Defog-Llama3-SQLCoder-8B,spider,,,
spider_14,Defog-Llama3-SQLCoder-8B,spider,,,
spider_15,Defog-Llama3-SQLCoder-8B,spider,,,
spider_16,Defog-Llama3-SQLCoder-8B,spider,,,
spider_17,Defog-Llama3-SQLCoder-8B,spider,,,
spider_18,Defog-Llama3-SQLCoder-8B,spider,,,
spider_19,Defog-Llama3-SQLCoder-8B,spider,,,
spider_20,Defog-Llama3-SQLCoder-8B,spider,,,
spider_21,Defog-Llama3-SQLCoder-8B,spider,,,
spider_22,Defog-Llama3-SQLCoder-8B,spider,,,
spider_23,Defog-Llama3-SQLCoder-8B,spider,,,
spider_24,Defog-Llama3-SQLCoder-8B,spider,,,
spider_25,Defog-Llama3-SQLCoder-8B,spider,,,
spider_26,Defog-Llama3-SQLCoder-8B,spider,,,
spider_27,Defog-Llama3-SQLCoder-8B,spider,,,
spider_28,Defog-Llama3-SQLCoder-8B,spider,,,
spider_29,Defog-Llama3-SQLCoder-8B,spider,,,
spider_30,Defog-Llama3-SQLCoder-8B,spider,,,
spider_31,Defog-Llama3-SQLCoder-8B,spider,,,
spider_32,Defog-Llama3-SQLCoder-8B,spider,,,
spider_33,Defog-Llama3-SQLCoder-8B,spider,,,
spider_34,Defog-Llama3-SQLCoder-8B,spider,,,
spider_35,Defog-Llama3-SQLCoder-8B,spider,,,
spider_36,Defog-Llama3-SQLCoder-8B,spider,,,
spider_37,Defog-Llama3-SQLCoder-8B,spider,,,
spider_38,Defog-Llama3-SQLCoder-8B,spider,,,
spider_39,Defog-Llama3-SQLCoder-8B,spider,,,
spider_40,Defog-Llama3-SQLCoder-8B,spider,,,
spider_41,Defog-Llama3-SQLCoder-8B,spider,,,
spider_42,Defog-Llama3-SQLCoder-8B,spider,,,
spider_43,Defog-Llama3-SQLCoder-8B,spider,,,
spider_44,Defog-Llama3-SQLCoder-8B,spider,,,
spider_45,Defog-Llama3-SQLCoder-8B,spider,,,
spider_46,Defog-Llama3-SQLCoder-8B,spider,,,
spider_47,Defog-Llama3-SQLCoder-8B,spider,,,
spider_48,Defog-Llama3-SQLCoder-8B,spider,,,
spider_49,Defog-Llama3-SQLCoder-8B,spider,,,
spider_50,Defog-Llama3-SQLCoder-8B,spider,,,
spider_51,Defog-Llama3-SQLCoder-8B,spider,,,
spider_52,Defog-Llama3-SQLCoder-8B,spider,,,
spider_53,Defog-Llama3-SQLCoder-8B,spider,,,
spider_54,Defog-Llama3-SQLCoder-8B,spider,,,
spider_55,Defog-Llama3-SQLCoder-8B,spider,,,
spider_56,Defog-Llama3-SQLCoder-8B,spider,,,
spider_57,Defog-Llama3-SQLCoder-8B,spider,,,
spider_58,Defog-Llama3-SQLCoder-8B,spider,,,
spider_59,Defog-Llama3-SQLCoder-8B,spider,,,
spider_60,Defog-Llama3-SQLCoder-8B,spider,,,
spider_61,Defog-Llama3-SQLCoder-8B,spider,,,
spider_62,Defog-Llama3-SQLCoder-8B,spider,,,
spider_63,Defog-Llama3-SQLCoder-8B,spider,,,
spider_64,Defog-Llama3-SQLCoder-8B,spider,,,
spider_65,Defog-Llama3-SQLCoder-8B,spider,,,
spider_66,Defog-Llama3-SQLCoder-8B,spider,,,
spider_67,Defog-Llama3-SQLCoder-8B,spider,,,
spider_68,Defog-Llama3-SQLCoder-8B,spider,,,
spider_69,Defog-Llama3-SQLCoder-8B,spider,,,
spider_70,Defog-Llama3-SQLCoder-8B,spider,,,
spider_71,Defog-Llama3-SQLCoder-8B,spider,,,
spider_72,Defog-Llama3-SQLCoder-8B,spider,,,
spider_73,Defog-Llama3-SQLCoder-8B,spider,,,
spider_74,Defog-Llama3-SQLCoder-8B,spider,,,
spider_75,Defog-Llama3-SQLCoder-8B,spider,,,
spider_76,Defog-Llama3-SQLCoder-8B,spider,,,
spider_77,Defog-Llama3-SQLCoder-8B,spider,,,
spider_78,Defog-Llama3-SQLCoder-8B,spider,,,
spider_79,Defog-Llama3-SQLCoder-8B,spider,,,
spider_80,Defog-Llama3-SQLCoder-8B,spider,,,
spider_81,Defog-Llama3-SQLCoder-8B,spider,,,
spider_82,Defog-Llama3-SQLCoder-8B,spider,,,
spider_83,Defog-Llama3-SQLCoder-8B,spider,,,
spider_84,Defog-Llama3-SQLCoder-8B,spider,,,
spider_85,Defog-Llama3-SQLCoder-8B,spider,,,
spider_86,Defog-Llama3-SQLCoder-8B,spider,,,
spider_87,Defog-Llama3-SQLCoder-8B,spider,,,
spider_88,Defog-Llama3-SQLCoder-8B,spider,,,
spider_89,Defog-Llama3-SQLCoder-8B,spider,,,
spider_90,Defog-Llama3-SQLCoder-8B,spider,,,
spider_91,Defog-Llama3-SQLCoder-8B,spider,,,
spider_92,Defog-Llama3-SQLCoder-8B,spider,,,
spider_93,Defog-Llama3-SQLCoder-8B,spider,,,
spider_94,Defog-Llama3-SQLCoder-8B,spider,,,
spider_95,Defog-Llama3-SQLCoder-8B,spider,,,
spider_96,Defog-Llama3-SQLCoder-8B,spider,,,
spider_97,Defog-Llama3-SQLCoder-8B,spider,,,
spider_98,Defog-Llama3-SQLCoder-8B,spider,,,
spider_99,Defog-Llama3-SQLCoder-8B,spider,,,
spider_100,Defog-Llama3-SQLCoder-8B,spider,,,
spider_101,Defog-Llama3-SQLCoder-8B,spider,,,
spider_102,Defog-Llama3-SQLCoder-8B,spider,,,
spider_103,Defog-Llama3-SQLCoder-8B,spider,,,
spider_104,Defog-Llama3-SQLCoder-8B,spider,,,
spider_105,Defog-Llama3-SQLCoder-8B,spider,,,
spider_106,Defog-Llama3-SQLCoder-8B,spider,,,
spider_107,Defog-Llama3-SQLCoder-8B,spider,,,
spider_108,Defog-Llama3-SQLCoder-8B,spider,,,
spider_109,Defog-Llama3-SQLCoder-8B,spider,,,
spider_110,Defog-Llama3-SQLCoder-8B,spider,,,
spider_111,Defog-Llama3-SQLCoder-8B,spider,,,
spider_112,Defog-Llama3-SQLCoder-8B,spider,,,
spider_113,Defog-Llama3-SQLCoder-8B,spider,,,
spider_114,Defog-Llama3-SQLCoder-8B,spider,,,
spider_115,Defog-Llama3-SQLCoder-8B,spider,,,
spider_116,Defog-Llama3-SQLCoder-8B,spider,,,
spider_117,Defog-Llama3-SQLCoder-8B,spider,,,
spider_118,Defog-Llama3-SQLCoder-8B,spider,,,
spider_119,Defog-Llama3-SQLCoder-8B,spider,,,
spider_120,Defog-Llama3-SQLCoder-8B,spider,,,
spider_121,Defog-Llama3-SQLCoder-8B,spider,,,
spider_122,Defog-Llama3-SQLCoder-8B,spider,,,
spider_123,Defog-Llama3-SQLCoder-8B,spider,,,
spider_124,Defog-Llama3-SQLCoder-8B,spider,,,
spider_125,Defog-Llama3-SQLCoder-8B,spider,,,
spider_126,Defog-Llama3-SQLCoder-8B,spider,,,
spider_127,Defog-Llama3-SQLCoder-8B,spider,,,
spider_128,Defog-Llama3-SQLCoder-8B,spider,,,
spider_129,Defog-Llama3-SQLCoder-8B,spider,,,
spider_130,Defog-Llama3-SQLCoder-8B,spider,,,
spider_131,Defog-Llama3-SQLCoder-8B,spider,,,
spider_132,Defog-Llama3-SQLCoder-8B,spider,,,
spider_133,Defog-Llama3-SQLCoder-8B,spider,,,
spider_134,Defog-Llama3-SQLCoder-8B,spider,,,
spider_135,Defog-Llama3-SQLCoder-8B,spider,,,
spider_136,Defog-Llama3-SQLCoder-8B,spider,,,
spider_137,Defog-Llama3-SQLCoder-8B,spider,,,
spider_138,Defog-Llama3-SQLCoder-8B,spider,,,
spider_139,Defog-Llama3-SQLCoder-8B,spider,,,
spider_140,Defog-Llama3-SQLCoder-8B,spider,,,
spider_141,Defog-Llama3-SQLCoder-8B,spider,,,
spider_142,Defog-Llama3-SQLCoder-8B,spider,,,
spider_143,Defog-Llama3-SQLCoder-8B,spider,,,
spider_144,Defog-Llama3-SQLCoder-8B,spider,,,
spider_145,Defog-Llama3-SQLCoder-8B,spider,,,
spider_146,Defog-Llama3-SQLCoder-8B,spider,,,
spider_147,Defog-Llama3-SQLCoder-8B,spider,,,
spider_148,Defog-Llama3-SQLCoder-8B,spider,,,
spider_149,Defog-Llama3-SQLCoder-8B,spider,,,
spider_150,Defog-Llama3-SQLCoder-8B,spider,,,
spider_151,Defog-Llama3-SQLCoder-8B,spider,,,
spider_152,Defog-Llama3-SQLCoder-8B,spider,,,
spider_153,Defog-Llama3-SQLCoder-8B,spider,,,
spider_154,Defog-Llama3-SQLCoder-8B,spider,,,
spider_155,Defog-Llama3-SQLCoder-8B,spider,,,
spider_156,Defog-Llama3-SQLCoder-8B,spider,,,
spider_157,Defog-Llama3-SQLCoder-8B,spider,,,
spider_158,Defog-Llama3-SQLCoder-8B,spider,,,
spider_159,Defog-Llama3-SQLCoder-8B,spider,,,
spider_160,Defog-Llama3-SQLCoder-8B,spider,,,
spider_161,Defog-Llama3-SQLCoder-8B,spider,,,
spider_162,Defog-Llama3-SQLCoder-8B,spider,,,
spider_163,Defog-Llama3-SQLCoder-8B,spider,,,
spider_164,Defog-Llama3-SQLCoder-8B,spider,,,
spider_165,Defog-Llama3-SQLCoder-8B,spider,,,
spider_166,Defog-Llama3-SQLCoder-8B,spider,,,
spider_167,Defog-Llama3-SQLCoder-8B,spider,,,
spider_168,Defog-Llama3-SQLCoder-8B,spider,,,
spider_169,Defog-Llama3-SQLCoder-8B,spider,,,
spider_170,Defog-Llama3-SQLCoder-8B,spider,,,
spider_171,Defog-Llama3-SQLCoder-8B,spider,,,
spider_172,Defog-Llama3-SQLCoder-8B,spider,,,
spider_173,Defog-Llama3-SQLCoder-8B,spider,,,
spider_174,Defog-Llama3-SQLCoder-8B,spider,,,
spider_175,Defog-Llama3-SQLCoder-8B,spider,,,
spider_176,Defog-Llama3-SQLCoder-8B,spider,,,
spider_177,Defog-Llama3-SQLCoder-8B,spider,,,
spider_178,Defog-Llama3-SQLCoder-8B,spider,,,
spider_179,Defog-Llama3-SQLCoder-8B,spider,,,
spider_180,Defog-Llama3-SQLCoder-8B,spider,,,
spider_181,Defog-Llama3-SQLCoder-8B,spider,,,
spider_182,Defog-Llama3-SQLCoder-8B,spider,,,
spider_183,Defog-Llama3-SQLCoder-8B,spider,,,
spider_184,Defog-Llama3-SQLCoder-8B,spider,,,
spider_185,Defog-Llama3-SQLCoder-8B,spider,,,
spider_186,Defog-Llama3-SQLCoder-8B,spider,,,
spider_187,Defog-Llama3-SQLCoder-8B,spider,,,
spider_188,Defog-Llama3-SQLCoder-8B,spider,,,
spider_189,Defog-Llama3-SQLCoder-8B,spider,,,
spider_190,Defog-Llama3-SQLCoder-8B,spider,,,
spider_191,Defog-Llama3-SQLCoder-8B,spider,,,
spider_192,Defog-Llama3-SQLCoder-8B,spider,,,
spider_193,Defog-Llama3-SQLCoder-8B,spider,,,
spider_194,Defog-Llama3-SQLCoder-8B,spider,,,
spider_195,Defog-Llama3-SQLCoder-8B,spider,,,
spider_196,Defog-Llama3-SQLCoder-8B,spider,,,
spider_197,Defog-Llama3-SQLCoder-8B,spider,,,
spider_198,Defog-Llama3-SQLCoder-8B,spider,,,
spider_199,Defog-Llama3-SQLCoder-8B,spider,,,
spider_200,Defog-Llama3-SQLCoder-8B,spider,,,
spider_201,Defog-Llama3-SQLCoder-8B,spider,,,
spider_202,Defog-Llama3-SQLCoder-8B,spider,,,
spider_203,Defog-Llama3-SQLCoder-8B,spider,,,
spider_204,Defog-Llama3-SQLCoder-8B,spider,,,
spider_205,Defog-Llama3-SQLCoder-8B,spider,,,
spider_206,Defog-Llama3-SQLCoder-8B,spider,,,
spider_207,Defog-Llama3-SQLCoder-8B,spider,,,
spider_208,Defog-Llama3-SQLCoder-8B,spider,,,
spider_209,Defog-Llama3-SQLCoder-8B,spider,,,
spider_210,Defog-Llama3-SQLCoder-8B,spider,,,
spider_211,Defog-Llama3-SQLCoder-8B,spider,,,
spider_212,Defog-Llama3-SQLCoder-8B,spider,,,
spider_213,Defog-Llama3-SQLCoder-8B,spider,,,
spider_214,Defog-Llama3-SQLCoder-8B,spider,,,
spider_215,Defog-Llama3-SQLCoder-8B,spider,,,
spider_216,Defog-Llama3-SQLCoder-8B,spider,,,
spider_217,Defog-Llama3-SQLCoder-8B,spider,,,
spider_218,Defog-Llama3-SQLCoder-8B,spider,,,
spider_219,Defog-Llama3-SQLCoder-8B,spider,,,
spider_220,Defog-Llama3-SQLCoder-8B,spider,,,
spider_221,Defog-Llama3-SQLCoder-8B,spider,,,
spider_222,Defog-Llama3-SQLCoder-8B,spider,,,
spider_223,Defog-Llama3-SQLCoder-8B,spider,,,
spider_224,Defog-Llama3-SQLCoder-8B,spider,,,
spider_225,Defog-Llama3-SQLCoder-8B,spider,,,
spider_226,Defog-Llama3-SQLCoder-8B,spider,,,
spider_227,Defog-Llama3-SQLCoder-8B,spider,,,
spider_228,Defog-Llama3-SQLCoder-8B,spider,,,
spider_229,Defog-Llama3-SQLCoder-8B,spider,,,
spider_230,Defog-Llama3-SQLCoder-8B,spider,,,
spider_231,Defog-Llama3-SQLCoder-8B,spider,,,
spider_232,Defog-Llama3-SQLCoder-8B,spider,,,
spider_233,Defog-Llama3-SQLCoder-8B,spider,,,
spider_234,Defog-Llama3-SQLCoder-8B,spider,,,
spider_235,Defog-Llama3-SQLCoder-8B,spider,,,
spider_236,Defog-Llama3-SQLCoder-8B,spider,,,
spider_237,Defog-Llama3-SQLCoder-8B,spider,,,
spider_238,Defog-Llama3-SQLCoder-8B,spider,,,
spider_239,Defog-Llama3-SQLCoder-8B,spider,,,
spider_240,Defog-Llama3-SQLCoder-8B,spider,,,
spider_241,Defog-Llama3-SQLCoder-8B,spider,,,
spider_242,Defog-Llama3-SQLCoder-8B,spider,,,
spider_243,Defog-Llama3-SQLCoder-8B,spider,,,
spider_244,Defog-Llama3-SQLCoder-8B,spider,,,
spider_245,Defog-Llama3-SQLCoder-8B,spider,,,
spider_246,Defog-Llama3-SQLCoder-8B,spider,,,
spider_247,Defog-Llama3-SQLCoder-8B,spider,,,
spider_248,Defog-Llama3-SQLCoder-8B,spider,,,
spider_249,Defog-Llama3-SQLCoder-8B,spider,,,
spider_250,Defog-Llama3-SQLCoder-8B,spider,,,
spider_251,Defog-Llama3-SQLCoder-8B,spider,,,
spider_252,Defog-Llama3-SQLCoder-8B,spider,,,
spider_253,Defog-Llama3-SQLCoder-8B,spider,,,
spider_254,Defog-Llama3-SQLCoder-8B,spider,,,
spider_255,Defog-Llama3-SQLCoder-8B,spider,,,
spider_256,Defog-Llama3-SQLCoder-8B,spider,,,
spider_257,Defog-Llama3-SQLCoder-8B,spider,,,
spider_258,Defog-Llama3-SQLCoder-8B,spider,,,
spider_259,Defog-Llama3-SQLCoder-8B,spider,,,
spider_260,Defog-Llama3-SQLCoder-8B,spider,,,
spider_261,Defog-Llama3-SQLCoder-8B,spider,,,
spider_262,Defog-Llama3-SQLCoder-8B,spider,,,
spider_263,Defog-Llama3-SQLCoder-8B,spider,,,
spider_264,Defog-Llama3-SQLCoder-8B,spider,,,
spider_265,Defog-Llama3-SQLCoder-8B,spider,,,
spider_266,Defog-Llama3-SQLCoder-8B,spider,,,
spider_267,Defog-Llama3-SQLCoder-8B,spider,,,
spider_268,Defog-Llama3-SQLCoder-8B,spider,,,
spider_269,Defog-Llama3-SQLCoder-8B,spider,,,
spider_270,Defog-Llama3-SQLCoder-8B,spider,,,
spider_271,Defog-Llama3-SQLCoder-8B,spider,,,
spider_272,Defog-Llama3-SQLCoder-8B,spider,,,
spider_273,Defog-Llama3-SQLCoder-8B,spider,,,
spider_274,Defog-Llama3-SQLCoder-8B,spider,,,
spider_275,Defog-Llama3-SQLCoder-8B,spider,,,
spider_276,Defog-Llama3-SQLCoder-8B,spider,,,
spider_277,Defog-Llama3-SQLCoder-8B,spider,,,
spider_278,Defog-Llama3-SQLCoder-8B,spider,,,
spider_279,Defog-Llama3-SQLCoder-8B,spider,,,
spider_280,Defog-Llama3-SQLCoder-8B,spider,,,
spider_281,Defog-Llama3-SQLCoder-8B,spider,,,
spider_282,Defog-Llama3-SQLCoder-8B,spider,,,
spider_283,Defog-Llama3-SQLCoder-8B,spider,,,
spider_284,Defog-Llama3-SQLCoder-8B,spider,,,
spider_285,Defog-Llama3-SQLCoder-8B,spider,,,
spider_286,Defog-Llama3-SQLCoder-8B,spider,,,
spider_287,Defog-Llama3-SQLCoder-8B,spider,,,
spider_288,Defog-Llama3-SQLCoder-8B,spider,,,
spider_289,Defog-Llama3-SQLCoder-8B,spider,,,
spider_290,Defog-Llama3-SQLCoder-8B,spider,,,
spider_291,Defog-Llama3-SQLCoder-8B,spider,,,
spider_292,Defog-Llama3-SQLCoder-8B,spider,,,
spider_293,Defog-Llama3-SQLCoder-8B,spider,,,
spider_294,Defog-Llama3-SQLCoder-8B,spider,,,
spider_295,Defog-Llama3-SQLCoder-8B,spider,,,
spider_296,Defog-Llama3-SQLCoder-8B,spider,,,
spider_297,Defog-Llama3-SQLCoder-8B,spider,,,
spider_298,Defog-Llama3-SQLCoder-8B,spider,,,
spider_299,Defog-Llama3-SQLCoder-8B,spider,,,
spider_300,Defog-Llama3-SQLCoder-8B,spider,,,
spider_301,Defog-Llama3-SQLCoder-8B,spider,,,
spider_302,Defog-Llama3-SQLCoder-8B,spider,,,
spider_303,Defog-Llama3-SQLCoder-8B,spider,,,
spider_304,Defog-Llama3-SQLCoder-8B,spider,,,
spider_305,Defog-Llama3-SQLCoder-8B,spider,,,
spider_306,Defog-Llama3-SQLCoder-8B,spider,,,
spider_307,Defog-Llama3-SQLCoder-8B,spider,,,
spider_308,Defog-Llama3-SQLCoder-8B,spider,,,
spider_309,Defog-Llama3-SQLCoder-8B,spider,,,
spider_310,Defog-Llama3-SQLCoder-8B,spider,,,
spider_311,Defog-Llama3-SQLCoder-8B,spider,,,
spider_312,Defog-Llama3-SQLCoder-8B,spider,,,
spider_313,Defog-Llama3-SQLCoder-8B,spider,,,
spider_314,Defog-Llama3-SQLCoder-8B,spider,,,
spider_315,Defog-Llama3-SQLCoder-8B,spider,,,
spider_316,Defog-Llama3-SQLCoder-8B,spider,,,
spider_317,Defog-Llama3-SQLCoder-8B,spider,,,
spider_318,Defog-Llama3-SQLCoder-8B,spider,,,
spider_319,Defog-Llama3-SQLCoder-8B,spider,,,
spider_320,Defog-Llama3-SQLCoder-8B,spider,,,
spider_321,Defog-Llama3-SQLCoder-8B,spider,,,
spider_322,Defog-Llama3-SQLCoder-8B,spider,,,
spider_323,Defog-Llama3-SQLCoder-8B,spider,,,
spider_324,Defog-Llama3-SQLCoder-8B,spider,,,
spider_325,Defog-Llama3-SQLCoder-8B,spider,,,
spider_326,Defog-Llama3-SQLCoder-8B,spider,,,
spider_327,Defog-Llama3-SQLCoder-8B,spider,,,
spider_328,Defog-Llama3-SQLCoder-8B,spider,,,
spider_329,Defog-Llama3-SQLCoder-8B,spider,,,
spider_330,Defog-Llama3-SQLCoder-8B,spider,,,
spider_331,Defog-Llama3-SQLCoder-8B,spider,,,
spider_332,Defog-Llama3-SQLCoder-8B,spider,,,
spider_333,Defog-Llama3-SQLCoder-8B,spider,,,
spider_334,Defog-Llama3-SQLCoder-8B,spider,,,
spider_335,Defog-Llama3-SQLCoder-8B,spider,,,
spider_336,Defog-Llama3-SQLCoder-8B,spider,,,
spider_337,Defog-Llama3-SQLCoder-8B,spider,,,
spider_338,Defog-Llama3-SQLCoder-8B,spider,,,
spider_339,Defog-Llama3-SQLCoder-8B,spider,,,
spider_340,Defog-Llama3-SQLCoder-8B,spider,,,
spider_341,Defog-Llama3-SQLCoder-8B,spider,,,
spider_342,Defog-Llama3-SQLCoder-8B,spider,,,
spider_343,Defog-Llama3-SQLCoder-8B,spider,,,
spider_344,Defog-Llama3-SQLCoder-8B,spider,,,
spider_345,Defog-Llama3-SQLCoder-8B,spider,,,
spider_346,Defog-Llama3-SQLCoder-8B,spider,,,
spider_347,Defog-Llama3-SQLCoder-8B,spider,,,
spider_348,Defog-Llama3-SQLCoder-8B,spider,,,
spider_349,Defog-Llama3-SQLCoder-8B,spider,,,
spider_350,Defog-Llama3-SQLCoder-8B,spider,,,
spider_351,Defog-Llama3-SQLCoder-8B,spider,,,
spider_352,Defog-Llama3-SQLCoder-8B,spider,,,
spider_353,Defog-Llama3-SQLCoder-8B,spider,,,
spider_354,Defog-Llama3-SQLCoder-8B,spider,,,
spider_355,Defog-Llama3-SQLCoder-8B,spider,,,
spider_356,Defog-Llama3-SQLCoder-8B,spider,,,
spider_357,Defog-Llama3-SQLCoder-8B,spider,,,
spider_358,Defog-Llama3-SQLCoder-8B,spider,,,
spider_359,Defog-Llama3-SQLCoder-8B,spider,,,
spider_360,Defog-Llama3-SQLCoder-8B,spider,,,
spider_361,Defog-Llama3-SQLCoder-8B,spider,,,
spider_362,Defog-Llama3-SQLCoder-8B,spider,,,
spider_363,Defog-Llama3-SQLCoder-8B,spider,,,
spider_364,Defog-Llama3-SQLCoder-8B,spider,,,
spider_365,Defog-Llama3-SQLCoder-8B,spider,,,
spider_366,Defog-Llama3-SQLCoder-8B,spider,,,
spider_367,Defog-Llama3-SQLCoder-8B,spider,,,
spider_368,Defog-Llama3-SQLCoder-8B,spider,,,
spider_369,Defog-Llama3-SQLCoder-8B,spider,,,
spider_370,Defog-Llama3-SQLCoder-8B,spider,,,
spider_371,Defog-Llama3-SQLCoder-8B,spider,,,
spider_372,Defog-Llama3-SQLCoder-8B,spider,,,
spider_373,Defog-Llama3-SQLCoder-8B,spider,,,
spider_374,Defog-Llama3-SQLCoder-8B,spider,,,
spider_375,Defog-Llama3-SQLCoder-8B,spider,,,
spider_376,Defog-Llama3-SQLCoder-8B,spider,,,
spider_377,Defog-Llama3-SQLCoder-8B,spider,,,
spider_378,Defog-Llama3-SQLCoder-8B,spider,,,
spider_379,Defog-Llama3-SQLCoder-8B,spider,,,
spider_380,Defog-Llama3-SQLCoder-8B,spider,,,
spider_381,Defog-Llama3-SQLCoder-8B,spider,,,
spider_382,Defog-Llama3-SQLCoder-8B,spider,,,
spider_383,Defog-Llama3-SQLCoder-8B,spider,,,
spider_384,Defog-Llama3-SQLCoder-8B,spider,,,
spider_385,Defog-Llama3-SQLCoder-8B,spider,,,
spider_386,Defog-Llama3-SQLCoder-8B,spider,,,
spider_387,Defog-Llama3-SQLCoder-8B,spider,,,
spider_388,Defog-Llama3-SQLCoder-8B,spider,,,
spider_389,Defog-Llama3-SQLCoder-8B,spider,,,
spider_390,Defog-Llama3-SQLCoder-8B,spider,,,
spider_391,Defog-Llama3-SQLCoder-8B,spider,,,
spider_392,Defog-Llama3-SQLCoder-8B,spider,,,
spider_393,Defog-Llama3-SQLCoder-8B,spider,,,
spider_394,Defog-Llama3-SQLCoder-8B,spider,,,
spider_395,Defog-Llama3-SQLCoder-8B,spider,,,
spider_396,Defog-Llama3-SQLCoder-8B,spider,,,
spider_397,Defog-Llama3-SQLCoder-8B,spider,,,
spider_398,Defog-Llama3-SQLCoder-8B,spider,,,
spider_399,Defog-Llama3-SQLCoder-8B,spider,,,
spider_400,Defog-Llama3-SQLCoder-8B,spider,,,
spider_401,Defog-Llama3-SQLCoder-8B,spider,,,
spider_402,Defog-Llama3-SQLCoder-8B,spider,,,
spider_403,Defog-Llama3-SQLCoder-8B,spider,,,
spider_404,Defog-Llama3-SQLCoder-8B,spider,,,
spider_405,Defog-Llama3-SQLCoder-8B,spider,,,
spider_406,Defog-Llama3-SQLCoder-8B,spider,,,
spider_407,Defog-Llama3-SQLCoder-8B,spider,,,
spider_408,Defog-Llama3-SQLCoder-8B,spider,,,
spider_409,Defog-Llama3-SQLCoder-8B,spider,,,
spider_410,Defog-Llama3-SQLCoder-8B,spider,,,
spider_411,Defog-Llama3-SQLCoder-8B,spider,,,
spider_412,Defog-Llama3-SQLCoder-8B,spider,,,
spider_413,Defog-Llama3-SQLCoder-8B,spider,,,
spider_414,Defog-Llama3-SQLCoder-8B,spider,,,
spider_415,Defog-Llama3-SQLCoder-8B,spider,,,
spider_416,Defog-Llama3-SQLCoder-8B,spider,,,
spider_417,Defog-Llama3-SQLCoder-8B,spider,,,
spider_418,Defog-Llama3-SQLCoder-8B,spider,,,
spider_419,Defog-Llama3-SQLCoder-8B,spider,,,
spider_420,Defog-Llama3-SQLCoder-8B,spider,,,
spider_421,Defog-Llama3-SQLCoder-8B,spider,,,
spider_422,Defog-Llama3-SQLCoder-8B,spider,,,
spider_423,Defog-Llama3-SQLCoder-8B,spider,,,
spider_424,Defog-Llama3-SQLCoder-8B,spider,,,
spider_425,Defog-Llama3-SQLCoder-8B,spider,,,
spider_426,Defog-Llama3-SQLCoder-8B,spider,,,
spider_427,Defog-Llama3-SQLCoder-8B,spider,,,
spider_428,Defog-Llama3-SQLCoder-8B,spider,,,
spider_429,Defog-Llama3-SQLCoder-8B,spider,,,
spider_430,Defog-Llama3-SQLCoder-8B,spider,,,
spider_431,Defog-Llama3-SQLCoder-8B,spider,,,
spider_432,Defog-Llama3-SQLCoder-8B,spider,,,
spider_433,Defog-Llama3-SQLCoder-8B,spider,,,
spider_434,Defog-Llama3-SQLCoder-8B,spider,,,
spider_435,Defog-Llama3-SQLCoder-8B,spider,,,
spider_436,Defog-Llama3-SQLCoder-8B,spider,,,
spider_437,Defog-Llama3-SQLCoder-8B,spider,,,
spider_438,Defog-Llama3-SQLCoder-8B,spider,,,
spider_439,Defog-Llama3-SQLCoder-8B,spider,,,
spider_440,Defog-Llama3-SQLCoder-8B,spider,,,
spider_441,Defog-Llama3-SQLCoder-8B,spider,,,
spider_442,Defog-Llama3-SQLCoder-8B,spider,,,
spider_443,Defog-Llama3-SQLCoder-8B,spider,,,
spider_444,Defog-Llama3-SQLCoder-8B,spider,,,
spider_445,Defog-Llama3-SQLCoder-8B,spider,,,
spider_446,Defog-Llama3-SQLCoder-8B,spider,,,
spider_447,Defog-Llama3-SQLCoder-8B,spider,,,
spider_448,Defog-Llama3-SQLCoder-8B,spider,,,
spider_449,Defog-Llama3-SQLCoder-8B,spider,,,
spider_450,Defog-Llama3-SQLCoder-8B,spider,,,
spider_451,Defog-Llama3-SQLCoder-8B,spider,,,
spider_452,Defog-Llama3-SQLCoder-8B,spider,,,
spider_453,Defog-Llama3-SQLCoder-8B,spider,,,
spider_454,Defog-Llama3-SQLCoder-8B,spider,,,
spider_455,Defog-Llama3-SQLCoder-8B,spider,,,
spider_456,Defog-Llama3-SQLCoder-8B,spider,,,
spider_457,Defog-Llama3-SQLCoder-8B,spider,,,
spider_458,Defog-Llama3-SQLCoder-8B,spider,,,
spider_459,Defog-Llama3-SQLCoder-8B,spider,,,
spider_460,Defog-Llama3-SQLCoder-8B,spider,,,
spider_461,Defog-Llama3-SQLCoder-8B,spider,,,
spider_462,Defog-Llama3-SQLCoder-8B,spider,,,
spider_463,Defog-Llama3-SQLCoder-8B,spider,,,
spider_464,Defog-Llama3-SQLCoder-8B,spider,,,
spider_465,Defog-Llama3-SQLCoder-8B,spider,,,
spider_466,Defog-Llama3-SQLCoder-8B,spider,,,
spider_467,Defog-Llama3-SQLCoder-8B,spider,,,
spider_468,Defog-Llama3-SQLCoder-8B,spider,,,
spider_469,Defog-Llama3-SQLCoder-8B,spider,,,
spider_470,Defog-Llama3-SQLCoder-8B,spider,,,
spider_471,Defog-Llama3-SQLCoder-8B,spider,,,
spider_472,Defog-Llama3-SQLCoder-8B,spider,,,
spider_473,Defog-Llama3-SQLCoder-8B,spider,,,
spider_474,Defog-Llama3-SQLCoder-8B,spider,,,
spider_475,Defog-Llama3-SQLCoder-8B,spider,,,
spider_476,Defog-Llama3-SQLCoder-8B,spider,,,
spider_477,Defog-Llama3-SQLCoder-8B,spider,,,
spider_478,Defog-Llama3-SQLCoder-8B,spider,,,
spider_479,Defog-Llama3-SQLCoder-8B,spider,,,
spider_480,Defog-Llama3-SQLCoder-8B,spider,,,
spider_481,Defog-Llama3-SQLCoder-8B,spider,,,
spider_482,Defog-Llama3-SQLCoder-8B,spider,,,
spider_483,Defog-Llama3-SQLCoder-8B,spider,,,
spider_484,Defog-Llama3-SQLCoder-8B,spider,,,
spider_485,Defog-Llama3-SQLCoder-8B,spider,,,
spider_486,Defog-Llama3-SQLCoder-8B,spider,,,
spider_487,Defog-Llama3-SQLCoder-8B,spider,,,
spider_488,Defog-Llama3-SQLCoder-8B,spider,,,
spider_489,Defog-Llama3-SQLCoder-8B,spider,,,
spider_490,Defog-Llama3-SQLCoder-8B,spider,,,
spider_491,Defog-Llama3-SQLCoder-8B,spider,,,
spider_492,Defog-Llama3-SQLCoder-8B,spider,,,
spider_493,Defog-Llama3-SQLCoder-8B,spider,,,
spider_494,Defog-Llama3-SQLCoder-8B,spider,,,
spider_495,Defog-Llama3-SQLCoder-8B,spider,,,
spider_496,Defog-Llama3-SQLCoder-8B,spider,,,
spider_497,Defog-Llama3-SQLCoder-8B,spider,,,
spider_498,Defog-Llama3-SQLCoder-8B,spider,,,
spider_499,Defog-Llama3-SQLCoder-8B,spider,,,
spider_500,Defog-Llama3-SQLCoder-8B,spider,,,
spider_501,Defog-Llama3-SQLCoder-8B,spider,,,
spider_502,Defog-Llama3-SQLCoder-8B,spider,,,
spider_503,Defog-Llama3-SQLCoder-8B,spider,,,
spider_504,Defog-Llama3-SQLCoder-8B,spider,,,
spider_505,Defog-Llama3-SQLCoder-8B,spider,,,
spider_506,Defog-Llama3-SQLCoder-8B,spider,,,
spider_507,Defog-Llama3-SQLCoder-8B,spider,,,
spider_508,Defog-Llama3-SQLCoder-8B,spider,,,
spider_509,Defog-Llama3-SQLCoder-8B,spider,,,
spider_510,Defog-Llama3-SQLCoder-8B,spider,,,
spider_511,Defog-Llama3-SQLCoder-8B,spider,,,
spider_512,Defog-Llama3-SQLCoder-8B,spider,,,
spider_513,Defog-Llama3-SQLCoder-8B,spider,,,
spider_514,Defog-Llama3-SQLCoder-8B,spider,,,
spider_515,Defog-Llama3-SQLCoder-8B,spider,,,
spider_516,Defog-Llama3-SQLCoder-8B,spider,,,
spider_517,Defog-Llama3-SQLCoder-8B,spider,,,
spider_518,Defog-Llama3-SQLCoder-8B,spider,,,
spider_519,Defog-Llama3-SQLCoder-8B,spider,,,
spider_520,Defog-Llama3-SQLCoder-8B,spider,,,
spider_521,Defog-Llama3-SQLCoder-8B,spider,,,
spider_522,Defog-Llama3-SQLCoder-8B,spider,,,
spider_523,Defog-Llama3-SQLCoder-8B,spider,,,
spider_524,Defog-Llama3-SQLCoder-8B,spider,,,
spider_525,Defog-Llama3-SQLCoder-8B,spider,,,
spider_526,Defog-Llama3-SQLCoder-8B,spider,,,
spider_527,Defog-Llama3-SQLCoder-8B,spider,,,
spider_528,Defog-Llama3-SQLCoder-8B,spider,,,
spider_529,Defog-Llama3-SQLCoder-8B,spider,,,
spider_530,Defog-Llama3-SQLCoder-8B,spider,,,
spider_531,Defog-Llama3-SQLCoder-8B,spider,,,
spider_532,Defog-Llama3-SQLCoder-8B,spider,,,
spider_533,Defog-Llama3-SQLCoder-8B,spider,,,
spider_534,Defog-Llama3-SQLCoder-8B,spider,,,
spider_535,Defog-Llama3-SQLCoder-8B,spider,,,
spider_536,Defog-Llama3-SQLCoder-8B,spider,,,
spider_537,Defog-Llama3-SQLCoder-8B,spider,,,
spider_538,Defog-Llama3-SQLCoder-8B,spider,,,
spider_539,Defog-Llama3-SQLCoder-8B,spider,,,
spider_540,Defog-Llama3-SQLCoder-8B,spider,,,
spider_541,Defog-Llama3-SQLCoder-8B,spider,,,
spider_542,Defog-Llama3-SQLCoder-8B,spider,,,
spider_543,Defog-Llama3-SQLCoder-8B,spider,,,
spider_544,Defog-Llama3-SQLCoder-8B,spider,,,
spider_545,Defog-Llama3-SQLCoder-8B,spider,,,
spider_546,Defog-Llama3-SQLCoder-8B,spider,,,
spider_547,Defog-Llama3-SQLCoder-8B,spider,,,
spider_548,Defog-Llama3-SQLCoder-8B,spider,,,
spider_549,Defog-Llama3-SQLCoder-8B,spider,,,
spider_550,Defog-Llama3-SQLCoder-8B,spider,,,
spider_551,Defog-Llama3-SQLCoder-8B,spider,,,
spider_552,Defog-Llama3-SQLCoder-8B,spider,,,
spider_553,Defog-Llama3-SQLCoder-8B,spider,,,
spider_554,Defog-Llama3-SQLCoder-8B,spider,,,
spider_555,Defog-Llama3-SQLCoder-8B,spider,,,
spider_556,Defog-Llama3-SQLCoder-8B,spider,,,
spider_557,Defog-Llama3-SQLCoder-8B,spider,,,
spider_558,Defog-Llama3-SQLCoder-8B,spider,,,
spider_559,Defog-Llama3-SQLCoder-8B,spider,,,
spider_560,Defog-Llama3-SQLCoder-8B,spider,,,
spider_561,Defog-Llama3-SQLCoder-8B,spider,,,
spider_562,Defog-Llama3-SQLCoder-8B,spider,,,
spider_563,Defog-Llama3-SQLCoder-8B,spider,,,
spider_564,Defog-Llama3-SQLCoder-8B,spider,,,
spider_565,Defog-Llama3-SQLCoder-8B,spider,,,
spider_566,Defog-Llama3-SQLCoder-8B,spider,,,
spider_567,Defog-Llama3-SQLCoder-8B,spider,,,
spider_568,Defog-Llama3-SQLCoder-8B,spider,,,
spider_569,Defog-Llama3-SQLCoder-8B,spider,,,
spider_570,Defog-Llama3-SQLCoder-8B,spider,,,
spider_571,Defog-Llama3-SQLCoder-8B,spider,,,
spider_572,Defog-Llama3-SQLCoder-8B,spider,,,
spider_573,Defog-Llama3-SQLCoder-8B,spider,,,
spider_574,Defog-Llama3-SQLCoder-8B,spider,,,
spider_575,Defog-Llama3-SQLCoder-8B,spider,,,
spider_576,Defog-Llama3-SQLCoder-8B,spider,,,
spider_577,Defog-Llama3-SQLCoder-8B,spider,,,
spider_578,Defog-Llama3-SQLCoder-8B,spider,,,
spider_579,Defog-Llama3-SQLCoder-8B,spider,,,
spider_580,Defog-Llama3-SQLCoder-8B,spider,,,
spider_581,Defog-Llama3-SQLCoder-8B,spider,,,
spider_582,Defog-Llama3-SQLCoder-8B,spider,,,
spider_583,Defog-Llama3-SQLCoder-8B,spider,,,
spider_584,Defog-Llama3-SQLCoder-8B,spider,,,
spider_585,Defog-Llama3-SQLCoder-8B,spider,,,
spider_586,Defog-Llama3-SQLCoder-8B,spider,,,
spider_587,Defog-Llama3-SQLCoder-8B,spider,,,
spider_588,Defog-Llama3-SQLCoder-8B,spider,,,
spider_589,Defog-Llama3-SQLCoder-8B,spider,,,
spider_590,Defog-Llama3-SQLCoder-8B,spider,,,
spider_591,Defog-Llama3-SQLCoder-8B,spider,,,
spider_592,Defog-Llama3-SQLCoder-8B,spider,,,
spider_593,Defog-Llama3-SQLCoder-8B,spider,,,
spider_594,Defog-Llama3-SQLCoder-8B,spider,,,
spider_595,Defog-Llama3-SQLCoder-8B,spider,,,
spider_596,Defog-Llama3-SQLCoder-8B,spider,,,
spider_597,Defog-Llama3-SQLCoder-8B,spider,,,
spider_598,Defog-Llama3-SQLCoder-8B,spider,,,
spider_599,Defog-Llama3-SQLCoder-8B,spider,,,
spider_600,Defog-Llama3-SQLCoder-8B,spider,,,
spider_601,Defog-Llama3-SQLCoder-8B,spider,,,
spider_602,Defog-Llama3-SQLCoder-8B,spider,,,
spider_603,Defog-Llama3-SQLCoder-8B,spider,,,
spider_604,Defog-Llama3-SQLCoder-8B,spider,,,
spider_605,Defog-Llama3-SQLCoder-8B,spider,,,
spider_606,Defog-Llama3-SQLCoder-8B,spider,,,
spider_607,Defog-Llama3-SQLCoder-8B,spider,,,
spider_608,Defog-Llama3-SQLCoder-8B,spider,,,
spider_609,Defog-Llama3-SQLCoder-8B,spider,,,
spider_610,Defog-Llama3-SQLCoder-8B,spider,,,
spider_611,Defog-Llama3-SQLCoder-8B,spider,,,
spider_612,Defog-Llama3-SQLCoder-8B,spider,,,
spider_613,Defog-Llama3-SQLCoder-8B,spider,,,
spider_614,Defog-Llama3-SQLCoder-8B,spider,,,
spider_615,Defog-Llama3-SQLCoder-8B,spider,,,
spider_616,Defog-Llama3-SQLCoder-8B,spider,,,
spider_617,Defog-Llama3-SQLCoder-8B,spider,,,
spider_618,Defog-Llama3-SQLCoder-8B,spider,,,
spider_619,Defog-Llama3-SQLCoder-8B,spider,,,
spider_620,Defog-Llama3-SQLCoder-8B,spider,,,
spider_621,Defog-Llama3-SQLCoder-8B,spider,,,
spider_622,Defog-Llama3-SQLCoder-8B,spider,,,
spider_623,Defog-Llama3-SQLCoder-8B,spider,,,
spider_624,Defog-Llama3-SQLCoder-8B,spider,,,
spider_625,Defog-Llama3-SQLCoder-8B,spider,,,
spider_626,Defog-Llama3-SQLCoder-8B,spider,,,
spider_627,Defog-Llama3-SQLCoder-8B,spider,,,
spider_628,Defog-Llama3-SQLCoder-8B,spider,,,
spider_629,Defog-Llama3-SQLCoder-8B,spider,,,
spider_630,Defog-Llama3-SQLCoder-8B,spider,,,
spider_631,Defog-Llama3-SQLCoder-8B,spider,,,
spider_632,Defog-Llama3-SQLCoder-8B,spider,,,
spider_633,Defog-Llama3-SQLCoder-8B,spider,,,
spider_634,Defog-Llama3-SQLCoder-8B,spider,,,
spider_635,Defog-Llama3-SQLCoder-8B,spider,,,
spider_636,Defog-Llama3-SQLCoder-8B,spider,,,
spider_637,Defog-Llama3-SQLCoder-8B,spider,,,
spider_638,Defog-Llama3-SQLCoder-8B,spider,,,
spider_639,Defog-Llama3-SQLCoder-8B,spider,,,
spider_640,Defog-Llama3-SQLCoder-8B,spider,,,
spider_641,Defog-Llama3-SQLCoder-8B,spider,,,
spider_642,Defog-Llama3-SQLCoder-8B,spider,,,
spider_643,Defog-Llama3-SQLCoder-8B,spider,,,
spider_644,Defog-Llama3-SQLCoder-8B,spider,,,
spider_645,Defog-Llama3-SQLCoder-8B,spider,,,
spider_646,Defog-Llama3-SQLCoder-8B,spider,,,
spider_647,Defog-Llama3-SQLCoder-8B,spider,,,
spider_648,Defog-Llama3-SQLCoder-8B,spider,,,
spider_649,Defog-Llama3-SQLCoder-8B,spider,,,
spider_650,Defog-Llama3-SQLCoder-8B,spider,,,
spider_651,Defog-Llama3-SQLCoder-8B,spider,,,
spider_652,Defog-Llama3-SQLCoder-8B,spider,,,
spider_653,Defog-Llama3-SQLCoder-8B,spider,,,
spider_654,Defog-Llama3-SQLCoder-8B,spider,,,
spider_655,Defog-Llama3-SQLCoder-8B,spider,,,
spider_656,Defog-Llama3-SQLCoder-8B,spider,,,
spider_657,Defog-Llama3-SQLCoder-8B,spider,,,
spider_658,Defog-Llama3-SQLCoder-8B,spider,,,
spider_659,Defog-Llama3-SQLCoder-8B,spider,,,
spider_660,Defog-Llama3-SQLCoder-8B,spider,,,
spider_661,Defog-Llama3-SQLCoder-8B,spider,,,
spider_662,Defog-Llama3-SQLCoder-8B,spider,,,
spider_663,Defog-Llama3-SQLCoder-8B,spider,,,
spider_664,Defog-Llama3-SQLCoder-8B,spider,,,
spider_665,Defog-Llama3-SQLCoder-8B,spider,,,
spider_666,Defog-Llama3-SQLCoder-8B,spider,,,
spider_667,Defog-Llama3-SQLCoder-8B,spider,,,
spider_668,Defog-Llama3-SQLCoder-8B,spider,,,
spider_669,Defog-Llama3-SQLCoder-8B,spider,,,
spider_670,Defog-Llama3-SQLCoder-8B,spider,,,
spider_671,Defog-Llama3-SQLCoder-8B,spider,,,
spider_672,Defog-Llama3-SQLCoder-8B,spider,,,
spider_673,Defog-Llama3-SQLCoder-8B,spider,,,
spider_674,Defog-Llama3-SQLCoder-8B,spider,,,
spider_675,Defog-Llama3-SQLCoder-8B,spider,,,
spider_676,Defog-Llama3-SQLCoder-8B,spider,,,
spider_677,Defog-Llama3-SQLCoder-8B,spider,,,
spider_678,Defog-Llama3-SQLCoder-8B,spider,,,
spider_679,Defog-Llama3-SQLCoder-8B,spider,,,
spider_680,Defog-Llama3-SQLCoder-8B,spider,,,
spider_681,Defog-Llama3-SQLCoder-8B,spider,,,
spider_682,Defog-Llama3-SQLCoder-8B,spider,,,
spider_683,Defog-Llama3-SQLCoder-8B,spider,,,
spider_684,Defog-Llama3-SQLCoder-8B,spider,,,
spider_685,Defog-Llama3-SQLCoder-8B,spider,,,
spider_686,Defog-Llama3-SQLCoder-8B,spider,,,
spider_687,Defog-Llama3-SQLCoder-8B,spider,,,
spider_688,Defog-Llama3-SQLCoder-8B,spider,,,
spider_689,Defog-Llama3-SQLCoder-8B,spider,,,
spider_690,Defog-Llama3-SQLCoder-8B,spider,,,
spider_691,Defog-Llama3-SQLCoder-8B,spider,,,
spider_692,Defog-Llama3-SQLCoder-8B,spider,,,
spider_693,Defog-Llama3-SQLCoder-8B,spider,,,
spider_694,Defog-Llama3-SQLCoder-8B,spider,,,
spider_695,Defog-Llama3-SQLCoder-8B,spider,,,
spider_696,Defog-Llama3-SQLCoder-8B,spider,,,
spider_697,Defog-Llama3-SQLCoder-8B,spider,,,
spider_698,Defog-Llama3-SQLCoder-8B,spider,,,
spider_699,Defog-Llama3-SQLCoder-8B,spider,,,
spider_700,Defog-Llama3-SQLCoder-8B,spider,,,
spider_701,Defog-Llama3-SQLCoder-8B,spider,,,
spider_702,Defog-Llama3-SQLCoder-8B,spider,,,
spider_703,Defog-Llama3-SQLCoder-8B,spider,,,
spider_704,Defog-Llama3-SQLCoder-8B,spider,,,
spider_705,Defog-Llama3-SQLCoder-8B,spider,,,
spider_706,Defog-Llama3-SQLCoder-8B,spider,,,
spider_707,Defog-Llama3-SQLCoder-8B,spider,,,
spider_708,Defog-Llama3-SQLCoder-8B,spider,,,
spider_709,Defog-Llama3-SQLCoder-8B,spider,,,
spider_710,Defog-Llama3-SQLCoder-8B,spider,,,
spider_711,Defog-Llama3-SQLCoder-8B,spider,,,
spider_712,Defog-Llama3-SQLCoder-8B,spider,,,
spider_713,Defog-Llama3-SQLCoder-8B,spider,,,
spider_714,Defog-Llama3-SQLCoder-8B,spider,,,
spider_715,Defog-Llama3-SQLCoder-8B,spider,,,
spider_716,Defog-Llama3-SQLCoder-8B,spider,,,
spider_717,Defog-Llama3-SQLCoder-8B,spider,,,
spider_718,Defog-Llama3-SQLCoder-8B,spider,,,
spider_719,Defog-Llama3-SQLCoder-8B,spider,,,
spider_720,Defog-Llama3-SQLCoder-8B,spider,,,
spider_721,Defog-Llama3-SQLCoder-8B,spider,,,
spider_722,Defog-Llama3-SQLCoder-8B,spider,,,
spider_723,Defog-Llama3-SQLCoder-8B,spider,,,
spider_724,Defog-Llama3-SQLCoder-8B,spider,,,
spider_725,Defog-Llama3-SQLCoder-8B,spider,,,
spider_726,Defog-Llama3-SQLCoder-8B,spider,,,
spider_727,Defog-Llama3-SQLCoder-8B,spider,,,
spider_728,Defog-Llama3-SQLCoder-8B,spider,,,
spider_729,Defog-Llama3-SQLCoder-8B,spider,,,
spider_730,Defog-Llama3-SQLCoder-8B,spider,,,
spider_731,Defog-Llama3-SQLCoder-8B,spider,,,
spider_732,Defog-Llama3-SQLCoder-8B,spider,,,
spider_733,Defog-Llama3-SQLCoder-8B,spider,,,
spider_734,Defog-Llama3-SQLCoder-8B,spider,,,
spider_735,Defog-Llama3-SQLCoder-8B,spider,,,
spider_736,Defog-Llama3-SQLCoder-8B,spider,,,
spider_737,Defog-Llama3-SQLCoder-8B,spider,,,
spider_738,Defog-Llama3-SQLCoder-8B,spider,,,
spider_739,Defog-Llama3-SQLCoder-8B,spider,,,
spider_740,Defog-Llama3-SQLCoder-8B,spider,,,
spider_741,Defog-Llama3-SQLCoder-8B,spider,,,
spider_742,Defog-Llama3-SQLCoder-8B,spider,,,
spider_743,Defog-Llama3-SQLCoder-8B,spider,,,
spider_744,Defog-Llama3-SQLCoder-8B,spider,,,
spider_745,Defog-Llama3-SQLCoder-8B,spider,,,
spider_746,Defog-Llama3-SQLCoder-8B,spider,,,
spider_747,Defog-Llama3-SQLCoder-8B,spider,,,
spider_748,Defog-Llama3-SQLCoder-8B,spider,,,
spider_749,Defog-Llama3-SQLCoder-8B,spider,,,
spider_750,Defog-Llama3-SQLCoder-8B,spider,,,
spider_751,Defog-Llama3-SQLCoder-8B,spider,,,
spider_752,Defog-Llama3-SQLCoder-8B,spider,,,
spider_753,Defog-Llama3-SQLCoder-8B,spider,,,
spider_754,Defog-Llama3-SQLCoder-8B,spider,,,
spider_755,Defog-Llama3-SQLCoder-8B,spider,,,
spider_756,Defog-Llama3-SQLCoder-8B,spider,,,
spider_757,Defog-Llama3-SQLCoder-8B,spider,,,
spider_758,Defog-Llama3-SQLCoder-8B,spider,,,
spider_759,Defog-Llama3-SQLCoder-8B,spider,,,
spider_760,Defog-Llama3-SQLCoder-8B,spider,,,
spider_761,Defog-Llama3-SQLCoder-8B,spider,,,
spider_762,Defog-Llama3-SQLCoder-8B,spider,,,
spider_763,Defog-Llama3-SQLCoder-8B,spider,,,
spider_764,Defog-Llama3-SQLCoder-8B,spider,,,
spider_765,Defog-Llama3-SQLCoder-8B,spider,,,
spider_766,Defog-Llama3-SQLCoder-8B,spider,,,
spider_767,Defog-Llama3-SQLCoder-8B,spider,,,
spider_768,Defog-Llama3-SQLCoder-8B,spider,,,
spider_769,Defog-Llama3-SQLCoder-8B,spider,,,
spider_770,Defog-Llama3-SQLCoder-8B,spider,,,
spider_771,Defog-Llama3-SQLCoder-8B,spider,,,
spider_772,Defog-Llama3-SQLCoder-8B,spider,,,
spider_773,Defog-Llama3-SQLCoder-8B,spider,,,
spider_774,Defog-Llama3-SQLCoder-8B,spider,,,
spider_775,Defog-Llama3-SQLCoder-8B,spider,,,
spider_776,Defog-Llama3-SQLCoder-8B,spider,,,
spider_777,Defog-Llama3-SQLCoder-8B,spider,,,
spider_778,Defog-Llama3-SQLCoder-8B,spider,,,
spider_779,Defog-Llama3-SQLCoder-8B,spider,,,
spider_780,Defog-Llama3-SQLCoder-8B,spider,,,
spider_781,Defog-Llama3-SQLCoder-8B,spider,,,
spider_782,Defog-Llama3-SQLCoder-8B,spider,,,
spider_783,Defog-Llama3-SQLCoder-8B,spider,,,
spider_784,Defog-Llama3-SQLCoder-8B,spider,,,
spider_785,Defog-Llama3-SQLCoder-8B,spider,,,
spider_786,Defog-Llama3-SQLCoder-8B,spider,,,
spider_787,Defog-Llama3-SQLCoder-8B,spider,,,
spider_788,Defog-Llama3-SQLCoder-8B,spider,,,
spider_789,Defog-Llama3-SQLCoder-8B,spider,,,
spider_790,Defog-Llama3-SQLCoder-8B,spider,,,
spider_791,Defog-Llama3-SQLCoder-8B,spider,,,
spider_792,Defog-Llama3-SQLCoder-8B,spider,,,
spider_793,Defog-Llama3-SQLCoder-8B,spider,,,
spider_794,Defog-Llama3-SQLCoder-8B,spider,,,
spider_795,Defog-Llama3-SQLCoder-8B,spider,,,
spider_796,Defog-Llama3-SQLCoder-8B,spider,,,
spider_797,Defog-Llama3-SQLCoder-8B,spider,,,
spider_798,Defog-Llama3-SQLCoder-8B,spider,,,
spider_799,Defog-Llama3-SQLCoder-8B,spider,,,
spider_800,Defog-Llama3-SQLCoder-8B,spider,,,
spider_801,Defog-Llama3-SQLCoder-8B,spider,,,
spider_802,Defog-Llama3-SQLCoder-8B,spider,,,
spider_803,Defog-Llama3-SQLCoder-8B,spider,,,
spider_804,Defog-Llama3-SQLCoder-8B,spider,,,
spider_805,Defog-Llama3-SQLCoder-8B,spider,,,
spider_806,Defog-Llama3-SQLCoder-8B,spider,,,
spider_807,Defog-Llama3-SQLCoder-8B,spider,,,
spider_808,Defog-Llama3-SQLCoder-8B,spider,,,
spider_809,Defog-Llama3-SQLCoder-8B,spider,,,
spider_810,Defog-Llama3-SQLCoder-8B,spider,,,
spider_811,Defog-Llama3-SQLCoder-8B,spider,,,
spider_812,Defog-Llama3-SQLCoder-8B,spider,,,
spider_813,Defog-Llama3-SQLCoder-8B,spider,,,
spider_814,Defog-Llama3-SQLCoder-8B,spider,,,
spider_815,Defog-Llama3-SQLCoder-8B,spider,,,
spider_816,Defog-Llama3-SQLCoder-8B,spider,,,
spider_817,Defog-Llama3-SQLCoder-8B,spider,,,
spider_818,Defog-Llama3-SQLCoder-8B,spider,,,
spider_819,Defog-Llama3-SQLCoder-8B,spider,,,
spider_820,Defog-Llama3-SQLCoder-8B,spider,,,
spider_821,Defog-Llama3-SQLCoder-8B,spider,,,
spider_822,Defog-Llama3-SQLCoder-8B,spider,,,
spider_823,Defog-Llama3-SQLCoder-8B,spider,,,
spider_824,Defog-Llama3-SQLCoder-8B,spider,,,
spider_825,Defog-Llama3-SQLCoder-8B,spider,,,
spider_826,Defog-Llama3-SQLCoder-8B,spider,,,
spider_827,Defog-Llama3-SQLCoder-8B,spider,,,
spider_828,Defog-Llama3-SQLCoder-8B,spider,,,
spider_829,Defog-Llama3-SQLCoder-8B,spider,,,
spider_830,Defog-Llama3-SQLCoder-8B,spider,,,
spider_831,Defog-Llama3-SQLCoder-8B,spider,,,
spider_832,Defog-Llama3-SQLCoder-8B,spider,,,
spider_833,Defog-Llama3-SQLCoder-8B,spider,,,
spider_834,Defog-Llama3-SQLCoder-8B,spider,,,
spider_835,Defog-Llama3-SQLCoder-8B,spider,,,
spider_836,Defog-Llama3-SQLCoder-8B,spider,,,
spider_837,Defog-Llama3-SQLCoder-8B,spider,,,
spider_838,Defog-Llama3-SQLCoder-8B,spider,,,
spider_839,Defog-Llama3-SQLCoder-8B,spider,,,
spider_840,Defog-Llama3-SQLCoder-8B,spider,,,
spider_841,Defog-Llama3-SQLCoder-8B,spider,,,
spider_842,Defog-Llama3-SQLCoder-8B,spider,,,
spider_843,Defog-Llama3-SQLCoder-8B,spider,,,
spider_844,Defog-Llama3-SQLCoder-8B,spider,,,
spider_845,Defog-Llama3-SQLCoder-8B,spider,,,
spider_846,Defog-Llama3-SQLCoder-8B,spider,,,
spider_847,Defog-Llama3-SQLCoder-8B,spider,,,
spider_848,Defog-Llama3-SQLCoder-8B,spider,,,
spider_849,Defog-Llama3-SQLCoder-8B,spider,,,
spider_850,Defog-Llama3-SQLCoder-8B,spider,,,
spider_851,Defog-Llama3-SQLCoder-8B,spider,,,
spider_852,Defog-Llama3-SQLCoder-8B,spider,,,
spider_853,Defog-Llama3-SQLCoder-8B,spider,,,
spider_854,Defog-Llama3-SQLCoder-8B,spider,,,
spider_855,Defog-Llama3-SQLCoder-8B,spider,,,
spider_856,Defog-Llama3-SQLCoder-8B,spider,,,
spider_857,Defog-Llama3-SQLCoder-8B,spider,,,
spider_858,Defog-Llama3-SQLCoder-8B,spider,,,
spider_859,Defog-Llama3-SQLCoder-8B,spider,,,
spider_860,Defog-Llama3-SQLCoder-8B,spider,,,
spider_861,Defog-Llama3-SQLCoder-8B,spider,,,
spider_862,Defog-Llama3-SQLCoder-8B,spider,,,
spider_863,Defog-Llama3-SQLCoder-8B,spider,,,
spider_864,Defog-Llama3-SQLCoder-8B,spider,,,
spider_865,Defog-Llama3-SQLCoder-8B,spider,,,
spider_866,Defog-Llama3-SQLCoder-8B,spider,,,
spider_867,Defog-Llama3-SQLCoder-8B,spider,,,
spider_868,Defog-Llama3-SQLCoder-8B,spider,,,
spider_869,Defog-Llama3-SQLCoder-8B,spider,,,
spider_870,Defog-Llama3-SQLCoder-8B,spider,,,
spider_871,Defog-Llama3-SQLCoder-8B,spider,,,
spider_872,Defog-Llama3-SQLCoder-8B,spider,,,
spider_873,Defog-Llama3-SQLCoder-8B,spider,,,
spider_874,Defog-Llama3-SQLCoder-8B,spider,,,
spider_875,Defog-Llama3-SQLCoder-8B,spider,,,
spider_876,Defog-Llama3-SQLCoder-8B,spider,,,
spider_877,Defog-Llama3-SQLCoder-8B,spider,,,
spider_878,Defog-Llama3-SQLCoder-8B,spider,,,
spider_879,Defog-Llama3-SQLCoder-8B,spider,,,
spider_880,Defog-Llama3-SQLCoder-8B,spider,,,
spider_881,Defog-Llama3-SQLCoder-8B,spider,,,
spider_882,Defog-Llama3-SQLCoder-8B,spider,,,
spider_883,Defog-Llama3-SQLCoder-8B,spider,,,
spider_884,Defog-Llama3-SQLCoder-8B,spider,,,
spider_885,Defog-Llama3-SQLCoder-8B,spider,,,
spider_886,Defog-Llama3-SQLCoder-8B,spider,,,
spider_887,Defog-Llama3-SQLCoder-8B,spider,,,
spider_888,Defog-Llama3-SQLCoder-8B,spider,,,
spider_889,Defog-Llama3-SQLCoder-8B,spider,,,
spider_890,Defog-Llama3-SQLCoder-8B,spider,,,
spider_891,Defog-Llama3-SQLCoder-8B,spider,,,
spider_892,Defog-Llama3-SQLCoder-8B,spider,,,
spider_893,Defog-Llama3-SQLCoder-8B,spider,,,
spider_894,Defog-Llama3-SQLCoder-8B,spider,,,
spider_895,Defog-Llama3-SQLCoder-8B,spider,,,
spider_896,Defog-Llama3-SQLCoder-8B,spider,,,
spider_897,Defog-Llama3-SQLCoder-8B,spider,,,
spider_898,Defog-Llama3-SQLCoder-8B,spider,,,
spider_899,Defog-Llama3-SQLCoder-8B,spider,,,
spider_900,Defog-Llama3-SQLCoder-8B,spider,,,
spider_901,Defog-Llama3-SQLCoder-8B,spider,,,
spider_902,Defog-Llama3-SQLCoder-8B,spider,,,
spider_903,Defog-Llama3-SQLCoder-8B,spider,,,
spider_904,Defog-Llama3-SQLCoder-8B,spider,,,
spider_905,Defog-Llama3-SQLCoder-8B,spider,,,
spider_906,Defog-Llama3-SQLCoder-8B,spider,,,
spider_907,Defog-Llama3-SQLCoder-8B,spider,,,
spider_908,Defog-Llama3-SQLCoder-8B,spider,,,
spider_909,Defog-Llama3-SQLCoder-8B,spider,,,
spider_910,Defog-Llama3-SQLCoder-8B,spider,,,
spider_911,Defog-Llama3-SQLCoder-8B,spider,,,
spider_912,Defog-Llama3-SQLCoder-8B,spider,,,
spider_913,Defog-Llama3-SQLCoder-8B,spider,,,
spider_914,Defog-Llama3-SQLCoder-8B,spider,,,
spider_915,Defog-Llama3-SQLCoder-8B,spider,,,
spider_916,Defog-Llama3-SQLCoder-8B,spider,,,
spider_917,Defog-Llama3-SQLCoder-8B,spider,,,
spider_918,Defog-Llama3-SQLCoder-8B,spider,,,
spider_919,Defog-Llama3-SQLCoder-8B,spider,,,
spider_920,Defog-Llama3-SQLCoder-8B,spider,,,
spider_921,Defog-Llama3-SQLCoder-8B,spider,,,
spider_922,Defog-Llama3-SQLCoder-8B,spider,,,
spider_923,Defog-Llama3-SQLCoder-8B,spider,,,
spider_924,Defog-Llama3-SQLCoder-8B,spider,,,
spider_925,Defog-Llama3-SQLCoder-8B,spider,,,
spider_926,Defog-Llama3-SQLCoder-8B,spider,,,
spider_927,Defog-Llama3-SQLCoder-8B,spider,,,
spider_928,Defog-Llama3-SQLCoder-8B,spider,,,
spider_929,Defog-Llama3-SQLCoder-8B,spider,,,
spider_930,Defog-Llama3-SQLCoder-8B,spider,,,
spider_931,Defog-Llama3-SQLCoder-8B,spider,,,
spider_932,Defog-Llama3-SQLCoder-8B,spider,,,
spider_933,Defog-Llama3-SQLCoder-8B,spider,,,
spider_934,Defog-Llama3-SQLCoder-8B,spider,,,
spider_935,Defog-Llama3-SQLCoder-8B,spider,,,
spider_936,Defog-Llama3-SQLCoder-8B,spider,,,
spider_937,Defog-Llama3-SQLCoder-8B,spider,,,
spider_938,Defog-Llama3-SQLCoder-8B,spider,,,
spider_939,Defog-Llama3-SQLCoder-8B,spider,,,
spider_940,Defog-Llama3-SQLCoder-8B,spider,,,
spider_941,Defog-Llama3-SQLCoder-8B,spider,,,
spider_942,Defog-Llama3-SQLCoder-8B,spider,,,
spider_943,Defog-Llama3-SQLCoder-8B,spider,,,
spider_944,Defog-Llama3-SQLCoder-8B,spider,,,
spider_945,Defog-Llama3-SQLCoder-8B,spider,,,
spider_946,Defog-Llama3-SQLCoder-8B,spider,,,
spider_947,Defog-Llama3-SQLCoder-8B,spider,,,
spider_948,Defog-Llama3-SQLCoder-8B,spider,,,
spider_949,Defog-Llama3-SQLCoder-8B,spider,,,
spider_950,Defog-Llama3-SQLCoder-8B,spider,,,
spider_951,Defog-Llama3-SQLCoder-8B,spider,,,
spider_952,Defog-Llama3-SQLCoder-8B,spider,,,
spider_953,Defog-Llama3-SQLCoder-8B,spider,,,
spider_954,Defog-Llama3-SQLCoder-8B,spider,,,
spider_955,Defog-Llama3-SQLCoder-8B,spider,,,
spider_956,Defog-Llama3-SQLCoder-8B,spider,,,
spider_957,Defog-Llama3-SQLCoder-8B,spider,,,
spider_958,Defog-Llama3-SQLCoder-8B,spider,,,
spider_959,Defog-Llama3-SQLCoder-8B,spider,,,
spider_960,Defog-Llama3-SQLCoder-8B,spider,,,
spider_961,Defog-Llama3-SQLCoder-8B,spider,,,
spider_962,Defog-Llama3-SQLCoder-8B,spider,,,
spider_963,Defog-Llama3-SQLCoder-8B,spider,,,
spider_964,Defog-Llama3-SQLCoder-8B,spider,,,
spider_965,Defog-Llama3-SQLCoder-8B,spider,,,
spider_966,Defog-Llama3-SQLCoder-8B,spider,,,
spider_967,Defog-Llama3-SQLCoder-8B,spider,,,
spider_968,Defog-Llama3-SQLCoder-8B,spider,,,
spider_969,Defog-Llama3-SQLCoder-8B,spider,,,
spider_970,Defog-Llama3-SQLCoder-8B,spider,,,
spider_971,Defog-Llama3-SQLCoder-8B,spider,,,
spider_972,Defog-Llama3-SQLCoder-8B,spider,,,
spider_973,Defog-Llama3-SQLCoder-8B,spider,,,
spider_974,Defog-Llama3-SQLCoder-8B,spider,,,
spider_975,Defog-Llama3-SQLCoder-8B,spider,,,
spider_976,Defog-Llama3-SQLCoder-8B,spider,,,
spider_977,Defog-Llama3-SQLCoder-8B,spider,,,
spider_978,Defog-Llama3-SQLCoder-8B,spider,,,
spider_979,Defog-Llama3-SQLCoder-8B,spider,,,
spider_980,Defog-Llama3-SQLCoder-8B,spider,,,
spider_981,Defog-Llama3-SQLCoder-8B,spider,,,
spider_982,Defog-Llama3-SQLCoder-8B,spider,,,
spider_983,Defog-Llama3-SQLCoder-8B,spider,,,
spider_984,Defog-Llama3-SQLCoder-8B,spider,,,
spider_985,Defog-Llama3-SQLCoder-8B,spider,,,
spider_986,Defog-Llama3-SQLCoder-8B,spider,,,
spider_987,Defog-Llama3-SQLCoder-8B,spider,,,
spider_988,Defog-Llama3-SQLCoder-8B,spider,,,
spider_989,Defog-Llama3-SQLCoder-8B,spider,,,
spider_990,Defog-Llama3-SQLCoder-8B,spider,,,
spider_991,Defog-Llama3-SQLCoder-8B,spider,,,
spider_992,Defog-Llama3-SQLCoder-8B,spider,,,
spider_993,Defog-Llama3-SQLCoder-8B,spider,,,
spider_994,Defog-Llama3-SQLCoder-8B,spider,,,
spider_995,Defog-Llama3-SQLCoder-8B,spider,,,
spider_996,Defog-Llama3-SQLCoder-8B,spider,,,
spider_997,Defog-Llama3-SQLCoder-8B,spider,,,
spider_998,Defog-Llama3-SQLCoder-8B,spider,,,
spider_999,Defog-Llama3-SQLCoder-8B,spider,,,
spider_1000,Defog-Llama3-SQLCoder-8B,spider,,,
spider_1001,Defog-Llama3-SQLCoder-8B,spider,,,
spider_1002,Defog-Llama3-SQLCoder-8B,spider,,,
spider_1003,Defog-Llama3-SQLCoder-8B,spider,,,
spider_1004,Defog-Llama3-SQLCoder-8B,spider,,,
spider_1005,Defog-Llama3-SQLCoder-8B,spider,,,
spider_1006,Defog-Llama3-SQLCoder-8B,spider,,,
spider_1007,Defog-Llama3-SQLCoder-8B,spider,,,
spider_1008,Defog-Llama3-SQLCoder-8B,spider,,,
spider_1009,Defog-Llama3-SQLCoder-8B,spider,,,
spider_1010,Defog-Llama3-SQLCoder-8B,spider,,,
spider_1011,Defog-Llama3-SQLCoder-8B,spider,,,
spider_1012,Defog-Llama3-SQLCoder-8B,spider,,,
spider_1013,Defog-Llama3-SQLCoder-8B,spider,,,
spider_1014,Defog-Llama3-SQLCoder-8B,spider,,,
spider_1015,Defog-Llama3-SQLCoder-8B,spider,,,
spider_1016,Defog-Llama3-SQLCoder-8B,spider,,,
spider_1017,Defog-Llama3-SQLCoder-8B,spider,,,
spider_1018,Defog-Llama3-SQLCoder-8B,spider,,,
spider_1019,Defog-Llama3-SQLCoder-8B,spider,,,
spider_1020,Defog-Llama3-SQLCoder-8B,spider,,,
spider_1021,Defog-Llama3-SQLCoder-8B,spider,,,
spider_1022,Defog-Llama3-SQLCoder-8B,spider,,,
spider_1023,Defog-Llama3-SQLCoder-8B,spider,,,
spider_1024,Defog-Llama3-SQLCoder-8B,spider,,,
spider_1025,Defog-Llama3-SQLCoder-8B,spider,,,
spider_1026,Defog-Llama3-SQLCoder-8B,spider,,,
spider_1027,Defog-Llama3-SQLCoder-8B,spider,,,
spider_1028,Defog-Llama3-SQLCoder-8B,spider,,,
spider_1029,Defog-Llama3-SQLCoder-8B,spider,,,
spider_1030,Defog-Llama3-SQLCoder-8B,spider,,,
spider_1031,Defog-Llama3-SQLCoder-8B,spider,,,
spider_1032,Defog-Llama3-SQLCoder-8B,spider,,,
spider_1033,Defog-Llama3-SQLCoder-8B,spider,,,
bird_0,Hrida-T2SQL,bird,,,
bird_1,Hrida-T2SQL,bird,,,
bird_2,Hrida-T2SQL,bird,,,
bird_3,Hrida-T2SQL,bird,,,
bird_4,Hrida-T2SQL,bird,,,
bird_5,Hrida-T2SQL,bird,,,
bird_6,Hrida-T2SQL,bird,,,
bird_7,Hrida-T2SQL,bird,,,
bird_8,Hrida-T2SQL,bird,,,
bird_9,Hrida-T2SQL,bird,,,
bird_10,Hrida-T2SQL,bird,,,
bird_11,Hrida-T2SQL,bird,,,
bird_12,Hrida-T2SQL,bird,,,
bird_13,Hrida-T2SQL,bird,,,
bird_14,Hrida-T2SQL,bird,,,
bird_15,Hrida-T2SQL,bird,,,
bird_16,Hrida-T2SQL,bird,,,
bird_17,Hrida-T2SQL,bird,,,
bird_18,Hrida-T2SQL,bird,,,
bird_19,Hrida-T2SQL,bird,,,
bird_20,Hrida-T2SQL,bird,,,
bird_21,Hrida-T2SQL,bird,,,
bird_22,Hrida-T2SQL,bird,,,
bird_23,Hrida-T2SQL,bird,,,
bird_24,Hrida-T2SQL,bird,,,
bird_25,Hrida-T2SQL,bird,,,
bird_26,Hrida-T2SQL,bird,,,
bird_27,Hrida-T2SQL,bird,,,
bird_28,Hrida-T2SQL,bird,,,
bird_29,Hrida-T2SQL,bird,,,
bird_30,Hrida-T2SQL,bird,,,
bird_31,Hrida-T2SQL,bird,,,
bird_32,Hrida-T2SQL,bird,,,
bird_33,Hrida-T2SQL,bird,,,
bird_34,Hrida-T2SQL,bird,,,
bird_35,Hrida-T2SQL,bird,,,
bird_36,Hrida-T2SQL,bird,,,
bird_37,Hrida-T2SQL,bird,,,
bird_38,Hrida-T2SQL,bird,,,
bird_39,Hrida-T2SQL,bird,,,
bird_40,Hrida-T2SQL,bird,,,
bird_41,Hrida-T2SQL,bird,,,
bird_42,Hrida-T2SQL,bird,,,
bird_43,Hrida-T2SQL,bird,,,
bird_44,Hrida-T2SQL,bird,,,
bird_45,Hrida-T2SQL,bird,,,
bird_46,Hrida-T2SQL,bird,,,
bird_47,Hrida-T2SQL,bird,,,
bird_48,Hrida-T2SQL,bird,,,
bird_49,Hrida-T2SQL,bird,,,
bird_50,Hrida-T2SQL,bird,,,
bird_51,Hrida-T2SQL,bird,,,
bird_52,Hrida-T2SQL,bird,,,
bird_53,Hrida-T2SQL,bird,,,
bird_54,Hrida-T2SQL,bird,,,
bird_55,Hrida-T2SQL,bird,,,
bird_56,Hrida-T2SQL,bird,,,
bird_57,Hrida-T2SQL,bird,,,
bird_58,Hrida-T2SQL,bird,,,
bird_59,Hrida-T2SQL,bird,,,
bird_60,Hrida-T2SQL,bird,,,
bird_61,Hrida-T2SQL,bird,,,
bird_62,Hrida-T2SQL,bird,,,
bird_63,Hrida-T2SQL,bird,,,
bird_64,Hrida-T2SQL,bird,,,
bird_65,Hrida-T2SQL,bird,,,
bird_66,Hrida-T2SQL,bird,,,
bird_67,Hrida-T2SQL,bird,,,
bird_68,Hrida-T2SQL,bird,,,
bird_69,Hrida-T2SQL,bird,,,
bird_70,Hrida-T2SQL,bird,,,
bird_71,Hrida-T2SQL,bird,,,
bird_72,Hrida-T2SQL,bird,,,
bird_73,Hrida-T2SQL,bird,,,
bird_74,Hrida-T2SQL,bird,,,
bird_75,Hrida-T2SQL,bird,,,
bird_76,Hrida-T2SQL,bird,,,
bird_77,Hrida-T2SQL,bird,,,
bird_78,Hrida-T2SQL,bird,,,
bird_79,Hrida-T2SQL,bird,,,
bird_80,Hrida-T2SQL,bird,,,
bird_81,Hrida-T2SQL,bird,,,
bird_82,Hrida-T2SQL,bird,,,
bird_83,Hrida-T2SQL,bird,,,
bird_84,Hrida-T2SQL,bird,,,
bird_85,Hrida-T2SQL,bird,,,
bird_86,Hrida-T2SQL,bird,,,
bird_87,Hrida-T2SQL,bird,,,
bird_88,Hrida-T2SQL,bird,,,
bird_89,Hrida-T2SQL,bird,,,
bird_90,Hrida-T2SQL,bird,,,
bird_91,Hrida-T2SQL,bird,,,
bird_92,Hrida-T2SQL,bird,,,
bird_93,Hrida-T2SQL,bird,,,
bird_94,Hrida-T2SQL,bird,,,
bird_95,Hrida-T2SQL,bird,,,
bird_96,Hrida-T2SQL,bird,,,
bird_97,Hrida-T2SQL,bird,,,
bird_98,Hrida-T2SQL,bird,,,
bird_99,Hrida-T2SQL,bird,,,
bird_100,Hrida-T2SQL,bird,,,
bird_101,Hrida-T2SQL,bird,,,
bird_102,Hrida-T2SQL,bird,,,
bird_103,Hrida-T2SQL,bird,,,
bird_104,Hrida-T2SQL,bird,,,
bird_105,Hrida-T2SQL,bird,,,
bird_106,Hrida-T2SQL,bird,,,
bird_107,Hrida-T2SQL,bird,,,
bird_108,Hrida-T2SQL,bird,,,
bird_109,Hrida-T2SQL,bird,,,
bird_110,Hrida-T2SQL,bird,,,
bird_111,Hrida-T2SQL,bird,,,
bird_112,Hrida-T2SQL,bird,,,
bird_113,Hrida-T2SQL,bird,,,
bird_114,Hrida-T2SQL,bird,,,
bird_115,Hrida-T2SQL,bird,,,
bird_116,Hrida-T2SQL,bird,,,
bird_117,Hrida-T2SQL,bird,,,
bird_118,Hrida-T2SQL,bird,,,
bird_119,Hrida-T2SQL,bird,,,
bird_120,Hrida-T2SQL,bird,,,
bird_121,Hrida-T2SQL,bird,,,
bird_122,Hrida-T2SQL,bird,,,
bird_123,Hrida-T2SQL,bird,,,
bird_124,Hrida-T2SQL,bird,,,
bird_125,Hrida-T2SQL,bird,,,
bird_126,Hrida-T2SQL,bird,,,
bird_127,Hrida-T2SQL,bird,,,
bird_128,Hrida-T2SQL,bird,,,
bird_129,Hrida-T2SQL,bird,,,
bird_130,Hrida-T2SQL,bird,,,
bird_131,Hrida-T2SQL,bird,,,
bird_132,Hrida-T2SQL,bird,,,
bird_133,Hrida-T2SQL,bird,,,
bird_134,Hrida-T2SQL,bird,,,
bird_135,Hrida-T2SQL,bird,,,
bird_136,Hrida-T2SQL,bird,,,
bird_137,Hrida-T2SQL,bird,,,
bird_138,Hrida-T2SQL,bird,,,
bird_139,Hrida-T2SQL,bird,,,
bird_140,Hrida-T2SQL,bird,,,
bird_141,Hrida-T2SQL,bird,,,
bird_142,Hrida-T2SQL,bird,,,
bird_143,Hrida-T2SQL,bird,,,
bird_144,Hrida-T2SQL,bird,,,
bird_145,Hrida-T2SQL,bird,,,
bird_146,Hrida-T2SQL,bird,,,
bird_147,Hrida-T2SQL,bird,,,
bird_148,Hrida-T2SQL,bird,,,
bird_149,Hrida-T2SQL,bird,,,
bird_150,Hrida-T2SQL,bird,,,
bird_151,Hrida-T2SQL,bird,,,
bird_152,Hrida-T2SQL,bird,,,
bird_153,Hrida-T2SQL,bird,,,
bird_154,Hrida-T2SQL,bird,,,
bird_155,Hrida-T2SQL,bird,,,
bird_156,Hrida-T2SQL,bird,,,
bird_157,Hrida-T2SQL,bird,,,
bird_158,Hrida-T2SQL,bird,,,
bird_159,Hrida-T2SQL,bird,,,
bird_160,Hrida-T2SQL,bird,,,
bird_161,Hrida-T2SQL,bird,,,
bird_162,Hrida-T2SQL,bird,,,
bird_163,Hrida-T2SQL,bird,,,
bird_164,Hrida-T2SQL,bird,,,
bird_165,Hrida-T2SQL,bird,,,
bird_166,Hrida-T2SQL,bird,,,
bird_167,Hrida-T2SQL,bird,,,
bird_168,Hrida-T2SQL,bird,,,
bird_169,Hrida-T2SQL,bird,,,
bird_170,Hrida-T2SQL,bird,,,
bird_171,Hrida-T2SQL,bird,,,
bird_172,Hrida-T2SQL,bird,,,
bird_173,Hrida-T2SQL,bird,,,
bird_174,Hrida-T2SQL,bird,,,
bird_175,Hrida-T2SQL,bird,,,
bird_176,Hrida-T2SQL,bird,,,
bird_177,Hrida-T2SQL,bird,,,
bird_178,Hrida-T2SQL,bird,,,
bird_179,Hrida-T2SQL,bird,,,
bird_180,Hrida-T2SQL,bird,,,
bird_181,Hrida-T2SQL,bird,,,
bird_182,Hrida-T2SQL,bird,,,
bird_183,Hrida-T2SQL,bird,,,
bird_184,Hrida-T2SQL,bird,,,
bird_185,Hrida-T2SQL,bird,,,
bird_186,Hrida-T2SQL,bird,,,
bird_187,Hrida-T2SQL,bird,,,
bird_188,Hrida-T2SQL,bird,,,
bird_189,Hrida-T2SQL,bird,,,
bird_190,Hrida-T2SQL,bird,,,
bird_191,Hrida-T2SQL,bird,,,
bird_192,Hrida-T2SQL,bird,,,
bird_193,Hrida-T2SQL,bird,,,
bird_194,Hrida-T2SQL,bird,,,
bird_195,Hrida-T2SQL,bird,,,
bird_196,Hrida-T2SQL,bird,,,
bird_197,Hrida-T2SQL,bird,,,
bird_198,Hrida-T2SQL,bird,,,
bird_199,Hrida-T2SQL,bird,,,
bird_200,Hrida-T2SQL,bird,,,
bird_201,Hrida-T2SQL,bird,,,
bird_202,Hrida-T2SQL,bird,,,
bird_203,Hrida-T2SQL,bird,,,
bird_204,Hrida-T2SQL,bird,,,
bird_205,Hrida-T2SQL,bird,,,
bird_206,Hrida-T2SQL,bird,,,
bird_207,Hrida-T2SQL,bird,,,
bird_208,Hrida-T2SQL,bird,,,
bird_209,Hrida-T2SQL,bird,,,
bird_210,Hrida-T2SQL,bird,,,
bird_211,Hrida-T2SQL,bird,,,
bird_212,Hrida-T2SQL,bird,,,
bird_213,Hrida-T2SQL,bird,,,
bird_214,Hrida-T2SQL,bird,,,
bird_215,Hrida-T2SQL,bird,,,
bird_216,Hrida-T2SQL,bird,,,
bird_217,Hrida-T2SQL,bird,,,
bird_218,Hrida-T2SQL,bird,,,
bird_219,Hrida-T2SQL,bird,,,
bird_220,Hrida-T2SQL,bird,,,
bird_221,Hrida-T2SQL,bird,,,
bird_222,Hrida-T2SQL,bird,,,
bird_223,Hrida-T2SQL,bird,,,
bird_224,Hrida-T2SQL,bird,,,
bird_225,Hrida-T2SQL,bird,,,
bird_226,Hrida-T2SQL,bird,,,
bird_227,Hrida-T2SQL,bird,,,
bird_228,Hrida-T2SQL,bird,,,
bird_229,Hrida-T2SQL,bird,,,
bird_230,Hrida-T2SQL,bird,,,
bird_231,Hrida-T2SQL,bird,,,
bird_232,Hrida-T2SQL,bird,,,
bird_233,Hrida-T2SQL,bird,,,
bird_234,Hrida-T2SQL,bird,,,
bird_235,Hrida-T2SQL,bird,,,
bird_236,Hrida-T2SQL,bird,,,
bird_237,Hrida-T2SQL,bird,,,
bird_238,Hrida-T2SQL,bird,,,
bird_239,Hrida-T2SQL,bird,,,
bird_240,Hrida-T2SQL,bird,,,
bird_241,Hrida-T2SQL,bird,,,
bird_242,Hrida-T2SQL,bird,,,
bird_243,Hrida-T2SQL,bird,,,
bird_244,Hrida-T2SQL,bird,,,
bird_245,Hrida-T2SQL,bird,,,
bird_246,Hrida-T2SQL,bird,,,
bird_247,Hrida-T2SQL,bird,,,
bird_248,Hrida-T2SQL,bird,,,
bird_249,Hrida-T2SQL,bird,,,
bird_250,Hrida-T2SQL,bird,,,
bird_251,Hrida-T2SQL,bird,,,
bird_252,Hrida-T2SQL,bird,,,
bird_253,Hrida-T2SQL,bird,,,
bird_254,Hrida-T2SQL,bird,,,
bird_255,Hrida-T2SQL,bird,,,
bird_256,Hrida-T2SQL,bird,,,
bird_257,Hrida-T2SQL,bird,,,
bird_258,Hrida-T2SQL,bird,,,
bird_259,Hrida-T2SQL,bird,,,
bird_260,Hrida-T2SQL,bird,,,
bird_261,Hrida-T2SQL,bird,,,
bird_262,Hrida-T2SQL,bird,,,
bird_263,Hrida-T2SQL,bird,,,
bird_264,Hrida-T2SQL,bird,,,
bird_265,Hrida-T2SQL,bird,,,
bird_266,Hrida-T2SQL,bird,,,
bird_267,Hrida-T2SQL,bird,,,
bird_268,Hrida-T2SQL,bird,,,
bird_269,Hrida-T2SQL,bird,,,
bird_270,Hrida-T2SQL,bird,,,
bird_271,Hrida-T2SQL,bird,,,
bird_272,Hrida-T2SQL,bird,,,
bird_273,Hrida-T2SQL,bird,,,
bird_274,Hrida-T2SQL,bird,,,
bird_275,Hrida-T2SQL,bird,,,
bird_276,Hrida-T2SQL,bird,,,
bird_277,Hrida-T2SQL,bird,,,
bird_278,Hrida-T2SQL,bird,,,
bird_279,Hrida-T2SQL,bird,,,
bird_280,Hrida-T2SQL,bird,,,
bird_281,Hrida-T2SQL,bird,,,
bird_282,Hrida-T2SQL,bird,,,
bird_283,Hrida-T2SQL,bird,,,
bird_284,Hrida-T2SQL,bird,,,
bird_285,Hrida-T2SQL,bird,,,
bird_286,Hrida-T2SQL,bird,,,
bird_287,Hrida-T2SQL,bird,,,
bird_288,Hrida-T2SQL,bird,,,
bird_289,Hrida-T2SQL,bird,,,
bird_290,Hrida-T2SQL,bird,,,
bird_291,Hrida-T2SQL,bird,,,
bird_292,Hrida-T2SQL,bird,,,
bird_293,Hrida-T2SQL,bird,,,
bird_294,Hrida-T2SQL,bird,,,
bird_295,Hrida-T2SQL,bird,,,
bird_296,Hrida-T2SQL,bird,,,
bird_297,Hrida-T2SQL,bird,,,
bird_298,Hrida-T2SQL,bird,,,
bird_299,Hrida-T2SQL,bird,,,
bird_300,Hrida-T2SQL,bird,,,
bird_301,Hrida-T2SQL,bird,,,
bird_302,Hrida-T2SQL,bird,,,
bird_303,Hrida-T2SQL,bird,,,
bird_304,Hrida-T2SQL,bird,,,
bird_305,Hrida-T2SQL,bird,,,
bird_306,Hrida-T2SQL,bird,,,
bird_307,Hrida-T2SQL,bird,,,
bird_308,Hrida-T2SQL,bird,,,
bird_309,Hrida-T2SQL,bird,,,
bird_310,Hrida-T2SQL,bird,,,
bird_311,Hrida-T2SQL,bird,,,
bird_312,Hrida-T2SQL,bird,,,
bird_313,Hrida-T2SQL,bird,,,
bird_314,Hrida-T2SQL,bird,,,
bird_315,Hrida-T2SQL,bird,,,
bird_316,Hrida-T2SQL,bird,,,
bird_317,Hrida-T2SQL,bird,,,
bird_318,Hrida-T2SQL,bird,,,
bird_319,Hrida-T2SQL,bird,,,
bird_320,Hrida-T2SQL,bird,,,
bird_321,Hrida-T2SQL,bird,,,
bird_322,Hrida-T2SQL,bird,,,
bird_323,Hrida-T2SQL,bird,,,
bird_324,Hrida-T2SQL,bird,,,
bird_325,Hrida-T2SQL,bird,,,
bird_326,Hrida-T2SQL,bird,,,
bird_327,Hrida-T2SQL,bird,,,
bird_328,Hrida-T2SQL,bird,,,
bird_329,Hrida-T2SQL,bird,,,
bird_330,Hrida-T2SQL,bird,,,
bird_331,Hrida-T2SQL,bird,,,
bird_332,Hrida-T2SQL,bird,,,
bird_333,Hrida-T2SQL,bird,,,
bird_334,Hrida-T2SQL,bird,,,
bird_335,Hrida-T2SQL,bird,,,
bird_336,Hrida-T2SQL,bird,,,
bird_337,Hrida-T2SQL,bird,,,
bird_338,Hrida-T2SQL,bird,,,
bird_339,Hrida-T2SQL,bird,,,
bird_340,Hrida-T2SQL,bird,,,
bird_341,Hrida-T2SQL,bird,,,
bird_342,Hrida-T2SQL,bird,,,
bird_343,Hrida-T2SQL,bird,,,
bird_344,Hrida-T2SQL,bird,,,
bird_345,Hrida-T2SQL,bird,,,
bird_346,Hrida-T2SQL,bird,,,
bird_347,Hrida-T2SQL,bird,,,
bird_348,Hrida-T2SQL,bird,,,
bird_349,Hrida-T2SQL,bird,,,
bird_350,Hrida-T2SQL,bird,,,
bird_351,Hrida-T2SQL,bird,,,
bird_352,Hrida-T2SQL,bird,,,
bird_353,Hrida-T2SQL,bird,,,
bird_354,Hrida-T2SQL,bird,,,
bird_355,Hrida-T2SQL,bird,,,
bird_356,Hrida-T2SQL,bird,,,
bird_357,Hrida-T2SQL,bird,,,
bird_358,Hrida-T2SQL,bird,,,
bird_359,Hrida-T2SQL,bird,,,
bird_360,Hrida-T2SQL,bird,,,
bird_361,Hrida-T2SQL,bird,,,
bird_362,Hrida-T2SQL,bird,,,
bird_363,Hrida-T2SQL,bird,,,
bird_364,Hrida-T2SQL,bird,,,
bird_365,Hrida-T2SQL,bird,,,
bird_366,Hrida-T2SQL,bird,,,
bird_367,Hrida-T2SQL,bird,,,
bird_368,Hrida-T2SQL,bird,,,
bird_369,Hrida-T2SQL,bird,,,
bird_370,Hrida-T2SQL,bird,,,
bird_371,Hrida-T2SQL,bird,,,
bird_372,Hrida-T2SQL,bird,,,
bird_373,Hrida-T2SQL,bird,,,
bird_374,Hrida-T2SQL,bird,,,
bird_375,Hrida-T2SQL,bird,,,
bird_376,Hrida-T2SQL,bird,,,
bird_377,Hrida-T2SQL,bird,,,
bird_378,Hrida-T2SQL,bird,,,
bird_379,Hrida-T2SQL,bird,,,
bird_380,Hrida-T2SQL,bird,,,
bird_381,Hrida-T2SQL,bird,,,
bird_382,Hrida-T2SQL,bird,,,
bird_383,Hrida-T2SQL,bird,,,
bird_384,Hrida-T2SQL,bird,,,
bird_385,Hrida-T2SQL,bird,,,
bird_386,Hrida-T2SQL,bird,,,
bird_387,Hrida-T2SQL,bird,,,
bird_388,Hrida-T2SQL,bird,,,
bird_389,Hrida-T2SQL,bird,,,
bird_390,Hrida-T2SQL,bird,,,
bird_391,Hrida-T2SQL,bird,,,
bird_392,Hrida-T2SQL,bird,,,
bird_393,Hrida-T2SQL,bird,,,
bird_394,Hrida-T2SQL,bird,,,
bird_395,Hrida-T2SQL,bird,,,
bird_396,Hrida-T2SQL,bird,,,
bird_397,Hrida-T2SQL,bird,,,
bird_398,Hrida-T2SQL,bird,,,
bird_399,Hrida-T2SQL,bird,,,
bird_400,Hrida-T2SQL,bird,,,
bird_401,Hrida-T2SQL,bird,,,
bird_402,Hrida-T2SQL,bird,,,
bird_403,Hrida-T2SQL,bird,,,
bird_404,Hrida-T2SQL,bird,,,
bird_405,Hrida-T2SQL,bird,,,
bird_406,Hrida-T2SQL,bird,,,
bird_407,Hrida-T2SQL,bird,,,
bird_408,Hrida-T2SQL,bird,,,
bird_409,Hrida-T2SQL,bird,,,
bird_410,Hrida-T2SQL,bird,,,
bird_411,Hrida-T2SQL,bird,,,
bird_412,Hrida-T2SQL,bird,,,
bird_413,Hrida-T2SQL,bird,,,
bird_414,Hrida-T2SQL,bird,,,
bird_415,Hrida-T2SQL,bird,,,
bird_416,Hrida-T2SQL,bird,,,
bird_417,Hrida-T2SQL,bird,,,
bird_418,Hrida-T2SQL,bird,,,
bird_419,Hrida-T2SQL,bird,,,
bird_420,Hrida-T2SQL,bird,,,
bird_421,Hrida-T2SQL,bird,,,
bird_422,Hrida-T2SQL,bird,,,
bird_423,Hrida-T2SQL,bird,,,
bird_424,Hrida-T2SQL,bird,,,
bird_425,Hrida-T2SQL,bird,,,
bird_426,Hrida-T2SQL,bird,,,
bird_427,Hrida-T2SQL,bird,,,
bird_428,Hrida-T2SQL,bird,,,
bird_429,Hrida-T2SQL,bird,,,
bird_430,Hrida-T2SQL,bird,,,
bird_431,Hrida-T2SQL,bird,,,
bird_432,Hrida-T2SQL,bird,,,
bird_433,Hrida-T2SQL,bird,,,
bird_434,Hrida-T2SQL,bird,,,
bird_435,Hrida-T2SQL,bird,,,
bird_436,Hrida-T2SQL,bird,,,
bird_437,Hrida-T2SQL,bird,,,
bird_438,Hrida-T2SQL,bird,,,
bird_439,Hrida-T2SQL,bird,,,
bird_440,Hrida-T2SQL,bird,,,
bird_441,Hrida-T2SQL,bird,,,
bird_442,Hrida-T2SQL,bird,,,
bird_443,Hrida-T2SQL,bird,,,
bird_444,Hrida-T2SQL,bird,,,
bird_445,Hrida-T2SQL,bird,,,
bird_446,Hrida-T2SQL,bird,,,
bird_447,Hrida-T2SQL,bird,,,
bird_448,Hrida-T2SQL,bird,,,
bird_449,Hrida-T2SQL,bird,,,
bird_450,Hrida-T2SQL,bird,,,
bird_451,Hrida-T2SQL,bird,,,
bird_452,Hrida-T2SQL,bird,,,
bird_453,Hrida-T2SQL,bird,,,
bird_454,Hrida-T2SQL,bird,,,
bird_455,Hrida-T2SQL,bird,,,
bird_456,Hrida-T2SQL,bird,,,
bird_457,Hrida-T2SQL,bird,,,
bird_458,Hrida-T2SQL,bird,,,
bird_459,Hrida-T2SQL,bird,,,
bird_460,Hrida-T2SQL,bird,,,
bird_461,Hrida-T2SQL,bird,,,
bird_462,Hrida-T2SQL,bird,,,
bird_463,Hrida-T2SQL,bird,,,
bird_464,Hrida-T2SQL,bird,,,
bird_465,Hrida-T2SQL,bird,,,
bird_466,Hrida-T2SQL,bird,,,
bird_467,Hrida-T2SQL,bird,,,
bird_468,Hrida-T2SQL,bird,,,
bird_469,Hrida-T2SQL,bird,,,
bird_470,Hrida-T2SQL,bird,,,
bird_471,Hrida-T2SQL,bird,,,
bird_472,Hrida-T2SQL,bird,,,
bird_473,Hrida-T2SQL,bird,,,
bird_474,Hrida-T2SQL,bird,,,
bird_475,Hrida-T2SQL,bird,,,
bird_476,Hrida-T2SQL,bird,,,
bird_477,Hrida-T2SQL,bird,,,
bird_478,Hrida-T2SQL,bird,,,
bird_479,Hrida-T2SQL,bird,,,
bird_480,Hrida-T2SQL,bird,,,
bird_481,Hrida-T2SQL,bird,,,
bird_482,Hrida-T2SQL,bird,,,
bird_483,Hrida-T2SQL,bird,,,
bird_484,Hrida-T2SQL,bird,,,
bird_485,Hrida-T2SQL,bird,,,
bird_486,Hrida-T2SQL,bird,,,
bird_487,Hrida-T2SQL,bird,,,
bird_488,Hrida-T2SQL,bird,,,
bird_489,Hrida-T2SQL,bird,,,
bird_490,Hrida-T2SQL,bird,,,
bird_491,Hrida-T2SQL,bird,,,
bird_492,Hrida-T2SQL,bird,,,
bird_493,Hrida-T2SQL,bird,,,
bird_494,Hrida-T2SQL,bird,,,
bird_495,Hrida-T2SQL,bird,,,
bird_496,Hrida-T2SQL,bird,,,
bird_497,Hrida-T2SQL,bird,,,
bird_498,Hrida-T2SQL,bird,,,
bird_499,Hrida-T2SQL,bird,,,
bird_500,Hrida-T2SQL,bird,,,
bird_501,Hrida-T2SQL,bird,,,
bird_502,Hrida-T2SQL,bird,,,
bird_503,Hrida-T2SQL,bird,,,
bird_504,Hrida-T2SQL,bird,,,
bird_505,Hrida-T2SQL,bird,,,
bird_506,Hrida-T2SQL,bird,,,
bird_507,Hrida-T2SQL,bird,,,
bird_508,Hrida-T2SQL,bird,,,
bird_509,Hrida-T2SQL,bird,,,
bird_510,Hrida-T2SQL,bird,,,
bird_511,Hrida-T2SQL,bird,,,
bird_512,Hrida-T2SQL,bird,,,
bird_513,Hrida-T2SQL,bird,,,
bird_514,Hrida-T2SQL,bird,,,
bird_515,Hrida-T2SQL,bird,,,
bird_516,Hrida-T2SQL,bird,,,
bird_517,Hrida-T2SQL,bird,,,
bird_518,Hrida-T2SQL,bird,,,
bird_519,Hrida-T2SQL,bird,,,
bird_520,Hrida-T2SQL,bird,,,
bird_521,Hrida-T2SQL,bird,,,
bird_522,Hrida-T2SQL,bird,,,
bird_523,Hrida-T2SQL,bird,,,
bird_524,Hrida-T2SQL,bird,,,
bird_525,Hrida-T2SQL,bird,,,
bird_526,Hrida-T2SQL,bird,,,
bird_527,Hrida-T2SQL,bird,,,
bird_528,Hrida-T2SQL,bird,,,
bird_529,Hrida-T2SQL,bird,,,
bird_530,Hrida-T2SQL,bird,,,
bird_531,Hrida-T2SQL,bird,,,
bird_532,Hrida-T2SQL,bird,,,
bird_533,Hrida-T2SQL,bird,,,
bird_534,Hrida-T2SQL,bird,,,
bird_535,Hrida-T2SQL,bird,,,
bird_536,Hrida-T2SQL,bird,,,
bird_537,Hrida-T2SQL,bird,,,
bird_538,Hrida-T2SQL,bird,,,
bird_539,Hrida-T2SQL,bird,,,
bird_540,Hrida-T2SQL,bird,,,
bird_541,Hrida-T2SQL,bird,,,
bird_542,Hrida-T2SQL,bird,,,
bird_543,Hrida-T2SQL,bird,,,
bird_544,Hrida-T2SQL,bird,,,
bird_545,Hrida-T2SQL,bird,,,
bird_546,Hrida-T2SQL,bird,,,
bird_547,Hrida-T2SQL,bird,,,
bird_548,Hrida-T2SQL,bird,,,
bird_549,Hrida-T2SQL,bird,,,
bird_550,Hrida-T2SQL,bird,,,
bird_551,Hrida-T2SQL,bird,,,
bird_552,Hrida-T2SQL,bird,,,
bird_553,Hrida-T2SQL,bird,,,
bird_554,Hrida-T2SQL,bird,,,
bird_555,Hrida-T2SQL,bird,,,
bird_556,Hrida-T2SQL,bird,,,
bird_557,Hrida-T2SQL,bird,,,
bird_558,Hrida-T2SQL,bird,,,
bird_559,Hrida-T2SQL,bird,,,
bird_560,Hrida-T2SQL,bird,,,
bird_561,Hrida-T2SQL,bird,,,
bird_562,Hrida-T2SQL,bird,,,
bird_563,Hrida-T2SQL,bird,,,
bird_564,Hrida-T2SQL,bird,,,
bird_565,Hrida-T2SQL,bird,,,
bird_566,Hrida-T2SQL,bird,,,
bird_567,Hrida-T2SQL,bird,,,
bird_568,Hrida-T2SQL,bird,,,
bird_569,Hrida-T2SQL,bird,,,
bird_570,Hrida-T2SQL,bird,,,
bird_571,Hrida-T2SQL,bird,,,
bird_572,Hrida-T2SQL,bird,,,
bird_573,Hrida-T2SQL,bird,,,
bird_574,Hrida-T2SQL,bird,,,
bird_575,Hrida-T2SQL,bird,,,
bird_576,Hrida-T2SQL,bird,,,
bird_577,Hrida-T2SQL,bird,,,
bird_578,Hrida-T2SQL,bird,,,
bird_579,Hrida-T2SQL,bird,,,
bird_580,Hrida-T2SQL,bird,,,
bird_581,Hrida-T2SQL,bird,,,
bird_582,Hrida-T2SQL,bird,,,
bird_583,Hrida-T2SQL,bird,,,
bird_584,Hrida-T2SQL,bird,,,
bird_585,Hrida-T2SQL,bird,,,
bird_586,Hrida-T2SQL,bird,,,
bird_587,Hrida-T2SQL,bird,,,
bird_588,Hrida-T2SQL,bird,,,
bird_589,Hrida-T2SQL,bird,,,
bird_590,Hrida-T2SQL,bird,,,
bird_591,Hrida-T2SQL,bird,,,
bird_592,Hrida-T2SQL,bird,,,
bird_593,Hrida-T2SQL,bird,,,
bird_594,Hrida-T2SQL,bird,,,
bird_595,Hrida-T2SQL,bird,,,
bird_596,Hrida-T2SQL,bird,,,
bird_597,Hrida-T2SQL,bird,,,
bird_598,Hrida-T2SQL,bird,,,
bird_599,Hrida-T2SQL,bird,,,
bird_600,Hrida-T2SQL,bird,,,
bird_601,Hrida-T2SQL,bird,,,
bird_602,Hrida-T2SQL,bird,,,
bird_603,Hrida-T2SQL,bird,,,
bird_604,Hrida-T2SQL,bird,,,
bird_605,Hrida-T2SQL,bird,,,
bird_606,Hrida-T2SQL,bird,,,
bird_607,Hrida-T2SQL,bird,,,
bird_608,Hrida-T2SQL,bird,,,
bird_609,Hrida-T2SQL,bird,,,
bird_610,Hrida-T2SQL,bird,,,
bird_611,Hrida-T2SQL,bird,,,
bird_612,Hrida-T2SQL,bird,,,
bird_613,Hrida-T2SQL,bird,,,
bird_614,Hrida-T2SQL,bird,,,
bird_615,Hrida-T2SQL,bird,,,
bird_616,Hrida-T2SQL,bird,,,
bird_617,Hrida-T2SQL,bird,,,
bird_618,Hrida-T2SQL,bird,,,
bird_619,Hrida-T2SQL,bird,,,
bird_620,Hrida-T2SQL,bird,,,
bird_621,Hrida-T2SQL,bird,,,
bird_622,Hrida-T2SQL,bird,,,
bird_623,Hrida-T2SQL,bird,,,
bird_624,Hrida-T2SQL,bird,,,
bird_625,Hrida-T2SQL,bird,,,
bird_626,Hrida-T2SQL,bird,,,
bird_627,Hrida-T2SQL,bird,,,
bird_628,Hrida-T2SQL,bird,,,
bird_629,Hrida-T2SQL,bird,,,
bird_630,Hrida-T2SQL,bird,,,
bird_631,Hrida-T2SQL,bird,,,
bird_632,Hrida-T2SQL,bird,,,
bird_633,Hrida-T2SQL,bird,,,
bird_634,Hrida-T2SQL,bird,,,
bird_635,Hrida-T2SQL,bird,,,
bird_636,Hrida-T2SQL,bird,,,
bird_637,Hrida-T2SQL,bird,,,
bird_638,Hrida-T2SQL,bird,,,
bird_639,Hrida-T2SQL,bird,,,
bird_640,Hrida-T2SQL,bird,,,
bird_641,Hrida-T2SQL,bird,,,
bird_642,Hrida-T2SQL,bird,,,
bird_643,Hrida-T2SQL,bird,,,
bird_644,Hrida-T2SQL,bird,,,
bird_645,Hrida-T2SQL,bird,,,
bird_646,Hrida-T2SQL,bird,,,
bird_647,Hrida-T2SQL,bird,,,
bird_648,Hrida-T2SQL,bird,,,
bird_649,Hrida-T2SQL,bird,,,
bird_650,Hrida-T2SQL,bird,,,
bird_651,Hrida-T2SQL,bird,,,
bird_652,Hrida-T2SQL,bird,,,
bird_653,Hrida-T2SQL,bird,,,
bird_654,Hrida-T2SQL,bird,,,
bird_655,Hrida-T2SQL,bird,,,
bird_656,Hrida-T2SQL,bird,,,
bird_657,Hrida-T2SQL,bird,,,
bird_658,Hrida-T2SQL,bird,,,
bird_659,Hrida-T2SQL,bird,,,
bird_660,Hrida-T2SQL,bird,,,
bird_661,Hrida-T2SQL,bird,,,
bird_662,Hrida-T2SQL,bird,,,
bird_663,Hrida-T2SQL,bird,,,
bird_664,Hrida-T2SQL,bird,,,
bird_665,Hrida-T2SQL,bird,,,
bird_666,Hrida-T2SQL,bird,,,
bird_667,Hrida-T2SQL,bird,,,
bird_668,Hrida-T2SQL,bird,,,
bird_669,Hrida-T2SQL,bird,,,
bird_670,Hrida-T2SQL,bird,,,
bird_671,Hrida-T2SQL,bird,,,
bird_672,Hrida-T2SQL,bird,,,
bird_673,Hrida-T2SQL,bird,,,
bird_674,Hrida-T2SQL,bird,,,
bird_675,Hrida-T2SQL,bird,,,
bird_676,Hrida-T2SQL,bird,,,
bird_677,Hrida-T2SQL,bird,,,
bird_678,Hrida-T2SQL,bird,,,
bird_679,Hrida-T2SQL,bird,,,
bird_680,Hrida-T2SQL,bird,,,
bird_681,Hrida-T2SQL,bird,,,
bird_682,Hrida-T2SQL,bird,,,
bird_683,Hrida-T2SQL,bird,,,
bird_684,Hrida-T2SQL,bird,,,
bird_685,Hrida-T2SQL,bird,,,
bird_686,Hrida-T2SQL,bird,,,
bird_687,Hrida-T2SQL,bird,,,
bird_688,Hrida-T2SQL,bird,,,
bird_689,Hrida-T2SQL,bird,,,
bird_690,Hrida-T2SQL,bird,,,
bird_691,Hrida-T2SQL,bird,,,
bird_692,Hrida-T2SQL,bird,,,
bird_693,Hrida-T2SQL,bird,,,
bird_694,Hrida-T2SQL,bird,,,
bird_695,Hrida-T2SQL,bird,,,
bird_696,Hrida-T2SQL,bird,,,
bird_697,Hrida-T2SQL,bird,,,
bird_698,Hrida-T2SQL,bird,,,
bird_699,Hrida-T2SQL,bird,,,
bird_700,Hrida-T2SQL,bird,,,
bird_701,Hrida-T2SQL,bird,,,
bird_702,Hrida-T2SQL,bird,,,
bird_703,Hrida-T2SQL,bird,,,
bird_704,Hrida-T2SQL,bird,,,
bird_705,Hrida-T2SQL,bird,,,
bird_706,Hrida-T2SQL,bird,,,
bird_707,Hrida-T2SQL,bird,,,
bird_708,Hrida-T2SQL,bird,,,
bird_709,Hrida-T2SQL,bird,,,
bird_710,Hrida-T2SQL,bird,,,
bird_711,Hrida-T2SQL,bird,,,
bird_712,Hrida-T2SQL,bird,,,
bird_713,Hrida-T2SQL,bird,,,
bird_714,Hrida-T2SQL,bird,,,
bird_715,Hrida-T2SQL,bird,,,
bird_716,Hrida-T2SQL,bird,,,
bird_717,Hrida-T2SQL,bird,,,
bird_718,Hrida-T2SQL,bird,,,
bird_719,Hrida-T2SQL,bird,,,
bird_720,Hrida-T2SQL,bird,,,
bird_721,Hrida-T2SQL,bird,,,
bird_722,Hrida-T2SQL,bird,,,
bird_723,Hrida-T2SQL,bird,,,
bird_724,Hrida-T2SQL,bird,,,
bird_725,Hrida-T2SQL,bird,,,
bird_726,Hrida-T2SQL,bird,,,
bird_727,Hrida-T2SQL,bird,,,
bird_728,Hrida-T2SQL,bird,,,
bird_729,Hrida-T2SQL,bird,,,
bird_730,Hrida-T2SQL,bird,,,
bird_731,Hrida-T2SQL,bird,,,
bird_732,Hrida-T2SQL,bird,,,
bird_733,Hrida-T2SQL,bird,,,
bird_734,Hrida-T2SQL,bird,,,
bird_735,Hrida-T2SQL,bird,,,
bird_736,Hrida-T2SQL,bird,,,
bird_737,Hrida-T2SQL,bird,,,
bird_738,Hrida-T2SQL,bird,,,
bird_739,Hrida-T2SQL,bird,,,
bird_740,Hrida-T2SQL,bird,,,
bird_741,Hrida-T2SQL,bird,,,
bird_742,Hrida-T2SQL,bird,,,
bird_743,Hrida-T2SQL,bird,,,
bird_744,Hrida-T2SQL,bird,,,
bird_745,Hrida-T2SQL,bird,,,
bird_746,Hrida-T2SQL,bird,,,
bird_747,Hrida-T2SQL,bird,,,
bird_748,Hrida-T2SQL,bird,,,
bird_749,Hrida-T2SQL,bird,,,
bird_750,Hrida-T2SQL,bird,,,
bird_751,Hrida-T2SQL,bird,,,
bird_752,Hrida-T2SQL,bird,,,
bird_753,Hrida-T2SQL,bird,,,
bird_754,Hrida-T2SQL,bird,,,
bird_755,Hrida-T2SQL,bird,,,
bird_756,Hrida-T2SQL,bird,,,
bird_757,Hrida-T2SQL,bird,,,
bird_758,Hrida-T2SQL,bird,,,
bird_759,Hrida-T2SQL,bird,,,
bird_760,Hrida-T2SQL,bird,,,
bird_761,Hrida-T2SQL,bird,,,
bird_762,Hrida-T2SQL,bird,,,
bird_763,Hrida-T2SQL,bird,,,
bird_764,Hrida-T2SQL,bird,,,
bird_765,Hrida-T2SQL,bird,,,
bird_766,Hrida-T2SQL,bird,,,
bird_767,Hrida-T2SQL,bird,,,
bird_768,Hrida-T2SQL,bird,,,
bird_769,Hrida-T2SQL,bird,,,
bird_770,Hrida-T2SQL,bird,,,
bird_771,Hrida-T2SQL,bird,,,
bird_772,Hrida-T2SQL,bird,,,
bird_773,Hrida-T2SQL,bird,,,
bird_774,Hrida-T2SQL,bird,,,
bird_775,Hrida-T2SQL,bird,,,
bird_776,Hrida-T2SQL,bird,,,
bird_777,Hrida-T2SQL,bird,,,
bird_778,Hrida-T2SQL,bird,,,
bird_779,Hrida-T2SQL,bird,,,
bird_780,Hrida-T2SQL,bird,,,
bird_781,Hrida-T2SQL,bird,,,
bird_782,Hrida-T2SQL,bird,,,
bird_783,Hrida-T2SQL,bird,,,
bird_784,Hrida-T2SQL,bird,,,
bird_785,Hrida-T2SQL,bird,,,
bird_786,Hrida-T2SQL,bird,,,
bird_787,Hrida-T2SQL,bird,,,
bird_788,Hrida-T2SQL,bird,,,
bird_789,Hrida-T2SQL,bird,,,
bird_790,Hrida-T2SQL,bird,,,
bird_791,Hrida-T2SQL,bird,,,
bird_792,Hrida-T2SQL,bird,,,
bird_793,Hrida-T2SQL,bird,,,
bird_794,Hrida-T2SQL,bird,,,
bird_795,Hrida-T2SQL,bird,,,
bird_796,Hrida-T2SQL,bird,,,
bird_797,Hrida-T2SQL,bird,,,
bird_798,Hrida-T2SQL,bird,,,
bird_799,Hrida-T2SQL,bird,,,
bird_800,Hrida-T2SQL,bird,,,
bird_801,Hrida-T2SQL,bird,,,
bird_802,Hrida-T2SQL,bird,,,
bird_803,Hrida-T2SQL,bird,,,
bird_804,Hrida-T2SQL,bird,,,
bird_805,Hrida-T2SQL,bird,,,
bird_806,Hrida-T2SQL,bird,,,
bird_807,Hrida-T2SQL,bird,,,
bird_808,Hrida-T2SQL,bird,,,
bird_809,Hrida-T2SQL,bird,,,
bird_810,Hrida-T2SQL,bird,,,
bird_811,Hrida-T2SQL,bird,,,
bird_812,Hrida-T2SQL,bird,,,
bird_813,Hrida-T2SQL,bird,,,
bird_814,Hrida-T2SQL,bird,,,
bird_815,Hrida-T2SQL,bird,,,
bird_816,Hrida-T2SQL,bird,,,
bird_817,Hrida-T2SQL,bird,,,
bird_818,Hrida-T2SQL,bird,,,
bird_819,Hrida-T2SQL,bird,,,
bird_820,Hrida-T2SQL,bird,,,
bird_821,Hrida-T2SQL,bird,,,
bird_822,Hrida-T2SQL,bird,,,
bird_823,Hrida-T2SQL,bird,,,
bird_824,Hrida-T2SQL,bird,,,
bird_825,Hrida-T2SQL,bird,,,
bird_826,Hrida-T2SQL,bird,,,
bird_827,Hrida-T2SQL,bird,,,
bird_828,Hrida-T2SQL,bird,,,
bird_829,Hrida-T2SQL,bird,,,
bird_830,Hrida-T2SQL,bird,,,
bird_831,Hrida-T2SQL,bird,,,
bird_832,Hrida-T2SQL,bird,,,
bird_833,Hrida-T2SQL,bird,,,
bird_834,Hrida-T2SQL,bird,,,
bird_835,Hrida-T2SQL,bird,,,
bird_836,Hrida-T2SQL,bird,,,
bird_837,Hrida-T2SQL,bird,,,
bird_838,Hrida-T2SQL,bird,,,
bird_839,Hrida-T2SQL,bird,,,
bird_840,Hrida-T2SQL,bird,,,
bird_841,Hrida-T2SQL,bird,,,
bird_842,Hrida-T2SQL,bird,,,
bird_843,Hrida-T2SQL,bird,,,
bird_844,Hrida-T2SQL,bird,,,
bird_845,Hrida-T2SQL,bird,,,
bird_846,Hrida-T2SQL,bird,,,
bird_847,Hrida-T2SQL,bird,,,
bird_848,Hrida-T2SQL,bird,,,
bird_849,Hrida-T2SQL,bird,,,
bird_850,Hrida-T2SQL,bird,,,
bird_851,Hrida-T2SQL,bird,,,
bird_852,Hrida-T2SQL,bird,,,
bird_853,Hrida-T2SQL,bird,,,
bird_854,Hrida-T2SQL,bird,,,
bird_855,Hrida-T2SQL,bird,,,
bird_856,Hrida-T2SQL,bird,,,
bird_857,Hrida-T2SQL,bird,,,
bird_858,Hrida-T2SQL,bird,,,
bird_859,Hrida-T2SQL,bird,,,
bird_860,Hrida-T2SQL,bird,,,
bird_861,Hrida-T2SQL,bird,,,
bird_862,Hrida-T2SQL,bird,,,
bird_863,Hrida-T2SQL,bird,,,
bird_864,Hrida-T2SQL,bird,,,
bird_865,Hrida-T2SQL,bird,,,
bird_866,Hrida-T2SQL,bird,,,
bird_867,Hrida-T2SQL,bird,,,
bird_868,Hrida-T2SQL,bird,,,
bird_869,Hrida-T2SQL,bird,,,
bird_870,Hrida-T2SQL,bird,,,
bird_871,Hrida-T2SQL,bird,,,
bird_872,Hrida-T2SQL,bird,,,
bird_873,Hrida-T2SQL,bird,,,
bird_874,Hrida-T2SQL,bird,,,
bird_875,Hrida-T2SQL,bird,,,
bird_876,Hrida-T2SQL,bird,,,
bird_877,Hrida-T2SQL,bird,,,
bird_878,Hrida-T2SQL,bird,,,
bird_879,Hrida-T2SQL,bird,,,
bird_880,Hrida-T2SQL,bird,,,
bird_881,Hrida-T2SQL,bird,,,
bird_882,Hrida-T2SQL,bird,,,
bird_883,Hrida-T2SQL,bird,,,
bird_884,Hrida-T2SQL,bird,,,
bird_885,Hrida-T2SQL,bird,,,
bird_886,Hrida-T2SQL,bird,,,
bird_887,Hrida-T2SQL,bird,,,
bird_888,Hrida-T2SQL,bird,,,
bird_889,Hrida-T2SQL,bird,,,
bird_890,Hrida-T2SQL,bird,,,
bird_891,Hrida-T2SQL,bird,,,
bird_892,Hrida-T2SQL,bird,,,
bird_893,Hrida-T2SQL,bird,,,
bird_894,Hrida-T2SQL,bird,,,
bird_895,Hrida-T2SQL,bird,,,
bird_896,Hrida-T2SQL,bird,,,
bird_897,Hrida-T2SQL,bird,,,
bird_898,Hrida-T2SQL,bird,,,
bird_899,Hrida-T2SQL,bird,,,
bird_900,Hrida-T2SQL,bird,,,
bird_901,Hrida-T2SQL,bird,,,
bird_902,Hrida-T2SQL,bird,,,
bird_903,Hrida-T2SQL,bird,,,
bird_904,Hrida-T2SQL,bird,,,
bird_905,Hrida-T2SQL,bird,,,
bird_906,Hrida-T2SQL,bird,,,
bird_907,Hrida-T2SQL,bird,,,
bird_908,Hrida-T2SQL,bird,,,
bird_909,Hrida-T2SQL,bird,,,
bird_910,Hrida-T2SQL,bird,,,
bird_911,Hrida-T2SQL,bird,,,
bird_912,Hrida-T2SQL,bird,,,
bird_913,Hrida-T2SQL,bird,,,
bird_914,Hrida-T2SQL,bird,,,
bird_915,Hrida-T2SQL,bird,,,
bird_916,Hrida-T2SQL,bird,,,
bird_917,Hrida-T2SQL,bird,,,
bird_918,Hrida-T2SQL,bird,,,
bird_919,Hrida-T2SQL,bird,,,
bird_920,Hrida-T2SQL,bird,,,
bird_921,Hrida-T2SQL,bird,,,
bird_922,Hrida-T2SQL,bird,,,
bird_923,Hrida-T2SQL,bird,,,
bird_924,Hrida-T2SQL,bird,,,
bird_925,Hrida-T2SQL,bird,,,
bird_926,Hrida-T2SQL,bird,,,
bird_927,Hrida-T2SQL,bird,,,
bird_928,Hrida-T2SQL,bird,,,
bird_929,Hrida-T2SQL,bird,,,
bird_930,Hrida-T2SQL,bird,,,
bird_931,Hrida-T2SQL,bird,,,
bird_932,Hrida-T2SQL,bird,,,
bird_933,Hrida-T2SQL,bird,,,
bird_934,Hrida-T2SQL,bird,,,
bird_935,Hrida-T2SQL,bird,,,
bird_936,Hrida-T2SQL,bird,,,
bird_937,Hrida-T2SQL,bird,,,
bird_938,Hrida-T2SQL,bird,,,
bird_939,Hrida-T2SQL,bird,,,
bird_940,Hrida-T2SQL,bird,,,
bird_941,Hrida-T2SQL,bird,,,
bird_942,Hrida-T2SQL,bird,,,
bird_943,Hrida-T2SQL,bird,,,
bird_944,Hrida-T2SQL,bird,,,
bird_945,Hrida-T2SQL,bird,,,
bird_946,Hrida-T2SQL,bird,,,
bird_947,Hrida-T2SQL,bird,,,
bird_948,Hrida-T2SQL,bird,,,
bird_949,Hrida-T2SQL,bird,,,
bird_950,Hrida-T2SQL,bird,,,
bird_951,Hrida-T2SQL,bird,,,
bird_952,Hrida-T2SQL,bird,,,
bird_953,Hrida-T2SQL,bird,,,
bird_954,Hrida-T2SQL,bird,,,
bird_955,Hrida-T2SQL,bird,,,
bird_956,Hrida-T2SQL,bird,,,
bird_957,Hrida-T2SQL,bird,,,
bird_958,Hrida-T2SQL,bird,,,
bird_959,Hrida-T2SQL,bird,,,
bird_960,Hrida-T2SQL,bird,,,
bird_961,Hrida-T2SQL,bird,,,
bird_962,Hrida-T2SQL,bird,,,
bird_963,Hrida-T2SQL,bird,,,
bird_964,Hrida-T2SQL,bird,,,
bird_965,Hrida-T2SQL,bird,,,
bird_966,Hrida-T2SQL,bird,,,
bird_967,Hrida-T2SQL,bird,,,
bird_968,Hrida-T2SQL,bird,,,
bird_969,Hrida-T2SQL,bird,,,
bird_970,Hrida-T2SQL,bird,,,
bird_971,Hrida-T2SQL,bird,,,
bird_972,Hrida-T2SQL,bird,,,
bird_973,Hrida-T2SQL,bird,,,
bird_974,Hrida-T2SQL,bird,,,
bird_975,Hrida-T2SQL,bird,,,
bird_976,Hrida-T2SQL,bird,,,
bird_977,Hrida-T2SQL,bird,,,
bird_978,Hrida-T2SQL,bird,,,
bird_979,Hrida-T2SQL,bird,,,
bird_980,Hrida-T2SQL,bird,,,
bird_981,Hrida-T2SQL,bird,,,
bird_982,Hrida-T2SQL,bird,,,
bird_983,Hrida-T2SQL,bird,,,
bird_984,Hrida-T2SQL,bird,,,
bird_985,Hrida-T2SQL,bird,,,
bird_986,Hrida-T2SQL,bird,,,
bird_987,Hrida-T2SQL,bird,,,
bird_988,Hrida-T2SQL,bird,,,
bird_989,Hrida-T2SQL,bird,,,
bird_990,Hrida-T2SQL,bird,,,
bird_991,Hrida-T2SQL,bird,,,
bird_992,Hrida-T2SQL,bird,,,
bird_993,Hrida-T2SQL,bird,,,
bird_994,Hrida-T2SQL,bird,,,
bird_995,Hrida-T2SQL,bird,,,
bird_996,Hrida-T2SQL,bird,,,
bird_997,Hrida-T2SQL,bird,,,
bird_998,Hrida-T2SQL,bird,,,
bird_999,Hrida-T2SQL,bird,,,
bird_1000,Hrida-T2SQL,bird,,,
bird_1001,Hrida-T2SQL,bird,,,
bird_1002,Hrida-T2SQL,bird,,,
bird_1003,Hrida-T2SQL,bird,,,
bird_1004,Hrida-T2SQL,bird,,,
bird_1005,Hrida-T2SQL,bird,,,
bird_1006,Hrida-T2SQL,bird,,,
bird_1007,Hrida-T2SQL,bird,,,
bird_1008,Hrida-T2SQL,bird,,,
bird_1009,Hrida-T2SQL,bird,,,
bird_1010,Hrida-T2SQL,bird,,,
bird_1011,Hrida-T2SQL,bird,,,
bird_1012,Hrida-T2SQL,bird,,,
bird_1013,Hrida-T2SQL,bird,,,
bird_1014,Hrida-T2SQL,bird,,,
bird_1015,Hrida-T2SQL,bird,,,
bird_1016,Hrida-T2SQL,bird,,,
bird_1017,Hrida-T2SQL,bird,,,
bird_1018,Hrida-T2SQL,bird,,,
bird_1019,Hrida-T2SQL,bird,,,
bird_1020,Hrida-T2SQL,bird,,,
bird_1021,Hrida-T2SQL,bird,,,
bird_1022,Hrida-T2SQL,bird,,,
bird_1023,Hrida-T2SQL,bird,,,
bird_1024,Hrida-T2SQL,bird,,,
bird_1025,Hrida-T2SQL,bird,,,
bird_1026,Hrida-T2SQL,bird,,,
bird_1027,Hrida-T2SQL,bird,,,
bird_1028,Hrida-T2SQL,bird,,,
bird_1029,Hrida-T2SQL,bird,,,
bird_1030,Hrida-T2SQL,bird,,,
bird_1031,Hrida-T2SQL,bird,,,
bird_1032,Hrida-T2SQL,bird,,,
bird_1033,Hrida-T2SQL,bird,,,
bird_1034,Hrida-T2SQL,bird,,,
bird_1035,Hrida-T2SQL,bird,,,
bird_1036,Hrida-T2SQL,bird,,,
bird_1037,Hrida-T2SQL,bird,,,
bird_1038,Hrida-T2SQL,bird,,,
bird_1039,Hrida-T2SQL,bird,,,
bird_1040,Hrida-T2SQL,bird,,,
bird_1041,Hrida-T2SQL,bird,,,
bird_1042,Hrida-T2SQL,bird,,,
bird_1043,Hrida-T2SQL,bird,,,
bird_1044,Hrida-T2SQL,bird,,,
bird_1045,Hrida-T2SQL,bird,,,
bird_1046,Hrida-T2SQL,bird,,,
bird_1047,Hrida-T2SQL,bird,,,
bird_1048,Hrida-T2SQL,bird,,,
bird_1049,Hrida-T2SQL,bird,,,
bird_1050,Hrida-T2SQL,bird,,,
bird_1051,Hrida-T2SQL,bird,,,
bird_1052,Hrida-T2SQL,bird,,,
bird_1053,Hrida-T2SQL,bird,,,
bird_1054,Hrida-T2SQL,bird,,,
bird_1055,Hrida-T2SQL,bird,,,
bird_1056,Hrida-T2SQL,bird,,,
bird_1057,Hrida-T2SQL,bird,,,
bird_1058,Hrida-T2SQL,bird,,,
bird_1059,Hrida-T2SQL,bird,,,
bird_1060,Hrida-T2SQL,bird,,,
bird_1061,Hrida-T2SQL,bird,,,
bird_1062,Hrida-T2SQL,bird,,,
bird_1063,Hrida-T2SQL,bird,,,
bird_1064,Hrida-T2SQL,bird,,,
bird_1065,Hrida-T2SQL,bird,,,
bird_1066,Hrida-T2SQL,bird,,,
bird_1067,Hrida-T2SQL,bird,,,
bird_1068,Hrida-T2SQL,bird,,,
bird_1069,Hrida-T2SQL,bird,,,
bird_1070,Hrida-T2SQL,bird,,,
bird_1071,Hrida-T2SQL,bird,,,
bird_1072,Hrida-T2SQL,bird,,,
bird_1073,Hrida-T2SQL,bird,,,
bird_1074,Hrida-T2SQL,bird,,,
bird_1075,Hrida-T2SQL,bird,,,
bird_1076,Hrida-T2SQL,bird,,,
bird_1077,Hrida-T2SQL,bird,,,
bird_1078,Hrida-T2SQL,bird,,,
bird_1079,Hrida-T2SQL,bird,,,
bird_1080,Hrida-T2SQL,bird,,,
bird_1081,Hrida-T2SQL,bird,,,
bird_1082,Hrida-T2SQL,bird,,,
bird_1083,Hrida-T2SQL,bird,,,
bird_1084,Hrida-T2SQL,bird,,,
bird_1085,Hrida-T2SQL,bird,,,
bird_1086,Hrida-T2SQL,bird,,,
bird_1087,Hrida-T2SQL,bird,,,
bird_1088,Hrida-T2SQL,bird,,,
bird_1089,Hrida-T2SQL,bird,,,
bird_1090,Hrida-T2SQL,bird,,,
bird_1091,Hrida-T2SQL,bird,,,
bird_1092,Hrida-T2SQL,bird,,,
bird_1093,Hrida-T2SQL,bird,,,
bird_1094,Hrida-T2SQL,bird,,,
bird_1095,Hrida-T2SQL,bird,,,
bird_1096,Hrida-T2SQL,bird,,,
bird_1097,Hrida-T2SQL,bird,,,
bird_1098,Hrida-T2SQL,bird,,,
bird_1099,Hrida-T2SQL,bird,,,
bird_1100,Hrida-T2SQL,bird,,,
bird_1101,Hrida-T2SQL,bird,,,
bird_1102,Hrida-T2SQL,bird,,,
bird_1103,Hrida-T2SQL,bird,,,
bird_1104,Hrida-T2SQL,bird,,,
bird_1105,Hrida-T2SQL,bird,,,
bird_1106,Hrida-T2SQL,bird,,,
bird_1107,Hrida-T2SQL,bird,,,
bird_1108,Hrida-T2SQL,bird,,,
bird_1109,Hrida-T2SQL,bird,,,
bird_1110,Hrida-T2SQL,bird,,,
bird_1111,Hrida-T2SQL,bird,,,
bird_1112,Hrida-T2SQL,bird,,,
bird_1113,Hrida-T2SQL,bird,,,
bird_1114,Hrida-T2SQL,bird,,,
bird_1115,Hrida-T2SQL,bird,,,
bird_1116,Hrida-T2SQL,bird,,,
bird_1117,Hrida-T2SQL,bird,,,
bird_1118,Hrida-T2SQL,bird,,,
bird_1119,Hrida-T2SQL,bird,,,
bird_1120,Hrida-T2SQL,bird,,,
bird_1121,Hrida-T2SQL,bird,,,
bird_1122,Hrida-T2SQL,bird,,,
bird_1123,Hrida-T2SQL,bird,,,
bird_1124,Hrida-T2SQL,bird,,,
bird_1125,Hrida-T2SQL,bird,,,
bird_1126,Hrida-T2SQL,bird,,,
bird_1127,Hrida-T2SQL,bird,,,
bird_1128,Hrida-T2SQL,bird,,,
bird_1129,Hrida-T2SQL,bird,,,
bird_1130,Hrida-T2SQL,bird,,,
bird_1131,Hrida-T2SQL,bird,,,
bird_1132,Hrida-T2SQL,bird,,,
bird_1133,Hrida-T2SQL,bird,,,
bird_1134,Hrida-T2SQL,bird,,,
bird_1135,Hrida-T2SQL,bird,,,
bird_1136,Hrida-T2SQL,bird,,,
bird_1137,Hrida-T2SQL,bird,,,
bird_1138,Hrida-T2SQL,bird,,,
bird_1139,Hrida-T2SQL,bird,,,
bird_1140,Hrida-T2SQL,bird,,,
bird_1141,Hrida-T2SQL,bird,,,
bird_1142,Hrida-T2SQL,bird,,,
bird_1143,Hrida-T2SQL,bird,,,
bird_1144,Hrida-T2SQL,bird,,,
bird_1145,Hrida-T2SQL,bird,,,
bird_1146,Hrida-T2SQL,bird,,,
bird_1147,Hrida-T2SQL,bird,,,
bird_1148,Hrida-T2SQL,bird,,,
bird_1149,Hrida-T2SQL,bird,,,
bird_1150,Hrida-T2SQL,bird,,,
bird_1151,Hrida-T2SQL,bird,,,
bird_1152,Hrida-T2SQL,bird,,,
bird_1153,Hrida-T2SQL,bird,,,
bird_1154,Hrida-T2SQL,bird,,,
bird_1155,Hrida-T2SQL,bird,,,
bird_1156,Hrida-T2SQL,bird,,,
bird_1157,Hrida-T2SQL,bird,,,
bird_1158,Hrida-T2SQL,bird,,,
bird_1159,Hrida-T2SQL,bird,,,
bird_1160,Hrida-T2SQL,bird,,,
bird_1161,Hrida-T2SQL,bird,,,
bird_1162,Hrida-T2SQL,bird,,,
bird_1163,Hrida-T2SQL,bird,,,
bird_1164,Hrida-T2SQL,bird,,,
bird_1165,Hrida-T2SQL,bird,,,
bird_1166,Hrida-T2SQL,bird,,,
bird_1167,Hrida-T2SQL,bird,,,
bird_1168,Hrida-T2SQL,bird,,,
bird_1169,Hrida-T2SQL,bird,,,
bird_1170,Hrida-T2SQL,bird,,,
bird_1171,Hrida-T2SQL,bird,,,
bird_1172,Hrida-T2SQL,bird,,,
bird_1173,Hrida-T2SQL,bird,,,
bird_1174,Hrida-T2SQL,bird,,,
bird_1175,Hrida-T2SQL,bird,,,
bird_1176,Hrida-T2SQL,bird,,,
bird_1177,Hrida-T2SQL,bird,,,
bird_1178,Hrida-T2SQL,bird,,,
bird_1179,Hrida-T2SQL,bird,,,
bird_1180,Hrida-T2SQL,bird,,,
bird_1181,Hrida-T2SQL,bird,,,
bird_1182,Hrida-T2SQL,bird,,,
bird_1183,Hrida-T2SQL,bird,,,
bird_1184,Hrida-T2SQL,bird,,,
bird_1185,Hrida-T2SQL,bird,,,
bird_1186,Hrida-T2SQL,bird,,,
bird_1187,Hrida-T2SQL,bird,,,
bird_1188,Hrida-T2SQL,bird,,,
bird_1189,Hrida-T2SQL,bird,,,
bird_1190,Hrida-T2SQL,bird,,,
bird_1191,Hrida-T2SQL,bird,,,
bird_1192,Hrida-T2SQL,bird,,,
bird_1193,Hrida-T2SQL,bird,,,
bird_1194,Hrida-T2SQL,bird,,,
bird_1195,Hrida-T2SQL,bird,,,
bird_1196,Hrida-T2SQL,bird,,,
bird_1197,Hrida-T2SQL,bird,,,
bird_1198,Hrida-T2SQL,bird,,,
bird_1199,Hrida-T2SQL,bird,,,
bird_1200,Hrida-T2SQL,bird,,,
bird_1201,Hrida-T2SQL,bird,,,
bird_1202,Hrida-T2SQL,bird,,,
bird_1203,Hrida-T2SQL,bird,,,
bird_1204,Hrida-T2SQL,bird,,,
bird_1205,Hrida-T2SQL,bird,,,
bird_1206,Hrida-T2SQL,bird,,,
bird_1207,Hrida-T2SQL,bird,,,
bird_1208,Hrida-T2SQL,bird,,,
bird_1209,Hrida-T2SQL,bird,,,
bird_1210,Hrida-T2SQL,bird,,,
bird_1211,Hrida-T2SQL,bird,,,
bird_1212,Hrida-T2SQL,bird,,,
bird_1213,Hrida-T2SQL,bird,,,
bird_1214,Hrida-T2SQL,bird,,,
bird_1215,Hrida-T2SQL,bird,,,
bird_1216,Hrida-T2SQL,bird,,,
bird_1217,Hrida-T2SQL,bird,,,
bird_1218,Hrida-T2SQL,bird,,,
bird_1219,Hrida-T2SQL,bird,,,
bird_1220,Hrida-T2SQL,bird,,,
bird_1221,Hrida-T2SQL,bird,,,
bird_1222,Hrida-T2SQL,bird,,,
bird_1223,Hrida-T2SQL,bird,,,
bird_1224,Hrida-T2SQL,bird,,,
bird_1225,Hrida-T2SQL,bird,,,
bird_1226,Hrida-T2SQL,bird,,,
bird_1227,Hrida-T2SQL,bird,,,
bird_1228,Hrida-T2SQL,bird,,,
bird_1229,Hrida-T2SQL,bird,,,
bird_1230,Hrida-T2SQL,bird,,,
bird_1231,Hrida-T2SQL,bird,,,
bird_1232,Hrida-T2SQL,bird,,,
bird_1233,Hrida-T2SQL,bird,,,
bird_1234,Hrida-T2SQL,bird,,,
bird_1235,Hrida-T2SQL,bird,,,
bird_1236,Hrida-T2SQL,bird,,,
bird_1237,Hrida-T2SQL,bird,,,
bird_1238,Hrida-T2SQL,bird,,,
bird_1239,Hrida-T2SQL,bird,,,
bird_1240,Hrida-T2SQL,bird,,,
bird_1241,Hrida-T2SQL,bird,,,
bird_1242,Hrida-T2SQL,bird,,,
bird_1243,Hrida-T2SQL,bird,,,
bird_1244,Hrida-T2SQL,bird,,,
bird_1245,Hrida-T2SQL,bird,,,
bird_1246,Hrida-T2SQL,bird,,,
bird_1247,Hrida-T2SQL,bird,,,
bird_1248,Hrida-T2SQL,bird,,,
bird_1249,Hrida-T2SQL,bird,,,
bird_1250,Hrida-T2SQL,bird,,,
bird_1251,Hrida-T2SQL,bird,,,
bird_1252,Hrida-T2SQL,bird,,,
bird_1253,Hrida-T2SQL,bird,,,
bird_1254,Hrida-T2SQL,bird,,,
bird_1255,Hrida-T2SQL,bird,,,
bird_1256,Hrida-T2SQL,bird,,,
bird_1257,Hrida-T2SQL,bird,,,
bird_1258,Hrida-T2SQL,bird,,,
bird_1259,Hrida-T2SQL,bird,,,
bird_1260,Hrida-T2SQL,bird,,,
bird_1261,Hrida-T2SQL,bird,,,
bird_1262,Hrida-T2SQL,bird,,,
bird_1263,Hrida-T2SQL,bird,,,
bird_1264,Hrida-T2SQL,bird,,,
bird_1265,Hrida-T2SQL,bird,,,
bird_1266,Hrida-T2SQL,bird,,,
bird_1267,Hrida-T2SQL,bird,,,
bird_1268,Hrida-T2SQL,bird,,,
bird_1269,Hrida-T2SQL,bird,,,
bird_1270,Hrida-T2SQL,bird,,,
bird_1271,Hrida-T2SQL,bird,,,
bird_1272,Hrida-T2SQL,bird,,,
bird_1273,Hrida-T2SQL,bird,,,
bird_1274,Hrida-T2SQL,bird,,,
bird_1275,Hrida-T2SQL,bird,,,
bird_1276,Hrida-T2SQL,bird,,,
bird_1277,Hrida-T2SQL,bird,,,
bird_1278,Hrida-T2SQL,bird,,,
bird_1279,Hrida-T2SQL,bird,,,
bird_1280,Hrida-T2SQL,bird,,,
bird_1281,Hrida-T2SQL,bird,,,
bird_1282,Hrida-T2SQL,bird,,,
bird_1283,Hrida-T2SQL,bird,,,
bird_1284,Hrida-T2SQL,bird,,,
bird_1285,Hrida-T2SQL,bird,,,
bird_1286,Hrida-T2SQL,bird,,,
bird_1287,Hrida-T2SQL,bird,,,
bird_1288,Hrida-T2SQL,bird,,,
bird_1289,Hrida-T2SQL,bird,,,
bird_1290,Hrida-T2SQL,bird,,,
bird_1291,Hrida-T2SQL,bird,,,
bird_1292,Hrida-T2SQL,bird,,,
bird_1293,Hrida-T2SQL,bird,,,
bird_1294,Hrida-T2SQL,bird,,,
bird_1295,Hrida-T2SQL,bird,,,
bird_1296,Hrida-T2SQL,bird,,,
bird_1297,Hrida-T2SQL,bird,,,
bird_1298,Hrida-T2SQL,bird,,,
bird_1299,Hrida-T2SQL,bird,,,
bird_1300,Hrida-T2SQL,bird,,,
bird_1301,Hrida-T2SQL,bird,,,
bird_1302,Hrida-T2SQL,bird,,,
bird_1303,Hrida-T2SQL,bird,,,
bird_1304,Hrida-T2SQL,bird,,,
bird_1305,Hrida-T2SQL,bird,,,
bird_1306,Hrida-T2SQL,bird,,,
bird_1307,Hrida-T2SQL,bird,,,
bird_1308,Hrida-T2SQL,bird,,,
bird_1309,Hrida-T2SQL,bird,,,
bird_1310,Hrida-T2SQL,bird,,,
bird_1311,Hrida-T2SQL,bird,,,
bird_1312,Hrida-T2SQL,bird,,,
bird_1313,Hrida-T2SQL,bird,,,
bird_1314,Hrida-T2SQL,bird,,,
bird_1315,Hrida-T2SQL,bird,,,
bird_1316,Hrida-T2SQL,bird,,,
bird_1317,Hrida-T2SQL,bird,,,
bird_1318,Hrida-T2SQL,bird,,,
bird_1319,Hrida-T2SQL,bird,,,
bird_1320,Hrida-T2SQL,bird,,,
bird_1321,Hrida-T2SQL,bird,,,
bird_1322,Hrida-T2SQL,bird,,,
bird_1323,Hrida-T2SQL,bird,,,
bird_1324,Hrida-T2SQL,bird,,,
bird_1325,Hrida-T2SQL,bird,,,
bird_1326,Hrida-T2SQL,bird,,,
bird_1327,Hrida-T2SQL,bird,,,
bird_1328,Hrida-T2SQL,bird,,,
bird_1329,Hrida-T2SQL,bird,,,
bird_1330,Hrida-T2SQL,bird,,,
bird_1331,Hrida-T2SQL,bird,,,
bird_1332,Hrida-T2SQL,bird,,,
bird_1333,Hrida-T2SQL,bird,,,
bird_1334,Hrida-T2SQL,bird,,,
bird_1335,Hrida-T2SQL,bird,,,
bird_1336,Hrida-T2SQL,bird,,,
bird_1337,Hrida-T2SQL,bird,,,
bird_1338,Hrida-T2SQL,bird,,,
bird_1339,Hrida-T2SQL,bird,,,
bird_1340,Hrida-T2SQL,bird,,,
bird_1341,Hrida-T2SQL,bird,,,
bird_1342,Hrida-T2SQL,bird,,,
bird_1343,Hrida-T2SQL,bird,,,
bird_1344,Hrida-T2SQL,bird,,,
bird_1345,Hrida-T2SQL,bird,,,
bird_1346,Hrida-T2SQL,bird,,,
bird_1347,Hrida-T2SQL,bird,,,
bird_1348,Hrida-T2SQL,bird,,,
bird_1349,Hrida-T2SQL,bird,,,
bird_1350,Hrida-T2SQL,bird,,,
bird_1351,Hrida-T2SQL,bird,,,
bird_1352,Hrida-T2SQL,bird,,,
bird_1353,Hrida-T2SQL,bird,,,
bird_1354,Hrida-T2SQL,bird,,,
bird_1355,Hrida-T2SQL,bird,,,
bird_1356,Hrida-T2SQL,bird,,,
bird_1357,Hrida-T2SQL,bird,,,
bird_1358,Hrida-T2SQL,bird,,,
bird_1359,Hrida-T2SQL,bird,,,
bird_1360,Hrida-T2SQL,bird,,,
bird_1361,Hrida-T2SQL,bird,,,
bird_1362,Hrida-T2SQL,bird,,,
bird_1363,Hrida-T2SQL,bird,,,
bird_1364,Hrida-T2SQL,bird,,,
bird_1365,Hrida-T2SQL,bird,,,
bird_1366,Hrida-T2SQL,bird,,,
bird_1367,Hrida-T2SQL,bird,,,
bird_1368,Hrida-T2SQL,bird,,,
bird_1369,Hrida-T2SQL,bird,,,
bird_1370,Hrida-T2SQL,bird,,,
bird_1371,Hrida-T2SQL,bird,,,
bird_1372,Hrida-T2SQL,bird,,,
bird_1373,Hrida-T2SQL,bird,,,
bird_1374,Hrida-T2SQL,bird,,,
bird_1375,Hrida-T2SQL,bird,,,
bird_1376,Hrida-T2SQL,bird,,,
bird_1377,Hrida-T2SQL,bird,,,
bird_1378,Hrida-T2SQL,bird,,,
bird_1379,Hrida-T2SQL,bird,,,
bird_1380,Hrida-T2SQL,bird,,,
bird_1381,Hrida-T2SQL,bird,,,
bird_1382,Hrida-T2SQL,bird,,,
bird_1383,Hrida-T2SQL,bird,,,
bird_1384,Hrida-T2SQL,bird,,,
bird_1385,Hrida-T2SQL,bird,,,
bird_1386,Hrida-T2SQL,bird,,,
bird_1387,Hrida-T2SQL,bird,,,
bird_1388,Hrida-T2SQL,bird,,,
bird_1389,Hrida-T2SQL,bird,,,
bird_1390,Hrida-T2SQL,bird,,,
bird_1391,Hrida-T2SQL,bird,,,
bird_1392,Hrida-T2SQL,bird,,,
bird_1393,Hrida-T2SQL,bird,,,
bird_1394,Hrida-T2SQL,bird,,,
bird_1395,Hrida-T2SQL,bird,,,
bird_1396,Hrida-T2SQL,bird,,,
bird_1397,Hrida-T2SQL,bird,,,
bird_1398,Hrida-T2SQL,bird,,,
bird_1399,Hrida-T2SQL,bird,,,
bird_1400,Hrida-T2SQL,bird,,,
bird_1401,Hrida-T2SQL,bird,,,
bird_1402,Hrida-T2SQL,bird,,,
bird_1403,Hrida-T2SQL,bird,,,
bird_1404,Hrida-T2SQL,bird,,,
bird_1405,Hrida-T2SQL,bird,,,
bird_1406,Hrida-T2SQL,bird,,,
bird_1407,Hrida-T2SQL,bird,,,
bird_1408,Hrida-T2SQL,bird,,,
bird_1409,Hrida-T2SQL,bird,,,
bird_1410,Hrida-T2SQL,bird,,,
bird_1411,Hrida-T2SQL,bird,,,
bird_1412,Hrida-T2SQL,bird,,,
bird_1413,Hrida-T2SQL,bird,,,
bird_1414,Hrida-T2SQL,bird,,,
bird_1415,Hrida-T2SQL,bird,,,
bird_1416,Hrida-T2SQL,bird,,,
bird_1417,Hrida-T2SQL,bird,,,
bird_1418,Hrida-T2SQL,bird,,,
bird_1419,Hrida-T2SQL,bird,,,
bird_1420,Hrida-T2SQL,bird,,,
bird_1421,Hrida-T2SQL,bird,,,
bird_1422,Hrida-T2SQL,bird,,,
bird_1423,Hrida-T2SQL,bird,,,
bird_1424,Hrida-T2SQL,bird,,,
bird_1425,Hrida-T2SQL,bird,,,
bird_1426,Hrida-T2SQL,bird,,,
bird_1427,Hrida-T2SQL,bird,,,
bird_1428,Hrida-T2SQL,bird,,,
bird_1429,Hrida-T2SQL,bird,,,
bird_1430,Hrida-T2SQL,bird,,,
bird_1431,Hrida-T2SQL,bird,,,
bird_1432,Hrida-T2SQL,bird,,,
bird_1433,Hrida-T2SQL,bird,,,
bird_1434,Hrida-T2SQL,bird,,,
bird_1435,Hrida-T2SQL,bird,,,
bird_1436,Hrida-T2SQL,bird,,,
bird_1437,Hrida-T2SQL,bird,,,
bird_1438,Hrida-T2SQL,bird,,,
bird_1439,Hrida-T2SQL,bird,,,
bird_1440,Hrida-T2SQL,bird,,,
bird_1441,Hrida-T2SQL,bird,,,
bird_1442,Hrida-T2SQL,bird,,,
bird_1443,Hrida-T2SQL,bird,,,
bird_1444,Hrida-T2SQL,bird,,,
bird_1445,Hrida-T2SQL,bird,,,
bird_1446,Hrida-T2SQL,bird,,,
bird_1447,Hrida-T2SQL,bird,,,
bird_1448,Hrida-T2SQL,bird,,,
bird_1449,Hrida-T2SQL,bird,,,
bird_1450,Hrida-T2SQL,bird,,,
bird_1451,Hrida-T2SQL,bird,,,
bird_1452,Hrida-T2SQL,bird,,,
bird_1453,Hrida-T2SQL,bird,,,
bird_1454,Hrida-T2SQL,bird,,,
bird_1455,Hrida-T2SQL,bird,,,
bird_1456,Hrida-T2SQL,bird,,,
bird_1457,Hrida-T2SQL,bird,,,
bird_1458,Hrida-T2SQL,bird,,,
bird_1459,Hrida-T2SQL,bird,,,
bird_1460,Hrida-T2SQL,bird,,,
bird_1461,Hrida-T2SQL,bird,,,
bird_1462,Hrida-T2SQL,bird,,,
bird_1463,Hrida-T2SQL,bird,,,
bird_1464,Hrida-T2SQL,bird,,,
bird_1465,Hrida-T2SQL,bird,,,
bird_1466,Hrida-T2SQL,bird,,,
bird_1467,Hrida-T2SQL,bird,,,
bird_1468,Hrida-T2SQL,bird,,,
bird_1469,Hrida-T2SQL,bird,,,
bird_1470,Hrida-T2SQL,bird,,,
bird_1471,Hrida-T2SQL,bird,,,
bird_1472,Hrida-T2SQL,bird,,,
bird_1473,Hrida-T2SQL,bird,,,
bird_1474,Hrida-T2SQL,bird,,,
bird_1475,Hrida-T2SQL,bird,,,
bird_1476,Hrida-T2SQL,bird,,,
bird_1477,Hrida-T2SQL,bird,,,
bird_1478,Hrida-T2SQL,bird,,,
bird_1479,Hrida-T2SQL,bird,,,
bird_1480,Hrida-T2SQL,bird,,,
bird_1481,Hrida-T2SQL,bird,,,
bird_1482,Hrida-T2SQL,bird,,,
bird_1483,Hrida-T2SQL,bird,,,
bird_1484,Hrida-T2SQL,bird,,,
bird_1485,Hrida-T2SQL,bird,,,
bird_1486,Hrida-T2SQL,bird,,,
bird_1487,Hrida-T2SQL,bird,,,
bird_1488,Hrida-T2SQL,bird,,,
bird_1489,Hrida-T2SQL,bird,,,
bird_1490,Hrida-T2SQL,bird,,,
bird_1491,Hrida-T2SQL,bird,,,
bird_1492,Hrida-T2SQL,bird,,,
bird_1493,Hrida-T2SQL,bird,,,
bird_1494,Hrida-T2SQL,bird,,,
bird_1495,Hrida-T2SQL,bird,,,
bird_1496,Hrida-T2SQL,bird,,,
bird_1497,Hrida-T2SQL,bird,,,
bird_1498,Hrida-T2SQL,bird,,,
bird_1499,Hrida-T2SQL,bird,,,
bird_1500,Hrida-T2SQL,bird,,,
bird_1501,Hrida-T2SQL,bird,,,
bird_1502,Hrida-T2SQL,bird,,,
bird_1503,Hrida-T2SQL,bird,,,
bird_1504,Hrida-T2SQL,bird,,,
bird_1505,Hrida-T2SQL,bird,,,
bird_1506,Hrida-T2SQL,bird,,,
bird_1507,Hrida-T2SQL,bird,,,
bird_1508,Hrida-T2SQL,bird,,,
bird_1509,Hrida-T2SQL,bird,,,
bird_1510,Hrida-T2SQL,bird,,,
bird_1511,Hrida-T2SQL,bird,,,
bird_1512,Hrida-T2SQL,bird,,,
bird_1513,Hrida-T2SQL,bird,,,
bird_1514,Hrida-T2SQL,bird,,,
bird_1515,Hrida-T2SQL,bird,,,
bird_1516,Hrida-T2SQL,bird,,,
bird_1517,Hrida-T2SQL,bird,,,
bird_1518,Hrida-T2SQL,bird,,,
bird_1519,Hrida-T2SQL,bird,,,
bird_1520,Hrida-T2SQL,bird,,,
bird_1521,Hrida-T2SQL,bird,,,
bird_1522,Hrida-T2SQL,bird,,,
bird_1523,Hrida-T2SQL,bird,,,
bird_1524,Hrida-T2SQL,bird,,,
bird_1525,Hrida-T2SQL,bird,,,
bird_1526,Hrida-T2SQL,bird,,,
bird_1527,Hrida-T2SQL,bird,,,
bird_1528,Hrida-T2SQL,bird,,,
bird_1529,Hrida-T2SQL,bird,,,
bird_1530,Hrida-T2SQL,bird,,,
bird_1531,Hrida-T2SQL,bird,,,
bird_1532,Hrida-T2SQL,bird,,,
bird_1533,Hrida-T2SQL,bird,,,
spider_0,Hrida-T2SQL,spider,,,
spider_1,Hrida-T2SQL,spider,,,
spider_2,Hrida-T2SQL,spider,,,
spider_3,Hrida-T2SQL,spider,,,
spider_4,Hrida-T2SQL,spider,,,
spider_5,Hrida-T2SQL,spider,,,
spider_6,Hrida-T2SQL,spider,,,
spider_7,Hrida-T2SQL,spider,,,
spider_8,Hrida-T2SQL,spider,,,
spider_9,Hrida-T2SQL,spider,,,
spider_10,Hrida-T2SQL,spider,,,
spider_11,Hrida-T2SQL,spider,,,
spider_12,Hrida-T2SQL,spider,,,
spider_13,Hrida-T2SQL,spider,,,
spider_14,Hrida-T2SQL,spider,,,
spider_15,Hrida-T2SQL,spider,,,
spider_16,Hrida-T2SQL,spider,,,
spider_17,Hrida-T2SQL,spider,,,
spider_18,Hrida-T2SQL,spider,,,
spider_19,Hrida-T2SQL,spider,,,
spider_20,Hrida-T2SQL,spider,,,
spider_21,Hrida-T2SQL,spider,,,
spider_22,Hrida-T2SQL,spider,,,
spider_23,Hrida-T2SQL,spider,,,
spider_24,Hrida-T2SQL,spider,,,
spider_25,Hrida-T2SQL,spider,,,
spider_26,Hrida-T2SQL,spider,,,
spider_27,Hrida-T2SQL,spider,,,
spider_28,Hrida-T2SQL,spider,,,
spider_29,Hrida-T2SQL,spider,,,
spider_30,Hrida-T2SQL,spider,,,
spider_31,Hrida-T2SQL,spider,,,
spider_32,Hrida-T2SQL,spider,,,
spider_33,Hrida-T2SQL,spider,,,
spider_34,Hrida-T2SQL,spider,,,
spider_35,Hrida-T2SQL,spider,,,
spider_36,Hrida-T2SQL,spider,,,
spider_37,Hrida-T2SQL,spider,,,
spider_38,Hrida-T2SQL,spider,,,
spider_39,Hrida-T2SQL,spider,,,
spider_40,Hrida-T2SQL,spider,,,
spider_41,Hrida-T2SQL,spider,,,
spider_42,Hrida-T2SQL,spider,,,
spider_43,Hrida-T2SQL,spider,,,
spider_44,Hrida-T2SQL,spider,,,
spider_45,Hrida-T2SQL,spider,,,
spider_46,Hrida-T2SQL,spider,,,
spider_47,Hrida-T2SQL,spider,,,
spider_48,Hrida-T2SQL,spider,,,
spider_49,Hrida-T2SQL,spider,,,
spider_50,Hrida-T2SQL,spider,,,
spider_51,Hrida-T2SQL,spider,,,
spider_52,Hrida-T2SQL,spider,,,
spider_53,Hrida-T2SQL,spider,,,
spider_54,Hrida-T2SQL,spider,,,
spider_55,Hrida-T2SQL,spider,,,
spider_56,Hrida-T2SQL,spider,,,
spider_57,Hrida-T2SQL,spider,,,
spider_58,Hrida-T2SQL,spider,,,
spider_59,Hrida-T2SQL,spider,,,
spider_60,Hrida-T2SQL,spider,,,
spider_61,Hrida-T2SQL,spider,,,
spider_62,Hrida-T2SQL,spider,,,
spider_63,Hrida-T2SQL,spider,,,
spider_64,Hrida-T2SQL,spider,,,
spider_65,Hrida-T2SQL,spider,,,
spider_66,Hrida-T2SQL,spider,,,
spider_67,Hrida-T2SQL,spider,,,
spider_68,Hrida-T2SQL,spider,,,
spider_69,Hrida-T2SQL,spider,,,
spider_70,Hrida-T2SQL,spider,,,
spider_71,Hrida-T2SQL,spider,,,
spider_72,Hrida-T2SQL,spider,,,
spider_73,Hrida-T2SQL,spider,,,
spider_74,Hrida-T2SQL,spider,,,
spider_75,Hrida-T2SQL,spider,,,
spider_76,Hrida-T2SQL,spider,,,
spider_77,Hrida-T2SQL,spider,,,
spider_78,Hrida-T2SQL,spider,,,
spider_79,Hrida-T2SQL,spider,,,
spider_80,Hrida-T2SQL,spider,,,
spider_81,Hrida-T2SQL,spider,,,
spider_82,Hrida-T2SQL,spider,,,
spider_83,Hrida-T2SQL,spider,,,
spider_84,Hrida-T2SQL,spider,,,
spider_85,Hrida-T2SQL,spider,,,
spider_86,Hrida-T2SQL,spider,,,
spider_87,Hrida-T2SQL,spider,,,
spider_88,Hrida-T2SQL,spider,,,
spider_89,Hrida-T2SQL,spider,,,
spider_90,Hrida-T2SQL,spider,,,
spider_91,Hrida-T2SQL,spider,,,
spider_92,Hrida-T2SQL,spider,,,
spider_93,Hrida-T2SQL,spider,,,
spider_94,Hrida-T2SQL,spider,,,
spider_95,Hrida-T2SQL,spider,,,
spider_96,Hrida-T2SQL,spider,,,
spider_97,Hrida-T2SQL,spider,,,
spider_98,Hrida-T2SQL,spider,,,
spider_99,Hrida-T2SQL,spider,,,
spider_100,Hrida-T2SQL,spider,,,
spider_101,Hrida-T2SQL,spider,,,
spider_102,Hrida-T2SQL,spider,,,
spider_103,Hrida-T2SQL,spider,,,
spider_104,Hrida-T2SQL,spider,,,
spider_105,Hrida-T2SQL,spider,,,
spider_106,Hrida-T2SQL,spider,,,
spider_107,Hrida-T2SQL,spider,,,
spider_108,Hrida-T2SQL,spider,,,
spider_109,Hrida-T2SQL,spider,,,
spider_110,Hrida-T2SQL,spider,,,
spider_111,Hrida-T2SQL,spider,,,
spider_112,Hrida-T2SQL,spider,,,
spider_113,Hrida-T2SQL,spider,,,
spider_114,Hrida-T2SQL,spider,,,
spider_115,Hrida-T2SQL,spider,,,
spider_116,Hrida-T2SQL,spider,,,
spider_117,Hrida-T2SQL,spider,,,
spider_118,Hrida-T2SQL,spider,,,
spider_119,Hrida-T2SQL,spider,,,
spider_120,Hrida-T2SQL,spider,,,
spider_121,Hrida-T2SQL,spider,,,
spider_122,Hrida-T2SQL,spider,,,
spider_123,Hrida-T2SQL,spider,,,
spider_124,Hrida-T2SQL,spider,,,
spider_125,Hrida-T2SQL,spider,,,
spider_126,Hrida-T2SQL,spider,,,
spider_127,Hrida-T2SQL,spider,,,
spider_128,Hrida-T2SQL,spider,,,
spider_129,Hrida-T2SQL,spider,,,
spider_130,Hrida-T2SQL,spider,,,
spider_131,Hrida-T2SQL,spider,,,
spider_132,Hrida-T2SQL,spider,,,
spider_133,Hrida-T2SQL,spider,,,
spider_134,Hrida-T2SQL,spider,,,
spider_135,Hrida-T2SQL,spider,,,
spider_136,Hrida-T2SQL,spider,,,
spider_137,Hrida-T2SQL,spider,,,
spider_138,Hrida-T2SQL,spider,,,
spider_139,Hrida-T2SQL,spider,,,
spider_140,Hrida-T2SQL,spider,,,
spider_141,Hrida-T2SQL,spider,,,
spider_142,Hrida-T2SQL,spider,,,
spider_143,Hrida-T2SQL,spider,,,
spider_144,Hrida-T2SQL,spider,,,
spider_145,Hrida-T2SQL,spider,,,
spider_146,Hrida-T2SQL,spider,,,
spider_147,Hrida-T2SQL,spider,,,
spider_148,Hrida-T2SQL,spider,,,
spider_149,Hrida-T2SQL,spider,,,
spider_150,Hrida-T2SQL,spider,,,
spider_151,Hrida-T2SQL,spider,,,
spider_152,Hrida-T2SQL,spider,,,
spider_153,Hrida-T2SQL,spider,,,
spider_154,Hrida-T2SQL,spider,,,
spider_155,Hrida-T2SQL,spider,,,
spider_156,Hrida-T2SQL,spider,,,
spider_157,Hrida-T2SQL,spider,,,
spider_158,Hrida-T2SQL,spider,,,
spider_159,Hrida-T2SQL,spider,,,
spider_160,Hrida-T2SQL,spider,,,
spider_161,Hrida-T2SQL,spider,,,
spider_162,Hrida-T2SQL,spider,,,
spider_163,Hrida-T2SQL,spider,,,
spider_164,Hrida-T2SQL,spider,,,
spider_165,Hrida-T2SQL,spider,,,
spider_166,Hrida-T2SQL,spider,,,
spider_167,Hrida-T2SQL,spider,,,
spider_168,Hrida-T2SQL,spider,,,
spider_169,Hrida-T2SQL,spider,,,
spider_170,Hrida-T2SQL,spider,,,
spider_171,Hrida-T2SQL,spider,,,
spider_172,Hrida-T2SQL,spider,,,
spider_173,Hrida-T2SQL,spider,,,
spider_174,Hrida-T2SQL,spider,,,
spider_175,Hrida-T2SQL,spider,,,
spider_176,Hrida-T2SQL,spider,,,
spider_177,Hrida-T2SQL,spider,,,
spider_178,Hrida-T2SQL,spider,,,
spider_179,Hrida-T2SQL,spider,,,
spider_180,Hrida-T2SQL,spider,,,
spider_181,Hrida-T2SQL,spider,,,
spider_182,Hrida-T2SQL,spider,,,
spider_183,Hrida-T2SQL,spider,,,
spider_184,Hrida-T2SQL,spider,,,
spider_185,Hrida-T2SQL,spider,,,
spider_186,Hrida-T2SQL,spider,,,
spider_187,Hrida-T2SQL,spider,,,
spider_188,Hrida-T2SQL,spider,,,
spider_189,Hrida-T2SQL,spider,,,
spider_190,Hrida-T2SQL,spider,,,
spider_191,Hrida-T2SQL,spider,,,
spider_192,Hrida-T2SQL,spider,,,
spider_193,Hrida-T2SQL,spider,,,
spider_194,Hrida-T2SQL,spider,,,
spider_195,Hrida-T2SQL,spider,,,
spider_196,Hrida-T2SQL,spider,,,
spider_197,Hrida-T2SQL,spider,,,
spider_198,Hrida-T2SQL,spider,,,
spider_199,Hrida-T2SQL,spider,,,
spider_200,Hrida-T2SQL,spider,,,
spider_201,Hrida-T2SQL,spider,,,
spider_202,Hrida-T2SQL,spider,,,
spider_203,Hrida-T2SQL,spider,,,
spider_204,Hrida-T2SQL,spider,,,
spider_205,Hrida-T2SQL,spider,,,
spider_206,Hrida-T2SQL,spider,,,
spider_207,Hrida-T2SQL,spider,,,
spider_208,Hrida-T2SQL,spider,,,
spider_209,Hrida-T2SQL,spider,,,
spider_210,Hrida-T2SQL,spider,,,
spider_211,Hrida-T2SQL,spider,,,
spider_212,Hrida-T2SQL,spider,,,
spider_213,Hrida-T2SQL,spider,,,
spider_214,Hrida-T2SQL,spider,,,
spider_215,Hrida-T2SQL,spider,,,
spider_216,Hrida-T2SQL,spider,,,
spider_217,Hrida-T2SQL,spider,,,
spider_218,Hrida-T2SQL,spider,,,
spider_219,Hrida-T2SQL,spider,,,
spider_220,Hrida-T2SQL,spider,,,
spider_221,Hrida-T2SQL,spider,,,
spider_222,Hrida-T2SQL,spider,,,
spider_223,Hrida-T2SQL,spider,,,
spider_224,Hrida-T2SQL,spider,,,
spider_225,Hrida-T2SQL,spider,,,
spider_226,Hrida-T2SQL,spider,,,
spider_227,Hrida-T2SQL,spider,,,
spider_228,Hrida-T2SQL,spider,,,
spider_229,Hrida-T2SQL,spider,,,
spider_230,Hrida-T2SQL,spider,,,
spider_231,Hrida-T2SQL,spider,,,
spider_232,Hrida-T2SQL,spider,,,
spider_233,Hrida-T2SQL,spider,,,
spider_234,Hrida-T2SQL,spider,,,
spider_235,Hrida-T2SQL,spider,,,
spider_236,Hrida-T2SQL,spider,,,
spider_237,Hrida-T2SQL,spider,,,
spider_238,Hrida-T2SQL,spider,,,
spider_239,Hrida-T2SQL,spider,,,
spider_240,Hrida-T2SQL,spider,,,
spider_241,Hrida-T2SQL,spider,,,
spider_242,Hrida-T2SQL,spider,,,
spider_243,Hrida-T2SQL,spider,,,
spider_244,Hrida-T2SQL,spider,,,
spider_245,Hrida-T2SQL,spider,,,
spider_246,Hrida-T2SQL,spider,,,
spider_247,Hrida-T2SQL,spider,,,
spider_248,Hrida-T2SQL,spider,,,
spider_249,Hrida-T2SQL,spider,,,
spider_250,Hrida-T2SQL,spider,,,
spider_251,Hrida-T2SQL,spider,,,
spider_252,Hrida-T2SQL,spider,,,
spider_253,Hrida-T2SQL,spider,,,
spider_254,Hrida-T2SQL,spider,,,
spider_255,Hrida-T2SQL,spider,,,
spider_256,Hrida-T2SQL,spider,,,
spider_257,Hrida-T2SQL,spider,,,
spider_258,Hrida-T2SQL,spider,,,
spider_259,Hrida-T2SQL,spider,,,
spider_260,Hrida-T2SQL,spider,,,
spider_261,Hrida-T2SQL,spider,,,
spider_262,Hrida-T2SQL,spider,,,
spider_263,Hrida-T2SQL,spider,,,
spider_264,Hrida-T2SQL,spider,,,
spider_265,Hrida-T2SQL,spider,,,
spider_266,Hrida-T2SQL,spider,,,
spider_267,Hrida-T2SQL,spider,,,
spider_268,Hrida-T2SQL,spider,,,
spider_269,Hrida-T2SQL,spider,,,
spider_270,Hrida-T2SQL,spider,,,
spider_271,Hrida-T2SQL,spider,,,
spider_272,Hrida-T2SQL,spider,,,
spider_273,Hrida-T2SQL,spider,,,
spider_274,Hrida-T2SQL,spider,,,
spider_275,Hrida-T2SQL,spider,,,
spider_276,Hrida-T2SQL,spider,,,
spider_277,Hrida-T2SQL,spider,,,
spider_278,Hrida-T2SQL,spider,,,
spider_279,Hrida-T2SQL,spider,,,
spider_280,Hrida-T2SQL,spider,,,
spider_281,Hrida-T2SQL,spider,,,
spider_282,Hrida-T2SQL,spider,,,
spider_283,Hrida-T2SQL,spider,,,
spider_284,Hrida-T2SQL,spider,,,
spider_285,Hrida-T2SQL,spider,,,
spider_286,Hrida-T2SQL,spider,,,
spider_287,Hrida-T2SQL,spider,,,
spider_288,Hrida-T2SQL,spider,,,
spider_289,Hrida-T2SQL,spider,,,
spider_290,Hrida-T2SQL,spider,,,
spider_291,Hrida-T2SQL,spider,,,
spider_292,Hrida-T2SQL,spider,,,
spider_293,Hrida-T2SQL,spider,,,
spider_294,Hrida-T2SQL,spider,,,
spider_295,Hrida-T2SQL,spider,,,
spider_296,Hrida-T2SQL,spider,,,
spider_297,Hrida-T2SQL,spider,,,
spider_298,Hrida-T2SQL,spider,,,
spider_299,Hrida-T2SQL,spider,,,
spider_300,Hrida-T2SQL,spider,,,
spider_301,Hrida-T2SQL,spider,,,
spider_302,Hrida-T2SQL,spider,,,
spider_303,Hrida-T2SQL,spider,,,
spider_304,Hrida-T2SQL,spider,,,
spider_305,Hrida-T2SQL,spider,,,
spider_306,Hrida-T2SQL,spider,,,
spider_307,Hrida-T2SQL,spider,,,
spider_308,Hrida-T2SQL,spider,,,
spider_309,Hrida-T2SQL,spider,,,
spider_310,Hrida-T2SQL,spider,,,
spider_311,Hrida-T2SQL,spider,,,
spider_312,Hrida-T2SQL,spider,,,
spider_313,Hrida-T2SQL,spider,,,
spider_314,Hrida-T2SQL,spider,,,
spider_315,Hrida-T2SQL,spider,,,
spider_316,Hrida-T2SQL,spider,,,
spider_317,Hrida-T2SQL,spider,,,
spider_318,Hrida-T2SQL,spider,,,
spider_319,Hrida-T2SQL,spider,,,
spider_320,Hrida-T2SQL,spider,,,
spider_321,Hrida-T2SQL,spider,,,
spider_322,Hrida-T2SQL,spider,,,
spider_323,Hrida-T2SQL,spider,,,
spider_324,Hrida-T2SQL,spider,,,
spider_325,Hrida-T2SQL,spider,,,
spider_326,Hrida-T2SQL,spider,,,
spider_327,Hrida-T2SQL,spider,,,
spider_328,Hrida-T2SQL,spider,,,
spider_329,Hrida-T2SQL,spider,,,
spider_330,Hrida-T2SQL,spider,,,
spider_331,Hrida-T2SQL,spider,,,
spider_332,Hrida-T2SQL,spider,,,
spider_333,Hrida-T2SQL,spider,,,
spider_334,Hrida-T2SQL,spider,,,
spider_335,Hrida-T2SQL,spider,,,
spider_336,Hrida-T2SQL,spider,,,
spider_337,Hrida-T2SQL,spider,,,
spider_338,Hrida-T2SQL,spider,,,
spider_339,Hrida-T2SQL,spider,,,
spider_340,Hrida-T2SQL,spider,,,
spider_341,Hrida-T2SQL,spider,,,
spider_342,Hrida-T2SQL,spider,,,
spider_343,Hrida-T2SQL,spider,,,
spider_344,Hrida-T2SQL,spider,,,
spider_345,Hrida-T2SQL,spider,,,
spider_346,Hrida-T2SQL,spider,,,
spider_347,Hrida-T2SQL,spider,,,
spider_348,Hrida-T2SQL,spider,,,
spider_349,Hrida-T2SQL,spider,,,
spider_350,Hrida-T2SQL,spider,,,
spider_351,Hrida-T2SQL,spider,,,
spider_352,Hrida-T2SQL,spider,,,
spider_353,Hrida-T2SQL,spider,,,
spider_354,Hrida-T2SQL,spider,,,
spider_355,Hrida-T2SQL,spider,,,
spider_356,Hrida-T2SQL,spider,,,
spider_357,Hrida-T2SQL,spider,,,
spider_358,Hrida-T2SQL,spider,,,
spider_359,Hrida-T2SQL,spider,,,
spider_360,Hrida-T2SQL,spider,,,
spider_361,Hrida-T2SQL,spider,,,
spider_362,Hrida-T2SQL,spider,,,
spider_363,Hrida-T2SQL,spider,,,
spider_364,Hrida-T2SQL,spider,,,
spider_365,Hrida-T2SQL,spider,,,
spider_366,Hrida-T2SQL,spider,,,
spider_367,Hrida-T2SQL,spider,,,
spider_368,Hrida-T2SQL,spider,,,
spider_369,Hrida-T2SQL,spider,,,
spider_370,Hrida-T2SQL,spider,,,
spider_371,Hrida-T2SQL,spider,,,
spider_372,Hrida-T2SQL,spider,,,
spider_373,Hrida-T2SQL,spider,,,
spider_374,Hrida-T2SQL,spider,,,
spider_375,Hrida-T2SQL,spider,,,
spider_376,Hrida-T2SQL,spider,,,
spider_377,Hrida-T2SQL,spider,,,
spider_378,Hrida-T2SQL,spider,,,
spider_379,Hrida-T2SQL,spider,,,
spider_380,Hrida-T2SQL,spider,,,
spider_381,Hrida-T2SQL,spider,,,
spider_382,Hrida-T2SQL,spider,,,
spider_383,Hrida-T2SQL,spider,,,
spider_384,Hrida-T2SQL,spider,,,
spider_385,Hrida-T2SQL,spider,,,
spider_386,Hrida-T2SQL,spider,,,
spider_387,Hrida-T2SQL,spider,,,
spider_388,Hrida-T2SQL,spider,,,
spider_389,Hrida-T2SQL,spider,,,
spider_390,Hrida-T2SQL,spider,,,
spider_391,Hrida-T2SQL,spider,,,
spider_392,Hrida-T2SQL,spider,,,
spider_393,Hrida-T2SQL,spider,,,
spider_394,Hrida-T2SQL,spider,,,
spider_395,Hrida-T2SQL,spider,,,
spider_396,Hrida-T2SQL,spider,,,
spider_397,Hrida-T2SQL,spider,,,
spider_398,Hrida-T2SQL,spider,,,
spider_399,Hrida-T2SQL,spider,,,
spider_400,Hrida-T2SQL,spider,,,
spider_401,Hrida-T2SQL,spider,,,
spider_402,Hrida-T2SQL,spider,,,
spider_403,Hrida-T2SQL,spider,,,
spider_404,Hrida-T2SQL,spider,,,
spider_405,Hrida-T2SQL,spider,,,
spider_406,Hrida-T2SQL,spider,,,
spider_407,Hrida-T2SQL,spider,,,
spider_408,Hrida-T2SQL,spider,,,
spider_409,Hrida-T2SQL,spider,,,
spider_410,Hrida-T2SQL,spider,,,
spider_411,Hrida-T2SQL,spider,,,
spider_412,Hrida-T2SQL,spider,,,
spider_413,Hrida-T2SQL,spider,,,
spider_414,Hrida-T2SQL,spider,,,
spider_415,Hrida-T2SQL,spider,,,
spider_416,Hrida-T2SQL,spider,,,
spider_417,Hrida-T2SQL,spider,,,
spider_418,Hrida-T2SQL,spider,,,
spider_419,Hrida-T2SQL,spider,,,
spider_420,Hrida-T2SQL,spider,,,
spider_421,Hrida-T2SQL,spider,,,
spider_422,Hrida-T2SQL,spider,,,
spider_423,Hrida-T2SQL,spider,,,
spider_424,Hrida-T2SQL,spider,,,
spider_425,Hrida-T2SQL,spider,,,
spider_426,Hrida-T2SQL,spider,,,
spider_427,Hrida-T2SQL,spider,,,
spider_428,Hrida-T2SQL,spider,,,
spider_429,Hrida-T2SQL,spider,,,
spider_430,Hrida-T2SQL,spider,,,
spider_431,Hrida-T2SQL,spider,,,
spider_432,Hrida-T2SQL,spider,,,
spider_433,Hrida-T2SQL,spider,,,
spider_434,Hrida-T2SQL,spider,,,
spider_435,Hrida-T2SQL,spider,,,
spider_436,Hrida-T2SQL,spider,,,
spider_437,Hrida-T2SQL,spider,,,
spider_438,Hrida-T2SQL,spider,,,
spider_439,Hrida-T2SQL,spider,,,
spider_440,Hrida-T2SQL,spider,,,
spider_441,Hrida-T2SQL,spider,,,
spider_442,Hrida-T2SQL,spider,,,
spider_443,Hrida-T2SQL,spider,,,
spider_444,Hrida-T2SQL,spider,,,
spider_445,Hrida-T2SQL,spider,,,
spider_446,Hrida-T2SQL,spider,,,
spider_447,Hrida-T2SQL,spider,,,
spider_448,Hrida-T2SQL,spider,,,
spider_449,Hrida-T2SQL,spider,,,
spider_450,Hrida-T2SQL,spider,,,
spider_451,Hrida-T2SQL,spider,,,
spider_452,Hrida-T2SQL,spider,,,
spider_453,Hrida-T2SQL,spider,,,
spider_454,Hrida-T2SQL,spider,,,
spider_455,Hrida-T2SQL,spider,,,
spider_456,Hrida-T2SQL,spider,,,
spider_457,Hrida-T2SQL,spider,,,
spider_458,Hrida-T2SQL,spider,,,
spider_459,Hrida-T2SQL,spider,,,
spider_460,Hrida-T2SQL,spider,,,
spider_461,Hrida-T2SQL,spider,,,
spider_462,Hrida-T2SQL,spider,,,
spider_463,Hrida-T2SQL,spider,,,
spider_464,Hrida-T2SQL,spider,,,
spider_465,Hrida-T2SQL,spider,,,
spider_466,Hrida-T2SQL,spider,,,
spider_467,Hrida-T2SQL,spider,,,
spider_468,Hrida-T2SQL,spider,,,
spider_469,Hrida-T2SQL,spider,,,
spider_470,Hrida-T2SQL,spider,,,
spider_471,Hrida-T2SQL,spider,,,
spider_472,Hrida-T2SQL,spider,,,
spider_473,Hrida-T2SQL,spider,,,
spider_474,Hrida-T2SQL,spider,,,
spider_475,Hrida-T2SQL,spider,,,
spider_476,Hrida-T2SQL,spider,,,
spider_477,Hrida-T2SQL,spider,,,
spider_478,Hrida-T2SQL,spider,,,
spider_479,Hrida-T2SQL,spider,,,
spider_480,Hrida-T2SQL,spider,,,
spider_481,Hrida-T2SQL,spider,,,
spider_482,Hrida-T2SQL,spider,,,
spider_483,Hrida-T2SQL,spider,,,
spider_484,Hrida-T2SQL,spider,,,
spider_485,Hrida-T2SQL,spider,,,
spider_486,Hrida-T2SQL,spider,,,
spider_487,Hrida-T2SQL,spider,,,
spider_488,Hrida-T2SQL,spider,,,
spider_489,Hrida-T2SQL,spider,,,
spider_490,Hrida-T2SQL,spider,,,
spider_491,Hrida-T2SQL,spider,,,
spider_492,Hrida-T2SQL,spider,,,
spider_493,Hrida-T2SQL,spider,,,
spider_494,Hrida-T2SQL,spider,,,
spider_495,Hrida-T2SQL,spider,,,
spider_496,Hrida-T2SQL,spider,,,
spider_497,Hrida-T2SQL,spider,,,
spider_498,Hrida-T2SQL,spider,,,
spider_499,Hrida-T2SQL,spider,,,
spider_500,Hrida-T2SQL,spider,,,
spider_501,Hrida-T2SQL,spider,,,
spider_502,Hrida-T2SQL,spider,,,
spider_503,Hrida-T2SQL,spider,,,
spider_504,Hrida-T2SQL,spider,,,
spider_505,Hrida-T2SQL,spider,,,
spider_506,Hrida-T2SQL,spider,,,
spider_507,Hrida-T2SQL,spider,,,
spider_508,Hrida-T2SQL,spider,,,
spider_509,Hrida-T2SQL,spider,,,
spider_510,Hrida-T2SQL,spider,,,
spider_511,Hrida-T2SQL,spider,,,
spider_512,Hrida-T2SQL,spider,,,
spider_513,Hrida-T2SQL,spider,,,
spider_514,Hrida-T2SQL,spider,,,
spider_515,Hrida-T2SQL,spider,,,
spider_516,Hrida-T2SQL,spider,,,
spider_517,Hrida-T2SQL,spider,,,
spider_518,Hrida-T2SQL,spider,,,
spider_519,Hrida-T2SQL,spider,,,
spider_520,Hrida-T2SQL,spider,,,
spider_521,Hrida-T2SQL,spider,,,
spider_522,Hrida-T2SQL,spider,,,
spider_523,Hrida-T2SQL,spider,,,
spider_524,Hrida-T2SQL,spider,,,
spider_525,Hrida-T2SQL,spider,,,
spider_526,Hrida-T2SQL,spider,,,
spider_527,Hrida-T2SQL,spider,,,
spider_528,Hrida-T2SQL,spider,,,
spider_529,Hrida-T2SQL,spider,,,
spider_530,Hrida-T2SQL,spider,,,
spider_531,Hrida-T2SQL,spider,,,
spider_532,Hrida-T2SQL,spider,,,
spider_533,Hrida-T2SQL,spider,,,
spider_534,Hrida-T2SQL,spider,,,
spider_535,Hrida-T2SQL,spider,,,
spider_536,Hrida-T2SQL,spider,,,
spider_537,Hrida-T2SQL,spider,,,
spider_538,Hrida-T2SQL,spider,,,
spider_539,Hrida-T2SQL,spider,,,
spider_540,Hrida-T2SQL,spider,,,
spider_541,Hrida-T2SQL,spider,,,
spider_542,Hrida-T2SQL,spider,,,
spider_543,Hrida-T2SQL,spider,,,
spider_544,Hrida-T2SQL,spider,,,
spider_545,Hrida-T2SQL,spider,,,
spider_546,Hrida-T2SQL,spider,,,
spider_547,Hrida-T2SQL,spider,,,
spider_548,Hrida-T2SQL,spider,,,
spider_549,Hrida-T2SQL,spider,,,
spider_550,Hrida-T2SQL,spider,,,
spider_551,Hrida-T2SQL,spider,,,
spider_552,Hrida-T2SQL,spider,,,
spider_553,Hrida-T2SQL,spider,,,
spider_554,Hrida-T2SQL,spider,,,
spider_555,Hrida-T2SQL,spider,,,
spider_556,Hrida-T2SQL,spider,,,
spider_557,Hrida-T2SQL,spider,,,
spider_558,Hrida-T2SQL,spider,,,
spider_559,Hrida-T2SQL,spider,,,
spider_560,Hrida-T2SQL,spider,,,
spider_561,Hrida-T2SQL,spider,,,
spider_562,Hrida-T2SQL,spider,,,
spider_563,Hrida-T2SQL,spider,,,
spider_564,Hrida-T2SQL,spider,,,
spider_565,Hrida-T2SQL,spider,,,
spider_566,Hrida-T2SQL,spider,,,
spider_567,Hrida-T2SQL,spider,,,
spider_568,Hrida-T2SQL,spider,,,
spider_569,Hrida-T2SQL,spider,,,
spider_570,Hrida-T2SQL,spider,,,
spider_571,Hrida-T2SQL,spider,,,
spider_572,Hrida-T2SQL,spider,,,
spider_573,Hrida-T2SQL,spider,,,
spider_574,Hrida-T2SQL,spider,,,
spider_575,Hrida-T2SQL,spider,,,
spider_576,Hrida-T2SQL,spider,,,
spider_577,Hrida-T2SQL,spider,,,
spider_578,Hrida-T2SQL,spider,,,
spider_579,Hrida-T2SQL,spider,,,
spider_580,Hrida-T2SQL,spider,,,
spider_581,Hrida-T2SQL,spider,,,
spider_582,Hrida-T2SQL,spider,,,
spider_583,Hrida-T2SQL,spider,,,
spider_584,Hrida-T2SQL,spider,,,
spider_585,Hrida-T2SQL,spider,,,
spider_586,Hrida-T2SQL,spider,,,
spider_587,Hrida-T2SQL,spider,,,
spider_588,Hrida-T2SQL,spider,,,
spider_589,Hrida-T2SQL,spider,,,
spider_590,Hrida-T2SQL,spider,,,
spider_591,Hrida-T2SQL,spider,,,
spider_592,Hrida-T2SQL,spider,,,
spider_593,Hrida-T2SQL,spider,,,
spider_594,Hrida-T2SQL,spider,,,
spider_595,Hrida-T2SQL,spider,,,
spider_596,Hrida-T2SQL,spider,,,
spider_597,Hrida-T2SQL,spider,,,
spider_598,Hrida-T2SQL,spider,,,
spider_599,Hrida-T2SQL,spider,,,
spider_600,Hrida-T2SQL,spider,,,
spider_601,Hrida-T2SQL,spider,,,
spider_602,Hrida-T2SQL,spider,,,
spider_603,Hrida-T2SQL,spider,,,
spider_604,Hrida-T2SQL,spider,,,
spider_605,Hrida-T2SQL,spider,,,
spider_606,Hrida-T2SQL,spider,,,
spider_607,Hrida-T2SQL,spider,,,
spider_608,Hrida-T2SQL,spider,,,
spider_609,Hrida-T2SQL,spider,,,
spider_610,Hrida-T2SQL,spider,,,
spider_611,Hrida-T2SQL,spider,,,
spider_612,Hrida-T2SQL,spider,,,
spider_613,Hrida-T2SQL,spider,,,
spider_614,Hrida-T2SQL,spider,,,
spider_615,Hrida-T2SQL,spider,,,
spider_616,Hrida-T2SQL,spider,,,
spider_617,Hrida-T2SQL,spider,,,
spider_618,Hrida-T2SQL,spider,,,
spider_619,Hrida-T2SQL,spider,,,
spider_620,Hrida-T2SQL,spider,,,
spider_621,Hrida-T2SQL,spider,,,
spider_622,Hrida-T2SQL,spider,,,
spider_623,Hrida-T2SQL,spider,,,
spider_624,Hrida-T2SQL,spider,,,
spider_625,Hrida-T2SQL,spider,,,
spider_626,Hrida-T2SQL,spider,,,
spider_627,Hrida-T2SQL,spider,,,
spider_628,Hrida-T2SQL,spider,,,
spider_629,Hrida-T2SQL,spider,,,
spider_630,Hrida-T2SQL,spider,,,
spider_631,Hrida-T2SQL,spider,,,
spider_632,Hrida-T2SQL,spider,,,
spider_633,Hrida-T2SQL,spider,,,
spider_634,Hrida-T2SQL,spider,,,
spider_635,Hrida-T2SQL,spider,,,
spider_636,Hrida-T2SQL,spider,,,
spider_637,Hrida-T2SQL,spider,,,
spider_638,Hrida-T2SQL,spider,,,
spider_639,Hrida-T2SQL,spider,,,
spider_640,Hrida-T2SQL,spider,,,
spider_641,Hrida-T2SQL,spider,,,
spider_642,Hrida-T2SQL,spider,,,
spider_643,Hrida-T2SQL,spider,,,
spider_644,Hrida-T2SQL,spider,,,
spider_645,Hrida-T2SQL,spider,,,
spider_646,Hrida-T2SQL,spider,,,
spider_647,Hrida-T2SQL,spider,,,
spider_648,Hrida-T2SQL,spider,,,
spider_649,Hrida-T2SQL,spider,,,
spider_650,Hrida-T2SQL,spider,,,
spider_651,Hrida-T2SQL,spider,,,
spider_652,Hrida-T2SQL,spider,,,
spider_653,Hrida-T2SQL,spider,,,
spider_654,Hrida-T2SQL,spider,,,
spider_655,Hrida-T2SQL,spider,,,
spider_656,Hrida-T2SQL,spider,,,
spider_657,Hrida-T2SQL,spider,,,
spider_658,Hrida-T2SQL,spider,,,
spider_659,Hrida-T2SQL,spider,,,
spider_660,Hrida-T2SQL,spider,,,
spider_661,Hrida-T2SQL,spider,,,
spider_662,Hrida-T2SQL,spider,,,
spider_663,Hrida-T2SQL,spider,,,
spider_664,Hrida-T2SQL,spider,,,
spider_665,Hrida-T2SQL,spider,,,
spider_666,Hrida-T2SQL,spider,,,
spider_667,Hrida-T2SQL,spider,,,
spider_668,Hrida-T2SQL,spider,,,
spider_669,Hrida-T2SQL,spider,,,
spider_670,Hrida-T2SQL,spider,,,
spider_671,Hrida-T2SQL,spider,,,
spider_672,Hrida-T2SQL,spider,,,
spider_673,Hrida-T2SQL,spider,,,
spider_674,Hrida-T2SQL,spider,,,
spider_675,Hrida-T2SQL,spider,,,
spider_676,Hrida-T2SQL,spider,,,
spider_677,Hrida-T2SQL,spider,,,
spider_678,Hrida-T2SQL,spider,,,
spider_679,Hrida-T2SQL,spider,,,
spider_680,Hrida-T2SQL,spider,,,
spider_681,Hrida-T2SQL,spider,,,
spider_682,Hrida-T2SQL,spider,,,
spider_683,Hrida-T2SQL,spider,,,
spider_684,Hrida-T2SQL,spider,,,
spider_685,Hrida-T2SQL,spider,,,
spider_686,Hrida-T2SQL,spider,,,
spider_687,Hrida-T2SQL,spider,,,
spider_688,Hrida-T2SQL,spider,,,
spider_689,Hrida-T2SQL,spider,,,
spider_690,Hrida-T2SQL,spider,,,
spider_691,Hrida-T2SQL,spider,,,
spider_692,Hrida-T2SQL,spider,,,
spider_693,Hrida-T2SQL,spider,,,
spider_694,Hrida-T2SQL,spider,,,
spider_695,Hrida-T2SQL,spider,,,
spider_696,Hrida-T2SQL,spider,,,
spider_697,Hrida-T2SQL,spider,,,
spider_698,Hrida-T2SQL,spider,,,
spider_699,Hrida-T2SQL,spider,,,
spider_700,Hrida-T2SQL,spider,,,
spider_701,Hrida-T2SQL,spider,,,
spider_702,Hrida-T2SQL,spider,,,
spider_703,Hrida-T2SQL,spider,,,
spider_704,Hrida-T2SQL,spider,,,
spider_705,Hrida-T2SQL,spider,,,
spider_706,Hrida-T2SQL,spider,,,
spider_707,Hrida-T2SQL,spider,,,
spider_708,Hrida-T2SQL,spider,,,
spider_709,Hrida-T2SQL,spider,,,
spider_710,Hrida-T2SQL,spider,,,
spider_711,Hrida-T2SQL,spider,,,
spider_712,Hrida-T2SQL,spider,,,
spider_713,Hrida-T2SQL,spider,,,
spider_714,Hrida-T2SQL,spider,,,
spider_715,Hrida-T2SQL,spider,,,
spider_716,Hrida-T2SQL,spider,,,
spider_717,Hrida-T2SQL,spider,,,
spider_718,Hrida-T2SQL,spider,,,
spider_719,Hrida-T2SQL,spider,,,
spider_720,Hrida-T2SQL,spider,,,
spider_721,Hrida-T2SQL,spider,,,
spider_722,Hrida-T2SQL,spider,,,
spider_723,Hrida-T2SQL,spider,,,
spider_724,Hrida-T2SQL,spider,,,
spider_725,Hrida-T2SQL,spider,,,
spider_726,Hrida-T2SQL,spider,,,
spider_727,Hrida-T2SQL,spider,,,
spider_728,Hrida-T2SQL,spider,,,
spider_729,Hrida-T2SQL,spider,,,
spider_730,Hrida-T2SQL,spider,,,
spider_731,Hrida-T2SQL,spider,,,
spider_732,Hrida-T2SQL,spider,,,
spider_733,Hrida-T2SQL,spider,,,
spider_734,Hrida-T2SQL,spider,,,
spider_735,Hrida-T2SQL,spider,,,
spider_736,Hrida-T2SQL,spider,,,
spider_737,Hrida-T2SQL,spider,,,
spider_738,Hrida-T2SQL,spider,,,
spider_739,Hrida-T2SQL,spider,,,
spider_740,Hrida-T2SQL,spider,,,
spider_741,Hrida-T2SQL,spider,,,
spider_742,Hrida-T2SQL,spider,,,
spider_743,Hrida-T2SQL,spider,,,
spider_744,Hrida-T2SQL,spider,,,
spider_745,Hrida-T2SQL,spider,,,
spider_746,Hrida-T2SQL,spider,,,
spider_747,Hrida-T2SQL,spider,,,
spider_748,Hrida-T2SQL,spider,,,
spider_749,Hrida-T2SQL,spider,,,
spider_750,Hrida-T2SQL,spider,,,
spider_751,Hrida-T2SQL,spider,,,
spider_752,Hrida-T2SQL,spider,,,
spider_753,Hrida-T2SQL,spider,,,
spider_754,Hrida-T2SQL,spider,,,
spider_755,Hrida-T2SQL,spider,,,
spider_756,Hrida-T2SQL,spider,,,
spider_757,Hrida-T2SQL,spider,,,
spider_758,Hrida-T2SQL,spider,,,
spider_759,Hrida-T2SQL,spider,,,
spider_760,Hrida-T2SQL,spider,,,
spider_761,Hrida-T2SQL,spider,,,
spider_762,Hrida-T2SQL,spider,,,
spider_763,Hrida-T2SQL,spider,,,
spider_764,Hrida-T2SQL,spider,,,
spider_765,Hrida-T2SQL,spider,,,
spider_766,Hrida-T2SQL,spider,,,
spider_767,Hrida-T2SQL,spider,,,
spider_768,Hrida-T2SQL,spider,,,
spider_769,Hrida-T2SQL,spider,,,
spider_770,Hrida-T2SQL,spider,,,
spider_771,Hrida-T2SQL,spider,,,
spider_772,Hrida-T2SQL,spider,,,
spider_773,Hrida-T2SQL,spider,,,
spider_774,Hrida-T2SQL,spider,,,
spider_775,Hrida-T2SQL,spider,,,
spider_776,Hrida-T2SQL,spider,,,
spider_777,Hrida-T2SQL,spider,,,
spider_778,Hrida-T2SQL,spider,,,
spider_779,Hrida-T2SQL,spider,,,
spider_780,Hrida-T2SQL,spider,,,
spider_781,Hrida-T2SQL,spider,,,
spider_782,Hrida-T2SQL,spider,,,
spider_783,Hrida-T2SQL,spider,,,
spider_784,Hrida-T2SQL,spider,,,
spider_785,Hrida-T2SQL,spider,,,
spider_786,Hrida-T2SQL,spider,,,
spider_787,Hrida-T2SQL,spider,,,
spider_788,Hrida-T2SQL,spider,,,
spider_789,Hrida-T2SQL,spider,,,
spider_790,Hrida-T2SQL,spider,,,
spider_791,Hrida-T2SQL,spider,,,
spider_792,Hrida-T2SQL,spider,,,
spider_793,Hrida-T2SQL,spider,,,
spider_794,Hrida-T2SQL,spider,,,
spider_795,Hrida-T2SQL,spider,,,
spider_796,Hrida-T2SQL,spider,,,
spider_797,Hrida-T2SQL,spider,,,
spider_798,Hrida-T2SQL,spider,,,
spider_799,Hrida-T2SQL,spider,,,
spider_800,Hrida-T2SQL,spider,,,
spider_801,Hrida-T2SQL,spider,,,
spider_802,Hrida-T2SQL,spider,,,
spider_803,Hrida-T2SQL,spider,,,
spider_804,Hrida-T2SQL,spider,,,
spider_805,Hrida-T2SQL,spider,,,
spider_806,Hrida-T2SQL,spider,,,
spider_807,Hrida-T2SQL,spider,,,
spider_808,Hrida-T2SQL,spider,,,
spider_809,Hrida-T2SQL,spider,,,
spider_810,Hrida-T2SQL,spider,,,
spider_811,Hrida-T2SQL,spider,,,
spider_812,Hrida-T2SQL,spider,,,
spider_813,Hrida-T2SQL,spider,,,
spider_814,Hrida-T2SQL,spider,,,
spider_815,Hrida-T2SQL,spider,,,
spider_816,Hrida-T2SQL,spider,,,
spider_817,Hrida-T2SQL,spider,,,
spider_818,Hrida-T2SQL,spider,,,
spider_819,Hrida-T2SQL,spider,,,
spider_820,Hrida-T2SQL,spider,,,
spider_821,Hrida-T2SQL,spider,,,
spider_822,Hrida-T2SQL,spider,,,
spider_823,Hrida-T2SQL,spider,,,
spider_824,Hrida-T2SQL,spider,,,
spider_825,Hrida-T2SQL,spider,,,
spider_826,Hrida-T2SQL,spider,,,
spider_827,Hrida-T2SQL,spider,,,
spider_828,Hrida-T2SQL,spider,,,
spider_829,Hrida-T2SQL,spider,,,
spider_830,Hrida-T2SQL,spider,,,
spider_831,Hrida-T2SQL,spider,,,
spider_832,Hrida-T2SQL,spider,,,
spider_833,Hrida-T2SQL,spider,,,
spider_834,Hrida-T2SQL,spider,,,
spider_835,Hrida-T2SQL,spider,,,
spider_836,Hrida-T2SQL,spider,,,
spider_837,Hrida-T2SQL,spider,,,
spider_838,Hrida-T2SQL,spider,,,
spider_839,Hrida-T2SQL,spider,,,
spider_840,Hrida-T2SQL,spider,,,
spider_841,Hrida-T2SQL,spider,,,
spider_842,Hrida-T2SQL,spider,,,
spider_843,Hrida-T2SQL,spider,,,
spider_844,Hrida-T2SQL,spider,,,
spider_845,Hrida-T2SQL,spider,,,
spider_846,Hrida-T2SQL,spider,,,
spider_847,Hrida-T2SQL,spider,,,
spider_848,Hrida-T2SQL,spider,,,
spider_849,Hrida-T2SQL,spider,,,
spider_850,Hrida-T2SQL,spider,,,
spider_851,Hrida-T2SQL,spider,,,
spider_852,Hrida-T2SQL,spider,,,
spider_853,Hrida-T2SQL,spider,,,
spider_854,Hrida-T2SQL,spider,,,
spider_855,Hrida-T2SQL,spider,,,
spider_856,Hrida-T2SQL,spider,,,
spider_857,Hrida-T2SQL,spider,,,
spider_858,Hrida-T2SQL,spider,,,
spider_859,Hrida-T2SQL,spider,,,
spider_860,Hrida-T2SQL,spider,,,
spider_861,Hrida-T2SQL,spider,,,
spider_862,Hrida-T2SQL,spider,,,
spider_863,Hrida-T2SQL,spider,,,
spider_864,Hrida-T2SQL,spider,,,
spider_865,Hrida-T2SQL,spider,,,
spider_866,Hrida-T2SQL,spider,,,
spider_867,Hrida-T2SQL,spider,,,
spider_868,Hrida-T2SQL,spider,,,
spider_869,Hrida-T2SQL,spider,,,
spider_870,Hrida-T2SQL,spider,,,
spider_871,Hrida-T2SQL,spider,,,
spider_872,Hrida-T2SQL,spider,,,
spider_873,Hrida-T2SQL,spider,,,
spider_874,Hrida-T2SQL,spider,,,
spider_875,Hrida-T2SQL,spider,,,
spider_876,Hrida-T2SQL,spider,,,
spider_877,Hrida-T2SQL,spider,,,
spider_878,Hrida-T2SQL,spider,,,
spider_879,Hrida-T2SQL,spider,,,
spider_880,Hrida-T2SQL,spider,,,
spider_881,Hrida-T2SQL,spider,,,
spider_882,Hrida-T2SQL,spider,,,
spider_883,Hrida-T2SQL,spider,,,
spider_884,Hrida-T2SQL,spider,,,
spider_885,Hrida-T2SQL,spider,,,
spider_886,Hrida-T2SQL,spider,,,
spider_887,Hrida-T2SQL,spider,,,
spider_888,Hrida-T2SQL,spider,,,
spider_889,Hrida-T2SQL,spider,,,
spider_890,Hrida-T2SQL,spider,,,
spider_891,Hrida-T2SQL,spider,,,
spider_892,Hrida-T2SQL,spider,,,
spider_893,Hrida-T2SQL,spider,,,
spider_894,Hrida-T2SQL,spider,,,
spider_895,Hrida-T2SQL,spider,,,
spider_896,Hrida-T2SQL,spider,,,
spider_897,Hrida-T2SQL,spider,,,
spider_898,Hrida-T2SQL,spider,,,
spider_899,Hrida-T2SQL,spider,,,
spider_900,Hrida-T2SQL,spider,,,
spider_901,Hrida-T2SQL,spider,,,
spider_902,Hrida-T2SQL,spider,,,
spider_903,Hrida-T2SQL,spider,,,
spider_904,Hrida-T2SQL,spider,,,
spider_905,Hrida-T2SQL,spider,,,
spider_906,Hrida-T2SQL,spider,,,
spider_907,Hrida-T2SQL,spider,,,
spider_908,Hrida-T2SQL,spider,,,
spider_909,Hrida-T2SQL,spider,,,
spider_910,Hrida-T2SQL,spider,,,
spider_911,Hrida-T2SQL,spider,,,
spider_912,Hrida-T2SQL,spider,,,
spider_913,Hrida-T2SQL,spider,,,
spider_914,Hrida-T2SQL,spider,,,
spider_915,Hrida-T2SQL,spider,,,
spider_916,Hrida-T2SQL,spider,,,
spider_917,Hrida-T2SQL,spider,,,
spider_918,Hrida-T2SQL,spider,,,
spider_919,Hrida-T2SQL,spider,,,
spider_920,Hrida-T2SQL,spider,,,
spider_921,Hrida-T2SQL,spider,,,
spider_922,Hrida-T2SQL,spider,,,
spider_923,Hrida-T2SQL,spider,,,
spider_924,Hrida-T2SQL,spider,,,
spider_925,Hrida-T2SQL,spider,,,
spider_926,Hrida-T2SQL,spider,,,
spider_927,Hrida-T2SQL,spider,,,
spider_928,Hrida-T2SQL,spider,,,
spider_929,Hrida-T2SQL,spider,,,
spider_930,Hrida-T2SQL,spider,,,
spider_931,Hrida-T2SQL,spider,,,
spider_932,Hrida-T2SQL,spider,,,
spider_933,Hrida-T2SQL,spider,,,
spider_934,Hrida-T2SQL,spider,,,
spider_935,Hrida-T2SQL,spider,,,
spider_936,Hrida-T2SQL,spider,,,
spider_937,Hrida-T2SQL,spider,,,
spider_938,Hrida-T2SQL,spider,,,
spider_939,Hrida-T2SQL,spider,,,
spider_940,Hrida-T2SQL,spider,,,
spider_941,Hrida-T2SQL,spider,,,
spider_942,Hrida-T2SQL,spider,,,
spider_943,Hrida-T2SQL,spider,,,
spider_944,Hrida-T2SQL,spider,,,
spider_945,Hrida-T2SQL,spider,,,
spider_946,Hrida-T2SQL,spider,,,
spider_947,Hrida-T2SQL,spider,,,
spider_948,Hrida-T2SQL,spider,,,
spider_949,Hrida-T2SQL,spider,,,
spider_950,Hrida-T2SQL,spider,,,
spider_951,Hrida-T2SQL,spider,,,
spider_952,Hrida-T2SQL,spider,,,
spider_953,Hrida-T2SQL,spider,,,
spider_954,Hrida-T2SQL,spider,,,
spider_955,Hrida-T2SQL,spider,,,
spider_956,Hrida-T2SQL,spider,,,
spider_957,Hrida-T2SQL,spider,,,
spider_958,Hrida-T2SQL,spider,,,
spider_959,Hrida-T2SQL,spider,,,
spider_960,Hrida-T2SQL,spider,,,
spider_961,Hrida-T2SQL,spider,,,
spider_962,Hrida-T2SQL,spider,,,
spider_963,Hrida-T2SQL,spider,,,
spider_964,Hrida-T2SQL,spider,,,
spider_965,Hrida-T2SQL,spider,,,
spider_966,Hrida-T2SQL,spider,,,
spider_967,Hrida-T2SQL,spider,,,
spider_968,Hrida-T2SQL,spider,,,
spider_969,Hrida-T2SQL,spider,,,
spider_970,Hrida-T2SQL,spider,,,
spider_971,Hrida-T2SQL,spider,,,
spider_972,Hrida-T2SQL,spider,,,
spider_973,Hrida-T2SQL,spider,,,
spider_974,Hrida-T2SQL,spider,,,
spider_975,Hrida-T2SQL,spider,,,
spider_976,Hrida-T2SQL,spider,,,
spider_977,Hrida-T2SQL,spider,,,
spider_978,Hrida-T2SQL,spider,,,
spider_979,Hrida-T2SQL,spider,,,
spider_980,Hrida-T2SQL,spider,,,
spider_981,Hrida-T2SQL,spider,,,
spider_982,Hrida-T2SQL,spider,,,
spider_983,Hrida-T2SQL,spider,,,
spider_984,Hrida-T2SQL,spider,,,
spider_985,Hrida-T2SQL,spider,,,
spider_986,Hrida-T2SQL,spider,,,
spider_987,Hrida-T2SQL,spider,,,
spider_988,Hrida-T2SQL,spider,,,
spider_989,Hrida-T2SQL,spider,,,
spider_990,Hrida-T2SQL,spider,,,
spider_991,Hrida-T2SQL,spider,,,
spider_992,Hrida-T2SQL,spider,,,
spider_993,Hrida-T2SQL,spider,,,
spider_994,Hrida-T2SQL,spider,,,
spider_995,Hrida-T2SQL,spider,,,
spider_996,Hrida-T2SQL,spider,,,
spider_997,Hrida-T2SQL,spider,,,
spider_998,Hrida-T2SQL,spider,,,
spider_999,Hrida-T2SQL,spider,,,
spider_1000,Hrida-T2SQL,spider,,,
spider_1001,Hrida-T2SQL,spider,,,
spider_1002,Hrida-T2SQL,spider,,,
spider_1003,Hrida-T2SQL,spider,,,
spider_1004,Hrida-T2SQL,spider,,,
spider_1005,Hrida-T2SQL,spider,,,
spider_1006,Hrida-T2SQL,spider,,,
spider_1007,Hrida-T2SQL,spider,,,
spider_1008,Hrida-T2SQL,spider,,,
spider_1009,Hrida-T2SQL,spider,,,
spider_1010,Hrida-T2SQL,spider,,,
spider_1011,Hrida-T2SQL,spider,,,
spider_1012,Hrida-T2SQL,spider,,,
spider_1013,Hrida-T2SQL,spider,,,
spider_1014,Hrida-T2SQL,spider,,,
spider_1015,Hrida-T2SQL,spider,,,
spider_1016,Hrida-T2SQL,spider,,,
spider_1017,Hrida-T2SQL,spider,,,
spider_1018,Hrida-T2SQL,spider,,,
spider_1019,Hrida-T2SQL,spider,,,
spider_1020,Hrida-T2SQL,spider,,,
spider_1021,Hrida-T2SQL,spider,,,
spider_1022,Hrida-T2SQL,spider,,,
spider_1023,Hrida-T2SQL,spider,,,
spider_1024,Hrida-T2SQL,spider,,,
spider_1025,Hrida-T2SQL,spider,,,
spider_1026,Hrida-T2SQL,spider,,,
spider_1027,Hrida-T2SQL,spider,,,
spider_1028,Hrida-T2SQL,spider,,,
spider_1029,Hrida-T2SQL,spider,,,
spider_1030,Hrida-T2SQL,spider,,,
spider_1031,Hrida-T2SQL,spider,,,
spider_1032,Hrida-T2SQL,spider,,,
spider_1033,Hrida-T2SQL,spider,,,
