any_hit,benchmark,candidate_hits,db_id,db_path,difficulty,empty_sql,evidence,first_hit,first_pred_error,first_pred_sql,first_pred_success,gold_error,gold_sql,gold_sql_len,gold_success,model_name,n_candidates,n_generations,question,question_len,run_label,sample_id,source_path
False,bird,[false],california_schools,data/bird/dev_databases/california_schools/california_schools.sqlite,simple,False,,False,"near ""."": syntax error",SELECT ...,False,,SELECT T2.`FRPM Count (Ages 5-17)` FROM satscores AS T1 INNER JOIN frpm AS T2 ON T1.cds = T2.CDSCode ORDER BY T1.AvgScrRead DESC LIMIT 1,136,True,Arctic-Text2SQL-R1-7B,1,1,"For the school with the highest average score in Reading in the SAT test, what is its FRPM count for students aged 5-17?",120,ea,bird_10,results/raw/Arctic-Text2SQL-R1-7B_bird_ea_20260326_162008.jsonl
False,bird,[false],california_schools,data/bird/dev_databases/california_schools/california_schools.sqlite,simple,False,Charter schools refers to `Charter School (Y/N)` = 1 in the table fprm,False,incomplete input,SELECT Zip FROM schools WHERE Charter = 1 AND DOC = 'Fresno County Office of Education'.,False,,SELECT T2.Zip FROM frpm AS T1 INNER JOIN schools AS T2 ON T1.CDSCode = T2.CDSCode WHERE T1.`District Name` = 'Fresno County Office of Education' AND T1.`Charter School (Y/N)` = 1,178,True,Arctic-Text2SQL-R1-7B,1,1,Please list the zip code of all the charter schools in Fresno County Office of Education.,89,ea,bird_2,results/raw/Arctic-Text2SQL-R1-7B_bird_ea_20260326_162008.jsonl
False,bird,[false],california_schools,data/bird/dev_databases/california_schools/california_schools.sqlite,moderate,False,Excellence rate = NumGE1500 / NumTstTakr; Eligible free rates for students aged 5-17 = `Free Meal Count (Ages 5-17)` / `Enrollment (Ages 5-17)`,False,,SELECT MAX(T2.`Percent (%) Eligible Free (Ages 5-17)`) AS max_eligible_free_rate FROM satscores AS T1 INNER JOIN frpm AS T2 ON T1.cds = T2.CDSCode WHERE T1.rtype = 'SAT' AND T1.NumTstTakr > 0 AND (T1.AvgScrRead + T1.AvgScrMath + T1.AvgScrWrite) / 3.0 > 0.3,True,,SELECT MAX(CAST(T1.`Free Meal Count (Ages 5-17)` AS REAL) / T1.`Enrollment (Ages 5-17)`) FROM frpm AS T1 INNER JOIN satscores AS T2 ON T1.CDSCode = T2.cds WHERE CAST(T2.NumGE1500 AS REAL) / T2.NumTstTakr > 0.3,209,True,Arctic-Text2SQL-R1-7B,1,1,"Among the schools with an SAT excellence rate of over 0.3, what is the highest eligible free rate for students aged 5-17?",121,ea,bird_12,results/raw/Arctic-Text2SQL-R1-7B_bird_ea_20260326_162008.jsonl
False,bird,[false],california_schools,data/bird/dev_databases/california_schools/california_schools.sqlite,simple,False,Eligible free rate for K-12 = `Free Meal Count (K-12)` / `Enrollment (K-12)`,False,,SELECT MAX(T1.`Percent (%) Eligible Free (K-12)`) AS max_eligible_free_rate FROM frpm AS T1 WHERE T1.`County Name` = 'Alameda County',True,,SELECT `Free Meal Count (K-12)` / `Enrollment (K-12)` FROM frpm WHERE `County Name` = 'Alameda' ORDER BY (CAST(`Free Meal Count (K-12)` AS REAL) / `Enrollment (K-12)`) DESC LIMIT 1,180,True,Arctic-Text2SQL-R1-7B,1,1,What is the highest eligible free rate for K-12 students in the schools in Alameda County?,90,ea,bird_0,results/raw/Arctic-Text2SQL-R1-7B_bird_ea_20260326_162008.jsonl
True,bird,[true],california_schools,data/bird/dev_databases/california_schools/california_schools.sqlite,simple,False,,True,,SELECT NumTstTakr FROM satscores WHERE cds IN (SELECT CDSCode FROM frpm ORDER BY `FRPM Count (K-12)` DESC LIMIT 1),True,,SELECT NumTstTakr FROM satscores WHERE cds = ( SELECT CDSCode FROM frpm ORDER BY `FRPM Count (K-12)` DESC LIMIT 1 ),115,True,Arctic-Text2SQL-R1-7B,1,1,What is the number of SAT test takers of the schools with the highest FRPM count for K-12 students?,99,ea,bird_8,results/raw/Arctic-Text2SQL-R1-7B_bird_ea_20260326_162008.jsonl
True,bird,[true],california_schools,data/bird/dev_databases/california_schools/california_schools.sqlite,simple,False,,True,,SELECT COUNT(*) FROM frpm WHERE `County Name` = 'Los Angeles' AND `Free Meal Count (K-12)` > 500 AND `FRPM Count (K-12)` < 700,True,,SELECT COUNT(CDSCode) FROM frpm WHERE `County Name` = 'Los Angeles' AND `Free Meal Count (K-12)` > 500 AND `FRPM Count (K-12)`< 700,131,True,Arctic-Text2SQL-R1-7B,1,1,In Los Angeles how many schools have more than 500 free meals but less than 700 free or reduced price meals for K-12?,117,ea,bird_21,results/raw/Arctic-Text2SQL-R1-7B_bird_ea_20260326_162008.jsonl
True,bird,[true],california_schools,data/bird/dev_databases/california_schools/california_schools.sqlite,simple,False,,True,,SELECT MailStreet FROM schools WHERE CDSCode = (SELECT CDSCode FROM frpm ORDER BY `FRPM Count (K-12)` DESC LIMIT 1),True,,SELECT T2.MailStreet FROM frpm AS T1 INNER JOIN schools AS T2 ON T1.CDSCode = T2.CDSCode ORDER BY T1.`FRPM Count (K-12)` DESC LIMIT 1,133,True,Arctic-Text2SQL-R1-7B,1,1,What is the unabbreviated mailing street address of the school with the highest FRPM count for K-12 students?,109,ea,bird_3,results/raw/Arctic-Text2SQL-R1-7B_bird_ea_20260326_162008.jsonl
False,bird,[false],california_schools,data/bird/dev_databases/california_schools/california_schools.sqlite,simple,False,Total enrollment can be represented by `Enrollment (K-12)` + `Enrollment (Ages 5-17)`,False,,SELECT CDSCode FROM frpm WHERE `Enrollment (K-12)` > 500,True,,SELECT T2.CDSCode FROM schools AS T1 INNER JOIN frpm AS T2 ON T1.CDSCode = T2.CDSCode WHERE T2.`Enrollment (K-12)` + T2.`Enrollment (Ages 5-17)` > 500,150,True,Arctic-Text2SQL-R1-7B,1,1,Please list the codes of the schools with a total enrollment of over 500.,73,ea,bird_11,results/raw/Arctic-Text2SQL-R1-7B_bird_ea_20260326_162008.jsonl
False,bird,[false],california_schools,data/bird/dev_databases/california_schools/california_schools.sqlite,simple,False,,False,,SELECT COUNT(*) FROM schools WHERE FundingType = 'Direct' AND CDSCode IN (SELECT cds FROM satscores WHERE AvgScrMath > 560),True,,SELECT COUNT(T2.`School Code`) FROM satscores AS T1 INNER JOIN frpm AS T2 ON T1.cds = T2.CDSCode WHERE T1.AvgScrMath > 560 AND T2.`Charter Funding Type` = 'Directly funded',172,True,Arctic-Text2SQL-R1-7B,1,1,"Among the schools with the average score in Math over 560 in the SAT test, how many schools are directly charter-funded?",120,ea,bird_9,results/raw/Arctic-Text2SQL-R1-7B_bird_ea_20260326_162008.jsonl
False,bird,[false],california_schools,data/bird/dev_databases/california_schools/california_schools.sqlite,moderate,False,Percent eligible for free meals = Free Meal Count (K-12) / Total (Enrollment (K-12),False,,SELECT s.School FROM schools AS s INNER JOIN frpm AS f ON s.CDSCode = f.CDSCode WHERE f.`Percent (%) Eligible Free (K-12)` > 0.1 AND f.`FRPM Count (K-12)` >= 1500,True,,SELECT T2.`School Name` FROM satscores AS T1 INNER JOIN frpm AS T2 ON T1.cds = T2.CDSCode WHERE CAST(T2.`Free Meal Count (K-12)` AS REAL) / T2.`Enrollment (K-12)` > 0.1 AND T1.NumGE1500 > 0,189,True,Arctic-Text2SQL-R1-7B,1,1,Give the names of the schools with the percent eligible for free meals in K-12 is more than 0.1 and test takers whose test score is greater than or equal to 1500?,162,ea,bird_24,results/raw/Arctic-Text2SQL-R1-7B_bird_ea_20260326_162008.jsonl
False,bird,[false],california_schools,data/bird/dev_databases/california_schools/california_schools.sqlite,simple,False,,False,,SELECT s.School FROM schools AS s INNER JOIN satscores AS ss ON s.CDSCode = ss.cds WHERE s.County = 'Contra Costa' ORDER BY ss.NumTstTakr DESC LIMIT 1,True,,SELECT sname FROM satscores WHERE cname = 'Contra Costa' AND sname IS NOT NULL ORDER BY NumTstTakr DESC LIMIT 1,111,True,Arctic-Text2SQL-R1-7B,1,1,Which school in Contra Costa has the highest number of test takers?,67,ea,bird_22,results/raw/Arctic-Text2SQL-R1-7B_bird_ea_20260326_162008.jsonl
False,bird,[false],california_schools,data/bird/dev_databases/california_schools/california_schools.sqlite,moderate,False,Average of average math = sum(average math scores) / count(schools).,False,,"SELECT s.School, s.FundingType FROM schools AS s INNER JOIN satscores AS ss ON s.CDSCode = ss.cds WHERE s.County = 'Riverside' GROUP BY s.School, s.FundingType HAVING AVG(ss.AvgScrMath) > 400",True,,"SELECT T1.sname, T2.`Charter Funding Type` FROM satscores AS T1 INNER JOIN frpm AS T2 ON T1.cds = T2.CDSCode WHERE T2.`District Name` LIKE 'Riverside%' GROUP BY T1.sname, T2.`Charter Funding Type` HAVING CAST(SUM(T1.AvgScrMath) AS REAL) / COUNT(T1.cds) > 400",258,True,Arctic-Text2SQL-R1-7B,1,1,"Name schools in Riverside which the average of average math score for SAT is grater than 400, what is the funding type of these schools?",136,ea,bird_25,results/raw/Arctic-Text2SQL-R1-7B_bird_ea_20260326_162008.jsonl
False,bird,[false],california_schools,data/bird/dev_databases/california_schools/california_schools.sqlite,simple,False,,False,,SELECT COUNT(*) FROM schools AS T1 INNER JOIN satscores AS T2 ON T1.CDSCode = T2.cds WHERE T1.County = 'Fresno' AND T1.FundingType = 'Direct' AND T2.NumTstTakr <= 250,True,,SELECT COUNT(T1.CDSCode) FROM frpm AS T1 INNER JOIN satscores AS T2 ON T1.CDSCode = T2.cds WHERE T1.`Charter Funding Type` = 'Directly funded' AND T1.`County Name` = 'Fresno' AND T2.NumTstTakr <= 250,199,True,Arctic-Text2SQL-R1-7B,1,1,How many schools in Fresno (directly funded) have number of test takers not more than 250?,90,ea,bird_18,results/raw/Arctic-Text2SQL-R1-7B_bird_ea_20260326_162008.jsonl
False,bird,[false],california_schools,data/bird/dev_databases/california_schools/california_schools.sqlite,moderate,False,"Full communication address should include Street, City, State and zip code if any.",False,"near ""."": syntax error",SELECT ...,False,,"SELECT T1.`School Name`, T2.Street, T2.City, T2.State, T2.Zip FROM frpm AS T1 INNER JOIN schools AS T2 ON T1.CDSCode = T2.CDSCode WHERE T2.County = 'Monterey' AND T1.`Free Meal Count (Ages 5-17)` > 800 AND T1.`School Type` = 'High Schools (Public)'",248,True,Arctic-Text2SQL-R1-7B,1,1,State the names and full communication address of high schools in Monterey which has more than 800 free or reduced price meals for ages 15-17?,142,ea,bird_26,results/raw/Arctic-Text2SQL-R1-7B_bird_ea_20260326_162008.jsonl
True,bird,[true],california_schools,data/bird/dev_databases/california_schools/california_schools.sqlite,simple,False,,True,,SELECT s.Phone FROM schools AS s INNER JOIN satscores AS ss ON s.CDSCode = ss.cds ORDER BY ss.NumTstTakr DESC LIMIT 1,True,,SELECT T2.Phone FROM satscores AS T1 INNER JOIN schools AS T2 ON T1.cds = T2.CDSCode ORDER BY T1.NumGE1500 DESC LIMIT 1,119,True,Arctic-Text2SQL-R1-7B,1,1,What is the phone number of the school that has the highest number of test takers with an SAT score of over 1500?,113,ea,bird_7,results/raw/Arctic-Text2SQL-R1-7B_bird_ea_20260326_162008.jsonl
False,bird,[false],california_schools,data/bird/dev_databases/california_schools/california_schools.sqlite,simple,False,Excellence rate = NumGE1500 / NumTstTakr,False,,SELECT s.Phone FROM schools AS s INNER JOIN satscores AS ss ON s.CDSCode = ss.cds WHERE ss.rtype = 'Excellence Rate' ORDER BY ss.NumTstTakr DESC LIMIT 3,True,,SELECT T1.Phone FROM schools AS T1 INNER JOIN satscores AS T2 ON T1.CDSCode = T2.cds ORDER BY CAST(T2.NumGE1500 AS REAL) / T2.NumTstTakr DESC LIMIT 3,149,True,Arctic-Text2SQL-R1-7B,1,1,Please list the phone numbers of the schools with the top 3 SAT excellence rate.,80,ea,bird_13,results/raw/Arctic-Text2SQL-R1-7B_bird_ea_20260326_162008.jsonl
False,bird,[false],california_schools,data/bird/dev_databases/california_schools/california_schools.sqlite,simple,False,Valid charter number means the number is not null,False,"near ""."": syntax error",SELECT ...,False,,"SELECT CharterNum, AvgScrWrite, RANK() OVER (ORDER BY AvgScrWrite DESC) AS WritingScoreRank FROM schools AS T1  INNER JOIN satscores AS T2 ON T1.CDSCode = T2.cds WHERE T2.AvgScrWrite > 499 AND CharterNum is not null",215,True,Arctic-Text2SQL-R1-7B,1,1,"Rank schools by their average score in Writing where the score is greater than 499, showing their charter numbers.",114,ea,bird_17,results/raw/Arctic-Text2SQL-R1-7B_bird_ea_20260326_162008.jsonl
False,bird,[false],california_schools,data/bird/dev_databases/california_schools/california_schools.sqlite,simple,False,,False,"near ""."": syntax error",SELECT ...,False,,SELECT T1.District FROM schools AS T1 INNER JOIN satscores AS T2 ON T1.CDSCode = T2.cds WHERE T1.StatusType = 'Active' ORDER BY T2.AvgScrRead DESC LIMIT 1,154,True,Arctic-Text2SQL-R1-7B,1,1,Which active district has the highest average score in Reading?,63,ea,bird_15,results/raw/Arctic-Text2SQL-R1-7B_bird_ea_20260326_162008.jsonl
False,bird,[false],california_schools,data/bird/dev_databases/california_schools/california_schools.sqlite,moderate,False,Eligible free rates for students aged 5-17 = `Free Meal Count (Ages 5-17)` / `Enrollment (Ages 5-17)`,False,,SELECT MIN(T1.`Percent (%) Eligible Free (Ages 5-17)`) FROM frpm AS T1 INNER JOIN schools AS T2 ON T1.CDSCode = T2.CDSCode WHERE T2.StatusType = 'Continuation' LIMIT 3,True,,SELECT `Free Meal Count (Ages 5-17)` / `Enrollment (Ages 5-17)` FROM frpm WHERE `Educational Option Type` = 'Continuation School' AND `Free Meal Count (Ages 5-17)` / `Enrollment (Ages 5-17)` IS NOT NULL ORDER BY `Free Meal Count (Ages 5-17)` / `Enrollment (Ages 5-17)` ASC LIMIT 3,280,True,Arctic-Text2SQL-R1-7B,1,1,Please list the lowest three eligible free rates for students aged 5-17 in continuation schools.,96,ea,bird_1,results/raw/Arctic-Text2SQL-R1-7B_bird_ea_20260326_162008.jsonl
False,bird,[false],california_schools,data/bird/dev_databases/california_schools/california_schools.sqlite,simple,False,,False,,SELECT COUNT(*) FROM satscores WHERE NumTstTakr < 100 AND dname = 'Merged Alameda',True,,SELECT COUNT(T1.CDSCode) FROM schools AS T1 INNER JOIN satscores AS T2 ON T1.CDSCode = T2.cds WHERE T1.StatusType = 'Merged' AND T2.NumTstTakr < 100 AND T1.County = 'Lake',171,True,Arctic-Text2SQL-R1-7B,1,1,How many schools in merged Alameda have number of test takers less than 100?,76,ea,bird_16,results/raw/Arctic-Text2SQL-R1-7B_bird_ea_20260326_162008.jsonl
False,bird,[false],california_schools,data/bird/dev_databases/california_schools/california_schools.sqlite,simple,False,K-12 means First-through-twelfth-grade,False,no such column: Enrollment,SELECT OpenDate FROM schools ORDER BY Enrollment DESC LIMIT 1,False,,SELECT T2.OpenDate FROM frpm AS T1 INNER JOIN schools AS T2 ON T1.CDSCode = T2.CDSCode ORDER BY T1.`Enrollment (K-12)` DESC LIMIT 1,131,True,Arctic-Text2SQL-R1-7B,1,1,When did the first-through-twelfth-grade school with the largest enrollment open?,81,ea,bird_29,results/raw/Arctic-Text2SQL-R1-7B_bird_ea_20260326_162008.jsonl
True,bird,[true],california_schools,data/bird/dev_databases/california_schools/california_schools.sqlite,simple,False,,True,,SELECT COUNT(*) FROM frpm WHERE `County Name` = 'Amador' AND `Low Grade` = '9' AND `High Grade` = '12',True,,SELECT COUNT(T1.`School Name`) FROM frpm AS T1 INNER JOIN schools AS T2 ON T1.CDSCode = T2.CDSCode WHERE T2.County = 'Amador' AND T1.`Low Grade` = 9 AND T1.`High Grade` = 12,173,True,Arctic-Text2SQL-R1-7B,1,1,How many schools in Amador which the Low Grade is 9 and the High Grade is 12?,77,ea,bird_20,results/raw/Arctic-Text2SQL-R1-7B_bird_ea_20260326_162008.jsonl
False,bird,[false],california_schools,data/bird/dev_databases/california_schools/california_schools.sqlite,moderate,False,Charted school means `Charter School (Y/N)` = 1 in the table frpm; Students enrolled in grades 1 through 12 refers to `Enrollment (K-12)`,False,"near ""."": syntax error",SELECT ...,False,,SELECT T2.AdmEmail1 FROM frpm AS T1 INNER JOIN schools AS T2 ON T1.CDSCode = T2.CDSCode WHERE T1.`Charter School (Y/N)` = 1 ORDER BY T1.`Enrollment (K-12)` ASC LIMIT 1,167,True,Arctic-Text2SQL-R1-7B,1,1,What is the administrator's email address of the chartered school with the fewest students enrolled in grades 1 through 12?,123,ea,bird_35,results/raw/Arctic-Text2SQL-R1-7B_bird_ea_20260326_162008.jsonl
False,bird,[false],california_schools,data/bird/dev_databases/california_schools/california_schools.sqlite,moderate,False,K-12 refers to students in grades 1 through 12; Eligible free rate for K-12 = `Free Meal Count (K-12)` / `Enrollment (K-12)`,False,"near ""."": syntax error",SELECT ...,False,,"SELECT CAST(`Free Meal Count (K-12)` AS REAL) / `Enrollment (K-12)` FROM frpm ORDER BY `Enrollment (K-12)` DESC LIMIT 9, 2",122,True,Arctic-Text2SQL-R1-7B,1,1,What is the eligible free rate of the 10th and 11th schools with the highest enrolment for students in grades 1 through 12?,123,ea,bird_31,results/raw/Arctic-Text2SQL-R1-7B_bird_ea_20260326_162008.jsonl
False,bird,[false],california_schools,data/bird/dev_databases/california_schools/california_schools.sqlite,challenging,False,"full name means first name, last name; There are at most 3 administrators for each school; SAT Scores are greater or equal to 1500 refers to NumGE1500",False,,"SELECT AdmFName1, AdmLName1 FROM schools WHERE CDSCode = (SELECT cds FROM satscores ORDER BY NumGE1500 DESC LIMIT 1)",True,,"SELECT T2.AdmFName1, T2.AdmLName1, T2.AdmFName2, T2.AdmLName2, T2.AdmFName3, T2.AdmLName3 FROM satscores AS T1 INNER JOIN schools AS T2 ON T1.cds = T2.CDSCode ORDER BY T1.NumGE1500 DESC LIMIT 1",193,True,Arctic-Text2SQL-R1-7B,1,1,Under whose administration is the school with the highest number of students scoring 1500 or more on the SAT? Indicate their full names.,136,ea,bird_36,results/raw/Arctic-Text2SQL-R1-7B_bird_ea_20260326_162008.jsonl
False,bird,[false],california_schools,data/bird/dev_databases/california_schools/california_schools.sqlite,simple,False,,False,,SELECT EdOpsName FROM schools WHERE CDSCode = (SELECT cds FROM satscores ORDER BY AvgScrMath DESC LIMIT 1),True,,SELECT T2.EdOpsName FROM satscores AS T1 INNER JOIN schools AS T2 ON T1.cds = T2.CDSCode ORDER BY T1.AvgScrMath DESC LIMIT 1,124,True,Arctic-Text2SQL-R1-7B,1,1,What is the type of education offered in the school who scored the highest average in Math?,91,ea,bird_42,results/raw/Arctic-Text2SQL-R1-7B_bird_ea_20260326_162008.jsonl
True,bird,[true],california_schools,data/bird/dev_databases/california_schools/california_schools.sqlite,simple,False,,True,,"SELECT AVG(T1.AvgScrWrite) AS average_writing_score, T2.City FROM satscores AS T1 INNER JOIN schools AS T2 ON T1.cds = T2.CDSCode WHERE T1.NumTstTakr = (SELECT MAX(NumTstTakr) FROM satscores WHERE NumGE1500 > 0) AND T1.NumGE1500 > 0 GROUP BY T2.City LIMIT 1",True,,"SELECT T1.AvgScrWrite, T2.City FROM satscores AS T1 INNER JOIN schools AS T2 ON T1.cds = T2.CDSCode ORDER BY T1.NumGE1500 DESC LIMIT 1",134,True,Arctic-Text2SQL-R1-7B,1,1,What is the average writing score of the school who has the highest number of test takers whose total SAT sscores are greater or equal to 1500? Indicate the city to where the school is situated.,194,ea,bird_44,results/raw/Arctic-Text2SQL-R1-7B_bird_ea_20260326_162008.jsonl
False,bird,[false],california_schools,data/bird/dev_databases/california_schools/california_schools.sqlite,simple,False,Exclusively virtual refers to Virtual = 'F',False,,SELECT COUNT(*) FROM schools WHERE Virtual = 'Yes' AND CDSCode IN (SELECT cds FROM satscores WHERE AvgScrMath > 400),True,,SELECT COUNT(DISTINCT T2.School) FROM satscores AS T1 INNER JOIN schools AS T2 ON T1.cds = T2.CDSCode WHERE T2.Virtual = 'F' AND T1.AvgScrMath > 400,148,True,Arctic-Text2SQL-R1-7B,1,1,How many schools with an average score in Math greater than 400 in the SAT test are exclusively virtual?,104,ea,bird_5,results/raw/Arctic-Text2SQL-R1-7B_bird_ea_20260326_162008.jsonl
False,bird,[false],california_schools,data/bird/dev_databases/california_schools/california_schools.sqlite,moderate,False,"Execellence Rate = NumGE1500 / NumTstTakr; complete address has Street, City, State, Zip code",False,,"SELECT Street, City, Zip, State FROM schools WHERE CDSCode = (SELECT CDSCode FROM frpm ORDER BY IRC ASC LIMIT 1)",True,,"SELECT T2.Street, T2.City, T2.State, T2.Zip FROM satscores AS T1 INNER JOIN schools AS T2 ON T1.cds = T2.CDSCode ORDER BY CAST(T1.NumGE1500 AS REAL) / T1.NumTstTakr ASC LIMIT 1",176,True,Arctic-Text2SQL-R1-7B,1,1,"What is the complete address of the school with the lowest excellence rate? Indicate the Street, City, Zip and State.",117,ea,bird_37,results/raw/Arctic-Text2SQL-R1-7B_bird_ea_20260326_162008.jsonl
False,bird,[false],california_schools,data/bird/dev_databases/california_schools/california_schools.sqlite,simple,False,Exclusively virtual refers to Virtual = 'F'; respective counties means PARTITION BY County,False,"near ""."": syntax error",SELECT ...,False,,"SELECT School FROM (SELECT T2.School,T1.AvgScrRead, RANK() OVER (PARTITION BY T2.County ORDER BY T1.AvgScrRead DESC) AS rnk FROM satscores AS T1 INNER JOIN schools AS T2 ON T1.cds = T2.CDSCode WHERE T2.Virtual = 'F' ) ranked_schools WHERE rnk <= 5",247,True,Arctic-Text2SQL-R1-7B,1,1,List the names of virtual schools that are among the top 5 in their respective counties based on average reading scores.,120,ea,bird_41,results/raw/Arctic-Text2SQL-R1-7B_bird_ea_20260326_162008.jsonl
True,bird,[true],california_schools,data/bird/dev_databases/california_schools/california_schools.sqlite,simple,False,Magnet schools or offer a magnet program means that Magnet = 1,True,,SELECT s.School FROM schools AS s INNER JOIN satscores AS ss ON s.CDSCode = ss.cds WHERE ss.NumTstTakr > 500 AND (s.Magnet = 1 OR s.GSoffered LIKE '%MAGNET%'),True,,SELECT T2.School FROM satscores AS T1 INNER JOIN schools AS T2 ON T1.cds = T2.CDSCode WHERE T2.Magnet = 1 AND T1.NumTstTakr > 500,129,True,Arctic-Text2SQL-R1-7B,1,1,"Among the schools with the SAT test takers of over 500, please list the schools that are magnet schools or offer a magnet program.",130,ea,bird_6,results/raw/Arctic-Text2SQL-R1-7B_bird_ea_20260326_162008.jsonl
False,bird,[false],california_schools,data/bird/dev_databases/california_schools/california_schools.sqlite,moderate,False,Fresno Unified is a name of district;,False,,SELECT T1.Phone FROM schools AS T1 INNER JOIN satscores AS T2 ON T1.CDSCode = T2.cds WHERE T2.rtype = 'Fresno Unified' ORDER BY T2.AvgScrRead ASC LIMIT 1,True,,SELECT T2.Phone FROM satscores AS T1 INNER JOIN schools AS T2 ON T1.cds = T2.CDSCode WHERE T2.District = 'Fresno Unified' AND T1.AvgScrRead IS NOT NULL ORDER BY T1.AvgScrRead ASC LIMIT 1,186,True,Arctic-Text2SQL-R1-7B,1,1,What is the telephone number for the school with the lowest average score in reading in Fresno Unified?,103,ea,bird_40,results/raw/Arctic-Text2SQL-R1-7B_bird_ea_20260326_162008.jsonl
False,bird,[false],california_schools,data/bird/dev_databases/california_schools/california_schools.sqlite,moderate,False,Average score for all subjects can be computed by AvgScrMath + AvgScrRead + AvgScrWrite,False,,"SELECT AVG(T1.AvgScrMath) AS average_math_score, T2.County FROM satscores AS T1 INNER JOIN schools AS T2 ON T1.cds = T2.CDSCode GROUP BY T2.County ORDER BY AVG(T1.AvgScrMath) ASC LIMIT 1",True,,"SELECT T1.AvgScrMath, T2.County FROM satscores AS T1 INNER JOIN schools AS T2 ON T1.cds = T2.CDSCode WHERE T1.AvgScrMath IS NOT NULL ORDER BY T1.AvgScrMath + T1.AvgScrRead + T1.AvgScrWrite ASC LIMIT 1",200,True,Arctic-Text2SQL-R1-7B,1,1,"What is the average math score of the school with the lowest average score for all subjects, and in which county is it located?",127,ea,bird_43,results/raw/Arctic-Text2SQL-R1-7B_bird_ea_20260326_162008.jsonl
False,bird,[false],california_schools,data/bird/dev_databases/california_schools/california_schools.sqlite,moderate,False,grades 1-12 means K-12; Eligible free or reduced price meal rate for K-12 = `FRPM Count (K-12)` / `Enrollment (K-12)`,False,"near ""."": syntax error",SELECT ...,False,,SELECT CAST(T1.`FRPM Count (K-12)` AS REAL) / T1.`Enrollment (K-12)` FROM frpm AS T1 INNER JOIN schools AS T2 ON T1.CDSCode = T2.CDSCode WHERE T2.SOC = 66 ORDER BY T1.`FRPM Count (K-12)` DESC LIMIT 5,199,True,Arctic-Text2SQL-R1-7B,1,1,What is the eligible free or reduced price meal rate for the top 5 schools in grades 1-12 with the highest free or reduced price meal count of the schools with the ownership code 66?,182,ea,bird_32,results/raw/Arctic-Text2SQL-R1-7B_bird_ea_20260326_162008.jsonl
False,bird,[false],california_schools,data/bird/dev_databases/california_schools/california_schools.sqlite,moderate,False,Charter schools refers to `Charter School (Y/N)` = 1 in the frpm,False,,SELECT Phone FROM schools WHERE Charter = 1 AND FundingType = 'Direct' AND OpenDate > '2000-01-01',True,,SELECT T2.Phone FROM frpm AS T1 INNER JOIN schools AS T2 ON T1.CDSCode = T2.CDSCode WHERE T1.`Charter Funding Type` = 'Directly funded' AND T1.`Charter School (Y/N)` = 1 AND T2.OpenDate > '2000-01-01',200,True,Arctic-Text2SQL-R1-7B,1,1,Please list the phone numbers of the direct charter-funded schools that are opened after 2000/1/1.,98,ea,bird_4,results/raw/Arctic-Text2SQL-R1-7B_bird_ea_20260326_162008.jsonl
False,bird,[false],california_schools,data/bird/dev_databases/california_schools/california_schools.sqlite,challenging,False,Difference between K-12 enrollment and 15-17 enrollment can be computed by `Enrollment (K-12)` - `Enrollment (Ages 5-17)`,False,"near ""."": syntax error",SELECT ...,False,,"SELECT T2.School, T2.DOC FROM frpm AS T1 INNER JOIN schools AS T2 ON T1.CDSCode = T2.CDSCode WHERE T2.FundingType = 'Locally funded' AND (T1.`Enrollment (K-12)` - T1.`Enrollment (Ages 5-17)`) > (SELECT AVG(T3.`Enrollment (K-12)` - T3.`Enrollment (Ages 5-17)`) FROM frpm AS T3 INNER JOIN schools AS T4 ON T3.CDSCode = T4.CDSCode WHERE T4.FundingType = 'Locally funded')",368,True,Arctic-Text2SQL-R1-7B,1,1,"Consider the average difference between K-12 enrollment and 15-17 enrollment of schools that are locally funded, list the names and DOC type of schools which has a difference above this average.",194,ea,bird_28,results/raw/Arctic-Text2SQL-R1-7B_bird_ea_20260326_162008.jsonl
True,bird,[true],california_schools,data/bird/dev_databases/california_schools/california_schools.sqlite,simple,False,,True,,SELECT Website FROM schools WHERE County = 'Los Angeles' AND CDSCode IN (SELECT cds FROM satscores WHERE NumTstTakr BETWEEN 2000 AND 3000),True,,SELECT T2.Website FROM satscores AS T1 INNER JOIN schools AS T2 ON T1.cds = T2.CDSCode WHERE T1.NumTstTakr BETWEEN 2000 AND 3000 AND T2.County = 'Los Angeles',158,True,Arctic-Text2SQL-R1-7B,1,1,"What are the webpages for the Los Angeles County school that has between 2,000 and 3,000 test takers?",101,ea,bird_38,results/raw/Arctic-Text2SQL-R1-7B_bird_ea_20260326_162008.jsonl
False,bird,[false],california_schools,data/bird/dev_databases/california_schools/california_schools.sqlite,simple,False,State Special Schools refers to DOC = 31; Grades 1 through 12 means K-12,False,"near ""."": syntax error",SELECT ...,False,,SELECT T2.School FROM frpm AS T1 INNER JOIN schools AS T2 ON T1.CDSCode = T2.CDSCode WHERE T2.DOC = 31 ORDER BY T1.`Enrollment (K-12)` DESC LIMIT 1,147,True,Arctic-Text2SQL-R1-7B,1,1,Which state special schools have the highest number of enrollees from grades 1 through 12?,90,ea,bird_46,results/raw/Arctic-Text2SQL-R1-7B_bird_ea_20260326_162008.jsonl
True,bird,[true],california_schools,data/bird/dev_databases/california_schools/california_schools.sqlite,simple,False,,True,,SELECT s.Phone FROM schools AS s INNER JOIN satscores AS ss ON s.CDSCode = ss.cds ORDER BY ss.AvgScrMath DESC LIMIT 1,True,,SELECT T1.Phone FROM schools AS T1 INNER JOIN satscores AS T2 ON T1.CDSCode = T2.cds ORDER BY T2.AvgScrMath DESC LIMIT 1,120,True,Arctic-Text2SQL-R1-7B,1,1,What is the phone number of the school that has the highest average score in Math?,82,ea,bird_19,results/raw/Arctic-Text2SQL-R1-7B_bird_ea_20260326_162008.jsonl
False,bird,[false],california_schools,data/bird/dev_databases/california_schools/california_schools.sqlite,simple,False,,False,"near ""."": syntax error",SELECT ...,False,,"SELECT T2.MailStreet, T2.School FROM satscores AS T1 INNER JOIN schools AS T2 ON T1.cds = T2.CDSCode WHERE T1.AvgScrRead IS NOT NULL ORDER BY T1.AvgScrRead ASC LIMIT 1",167,True,Arctic-Text2SQL-R1-7B,1,1,In which mailing street address can you find the school that has the lowest average score in reading? Also give the school's name.,130,ea,bird_51,results/raw/Arctic-Text2SQL-R1-7B_bird_ea_20260326_162008.jsonl
False,bird,[false],california_schools,data/bird/dev_databases/california_schools/california_schools.sqlite,moderate,False,Eligible free rates for students aged 5-17 = `Free Meal Count (Ages 5-17)` / `Enrollment (Ages 5-17)`,False,"near ""."": syntax error",SELECT ...,False,,SELECT CAST(T2.`Free Meal Count (Ages 5-17)` AS REAL) / T2.`Enrollment (Ages 5-17)` FROM schools AS T1 INNER JOIN frpm AS T2 ON T1.CDSCode = T2.CDSCode WHERE T1.AdmFName1 = 'Kacey' AND T1.AdmLName1 = 'Gibson',208,True,Arctic-Text2SQL-R1-7B,1,1,What is the free rate for students between the ages of 5 and 17 at the school run by Kacey Gibson?,98,ea,bird_34,results/raw/Arctic-Text2SQL-R1-7B_bird_ea_20260326_162008.jsonl
False,bird,[false],california_schools,data/bird/dev_databases/california_schools/california_schools.sqlite,moderate,False,,False,,"SELECT s.Website, s.School FROM schools AS s INNER JOIN frpm AS f ON s.CDSCode = f.CDSCode WHERE f.`Free Meal Count (Ages 5-17)` BETWEEN 1900 AND 2000",True,,"SELECT T2.Website, T1.`School Name` FROM frpm AS T1 INNER JOIN schools AS T2 ON T1.CDSCode = T2.CDSCode WHERE T1.`Free Meal Count (Ages 5-17)` BETWEEN 1900 AND 2000 AND T2.Website IS NOT NULL",191,True,Arctic-Text2SQL-R1-7B,1,1,"If there are any, what are the websites address of the schools with a free meal count of 1,900-2,000 to students aged 5-17? Include the name of the school.",155,ea,bird_33,results/raw/Arctic-Text2SQL-R1-7B_bird_ea_20260326_162008.jsonl
True,bird,[true],california_schools,data/bird/dev_databases/california_schools/california_schools.sqlite,simple,False,,True,,SELECT s.NCESSchool FROM schools AS s INNER JOIN frpm AS f ON s.CDSCode = f.CDSCode ORDER BY f.`Enrollment (Ages 5-17)` DESC LIMIT 5,True,,SELECT T1.NCESSchool FROM schools AS T1 INNER JOIN frpm AS T2 ON T1.CDSCode = T2.CDSCode ORDER BY T2.`Enrollment (Ages 5-17)` DESC LIMIT 5,138,True,Arctic-Text2SQL-R1-7B,1,1,"List the top five schools, by descending order, from the highest to the lowest, the most number of Enrollment (Ages 5-17). Please give their NCES school identification number.",175,ea,bird_14,results/raw/Arctic-Text2SQL-R1-7B_bird_ea_20260326_162008.jsonl
True,bird,[true],california_schools,data/bird/dev_databases/california_schools/california_schools.sqlite,simple,False,,True,,"SELECT School, MailZip FROM schools WHERE AdmFName1 = 'Avetik' AND AdmLName1 = 'Atoian'",True,,"SELECT School, MailZip FROM schools WHERE AdmFName1 = 'Avetik' AND AdmLName1 = 'Atoian'",87,True,Arctic-Text2SQL-R1-7B,1,1,Please specify all of the schools and their related mailing zip codes that are under Avetik Atoian's administration.,116,ea,bird_54,results/raw/Arctic-Text2SQL-R1-7B_bird_ea_20260326_162008.jsonl
False,bird,[false],california_schools,data/bird/dev_databases/california_schools/california_schools.sqlite,simple,False,K-12 refers to students in grades 1 through 12.,False,"near ""."": syntax error",SELECT ...,False,,SELECT T2.City FROM frpm AS T1 INNER JOIN schools AS T2 ON T1.CDSCode = T2.CDSCode GROUP BY T2.City ORDER BY SUM(T1.`Enrollment (K-12)`) ASC LIMIT 5,148,True,Arctic-Text2SQL-R1-7B,1,1,Which cities have the top 5 lowest enrollment number for students in grades 1 through 12?,89,ea,bird_30,results/raw/Arctic-Text2SQL-R1-7B_bird_ea_20260326_162008.jsonl
False,bird,[false],california_schools,data/bird/dev_databases/california_schools/california_schools.sqlite,moderate,False,Elementary School District refers to DOC = 52; Monthly average number of schools that opened in 1980 = count(schools that opened in 1980) / 12,False,"near ""."": syntax error",SELECT ...,False,,"SELECT CAST(COUNT(School) AS REAL) / 12 FROM schools WHERE DOC = 52 AND County = 'Alameda' AND strftime('%Y', OpenDate) = '1980'",128,True,Arctic-Text2SQL-R1-7B,1,1,What is the monthly average number of schools that opened in Alameda County under the jurisdiction of the Elementary School District in 1980?,141,ea,bird_47,results/raw/Arctic-Text2SQL-R1-7B_bird_ea_20260326_162008.jsonl
False,bird,[false],california_schools,data/bird/dev_databases/california_schools/california_schools.sqlite,simple,False,between 1/1/1980 and 12/31/1980 means the year = 1980,False,,SELECT AVG(T1.NumTstTakr) AS average_test_takers FROM satscores T1 INNER JOIN schools T2 ON T1.cds = T2.CDSCode WHERE T2.OpenDate BETWEEN '1980-01-01' AND '1980-12-31' AND T2.City = 'Fresno',True,,"SELECT AVG(T1.NumTstTakr) FROM satscores AS T1 INNER JOIN schools AS T2 ON T1.cds = T2.CDSCode WHERE strftime('%Y', T2.OpenDate) = '1980' AND T2.County = 'Fresno'",162,True,Arctic-Text2SQL-R1-7B,1,1,What is the average number of test takers from Fresno schools that opened between 1/1/1980 and 12/31/1980?,106,ea,bird_39,results/raw/Arctic-Text2SQL-R1-7B_bird_ea_20260326_162008.jsonl
True,bird,[true],california_schools,data/bird/dev_databases/california_schools/california_schools.sqlite,moderate,False,"Usually, administrators manage the school stuff.",True,,"SELECT s.School, AVG(ss.AvgScrWrite) AS Average_Writing_Score FROM schools s INNER JOIN satscores ss ON s.CDSCode = ss.cds WHERE s.AdmFName1 = 'Ricci' AND s.AdmLName1 = 'Ulrich' GROUP BY s.School",True,,"SELECT T2.School, T1.AvgScrWrite FROM satscores AS T1 INNER JOIN schools AS T2 ON T1.cds = T2.CDSCode WHERE T2.AdmFName1 = 'Ricci' AND T2.AdmLName1 = 'Ulrich'",158,True,Arctic-Text2SQL-R1-7B,1,1,What is the average writing score of each of the schools managed by Ricci Ulrich? List the schools and the corresponding average writing scores.,144,ea,bird_45,results/raw/Arctic-Text2SQL-R1-7B_bird_ea_20260326_162008.jsonl
False,bird,[false],california_schools,data/bird/dev_databases/california_schools/california_schools.sqlite,simple,False,,False,incomplete input,"SELECT School, Phone, Ext FROM schools WHERE Zip = '95203-3704'.",False,,"SELECT Phone, Ext, School FROM schools WHERE Zip = '95203-3704'",63,True,Arctic-Text2SQL-R1-7B,1,1,What is the phone number and extension number for the school with the zip code 95203-3704? Indicate the school's name.,118,ea,bird_58,results/raw/Arctic-Text2SQL-R1-7B_bird_ea_20260326_162008.jsonl
True,bird,[true],california_schools,data/bird/dev_databases/california_schools/california_schools.sqlite,simple,False,Total SAT scores can be computed by AvgScrRead + AvgScrMath + AvgScrWrite,True,,SELECT COUNT(*) FROM satscores WHERE NumGE1500 > 0 AND cds IN (SELECT CDSCode FROM schools WHERE MailCity = 'Lakeport'),True,,SELECT COUNT(T1.cds) FROM satscores AS T1 INNER JOIN schools AS T2 ON T1.cds = T2.CDSCode WHERE T2.MailCity = 'Lakeport' AND (T1.AvgScrRead + T1.AvgScrMath + T1.AvgScrWrite) >= 1500,181,True,Arctic-Text2SQL-R1-7B,1,1,What is the total number of schools whose total SAT scores are greater or equal to 1500 whose mailing city is Lakeport?,119,ea,bird_52,results/raw/Arctic-Text2SQL-R1-7B_bird_ea_20260326_162008.jsonl
False,bird,[false],california_schools,data/bird/dev_databases/california_schools/california_schools.sqlite,moderate,False,Elementary School District refers to DOC = 52; Unified School District refers to DOC = 54.,False,"near ""."": syntax error",SELECT ...,False,,SELECT CAST(SUM(CASE WHEN DOC = 54 THEN 1 ELSE 0 END) AS REAL) / SUM(CASE WHEN DOC = 52 THEN 1 ELSE 0 END) FROM schools WHERE StatusType = 'Merged' AND County = 'Orange',169,True,Arctic-Text2SQL-R1-7B,1,1,What is the ratio of merged Unified School District schools in Orange County to merged Elementary School District schools?,122,ea,bird_48,results/raw/Arctic-Text2SQL-R1-7B_bird_ea_20260326_162008.jsonl
False,bird,[false],california_schools,data/bird/dev_databases/california_schools/california_schools.sqlite,challenging,False,non-chartered schools refer to schools whose Charter = 0; K-12 means grades 1 through 12; percent of eligible free rate for K-12 = `Free Meal Count (K-12)` * 100 / `Enrollment (K-12)`,False,,SELECT COUNT(*) FROM frpm WHERE `County Name` = 'Los Angeles' AND `Charter School (Y/N)` = 0 AND `Percent (%) Eligible Free (K-12)` < 0.18,True,,SELECT COUNT(T2.School) FROM frpm AS T1 INNER JOIN schools AS T2 ON T1.CDSCode = T2.CDSCode WHERE T2.County = 'Los Angeles' AND T2.Charter = 0 AND CAST(T1.`Free Meal Count (K-12)` AS REAL) * 100 / T1.`Enrollment (K-12)` < 0.18,226,True,Arctic-Text2SQL-R1-7B,1,1,What is the total number of non-chartered schools in the county of Los Angeles with a percent (%) of eligible free meals for grades 1 through 12 that is less than 0.18%?,169,ea,bird_62,results/raw/Arctic-Text2SQL-R1-7B_bird_ea_20260326_162008.jsonl
False,bird,[false],california_schools,data/bird/dev_databases/california_schools/california_schools.sqlite,moderate,False,Ratio in percentage = (count(locally funded schools in Santa Clara) / count(all funding type schools in Santa Clara) * 100%,False,no such column: T1.FundingType,SELECT (COUNT(CASE WHEN T1.FundingType = 'Local' THEN 1 ELSE NULL END) * 100.0 / COUNT(*)) AS LocalFundingRatio FROM schools WHERE T1.County = 'Santa Clara',False,,SELECT CAST(SUM(CASE WHEN FundingType = 'Locally funded' THEN 1 ELSE 0 END) AS REAL) * 100 / SUM(CASE WHEN FundingType != 'Locally funded' THEN 1 ELSE 0 END) FROM schools WHERE County = 'Santa Clara' AND Charter = 1,215,True,Arctic-Text2SQL-R1-7B,1,1,What is the ratio in percentage of Santa Clara County schools that are locally funded compared to all other types of charter school funding?,140,ea,bird_65,results/raw/Arctic-Text2SQL-R1-7B_bird_ea_20260326_162008.jsonl
False,bird,[false],california_schools,data/bird/dev_databases/california_schools/california_schools.sqlite,simple,False,,False,,SELECT Website FROM schools WHERE (AdmFName1 = 'Mike' AND AdmLName1 = 'Larson') OR (AdmFName2 = 'Dante' AND AdmLName2 = 'Alvarez'),True,,SELECT Website FROM schools WHERE (AdmFName1 = 'Mike' AND AdmLName1 = 'Larson') OR (AdmFName1 = 'Dante' AND AdmLName1 = 'Alvarez'),130,True,Arctic-Text2SQL-R1-7B,1,1,What is the website for the schools under the administrations of Mike Larson and Dante Alvarez?,95,ea,bird_59,results/raw/Arctic-Text2SQL-R1-7B_bird_ea_20260326_162008.jsonl
False,bird,[false],california_schools,data/bird/dev_databases/california_schools/california_schools.sqlite,simple,False,Postal street and mailing street are synonyms.,False,,SELECT s.Street FROM schools AS s INNER JOIN satscores AS ss ON s.CDSCode = ss.cds ORDER BY ss.AvgScrMath DESC LIMIT 1 OFFSET 6,True,,"SELECT T2.MailStreet, T2.School FROM satscores AS T1 INNER JOIN schools AS T2 ON T1.cds = T2.CDSCode ORDER BY T1.AvgScrMath DESC LIMIT 6, 1",139,True,Arctic-Text2SQL-R1-7B,1,1,What is the postal street address for the school with the 7th highest Math average? Indicate the school's name.,111,ea,bird_50,results/raw/Arctic-Text2SQL-R1-7B_bird_ea_20260326_162008.jsonl
False,bird,[false],california_schools,data/bird/dev_databases/california_schools/california_schools.sqlite,simple,False,"Chartered schools refer to Charter = 1 in the table schools; Full name refers to first name, last name",False,"near ""."": syntax error",SELECT ...,False,,"SELECT AdmFName1, AdmLName1, School, City FROM schools WHERE Charter = 1 AND CharterNum = '00D2'",96,True,Arctic-Text2SQL-R1-7B,1,1,"In chartered schools with charter number 00D2, what are the names of all the administrators? Include the name of the school and the city to which it belongs",156,ea,bird_63,results/raw/Arctic-Text2SQL-R1-7B_bird_ea_20260326_162008.jsonl
False,bird,[false],california_schools,data/bird/dev_databases/california_schools/california_schools.sqlite,simple,False,Virtual = 'P' means partially virtual; Charter schools refers to Charter = 1 in the table schools,False,,SELECT Website FROM schools WHERE Virtual = 'PARTIAL' AND Charter = 1 AND County = 'San Joaquin',True,,SELECT Website FROM schools WHERE County = 'San Joaquin' AND Virtual = 'P' AND Charter = 1,90,True,Arctic-Text2SQL-R1-7B,1,1,What are the websites for all the partially virtual chartered schools located in San Joaquin?,93,ea,bird_60,results/raw/Arctic-Text2SQL-R1-7B_bird_ea_20260326_162008.jsonl
False,bird,[false],california_schools,data/bird/dev_databases/california_schools/california_schools.sqlite,simple,False,,False,"near ""."": syntax error",SELECT ...,False,,"SELECT T2.EILName, T2.School FROM frpm AS T1 INNER JOIN schools AS T2 ON T1.CDSCode = T2.CDSCode WHERE T1.`NSLP Provision Status` = 'Breakfast Provision 2' AND T1.`County Code` = 37",181,True,Arctic-Text2SQL-R1-7B,1,1,What is the educational level name for the schools with Breakfast Provision 2 in county code 37? Indicate the name of the school.,129,ea,bird_75,results/raw/Arctic-Text2SQL-R1-7B_bird_ea_20260326_162008.jsonl
False,bird,[false],california_schools,data/bird/dev_databases/california_schools/california_schools.sqlite,simple,False,,False,,SELECT SUM(NumTstTakr) FROM satscores WHERE cds IN (SELECT CDSCode FROM schools WHERE MailCity = 'Fresno'),True,,SELECT T1.NumTstTakr FROM satscores AS T1 INNER JOIN schools AS T2 ON T1.cds = T2.CDSCode WHERE T2.MailCity = 'Fresno',118,True,Arctic-Text2SQL-R1-7B,1,1,How many test takers are there at the school/s whose mailing city address is in Fresno?,87,ea,bird_53,results/raw/Arctic-Text2SQL-R1-7B_bird_ea_20260326_162008.jsonl
True,bird,[true],california_schools,data/bird/dev_databases/california_schools/california_schools.sqlite,simple,False,,True,,SELECT COUNT(*) FROM schools WHERE StatusType = 'Active' AND City = 'San Joaquin' AND MailState = 'CA',True,,SELECT COUNT(CDSCode) FROM schools WHERE City = 'San Joaquin' AND MailState = 'CA' AND StatusType = 'Active',108,True,Arctic-Text2SQL-R1-7B,1,1,"Of all the schools with a mailing state address in California, how many are active in San Joaquin city?",103,ea,bird_56,results/raw/Arctic-Text2SQL-R1-7B_bird_ea_20260326_162008.jsonl
False,bird,[false],california_schools,data/bird/dev_databases/california_schools/california_schools.sqlite,moderate,False,Diffrence in enrollement = `Enrollment (K-12)` - `Enrollment (Ages 5-17)`,False,,"SELECT s.School, s.Street || ', ' || s.City || ', ' || s.State AS FullAddress FROM schools s INNER JOIN frpm f ON s.CDSCode = f.CDSCode WHERE ABS(f.`Enrollment (K-12)` - f.`Enrollment (Ages 5-17)`) > 30",True,,"SELECT T1.School, T1.Street FROM schools AS T1 INNER JOIN frpm AS T2 ON T1.CDSCode = T2.CDSCode WHERE T2.`Enrollment (K-12)` - T2.`Enrollment (Ages 5-17)` > 30",159,True,Arctic-Text2SQL-R1-7B,1,1,List the names of schools with more than 30 difference in enrollements between K-12 and ages 5-17? Please also give the full street adress of the schools.,154,ea,bird_23,results/raw/Arctic-Text2SQL-R1-7B_bird_ea_20260326_162008.jsonl
False,bird,[false],california_schools,data/bird/dev_databases/california_schools/california_schools.sqlite,simple,False,,False,,"SELECT SUM(CASE WHEN StatusType = 'Closed' THEN 1 ELSE 0 END) AS TotalClosedCommunityCollegeDistricts FROM schools WHERE City = 'San Francisco' AND strftime('%Y', OpenDate) = '1989' AND StatusType = 'Community College District'",True,,"SELECT COUNT(School) FROM schools WHERE strftime('%Y', ClosedDate) = '1989' AND City = 'San Francisco' AND DOCType = 'Community College District'",145,True,Arctic-Text2SQL-R1-7B,1,1,What is the total amount of Community College District closure in 1989 in the city of San Francisco?,100,ea,bird_67,results/raw/Arctic-Text2SQL-R1-7B_bird_ea_20260326_162008.jsonl
True,bird,[true],california_schools,data/bird/dev_databases/california_schools/california_schools.sqlite,simple,False,,True,,"SELECT s.Phone, s.Ext FROM schools AS s INNER JOIN satscores AS ss ON s.CDSCode = ss.cds ORDER BY ss.AvgScrWrite DESC LIMIT 1 OFFSET 332",True,,"SELECT T2.Phone, T2.Ext FROM satscores AS T1 INNER JOIN schools AS T2 ON T1.cds = T2.CDSCode ORDER BY T1.AvgScrWrite DESC LIMIT 332, 1",134,True,Arctic-Text2SQL-R1-7B,1,1,What is the phone number and extension number for the school that had the 333rd highest average writing score?,110,ea,bird_57,results/raw/Arctic-Text2SQL-R1-7B_bird_ea_20260326_162008.jsonl
False,bird,[false],california_schools,data/bird/dev_databases/california_schools/california_schools.sqlite,simple,False,,False,"near ""."": syntax error",SELECT ...,False,,SELECT T1.`FRPM Count (Ages 5-17)` FROM frpm AS T1 INNER JOIN schools AS T2 ON T1.CDSCode = T2.CDSCode WHERE T2.MailStreet = 'PO Box 1040' AND T2.SOCType = 'Youth Authority Facilities',184,True,Arctic-Text2SQL-R1-7B,1,1,What is the free or reduced price meal count for ages 5 to 17 in the Youth Authority School with a mailing street address of PO Box 1040?,137,ea,bird_73,results/raw/Arctic-Text2SQL-R1-7B_bird_ea_20260326_162008.jsonl
True,bird,[true],california_schools,data/bird/dev_databases/california_schools/california_schools.sqlite,moderate,False,High school can be represented as EILCode = 'HS',True,,SELECT s.City FROM schools AS s INNER JOIN frpm AS f ON s.CDSCode = f.CDSCode WHERE f.`County Name` = 'Merced' AND f.`Low Grade` = '9' AND f.`High Grade` = '12' AND f.`NSLP Provision Status` = 'Lunch Provision 2' LIMIT 1,True,,SELECT T2.City FROM frpm AS T1 INNER JOIN schools AS T2 ON T1.CDSCode = T2.CDSCode WHERE T1.`NSLP Provision Status` = 'Lunch Provision 2' AND T2.County = 'Merced' AND T1.`Low Grade` = 9 AND T1.`High Grade` = 12 AND T2.EILCode = 'HS',232,True,Arctic-Text2SQL-R1-7B,1,1,What is the city location of the high school level school with Lunch Provision 2 whose lowest grade is 9 and the highest grade is 12 in the county of Merced?,157,ea,bird_76,results/raw/Arctic-Text2SQL-R1-7B_bird_ea_20260326_162008.jsonl
True,bird,[true],california_schools,data/bird/dev_databases/california_schools/california_schools.sqlite,simple,False,Elementary School District refers to DOC = 52; Chartered schools refer to Charter = 1 in the table schools,True,,SELECT COUNT(*) FROM schools WHERE Charter = 1 AND City = 'Hickman' AND DOCType = 'Elementary School District',True,,SELECT COUNT(School) FROM schools WHERE DOC = 52 AND Charter = 1 AND City = 'Hickman',85,True,Arctic-Text2SQL-R1-7B,1,1,How many chartered schools located in the city of Hickman are owned by the Elementary School District?,102,ea,bird_61,results/raw/Arctic-Text2SQL-R1-7B_bird_ea_20260326_162008.jsonl
True,bird,[true],california_schools,data/bird/dev_databases/california_schools/california_schools.sqlite,simple,False,,True,,SELECT COUNT(*) FROM schools WHERE MailCity = 'Hickman' AND CharterNum = '00D4',True,,SELECT COUNT(*) FROM schools WHERE CharterNum = '00D4' AND MailCity = 'Hickman',79,True,Arctic-Text2SQL-R1-7B,1,1,What is the total number of schools with a mailing city in Hickman belonging to the charter number 00D4?,104,ea,bird_64,results/raw/Arctic-Text2SQL-R1-7B_bird_ea_20260326_162008.jsonl
False,bird,[false],california_schools,data/bird/dev_databases/california_schools/california_schools.sqlite,moderate,False,'Does not offer physical building' means Virtual = F in the database.,False,"near ""."": syntax error",SELECT ...,False,,"SELECT County, COUNT(Virtual) FROM schools WHERE (County = 'San Diego' OR County = 'Santa Barbara') AND Virtual = 'F' GROUP BY County ORDER BY COUNT(Virtual) DESC LIMIT 1",170,True,Arctic-Text2SQL-R1-7B,1,1,"Between San Diego and Santa Barbara, which county offers the most number of schools that does not offer physical building? Indicate the amount.",143,ea,bird_79,results/raw/Arctic-Text2SQL-R1-7B_bird_ea_20260326_162008.jsonl
False,bird,[false],california_schools,data/bird/dev_databases/california_schools/california_schools.sqlite,moderate,False,State Special School means EdOpsCode = 'SSS',False,,SELECT SUM(`Enrollment (Ages 5-17)`) AS total_enrolled FROM frpm WHERE `School Name` = 'State Special School' AND `County Name` = 'Fremont' AND `Academic Year` = '2014-2015',True,,SELECT T1.`Enrollment (Ages 5-17)` FROM frpm AS T1 INNER JOIN schools AS T2 ON T1.CDSCode = T2.CDSCode WHERE T2.EdOpsCode = 'SSS' AND T2.City = 'Fremont' AND T1.`Academic Year` BETWEEN 2014 AND 2015,198,True,Arctic-Text2SQL-R1-7B,1,1,How many students from the ages of 5 to 17 are enrolled at the State Special School school in Fremont for the 2014-2015 academic year?,134,ea,bird_72,results/raw/Arctic-Text2SQL-R1-7B_bird_ea_20260326_162008.jsonl
False,bird,[false],california_schools,data/bird/dev_databases/california_schools/california_schools.sqlite,challenging,False,Kindergarten to 8th grade refers to K-8; 'Offers a magnet program' means Magnet = 1; Multiple Provision Types refers to `NSLP Provision Status` = 'Multiple Provision Types',False,"near ""."": syntax error",SELECT ...,False,,"SELECT T2.City, COUNT(T2.CDSCode) FROM frpm AS T1 INNER JOIN schools AS T2 ON T1.CDSCode = T2.CDSCode WHERE T2.Magnet = 1 AND T2.GSoffered = 'K-8' AND T1.`NSLP Provision Status` = 'Multiple Provision Types' GROUP BY T2.City",223,True,Arctic-Text2SQL-R1-7B,1,1,"Of the schools that offers a magnet program serving a grade span of Kindergarten to 8th grade, how many offers Multiple Provision Types? List the number of cities that offers a Kindergarten to 8th grade span and indicate how many schools are there serving such grade span for each city.",286,ea,bird_83,results/raw/Arctic-Text2SQL-R1-7B_bird_ea_20260326_162008.jsonl
False,bird,[false],california_schools,data/bird/dev_databases/california_schools/california_schools.sqlite,moderate,False,Percent (%) Eligible FRPM (Ages 5-17) can be acquired by `FRPM Count (Ages 5-17)` / `Enrollment (Ages 5-17)` * 100,False,"near ""."": syntax error",SELECT ...,False,,"SELECT T2.School, T1.`FRPM Count (Ages 5-17)` * 100 / T1.`Enrollment (Ages 5-17)` FROM frpm AS T1 INNER JOIN schools AS T2 ON T1.CDSCode = T2.CDSCode WHERE T2.County = 'Los Angeles' AND T2.GSserved = 'K-9'",205,True,Arctic-Text2SQL-R1-7B,1,1,Which schools served a grade span of Kindergarten to 9th grade in the county of Los Angeles and what is its Percent (%) Eligible FRPM (Ages 5-17)?,146,ea,bird_77,results/raw/Arctic-Text2SQL-R1-7B_bird_ea_20260326_162008.jsonl
False,bird,[false],california_schools,data/bird/dev_databases/california_schools/california_schools.sqlite,simple,False,"When magent is equal to 0 in the database, it means ths school doesn't offer a magnet program.",False,,SELECT NCESDist FROM schools WHERE City = 'Fresno' AND Magnet = 0,True,,SELECT T1.`District Code` FROM frpm AS T1 INNER JOIN schools AS T2 ON T1.CDSCode = T2.CDSCode WHERE T2.City = 'Fresno' AND T2.Magnet = 0,136,True,Arctic-Text2SQL-R1-7B,1,1,What is the district code for the School that does not offer a magnet program in the city of Fresno?,100,ea,bird_71,results/raw/Arctic-Text2SQL-R1-7B_bird_ea_20260326_162008.jsonl
False,bird,[false],california_schools,data/bird/dev_databases/california_schools/california_schools.sqlite,simple,False,,False,"near ""."": syntax error",SELECT ...,False,,"SELECT T2.AdmEmail1, T2.School FROM satscores AS T1 INNER JOIN schools AS T2 ON T1.cds = T2.CDSCode ORDER BY T1.NumGE1500 DESC LIMIT 1",134,True,Arctic-Text2SQL-R1-7B,1,1,What is the administrator's email address for the school with the highest number of test takers who received SAT scores of at least 1500?Provide the name of the school.,168,ea,bird_88,results/raw/Arctic-Text2SQL-R1-7B_bird_ea_20260326_162008.jsonl
False,bird,[false],california_schools,data/bird/dev_databases/california_schools/california_schools.sqlite,simple,False,Directly funded schools refers to FundingType = 'Directly Funded',False,,SELECT COUNT(*) FROM schools WHERE StatusType = 'Directly Funded' AND County = 'Stanislaus' AND OpenDate BETWEEN '2000-01-01' AND '2005-12-31',True,,"SELECT COUNT(School) FROM schools WHERE strftime('%Y', OpenDate) BETWEEN '2000' AND '2005' AND County = 'Stanislaus' AND FundingType = 'Directly funded'",152,True,Arctic-Text2SQL-R1-7B,1,1,"Between 1/1/2000 to 12/31/2005, how many directly funded schools opened in the county of Stanislaus?",100,ea,bird_66,results/raw/Arctic-Text2SQL-R1-7B_bird_ea_20260326_162008.jsonl
False,bird,[false],california_schools,data/bird/dev_databases/california_schools/california_schools.sqlite,simple,False,,False,,"SELECT COUNT(*) FROM schools WHERE StatusType IN ('Active', 'Closed') AND County = 'Alpine' AND DOCType = 'District Community Day School'",True,,SELECT COUNT(School) FROM schools WHERE (StatusType = 'Closed' OR StatusType = 'Active') AND SOC = 69 AND County = 'Alpine',123,True,Arctic-Text2SQL-R1-7B,1,1,How many active and closed District Community Day Schools are there in the county of Alpine?,92,ea,bird_70,results/raw/Arctic-Text2SQL-R1-7B_bird_ea_20260326_162008.jsonl
False,bird,[false],california_schools,data/bird/dev_databases/california_schools/california_schools.sqlite,moderate,False,Youth Authority Facilities (CEA) refers to SOC = 11; 1980s = years between 1980 and 1989,False,,SELECT County FROM schools WHERE StatusType = 'Closed' AND ClosedDate BETWEEN '1980-01-01' AND '1989-12-31' AND DOC LIKE '%CEA%' GROUP BY County ORDER BY COUNT(*) DESC LIMIT 1,True,,"SELECT County FROM schools WHERE strftime('%Y', ClosedDate) BETWEEN '1980' AND '1989' AND StatusType = 'Closed' AND SOC = 11 GROUP BY County ORDER BY COUNT(School) DESC LIMIT 1",176,True,Arctic-Text2SQL-R1-7B,1,1,Which county reported the most number of school closure in the 1980s with school wonership code belonging to Youth Authority Facilities (CEA)?,142,ea,bird_68,results/raw/Arctic-Text2SQL-R1-7B_bird_ea_20260326_162008.jsonl
False,bird,[false],california_schools,data/bird/dev_databases/california_schools/california_schools.sqlite,simple,False,State Special Schools means that SOC = 31.,False,,SELECT NCESDist FROM schools WHERE SOC = 'State Special Schools' AND SOCType = 'School Ownership Code',True,,SELECT NCESDist FROM schools WHERE SOC = 31,43,True,Arctic-Text2SQL-R1-7B,1,1,Please provide the National Center for Educational Statistics school district identification number for all schools with a School Ownership Code that are part of the State Special Schools.,188,ea,bird_69,results/raw/Arctic-Text2SQL-R1-7B_bird_ea_20260326_162008.jsonl
True,bird,[true],california_schools,data/bird/dev_databases/california_schools/california_schools.sqlite,moderate,False,Ratio = count(schools in Colusa) / count(schools in Humboldt),True,,SELECT (COUNT(CASE WHEN T1.County = 'Colusa' THEN 1 ELSE NULL END) * 1.0 / COUNT(CASE WHEN T1.County = 'Humboldt' THEN 1 ELSE NULL END)) AS ratio FROM schools AS T1 WHERE T1.MailState = 'CA',True,,SELECT CAST(SUM(CASE WHEN County = 'Colusa' THEN 1 ELSE 0 END) AS REAL) / SUM(CASE WHEN County = 'Humboldt' THEN 1 ELSE 0 END) FROM schools WHERE MailState = 'CA',162,True,Arctic-Text2SQL-R1-7B,1,1,"Of the schools with a mailing state address in California, what is the ratio of the schools located in the county of Colusa against the school located in the county of Humboldt?",177,ea,bird_55,results/raw/Arctic-Text2SQL-R1-7B_bird_ea_20260326_162008.jsonl
False,bird,[false],financial,data/bird/dev_databases/financial/financial.sqlite,simple,False,A12 refers to unemploymant rate 1995; A13 refers to unemploymant rate 1996,False,no such column: A1,"SELECT AVG(CASE WHEN A1 < 0 THEN 1 ELSE 0 END) * 100 AS unemployment_ratio FROM district WHERE strftime('%Y', date) IN ('1995', '1996')",False,,"SELECT DISTINCT IIF(AVG(A13) > AVG(A12), '1996', '1995') FROM district",70,True,Arctic-Text2SQL-R1-7B,1,1,"The average unemployment ratio of 1995 and 1996, which one has higher percentage?",81,ea,bird_91,results/raw/Arctic-Text2SQL-R1-7B_bird_ea_20260326_162008.jsonl
False,bird,[false],california_schools,data/bird/dev_databases/california_schools/california_schools.sqlite,challenging,False,Intermediate/Middle Schools refers to SOC = 62; Unified School refers to DOC = 54; years between 2009 and 2010 can refer to 'between 1/1/2009 to 12/31/2010',False,"near ""."": syntax error",SELECT ...,False,,"SELECT T2.AdmEmail1, T2.AdmEmail2 FROM frpm AS T1 INNER JOIN schools AS T2 ON T1.CDSCode = T2.CDSCode WHERE T2.County = 'San Bernardino' AND T2.City = 'San Bernardino' AND T2.DOC = 54 AND strftime('%Y', T2.OpenDate) BETWEEN '2009' AND '2010' AND T2.SOC = 62",257,True,Arctic-Text2SQL-R1-7B,1,1,"What are the valid e-mail addresses of the administrator of the school located in the San Bernardino county, City of San Bernardino City Unified that opened between 1/1/2009 to 12/31/2010 whose school types are public Intermediate/Middle Schools and Unified Schools?",266,ea,bird_87,results/raw/Arctic-Text2SQL-R1-7B_bird_ea_20260326_162008.jsonl
True,bird,[true],california_schools,data/bird/dev_databases/california_schools/california_schools.sqlite,simple,False,,True,,SELECT GSserved FROM schools WHERE City = 'Adelanto' GROUP BY GSserved ORDER BY COUNT(*) DESC LIMIT 1,True,,SELECT GSserved FROM schools WHERE City = 'Adelanto' GROUP BY GSserved ORDER BY COUNT(GSserved) DESC LIMIT 1,108,True,Arctic-Text2SQL-R1-7B,1,1,What is the most common type of grade span served in the city of Adelanto?,74,ea,bird_78,results/raw/Arctic-Text2SQL-R1-7B_bird_ea_20260326_162008.jsonl
False,bird,[false],california_schools,data/bird/dev_databases/california_schools/california_schools.sqlite,moderate,False,Closure date and closed date are synonyms; 'Closed' was mentioned in schools.StatusType.,False,,"SELECT County, School, ClosedDate FROM schools WHERE StatusType = 'Closed' ORDER BY ClosedDate DESC LIMIT 1",True,,"SELECT DISTINCT County, School, ClosedDate FROM schools WHERE County = ( SELECT County FROM schools WHERE StatusType = 'Closed' GROUP BY County ORDER BY COUNT(School) DESC LIMIT 1 ) AND StatusType = 'Closed' AND school IS NOT NULL",230,True,Arctic-Text2SQL-R1-7B,1,1,Which different county has the most number of closed schools? Please provide the name of each school as well as the closure date.,129,ea,bird_49,results/raw/Arctic-Text2SQL-R1-7B_bird_ea_20260326_162008.jsonl
False,bird,[false],california_schools,data/bird/dev_databases/california_schools/california_schools.sqlite,simple,False,the highest longitude refers to the school with the maximum absolute longitude value.,False,,SELECT GSoffered FROM schools ORDER BY Longitude DESC LIMIT 1,True,,SELECT GSoffered FROM schools ORDER BY ABS(longitude) DESC LIMIT 1,66,True,Arctic-Text2SQL-R1-7B,1,1,What is the grade span offered in the school with the highest longitude?,72,ea,bird_82,results/raw/Arctic-Text2SQL-R1-7B_bird_ea_20260326_162008.jsonl
False,bird,[false],california_schools,data/bird/dev_databases/california_schools/california_schools.sqlite,moderate,False,District Special Education Consortia School refers to EdOpsCode = 'SPECON'.,False,,SELECT MIN(frpm.`Low Grade`) FROM frpm INNER JOIN schools ON frpm.CDSCode = schools.CDSCode WHERE schools.NCESDist = '0613360' AND schools.StatusType = 'District Special Education Consortia School',True,,SELECT MIN(T1.`Low Grade`) FROM frpm AS T1 INNER JOIN schools AS T2 ON T1.CDSCode = T2.CDSCode WHERE T2.NCESDist = '0613360' AND T2.EdOpsCode = 'SPECON',152,True,Arctic-Text2SQL-R1-7B,1,1,What is the lowest grade for the District Special Education Consortia School with National Center for Educational Statistics school district identification number of 0613360?,174,ea,bird_74,results/raw/Arctic-Text2SQL-R1-7B_bird_ea_20260326_162008.jsonl
False,bird,[false],california_schools,data/bird/dev_databases/california_schools/california_schools.sqlite,moderate,False,State of California refers to state = 'CA',False,no such column: Low_Grade,"SELECT City, School, Low_Grade FROM schools WHERE State = 'CA' ORDER BY Latitude ASC LIMIT 1",False,,"SELECT T2.City, T1.`Low Grade`, T1.`School Name` FROM frpm AS T1 INNER JOIN schools AS T2 ON T1.CDSCode = T2.CDSCode WHERE T2.State = 'CA' ORDER BY T2.Latitude ASC LIMIT 1",171,True,Arctic-Text2SQL-R1-7B,1,1,In which city can you find the school in the state of California with the lowest latitude coordinates and what is its lowest grade? Indicate the school name.,157,ea,bird_81,results/raw/Arctic-Text2SQL-R1-7B_bird_ea_20260326_162008.jsonl
False,bird,[false],california_schools,data/bird/dev_databases/california_schools/california_schools.sqlite,simple,False,,False,,"SELECT AdmLName1, District, County, School FROM schools WHERE CharterNum = '40' LIMIT 1",True,,"SELECT AdmLName1, District, County, School FROM schools WHERE CharterNum = '0040'",81,True,Arctic-Text2SQL-R1-7B,1,1,"What is the administrator's last name that oversees the school with Charter number 40? Indicate the district, the county where the school is situated, and the name of the school.",178,ea,bird_86,results/raw/Arctic-Text2SQL-R1-7B_bird_ea_20260326_162008.jsonl
False,bird,[false],california_schools,data/bird/dev_databases/california_schools/california_schools.sqlite,moderate,False,Percent (%) Eligible Free (K-12) = `Free Meal Count (K-12)` / `Enrollment (K-12)` * 100%,False,,"SELECT frpm.`Percent (%) Eligible Free (K-12)`, frpm.`District Code` FROM frpm INNER JOIN schools ON frpm.CDSCode = schools.CDSCode WHERE schools.AdmFName1 = 'Alusine'",True,,"SELECT T1.`Free Meal Count (K-12)` * 100 / T1.`Enrollment (K-12)`, T1.`District Code` FROM frpm AS T1 INNER JOIN schools AS T2 ON T1.CDSCode = T2.CDSCode WHERE T2.AdmFName1 = 'Alusine'",184,True,Arctic-Text2SQL-R1-7B,1,1,What is the Percent (%) Eligible Free (K-12) in the school administered by an administrator whose first name is Alusine. List the district code of the school.,158,ea,bird_85,results/raw/Arctic-Text2SQL-R1-7B_bird_ea_20260326_162008.jsonl
False,bird,[false],california_schools,data/bird/dev_databases/california_schools/california_schools.sqlite,simple,False,,False,,"SELECT School Type, School Name, Latitude FROM schools ORDER BY Latitude DESC LIMIT 1",True,,"SELECT T1.`School Type`, T1.`School Name`, T2.Latitude FROM frpm AS T1 INNER JOIN schools AS T2 ON T1.CDSCode = T2.CDSCode ORDER BY T2.Latitude DESC LIMIT 1",156,True,Arctic-Text2SQL-R1-7B,1,1,What is the school type of the school with the highest latitude? Indicate the name of the school as well as the latitude coordinates.,133,ea,bird_80,results/raw/Arctic-Text2SQL-R1-7B_bird_ea_20260326_162008.jsonl
False,bird,[false],financial,data/bird/dev_databases/financial/financial.sqlite,challenging,False,"Female means gender = 'F'; A11 refers to average salary; Gap = highest average salary - lowest average salary; If the person A's birthdate > B's birthdate, it means that person B is order than person A.",False,"near ""."": syntax error",SELECT ...,False,,"SELECT T1.account_id , ( SELECT MAX(A11) - MIN(A11) FROM district ) FROM account AS T1 INNER JOIN district AS T2 ON T1.district_id = T2.district_id INNER JOIN disp AS T3 ON T1.account_id = T3.account_id INNER JOIN client AS T4 ON T3.client_id = T4.client_id WHERE T2.district_id = ( SELECT district_id FROM client WHERE gender = 'F' ORDER BY birth_date ASC LIMIT 1 ) ORDER BY T2.A11 DESC LIMIT 1",395,True,Arctic-Text2SQL-R1-7B,1,1,"List out the account numbers of female clients who are oldest and has lowest average salary, calculate the gap between this lowest average salary with the highest average salary?",178,ea,bird_94,results/raw/Arctic-Text2SQL-R1-7B_bird_ea_20260326_162008.jsonl
False,bird,[false],financial,data/bird/dev_databases/financial/financial.sqlite,simple,False,A11 refers to average salary; Female mapps to gender = 'F',False,no such column: A1,SELECT COUNT(*) FROM district WHERE A1 > 6000 AND A1 < 10000,False,,SELECT COUNT(DISTINCT T2.district_id)  FROM client AS T1 INNER JOIN district AS T2 ON T1.district_id = T2.district_id WHERE T1.gender = 'F' AND T2.A11 BETWEEN 6000 AND 10000,173,True,Arctic-Text2SQL-R1-7B,1,1,List out the no. of districts that have female average salary is more than 6000 but less than 10000?,100,ea,bird_92,results/raw/Arctic-Text2SQL-R1-7B_bird_ea_20260326_162008.jsonl
False,bird,[false],financial,data/bird/dev_databases/financial/financial.sqlite,moderate,False,Male means that gender = 'M'; A3 refers to region; A11 pertains to average salary.,False,,SELECT COUNT(*) FROM client WHERE gender = 'M' AND district_id IN (SELECT district_id FROM district WHERE A12 > 8000) AND district_id IN (SELECT district_id FROM district WHERE A3 LIKE '%North Bohemia%'),True,,SELECT COUNT(T1.client_id) FROM client AS T1 INNER JOIN district AS T2 ON T1.district_id = T2.district_id WHERE T1.gender = 'M' AND T2.A3 = 'north Bohemia' AND T2.A11 > 8000,173,True,Arctic-Text2SQL-R1-7B,1,1,How many male customers who are living in North Bohemia have average salary greater than 8000?,94,ea,bird_93,results/raw/Arctic-Text2SQL-R1-7B_bird_ea_20260326_162008.jsonl
False,bird,[false],financial,data/bird/dev_databases/financial/financial.sqlite,moderate,False,"If the person A's birthdate < B's birthdate, it means that person B is younger than person A; A11 refers to average salary",False,no such column: account_id,SELECT account_id FROM client WHERE birth_date = (SELECT MAX(birth_date) FROM client),False,,"SELECT T1.account_id  FROM account AS T1 INNER JOIN disp AS T2 ON T1.account_id = T2.account_id INNER JOIN client AS T3 ON T2.client_id = T3.client_id INNER JOIN district AS T4 on T4.district_id = T1.district_id WHERE T2.client_id = ( SELECT client_id FROM client ORDER BY birth_date DESC LIMIT 1) GROUP BY T4.A11, T1.account_id",328,True,Arctic-Text2SQL-R1-7B,1,1,List out the account numbers of clients who are youngest and have highest average salary?,89,ea,bird_95,results/raw/Arctic-Text2SQL-R1-7B_bird_ea_20260326_162008.jsonl
False,bird,[false],financial,data/bird/dev_databases/financial/financial.sqlite,moderate,False,A3 contains the data of region; 'POPLATEK PO OBRATU' represents for 'issuance after transaction'.,False,,SELECT COUNT(*) FROM account WHERE frequency = 'issuance after transaction' AND district_id IN (SELECT district_id FROM district WHERE A2 IS NOT NULL),True,,SELECT COUNT(T2.account_id) FROM district AS T1 INNER JOIN account AS T2 ON T1.district_id = T2.district_id WHERE T1.A3 = 'east Bohemia' AND T2.frequency = 'POPLATEK PO OBRATU',176,True,Arctic-Text2SQL-R1-7B,1,1,How many accounts who choose issuance after transaction are staying in East Bohemia region?,91,ea,bird_89,results/raw/Arctic-Text2SQL-R1-7B_bird_ea_20260326_162008.jsonl
False,bird,[false],financial,data/bird/dev_databases/financial/financial.sqlite,simple,False,'POPLATEK PO OBRATU' stands for issuance after transaction,False,no such column: d.issued,SELECT c.client_id FROM client AS c INNER JOIN disp AS d ON c.client_id = d.client_id WHERE d.type = 'Disponent' AND EXISTS (SELECT 1 FROM trans t WHERE t.account_id = d.account_id AND t.date > d.issued),False,,SELECT T2.client_id FROM account AS T1 INNER JOIN disp AS T2 ON T1.account_id = T2.account_id WHERE T1.frequency = 'POPLATEK PO OBRATU' AND T2.type = 'DISPONENT',161,True,Arctic-Text2SQL-R1-7B,1,1,List out the id number of client who choose statement of issuance after transaction are Disponent?,98,ea,bird_97,results/raw/Arctic-Text2SQL-R1-7B_bird_ea_20260326_162008.jsonl
False,bird,[false],financial,data/bird/dev_databases/financial/financial.sqlite,moderate,False,Loan validity more than 12 months refers to duration > 12,False,"near ""."": syntax error",SELECT ...,False,,"SELECT T1.account_id FROM loan AS T1 INNER JOIN account AS T2 ON T1.account_id = T2.account_id WHERE STRFTIME('%Y', T2.date) = '1993' AND T1.duration > 12 ORDER BY T1.amount DESC LIMIT 1",186,True,Arctic-Text2SQL-R1-7B,1,1,"Among the accounts who have loan validity more than 12 months, list out the accounts that have the highest approved amount and have account opening date in 1993.",161,ea,bird_99,results/raw/Arctic-Text2SQL-R1-7B_bird_ea_20260326_162008.jsonl
False,bird,[false],financial,data/bird/dev_databases/financial/financial.sqlite,moderate,False,'POPLATEK TYDNE' stands for weekly issuance,False,"near ""."": syntax error",SELECT ...,False,,"SELECT T2.account_id FROM loan AS T1 INNER JOIN account AS T2 ON T1.account_id = T2.account_id WHERE STRFTIME('%Y', T1.date) = '1997' AND T2.frequency = 'POPLATEK TYDNE' ORDER BY T1.amount LIMIT 1",196,True,Arctic-Text2SQL-R1-7B,1,1,"Among the accounts who have approved loan date in 1997, list out the accounts that have the lowest approved amount and choose weekly issuance statement.",152,ea,bird_98,results/raw/Arctic-Text2SQL-R1-7B_bird_ea_20260326_162008.jsonl
False,bird,[false],financial,data/bird/dev_databases/financial/financial.sqlite,simple,False,A3 contains the data of region,False,,SELECT COUNT(*) FROM account WHERE district_id IN (SELECT district_id FROM district WHERE A2 = 'Prague'),True,,SELECT COUNT(T1.account_id) FROM account AS T1 INNER JOIN loan AS T2 ON T1.account_id = T2.account_id INNER JOIN district AS T3 ON T1.district_id = T3.district_id WHERE T3.A3 = 'Prague',185,True,Arctic-Text2SQL-R1-7B,1,1,How many accounts who have region in Prague are eligible for loans?,67,ea,bird_90,results/raw/Arctic-Text2SQL-R1-7B_bird_ea_20260326_162008.jsonl
False,bird,[false],financial,data/bird/dev_databases/financial/financial.sqlite,simple,False,'POPLATEK TYDNE' stands for weekly issuance,False,,SELECT COUNT(*) FROM client WHERE client_id IN (SELECT client_id FROM disp WHERE account_id IN (SELECT account_id FROM account WHERE frequency = 'weekly')) AND gender = 'Owner',True,,SELECT COUNT(T1.account_id) FROM account AS T1 INNER JOIN disp AS T2 ON T1.account_id = T2.account_id WHERE T2.type = 'OWNER' AND T1.frequency = 'POPLATEK TYDNE',161,True,Arctic-Text2SQL-R1-7B,1,1,How many customers who choose statement of weekly issuance are Owner?,69,ea,bird_96,results/raw/Arctic-Text2SQL-R1-7B_bird_ea_20260326_162008.jsonl
False,bird,[false],california_schools,data/bird/dev_databases/california_schools/california_schools.sqlite,simple,False,,False,"near ""."": syntax error",SELECT ...,False,,"SELECT DISTINCT T1.AdmFName1, T1.District FROM schools AS T1 INNER JOIN ( SELECT admfname1 FROM schools GROUP BY admfname1 ORDER BY COUNT(admfname1) DESC LIMIT 2 ) AS T2 ON T1.AdmFName1 = T2.admfname1",200,True,Arctic-Text2SQL-R1-7B,1,1,What are the two most common first names among the school administrators? Indicate the district to which they administer.,121,ea,bird_84,results/raw/Arctic-Text2SQL-R1-7B_bird_ea_20260326_162008.jsonl
False,bird,[false],california_schools,data/bird/dev_databases/california_schools/california_schools.sqlite,moderate,False,Communication number refers to phone number.,False,,"SELECT s.School, AVG(ss.AvgScrWrite) AS Average_Score_Write, s.MailZip FROM schools s INNER JOIN satscores ss ON s.CDSCode = ss.cds WHERE (s.OpenDate > '1991-01-01' OR s.ClosedDate < '2000-12-31') GROUP BY s.School, s.MailZip",True,,"SELECT T2.School, T1.AvgScrWrite, T2.Phone FROM schools AS T2 LEFT JOIN satscores AS T1 ON T2.CDSCode = T1.cds WHERE strftime('%Y', T2.OpenDate) > '1991' OR strftime('%Y', T2.ClosedDate) < '2000'",195,True,Arctic-Text2SQL-R1-7B,1,1,"What is the average score in writing for the schools that were opened after 1991 or closed before 2000? List the school names along with the score. Also, list the communication number of the schools if there is any.",215,ea,bird_27,results/raw/Arctic-Text2SQL-R1-7B_bird_ea_20260326_162008.jsonl
True,spider,[true],concert_singer,data/spider/database/concert_singer/concert_singer.sqlite,,False,,True,,"SELECT Name, Country, Age FROM singer ORDER BY Age DESC",True,,"SELECT name ,  country ,  age FROM singer ORDER BY age DESC",59,True,Arctic-Text2SQL-R1-7B,1,1,"What are the names, countries, and ages for every singer in descending order of age?",84,ea,spider_3,results/raw/Arctic-Text2SQL-R1-7B_spider_ea_20260326_161739.jsonl
True,spider,[true],concert_singer,data/spider/database/concert_singer/concert_singer.sqlite,,False,,True,,"SELECT AVG(Age), MIN(Age), MAX(Age) FROM singer WHERE Country = 'France'",True,,"SELECT avg(age) ,  min(age) ,  max(age) FROM singer WHERE country  =  'France'",78,True,Arctic-Text2SQL-R1-7B,1,1,"What is the average, minimum, and maximum age for all French singers?",69,ea,spider_5,results/raw/Arctic-Text2SQL-R1-7B_spider_ea_20260326_161739.jsonl
True,spider,[true],concert_singer,data/spider/database/concert_singer/concert_singer.sqlite,,False,,True,,"SELECT AVG(Age), MIN(Age), MAX(Age) FROM singer WHERE Country = 'France'",True,,"SELECT avg(age) ,  min(age) ,  max(age) FROM singer WHERE country  =  'France'",78,True,Arctic-Text2SQL-R1-7B,1,1,"What is the average, minimum, and maximum age of all singers from France?",73,ea,spider_4,results/raw/Arctic-Text2SQL-R1-7B_spider_ea_20260326_161739.jsonl
True,spider,[true],concert_singer,data/spider/database/concert_singer/concert_singer.sqlite,,False,,True,,"SELECT Name, Country, Age FROM singer ORDER BY Age DESC",True,,"SELECT name ,  country ,  age FROM singer ORDER BY age DESC",59,True,Arctic-Text2SQL-R1-7B,1,1,"Show name, country, age for all singers ordered by age from the oldest to the youngest.",87,ea,spider_2,results/raw/Arctic-Text2SQL-R1-7B_spider_ea_20260326_161739.jsonl
True,spider,[true],concert_singer,data/spider/database/concert_singer/concert_singer.sqlite,,False,,True,,"SELECT Location, Name FROM stadium WHERE Capacity BETWEEN 5000 AND 10000",True,,"SELECT LOCATION ,  name FROM stadium WHERE capacity BETWEEN 5000 AND 10000",74,True,Arctic-Text2SQL-R1-7B,1,1,What are the locations and names of all stations with capacity between 5000 and 10000?,86,ea,spider_15,results/raw/Arctic-Text2SQL-R1-7B_spider_ea_20260326_161739.jsonl
True,spider,[true],concert_singer,data/spider/database/concert_singer/concert_singer.sqlite,,False,,True,,"SELECT Location, Name FROM stadium WHERE Capacity BETWEEN 5000 AND 10000",True,,"SELECT LOCATION ,  name FROM stadium WHERE capacity BETWEEN 5000 AND 10000",74,True,Arctic-Text2SQL-R1-7B,1,1,Show location and name for all stadiums with a capacity between 5000 and 10000.,79,ea,spider_14,results/raw/Arctic-Text2SQL-R1-7B_spider_ea_20260326_161739.jsonl
True,spider,[true],concert_singer,data/spider/database/concert_singer/concert_singer.sqlite,,False,,True,,"SELECT Song_Name, Song_release_year FROM singer WHERE Age = (SELECT MIN(Age) FROM singer)",True,,"SELECT song_name ,  song_release_year FROM singer ORDER BY age LIMIT 1",70,True,Arctic-Text2SQL-R1-7B,1,1,What are the names and release years for all the songs of the youngest singer?,78,ea,spider_7,results/raw/Arctic-Text2SQL-R1-7B_spider_ea_20260326_161739.jsonl
True,spider,[true],concert_singer,data/spider/database/concert_singer/concert_singer.sqlite,,False,,True,,"SELECT Song_Name, Song_release_year FROM singer ORDER BY Age ASC LIMIT 1",True,,"SELECT song_name ,  song_release_year FROM singer ORDER BY age LIMIT 1",70,True,Arctic-Text2SQL-R1-7B,1,1,Show the name and the release year of the song by the youngest singer.,70,ea,spider_6,results/raw/Arctic-Text2SQL-R1-7B_spider_ea_20260326_161739.jsonl
True,spider,[true],concert_singer,data/spider/database/concert_singer/concert_singer.sqlite,,False,,True,,"SELECT Name, Capacity FROM stadium ORDER BY Average DESC LIMIT 1",True,,"SELECT name ,  capacity FROM stadium ORDER BY average DESC LIMIT 1",66,True,Arctic-Text2SQL-R1-7B,1,1,What is the name and capacity for the stadium with highest average attendance?,78,ea,spider_18,results/raw/Arctic-Text2SQL-R1-7B_spider_ea_20260326_161739.jsonl
True,spider,[true],concert_singer,data/spider/database/concert_singer/concert_singer.sqlite,,False,,True,,"SELECT COUNT(*) FROM concert WHERE Year IN ('2014', '2015')",True,,SELECT count(*) FROM concert WHERE YEAR  =  2014 OR YEAR  =  2015,65,True,Arctic-Text2SQL-R1-7B,1,1,How many concerts are there in year 2014 or 2015?,49,ea,spider_20,results/raw/Arctic-Text2SQL-R1-7B_spider_ea_20260326_161739.jsonl
True,spider,[true],concert_singer,data/spider/database/concert_singer/concert_singer.sqlite,,False,,True,,SELECT DISTINCT Country FROM singer WHERE Age > 20,True,,SELECT DISTINCT country FROM singer WHERE age  >  20,52,True,Arctic-Text2SQL-R1-7B,1,1,What are all distinct countries where singers above age 20 are from?,68,ea,spider_8,results/raw/Arctic-Text2SQL-R1-7B_spider_ea_20260326_161739.jsonl
True,spider,[true],concert_singer,data/spider/database/concert_singer/concert_singer.sqlite,,False,,True,,SELECT COUNT(*) FROM singer,True,,SELECT count(*) FROM singer,27,True,Arctic-Text2SQL-R1-7B,1,1,What is the total number of singers?,36,ea,spider_1,results/raw/Arctic-Text2SQL-R1-7B_spider_ea_20260326_161739.jsonl
True,spider,[true],concert_singer,data/spider/database/concert_singer/concert_singer.sqlite,,False,,True,,"SELECT T2.Name, COUNT(*) AS Number_of_Concerts FROM concert AS T1 INNER JOIN stadium AS T2 ON T1.Stadium_ID = T2.Stadium_ID GROUP BY T2.Name",True,,"SELECT T2.name ,  count(*) FROM concert AS T1 JOIN stadium AS T2 ON T1.stadium_id  =  T2.stadium_id GROUP BY T1.stadium_id",122,True,Arctic-Text2SQL-R1-7B,1,1,Show the stadium name and the number of concerts in each stadium.,65,ea,spider_22,results/raw/Arctic-Text2SQL-R1-7B_spider_ea_20260326_161739.jsonl
True,spider,[true],concert_singer,data/spider/database/concert_singer/concert_singer.sqlite,,False,,True,,"SELECT T1.Name, COUNT(T2.concert_ID) AS num_concerts FROM stadium AS T1 JOIN concert AS T2 ON T1.Stadium_ID = T2.Stadium_ID GROUP BY T1.Name",True,,"SELECT T2.name ,  count(*) FROM concert AS T1 JOIN stadium AS T2 ON T1.stadium_id  =  T2.stadium_id GROUP BY T1.stadium_id",122,True,Arctic-Text2SQL-R1-7B,1,1,"For each stadium, how many concerts play there?",47,ea,spider_23,results/raw/Arctic-Text2SQL-R1-7B_spider_ea_20260326_161739.jsonl
True,spider,[true],concert_singer,data/spider/database/concert_singer/concert_singer.sqlite,,False,,True,,"SELECT T2.Name, T2.Capacity FROM concert AS T1 INNER JOIN stadium AS T2 ON T1.Stadium_ID = T2.Stadium_ID WHERE T1.Year >= '2014' GROUP BY T2.Stadium_ID ORDER BY COUNT(*) DESC LIMIT 1",True,,"SELECT T2.name ,  T2.capacity FROM concert AS T1 JOIN stadium AS T2 ON T1.stadium_id  =  T2.stadium_id WHERE T1.year  >=  2014 GROUP BY T2.stadium_id ORDER BY count(*) DESC LIMIT 1",180,True,Arctic-Text2SQL-R1-7B,1,1,Show the stadium name and capacity with most number of concerts in year 2014 or after.,86,ea,spider_24,results/raw/Arctic-Text2SQL-R1-7B_spider_ea_20260326_161739.jsonl
True,spider,[true],concert_singer,data/spider/database/concert_singer/concert_singer.sqlite,,False,,True,,SELECT DISTINCT Country FROM singer WHERE Age > 20,True,,SELECT DISTINCT country FROM singer WHERE age  >  20,52,True,Arctic-Text2SQL-R1-7B,1,1,What are  the different countries with singers above age 20?,60,ea,spider_9,results/raw/Arctic-Text2SQL-R1-7B_spider_ea_20260326_161739.jsonl
True,spider,[true],concert_singer,data/spider/database/concert_singer/concert_singer.sqlite,,False,,True,,SELECT COUNT(*) FROM singer,True,,SELECT count(*) FROM singer,27,True,Arctic-Text2SQL-R1-7B,1,1,How many singers do we have?,28,ea,spider_0,results/raw/Arctic-Text2SQL-R1-7B_spider_ea_20260326_161739.jsonl
False,spider,[false],concert_singer,data/spider/database/concert_singer/concert_singer.sqlite,,False,,False,no such column: Stadia_ID,SELECT Name FROM stadium WHERE Stadium_ID NOT IN (SELECT Stadia_ID FROM concert),False,,SELECT name FROM stadium WHERE stadium_id NOT IN (SELECT stadium_id FROM concert),81,True,Arctic-Text2SQL-R1-7B,1,1,Show the stadium names without any concert.,43,ea,spider_28,results/raw/Arctic-Text2SQL-R1-7B_spider_ea_20260326_161739.jsonl
True,spider,[true],concert_singer,data/spider/database/concert_singer/concert_singer.sqlite,,False,,True,,"SELECT T2.Name, T2.Capacity FROM concert AS T1 INNER JOIN stadium AS T2 ON T1.Stadium_ID = T2.Stadium_ID WHERE T1.Year > 2013 GROUP BY T2.Stadium_ID ORDER BY COUNT(*) DESC LIMIT 1",True,,"select t2.name ,  t2.capacity from concert as t1 join stadium as t2 on t1.stadium_id  =  t2.stadium_id where t1.year  >  2013 group by t2.stadium_id order by count(*) desc limit 1",179,True,Arctic-Text2SQL-R1-7B,1,1,What is the name and capacity of the stadium with the most concerts after 2013 ?,80,ea,spider_25,results/raw/Arctic-Text2SQL-R1-7B_spider_ea_20260326_161739.jsonl
True,spider,[true],concert_singer,data/spider/database/concert_singer/concert_singer.sqlite,,False,,True,,SELECT Year FROM concert GROUP BY Year ORDER BY COUNT(*) DESC LIMIT 1,True,,SELECT YEAR FROM concert GROUP BY YEAR ORDER BY count(*) DESC LIMIT 1,69,True,Arctic-Text2SQL-R1-7B,1,1,Which year has most number of concerts?,39,ea,spider_26,results/raw/Arctic-Text2SQL-R1-7B_spider_ea_20260326_161739.jsonl
True,spider,[true],concert_singer,data/spider/database/concert_singer/concert_singer.sqlite,,False,,True,,"SELECT Country, COUNT(*) FROM singer GROUP BY Country",True,,"SELECT country ,  count(*) FROM singer GROUP BY country",55,True,Arctic-Text2SQL-R1-7B,1,1,How many singers are from each country?,39,ea,spider_11,results/raw/Arctic-Text2SQL-R1-7B_spider_ea_20260326_161739.jsonl
True,spider,[true],concert_singer,data/spider/database/concert_singer/concert_singer.sqlite,,False,,True,,"SELECT Country, COUNT(*) FROM singer GROUP BY Country",True,,"SELECT country ,  count(*) FROM singer GROUP BY country",55,True,Arctic-Text2SQL-R1-7B,1,1,Show all countries and the number of singers in each country.,61,ea,spider_10,results/raw/Arctic-Text2SQL-R1-7B_spider_ea_20260326_161739.jsonl
True,spider,[true],concert_singer,data/spider/database/concert_singer/concert_singer.sqlite,,False,,True,,SELECT Year FROM concert GROUP BY Year ORDER BY COUNT(*) DESC LIMIT 1,True,,SELECT YEAR FROM concert GROUP BY YEAR ORDER BY count(*) DESC LIMIT 1,69,True,Arctic-Text2SQL-R1-7B,1,1,What is the year that had the most concerts?,44,ea,spider_27,results/raw/Arctic-Text2SQL-R1-7B_spider_ea_20260326_161739.jsonl
True,spider,[true],concert_singer,data/spider/database/concert_singer/concert_singer.sqlite,,False,,True,,SELECT DISTINCT Song_Name FROM singer WHERE Age > (SELECT AVG(Age) FROM singer),True,,SELECT song_name FROM singer WHERE age  >  (SELECT avg(age) FROM singer),72,True,Arctic-Text2SQL-R1-7B,1,1,List all song names by singers above the average age.,53,ea,spider_12,results/raw/Arctic-Text2SQL-R1-7B_spider_ea_20260326_161739.jsonl
True,spider,[true],concert_singer,data/spider/database/concert_singer/concert_singer.sqlite,,False,,True,,SELECT DISTINCT T1.Country FROM singer AS T1 WHERE T1.Age > 40 INTERSECT SELECT DISTINCT T2.Country FROM singer AS T2 WHERE T2.Age < 30,True,,SELECT country FROM singer WHERE age  >  40 INTERSECT SELECT country FROM singer WHERE age  <  30,97,True,Arctic-Text2SQL-R1-7B,1,1,Show countries where a singer above age 40 and a singer below 30 are from.,74,ea,spider_30,results/raw/Arctic-Text2SQL-R1-7B_spider_ea_20260326_161739.jsonl
True,spider,[true],concert_singer,data/spider/database/concert_singer/concert_singer.sqlite,,False,,True,,"SELECT c.concert_Name, c.Theme, COUNT(*) as num_singers FROM concert AS c JOIN singer_in_concert AS sic ON c.concert_ID = sic.concert_ID GROUP BY c.concert_ID",True,,"SELECT T2.concert_name ,  T2.theme ,  count(*) FROM singer_in_concert AS T1 JOIN concert AS T2 ON T1.concert_id  =  T2.concert_id GROUP BY T2.concert_id",152,True,Arctic-Text2SQL-R1-7B,1,1,Show the name and theme for all concerts and the number of singers in each concert.,83,ea,spider_33,results/raw/Arctic-Text2SQL-R1-7B_spider_ea_20260326_161739.jsonl
True,spider,[true],concert_singer,data/spider/database/concert_singer/concert_singer.sqlite,,False,,True,,SELECT DISTINCT T1.Name FROM stadium AS T1 WHERE T1.Stadium_ID NOT IN (SELECT T2.Stadium_ID FROM concert AS T2 WHERE T2.Year = '2014'),True,,SELECT name FROM stadium EXCEPT SELECT T2.name FROM concert AS T1 JOIN stadium AS T2 ON T1.stadium_id  =  T2.stadium_id WHERE T1.year  =  2014,142,True,Arctic-Text2SQL-R1-7B,1,1,Show names for all stadiums except for stadiums having a concert in year 2014.,78,ea,spider_31,results/raw/Arctic-Text2SQL-R1-7B_spider_ea_20260326_161739.jsonl
True,spider,[true],concert_singer,data/spider/database/concert_singer/concert_singer.sqlite,,False,,True,,"SELECT s.Name, COUNT(*) as num_concerts FROM singer AS s JOIN singer_in_concert AS sic ON s.Singer_ID = sic.Singer_ID GROUP BY s.Name",True,,"SELECT T2.name ,  count(*) FROM singer_in_concert AS T1 JOIN singer AS T2 ON T1.singer_id  =  T2.singer_id GROUP BY T2.singer_id",128,True,Arctic-Text2SQL-R1-7B,1,1,List singer names and number of concerts for each singer.,57,ea,spider_35,results/raw/Arctic-Text2SQL-R1-7B_spider_ea_20260326_161739.jsonl
True,spider,[true],concert_singer,data/spider/database/concert_singer/concert_singer.sqlite,,False,,True,,"SELECT T1.Name, COUNT(T2.concert_ID) AS num_concerts FROM singer AS T1 JOIN singer_in_concert AS T2 ON T1.Singer_ID = T2.Singer_ID GROUP BY T1.Name",True,,"SELECT T2.name ,  count(*) FROM singer_in_concert AS T1 JOIN singer AS T2 ON T1.singer_id  =  T2.singer_id GROUP BY T2.singer_id",128,True,Arctic-Text2SQL-R1-7B,1,1,What are the names of the singers and number of concerts for each person?,73,ea,spider_36,results/raw/Arctic-Text2SQL-R1-7B_spider_ea_20260326_161739.jsonl
False,spider,[false],concert_singer,data/spider/database/concert_singer/concert_singer.sqlite,,False,,False,,SELECT DISTINCT T2.Name FROM concert AS T1 INNER JOIN singer_in_concert AS T3 ON T1.concert_ID = T3.concert_ID INNER JOIN singer AS T2 ON T3.Singer_ID = T2.Singer_ID WHERE T1.Year = '2014',True,,SELECT T2.name FROM singer_in_concert AS T1 JOIN singer AS T2 ON T1.singer_id  =  T2.singer_id JOIN concert AS T3 ON T1.concert_id  =  T3.concert_id WHERE T3.year  =  2014,171,True,Arctic-Text2SQL-R1-7B,1,1,List all singer names in concerts in year 2014.,47,ea,spider_37,results/raw/Arctic-Text2SQL-R1-7B_spider_ea_20260326_161739.jsonl
False,spider,[false],concert_singer,data/spider/database/concert_singer/concert_singer.sqlite,,False,,False,"near ""."": syntax error",SELECT ...,False,,SELECT name FROM stadium EXCEPT SELECT T2.name FROM concert AS T1 JOIN stadium AS T2 ON T1.stadium_id  =  T2.stadium_id WHERE T1.year  =  2014,142,True,Arctic-Text2SQL-R1-7B,1,1,What are the names of all stadiums that did not have a concert in 2014?,71,ea,spider_32,results/raw/Arctic-Text2SQL-R1-7B_spider_ea_20260326_161739.jsonl
False,spider,[false],concert_singer,data/spider/database/concert_singer/concert_singer.sqlite,,False,,False,,SELECT DISTINCT T2.Name FROM concert AS T1 INNER JOIN singer_in_concert AS T3 ON T1.concert_ID = T3.concert_ID INNER JOIN singer AS T2 ON T3.Singer_ID = T2.Singer_ID WHERE T1.Year = '2014',True,,SELECT T2.name FROM singer_in_concert AS T1 JOIN singer AS T2 ON T1.singer_id  =  T2.singer_id JOIN concert AS T3 ON T1.concert_id  =  T3.concert_id WHERE T3.year  =  2014,171,True,Arctic-Text2SQL-R1-7B,1,1,What are the names of the singers who performed in a concert in 2014?,69,ea,spider_38,results/raw/Arctic-Text2SQL-R1-7B_spider_ea_20260326_161739.jsonl
True,spider,[true],concert_singer,data/spider/database/concert_singer/concert_singer.sqlite,,False,,True,,"SELECT c.concert_Name, c.Theme, COUNT(*) as num_singers FROM concert AS c JOIN singer_in_concert AS sic ON c.concert_ID = sic.concert_ID GROUP BY c.concert_ID",True,,"select t2.concert_name ,  t2.theme ,  count(*) from singer_in_concert as t1 join concert as t2 on t1.concert_id  =  t2.concert_id group by t2.concert_id",152,True,Arctic-Text2SQL-R1-7B,1,1,"What are the names , themes , and number of singers for every concert ?",71,ea,spider_34,results/raw/Arctic-Text2SQL-R1-7B_spider_ea_20260326_161739.jsonl
True,spider,[true],concert_singer,data/spider/database/concert_singer/concert_singer.sqlite,,False,,True,,"SELECT Name, Country FROM singer WHERE Song_Name LIKE '%Hey%'",True,,"SELECT name ,  country FROM singer WHERE song_name LIKE '%Hey%'",63,True,Arctic-Text2SQL-R1-7B,1,1,What is the name and country of origin of every singer who has a song with the word 'Hey' in its title?,103,ea,spider_40,results/raw/Arctic-Text2SQL-R1-7B_spider_ea_20260326_161739.jsonl
True,spider,[true],concert_singer,data/spider/database/concert_singer/concert_singer.sqlite,,False,,True,,"SELECT Name, Country FROM singer WHERE Song_Name LIKE '%Hey%'",True,,"SELECT name ,  country FROM singer WHERE song_name LIKE '%Hey%'",63,True,Arctic-Text2SQL-R1-7B,1,1,what is the name and nation of the singer who have a song having 'Hey' in its name?,83,ea,spider_39,results/raw/Arctic-Text2SQL-R1-7B_spider_ea_20260326_161739.jsonl
True,spider,[true],concert_singer,data/spider/database/concert_singer/concert_singer.sqlite,,False,,True,,SELECT DISTINCT T1.Song_Name FROM singer AS T1 WHERE T1.Age > (SELECT AVG(Age) FROM singer),True,,SELECT song_name FROM singer WHERE age  >  (SELECT avg(age) FROM singer),72,True,Arctic-Text2SQL-R1-7B,1,1,What are all the song names by singers who are older than average?,66,ea,spider_13,results/raw/Arctic-Text2SQL-R1-7B_spider_ea_20260326_161739.jsonl
True,spider,[true],concert_singer,data/spider/database/concert_singer/concert_singer.sqlite,,False,,True,,"SELECT DISTINCT T1.Name, T1.Location FROM stadium AS T1 INNER JOIN concert AS T2 ON T1.Stadium_ID = T2.Stadium_ID WHERE T2.Year IN ('2014', '2015') GROUP BY T1.Stadium_ID HAVING COUNT(DISTINCT T2.Year) > 1",True,,"SELECT T2.name ,  T2.location FROM concert AS T1 JOIN stadium AS T2 ON T1.stadium_id  =  T2.stadium_id WHERE T1.Year  =  2014 INTERSECT SELECT T2.name ,  T2.location FROM concert AS T1 JOIN stadium AS T2 ON T1.stadium_id  =  T2.stadium_id WHERE T1.Year  =  2015",261,True,Arctic-Text2SQL-R1-7B,1,1,Find the name and location of the stadiums which some concerts happened in the years of both 2014 and 2015.,107,ea,spider_41,results/raw/Arctic-Text2SQL-R1-7B_spider_ea_20260326_161739.jsonl
False,spider,[false],concert_singer,data/spider/database/concert_singer/concert_singer.sqlite,,False,,False,,"SELECT MAX(Capacity), AVG(Capacity) FROM stadium",True,,"select max(capacity), average from stadium",42,True,Arctic-Text2SQL-R1-7B,1,1,What is the maximum capacity and the average of all stadiums ?,62,ea,spider_16,results/raw/Arctic-Text2SQL-R1-7B_spider_ea_20260326_161739.jsonl
True,spider,[true],concert_singer,data/spider/database/concert_singer/concert_singer.sqlite,,False,,True,,"SELECT Name, Capacity FROM stadium ORDER BY Average DESC LIMIT 1",True,,"SELECT name ,  capacity FROM stadium ORDER BY average DESC LIMIT 1",66,True,Arctic-Text2SQL-R1-7B,1,1,What is the name and capacity for the stadium with the highest average attendance?,82,ea,spider_19,results/raw/Arctic-Text2SQL-R1-7B_spider_ea_20260326_161739.jsonl
True,spider,[true],concert_singer,data/spider/database/concert_singer/concert_singer.sqlite,,False,,True,,"SELECT AVG(Capacity) AS Average_Capacity, MAX(Capacity) AS Maximum_Capacity FROM stadium",True,,"select avg(capacity) ,  max(capacity) from stadium",50,True,Arctic-Text2SQL-R1-7B,1,1,What is the average and maximum capacities for all stadiums ?,61,ea,spider_17,results/raw/Arctic-Text2SQL-R1-7B_spider_ea_20260326_161739.jsonl
True,spider,[true],concert_singer,data/spider/database/concert_singer/concert_singer.sqlite,,False,,True,,"SELECT COUNT(*) FROM concert WHERE Year IN ('2014', '2015')",True,,SELECT count(*) FROM concert WHERE YEAR  =  2014 OR YEAR  =  2015,65,True,Arctic-Text2SQL-R1-7B,1,1,How many concerts occurred in 2014 or 2015?,43,ea,spider_21,results/raw/Arctic-Text2SQL-R1-7B_spider_ea_20260326_161739.jsonl
False,spider,[false],concert_singer,data/spider/database/concert_singer/concert_singer.sqlite,,False,,False,no such column: Stadia_ID,SELECT Name FROM stadium WHERE Stadium_ID NOT IN (SELECT Stadia_ID FROM concert),False,,SELECT name FROM stadium WHERE stadium_id NOT IN (SELECT stadium_id FROM concert),81,True,Arctic-Text2SQL-R1-7B,1,1,What are the names of the stadiums without any concerts?,56,ea,spider_29,results/raw/Arctic-Text2SQL-R1-7B_spider_ea_20260326_161739.jsonl
True,spider,[true],concert_singer,data/spider/database/concert_singer/concert_singer.sqlite,,False,,True,,SELECT COUNT(*) FROM concert WHERE Stadium_ID = (SELECT Stadium_ID FROM stadium ORDER BY Capacity DESC LIMIT 1),True,,select count(*) from concert where stadium_id = (select stadium_id from stadium order by capacity desc limit 1),111,True,Arctic-Text2SQL-R1-7B,1,1,What are the number of concerts that occurred in the stadium with the largest capacity ?,88,ea,spider_44,results/raw/Arctic-Text2SQL-R1-7B_spider_ea_20260326_161739.jsonl
True,spider,[true],concert_singer,data/spider/database/concert_singer/concert_singer.sqlite,,False,,True,,"SELECT DISTINCT T1.Name, T1.Location FROM stadium AS T1 INNER JOIN concert AS T2 ON T1.Stadium_ID = T2.Stadium_ID WHERE T2.Year IN ('2014', '2015') GROUP BY T1.Stadium_ID HAVING COUNT(DISTINCT T2.Year) > 1",True,,"SELECT T2.name ,  T2.location FROM concert AS T1 JOIN stadium AS T2 ON T1.stadium_id  =  T2.stadium_id WHERE T1.Year  =  2014 INTERSECT SELECT T2.name ,  T2.location FROM concert AS T1 JOIN stadium AS T2 ON T1.stadium_id  =  T2.stadium_id WHERE T1.Year  =  2015",261,True,Arctic-Text2SQL-R1-7B,1,1,What are the names and locations of the stadiums that had concerts that occurred in both 2014 and 2015?,103,ea,spider_42,results/raw/Arctic-Text2SQL-R1-7B_spider_ea_20260326_161739.jsonl
True,spider,[true],concert_singer,data/spider/database/concert_singer/concert_singer.sqlite,,False,,True,,SELECT COUNT(*) FROM concert AS T1 JOIN stadium AS T2 ON T1.Stadium_ID = T2.Stadium_ID WHERE T2.Capacity = (SELECT MAX(Capacity) FROM stadium),True,,select count(*) from concert where stadium_id = (select stadium_id from stadium order by capacity desc limit 1),111,True,Arctic-Text2SQL-R1-7B,1,1,Find the number of concerts happened in the stadium with the highest capacity .,79,ea,spider_43,results/raw/Arctic-Text2SQL-R1-7B_spider_ea_20260326_161739.jsonl
True,spider,[true],pets_1,data/spider/database/pets_1/pets_1.sqlite,,False,,True,,SELECT COUNT(*) FROM Pets WHERE weight > 10,True,,SELECT count(*) FROM pets WHERE weight  >  10,45,True,Arctic-Text2SQL-R1-7B,1,1,Find the number of pets whose weight is heavier than 10.,56,ea,spider_45,results/raw/Arctic-Text2SQL-R1-7B_spider_ea_20260326_161739.jsonl
True,spider,[true],pets_1,data/spider/database/pets_1/pets_1.sqlite,,False,,True,,SELECT COUNT(*) FROM Pets WHERE weight > 10,True,,SELECT count(*) FROM pets WHERE weight  >  10,45,True,Arctic-Text2SQL-R1-7B,1,1,How many pets have a greater weight than 10?,44,ea,spider_46,results/raw/Arctic-Text2SQL-R1-7B_spider_ea_20260326_161739.jsonl
False,spider,[false],pets_1,data/spider/database/pets_1/pets_1.sqlite,,False,,False,,SELECT MIN(weight) FROM Pets WHERE PetType = 'Dog',True,,SELECT weight FROM pets ORDER BY pet_age LIMIT 1,48,True,Arctic-Text2SQL-R1-7B,1,1,How much does the youngest dog weigh?,37,ea,spider_48,results/raw/Arctic-Text2SQL-R1-7B_spider_ea_20260326_161739.jsonl
False,spider,[false],pets_1,data/spider/database/pets_1/pets_1.sqlite,,False,,False,,"SELECT PetType, MAX(weight) AS Max_Weight FROM Pets GROUP BY PetType",True,,"SELECT max(weight) ,  petType FROM pets GROUP BY petType",56,True,Arctic-Text2SQL-R1-7B,1,1,Find the maximum weight for each type of pet. List the maximum weight and pet type.,83,ea,spider_49,results/raw/Arctic-Text2SQL-R1-7B_spider_ea_20260326_161739.jsonl
False,spider,[false],pets_1,data/spider/database/pets_1/pets_1.sqlite,,False,,False,,SELECT weight FROM Pets WHERE PetType = 'Dog' ORDER BY pet_age ASC LIMIT 1,True,,SELECT weight FROM pets ORDER BY pet_age LIMIT 1,48,True,Arctic-Text2SQL-R1-7B,1,1,Find the weight of the youngest dog.,36,ea,spider_47,results/raw/Arctic-Text2SQL-R1-7B_spider_ea_20260326_161739.jsonl
False,spider,[false],pets_1,data/spider/database/pets_1/pets_1.sqlite,,False,,False,,"SELECT PetType, MAX(weight) FROM Pets GROUP BY PetType",True,,"SELECT max(weight) ,  petType FROM pets GROUP BY petType",56,True,Arctic-Text2SQL-R1-7B,1,1,List the maximum weight and type for each type of pet.,54,ea,spider_50,results/raw/Arctic-Text2SQL-R1-7B_spider_ea_20260326_161739.jsonl
True,spider,[true],pets_1,data/spider/database/pets_1/pets_1.sqlite,,False,,True,,SELECT COUNT(DISTINCT PetType) FROM Pets,True,,SELECT count(DISTINCT pettype) FROM pets,40,True,Arctic-Text2SQL-R1-7B,1,1,Find the number of distinct type of pets.,41,ea,spider_55,results/raw/Arctic-Text2SQL-R1-7B_spider_ea_20260326_161739.jsonl
True,spider,[true],pets_1,data/spider/database/pets_1/pets_1.sqlite,,False,,True,,SELECT COUNT(*) FROM Has_Pet WHERE StuID IN (SELECT StuID FROM Student WHERE Age > 20),True,,SELECT count(*) FROM student AS T1 JOIN has_pet AS T2 ON T1.stuid  =  T2.stuid WHERE T1.age  >  20,98,True,Arctic-Text2SQL-R1-7B,1,1,Find number of pets owned by students who are older than 20.,60,ea,spider_51,results/raw/Arctic-Text2SQL-R1-7B_spider_ea_20260326_161739.jsonl
True,spider,[true],pets_1,data/spider/database/pets_1/pets_1.sqlite,,False,,True,,SELECT COUNT(*) FROM Has_Pet WHERE StuID IN (SELECT StuID FROM Student WHERE Age > 20),True,,SELECT count(*) FROM student AS T1 JOIN has_pet AS T2 ON T1.stuid  =  T2.stuid WHERE T1.age  >  20,98,True,Arctic-Text2SQL-R1-7B,1,1,How many pets are owned by students that have an age greater than 20?,69,ea,spider_52,results/raw/Arctic-Text2SQL-R1-7B_spider_ea_20260326_161739.jsonl
False,spider,[false],pets_1,data/spider/database/pets_1/pets_1.sqlite,,False,,False,,SELECT COUNT(*) FROM Has_Pet AS HP INNER JOIN Pets AS P ON HP.PetID = P.PetID INNER JOIN Student AS S ON HP.StuID = S.StuID WHERE S.Sex = 'F' AND P.PetType = 'Dog',True,,SELECT count(*) FROM student AS T1 JOIN has_pet AS T2 ON T1.stuid  =  T2.stuid JOIN pets AS T3 ON T2.petid  =  T3.petid WHERE T1.sex  =  'F' AND T3.pettype  =  'dog',165,True,Arctic-Text2SQL-R1-7B,1,1,Find the number of dog pets that are raised by female students (with sex F).,76,ea,spider_53,results/raw/Arctic-Text2SQL-R1-7B_spider_ea_20260326_161739.jsonl
False,spider,[false],pets_1,data/spider/database/pets_1/pets_1.sqlite,,False,,False,,"SELECT DISTINCT S.Fname FROM Student AS S INNER JOIN Has_Pet AS HP ON S.StuID = HP.StuID INNER JOIN Pets AS P ON HP.PetID = P.PetID WHERE P.PetType IN ('Cat', 'Dog')",True,,SELECT DISTINCT T1.Fname FROM student AS T1 JOIN has_pet AS T2 ON T1.stuid  =  T2.stuid JOIN pets AS T3 ON T3.petid  =  T2.petid WHERE T3.pettype  =  'cat' OR T3.pettype  =  'dog',179,True,Arctic-Text2SQL-R1-7B,1,1,Find the first name of students who have cat or dog pet.,56,ea,spider_57,results/raw/Arctic-Text2SQL-R1-7B_spider_ea_20260326_161739.jsonl
False,spider,[false],pets_1,data/spider/database/pets_1/pets_1.sqlite,,False,,False,,SELECT COUNT(*) FROM Has_Pet AS HP INNER JOIN Pets AS P ON HP.PetID = P.PetID INNER JOIN Student AS S ON HP.StuID = S.StuID WHERE S.Sex = 'F' AND P.PetType = 'Dog',True,,SELECT count(*) FROM student AS T1 JOIN has_pet AS T2 ON T1.stuid  =  T2.stuid JOIN pets AS T3 ON T2.petid  =  T3.petid WHERE T1.sex  =  'F' AND T3.pettype  =  'dog',165,True,Arctic-Text2SQL-R1-7B,1,1,How many dog pets are raised by female students?,48,ea,spider_54,results/raw/Arctic-Text2SQL-R1-7B_spider_ea_20260326_161739.jsonl
True,spider,[true],pets_1,data/spider/database/pets_1/pets_1.sqlite,,False,,True,,"SELECT DISTINCT S.Fname FROM Student AS S INNER JOIN Has_Pet AS HP ON S.StuID = HP.StuID INNER JOIN Pets AS P ON HP.PetID = P.PetID WHERE P.PetType IN ('Cat', 'Dog') GROUP BY S.StuID HAVING COUNT(DISTINCT P.PetType) = 2",True,,select t1.fname from student as t1 join has_pet as t2 on t1.stuid  =  t2.stuid join pets as t3 on t3.petid  =  t2.petid where t3.pettype  =  'cat' intersect select t1.fname from student as t1 join has_pet as t2 on t1.stuid  =  t2.stuid join pets as t3 on t3.petid  =  t2.petid where t3.pettype  =  'dog',303,True,Arctic-Text2SQL-R1-7B,1,1,Find the first name of students who have both cat and dog pets .,64,ea,spider_59,results/raw/Arctic-Text2SQL-R1-7B_spider_ea_20260326_161739.jsonl
True,spider,[true],pets_1,data/spider/database/pets_1/pets_1.sqlite,,False,,True,,"SELECT DISTINCT S.Fname FROM Student AS S INNER JOIN Has_Pet AS HP ON S.StuID = HP.StuID INNER JOIN Pets AS P ON HP.PetID = P.PetID WHERE P.PetType IN ('Cat', 'Dog') GROUP BY S.StuID HAVING COUNT(DISTINCT P.PetType) = 2",True,,SELECT T1.Fname FROM student AS T1 JOIN has_pet AS T2 ON T1.stuid  =  T2.stuid JOIN pets AS T3 ON T3.petid  =  T2.petid WHERE T3.pettype  =  'cat' INTERSECT SELECT T1.Fname FROM student AS T1 JOIN has_pet AS T2 ON T1.stuid  =  T2.stuid JOIN pets AS T3 ON T3.petid  =  T2.petid WHERE T3.pettype  =  'dog',303,True,Arctic-Text2SQL-R1-7B,1,1,What are the students' first names who have both cats and dogs as pets?,71,ea,spider_60,results/raw/Arctic-Text2SQL-R1-7B_spider_ea_20260326_161739.jsonl
False,spider,[false],pets_1,data/spider/database/pets_1/pets_1.sqlite,,False,,False,,"SELECT DISTINCT S.Major, S.Age FROM Student AS S WHERE NOT EXISTS (SELECT 1 FROM Has_Pet AS HP JOIN Pets AS P ON HP.PetID = P.PetID WHERE HP.StuID = S.StuID AND P.PetType = 'Cat')",True,,"SELECT major ,  age FROM student WHERE stuid NOT IN (SELECT T1.stuid FROM student AS T1 JOIN has_pet AS T2 ON T1.stuid  =  T2.stuid JOIN pets AS T3 ON T3.petid  =  T2.petid WHERE T3.pettype  =  'cat')",200,True,Arctic-Text2SQL-R1-7B,1,1,"What major is every student who does not own a cat as a pet, and also how old are they?",87,ea,spider_62,results/raw/Arctic-Text2SQL-R1-7B_spider_ea_20260326_161739.jsonl
False,spider,[false],pets_1,data/spider/database/pets_1/pets_1.sqlite,,False,,False,,"SELECT S.Fname, S.Age FROM Student AS S INNER JOIN Has_Pet AS HP ON S.StuID = HP.StuID WHERE HP.PetID IN (SELECT PetID FROM Pets WHERE PetType = 'Dog') AND S.StuID NOT IN (SELECT HP2.StuID FROM Has_Pet AS HP2 INNER JOIN Pets AS P ON HP2.PetID = P.PetID WHERE P.PetType = 'Cat')",True,,"SELECT T1.fname ,  T1.age FROM student AS T1 JOIN has_pet AS T2 ON T1.stuid  =  T2.stuid JOIN pets AS T3 ON T3.petid  =  T2.petid WHERE T3.pettype  =  'dog' AND T1.stuid NOT IN (SELECT T1.stuid FROM student AS T1 JOIN has_pet AS T2 ON T1.stuid  =  T2.stuid JOIN pets AS T3 ON T3.petid  =  T2.petid WHERE T3.pettype  =  'cat')",325,True,Arctic-Text2SQL-R1-7B,1,1,Find the first name and age of students who have a dog but do not have a cat as a pet.,86,ea,spider_65,results/raw/Arctic-Text2SQL-R1-7B_spider_ea_20260326_161739.jsonl
True,spider,[true],pets_1,data/spider/database/pets_1/pets_1.sqlite,,False,,True,,SELECT COUNT(DISTINCT PetType) FROM Pets,True,,SELECT count(DISTINCT pettype) FROM pets,40,True,Arctic-Text2SQL-R1-7B,1,1,How many different types of pet are there?,42,ea,spider_56,results/raw/Arctic-Text2SQL-R1-7B_spider_ea_20260326_161739.jsonl
False,spider,[false],pets_1,data/spider/database/pets_1/pets_1.sqlite,,False,,False,,SELECT StuID FROM Student WHERE StuID NOT IN (SELECT StuID FROM Has_Pet INNER JOIN Pets ON Has_Pet.PetID = Pets.PetID WHERE PetType = 'Cat'),True,,SELECT stuid FROM student EXCEPT SELECT T1.stuid FROM student AS T1 JOIN has_pet AS T2 ON T1.stuid  =  T2.stuid JOIN pets AS T3 ON T3.petid  =  T2.petid WHERE T3.pettype  =  'cat',179,True,Arctic-Text2SQL-R1-7B,1,1,What are the ids of the students who do not own cats as pets?,61,ea,spider_64,results/raw/Arctic-Text2SQL-R1-7B_spider_ea_20260326_161739.jsonl
False,spider,[false],pets_1,data/spider/database/pets_1/pets_1.sqlite,,False,,False,,SELECT DISTINCT S.Fname FROM Student AS S INNER JOIN Has_Pet AS HP ON S.StuID = HP.StuID INNER JOIN Pets AS P ON HP.PetID = P.PetID WHERE P.PetType = 'Dog' AND S.StuID NOT IN (SELECT HP2.StuID FROM Has_Pet AS HP2 INNER JOIN Pets AS P2 ON HP2.PetID = P2.PetID WHERE P2.PetType = 'Cat'),True,,"SELECT T1.fname ,  T1.age FROM student AS T1 JOIN has_pet AS T2 ON T1.stuid  =  T2.stuid JOIN pets AS T3 ON T3.petid  =  T2.petid WHERE T3.pettype  =  'dog' AND T1.stuid NOT IN (SELECT T1.stuid FROM student AS T1 JOIN has_pet AS T2 ON T1.stuid  =  T2.stuid JOIN pets AS T3 ON T3.petid  =  T2.petid WHERE T3.pettype  =  'cat')",325,True,Arctic-Text2SQL-R1-7B,1,1,What is the first name of every student who has a dog but does not have a cat?,78,ea,spider_66,results/raw/Arctic-Text2SQL-R1-7B_spider_ea_20260326_161739.jsonl
False,spider,[false],pets_1,data/spider/database/pets_1/pets_1.sqlite,,False,,False,,"SELECT DISTINCT S.Fname FROM Student AS S INNER JOIN Has_Pet AS HP ON S.StuID = HP.StuID INNER JOIN Pets AS P ON HP.PetID = P.PetID WHERE P.PetType IN ('Cat', 'Dog')",True,,SELECT DISTINCT T1.Fname FROM student AS T1 JOIN has_pet AS T2 ON T1.stuid  =  T2.stuid JOIN pets AS T3 ON T3.petid  =  T2.petid WHERE T3.pettype  =  'cat' OR T3.pettype  =  'dog',179,True,Arctic-Text2SQL-R1-7B,1,1,What are the first names of every student who has a cat or dog as a pet?,72,ea,spider_58,results/raw/Arctic-Text2SQL-R1-7B_spider_ea_20260326_161739.jsonl
False,spider,[false],pets_1,data/spider/database/pets_1/pets_1.sqlite,,False,,False,,SELECT StuID FROM Student WHERE StuID NOT IN (SELECT StuID FROM Has_Pet INNER JOIN Pets ON Has_Pet.PetID = Pets.PetID WHERE PetType = 'Cat'),True,,SELECT stuid FROM student EXCEPT SELECT T1.stuid FROM student AS T1 JOIN has_pet AS T2 ON T1.stuid  =  T2.stuid JOIN pets AS T3 ON T3.petid  =  T2.petid WHERE T3.pettype  =  'cat',179,True,Arctic-Text2SQL-R1-7B,1,1,Find the id of students who do not have a cat pet.,50,ea,spider_63,results/raw/Arctic-Text2SQL-R1-7B_spider_ea_20260326_161739.jsonl
False,spider,[false],pets_1,data/spider/database/pets_1/pets_1.sqlite,,False,,False,,"SELECT Major, Age FROM Student WHERE StuID NOT IN (SELECT StuID FROM Has_Pet INNER JOIN Pets ON Has_Pet.PetID = Pets.PetID WHERE PetType = 'Cat')",True,,"SELECT major ,  age FROM student WHERE stuid NOT IN (SELECT T1.stuid FROM student AS T1 JOIN has_pet AS T2 ON T1.stuid  =  T2.stuid JOIN pets AS T3 ON T3.petid  =  T2.petid WHERE T3.pettype  =  'cat')",200,True,Arctic-Text2SQL-R1-7B,1,1,Find the major and age of students who do not have a cat pet.,61,ea,spider_61,results/raw/Arctic-Text2SQL-R1-7B_spider_ea_20260326_161739.jsonl
True,spider,[true],pets_1,data/spider/database/pets_1/pets_1.sqlite,,False,,True,,"SELECT PetID, weight FROM Pets WHERE pet_age > 1",True,,"SELECT petid ,  weight FROM pets WHERE pet_age  >  1",52,True,Arctic-Text2SQL-R1-7B,1,1,Find the id and weight of all pets whose age is older than 1.,61,ea,spider_69,results/raw/Arctic-Text2SQL-R1-7B_spider_ea_20260326_161739.jsonl
True,spider,[true],pets_1,data/spider/database/pets_1/pets_1.sqlite,,False,,True,,"SELECT PetType, weight FROM Pets ORDER BY pet_age ASC LIMIT 1",True,,"SELECT pettype ,  weight FROM pets ORDER BY pet_age LIMIT 1",59,True,Arctic-Text2SQL-R1-7B,1,1,Find the type and weight of the youngest pet.,45,ea,spider_67,results/raw/Arctic-Text2SQL-R1-7B_spider_ea_20260326_161739.jsonl
True,spider,[true],pets_1,data/spider/database/pets_1/pets_1.sqlite,,False,,True,,"SELECT PetType, weight FROM Pets ORDER BY pet_age ASC LIMIT 1",True,,"SELECT pettype ,  weight FROM pets ORDER BY pet_age LIMIT 1",59,True,Arctic-Text2SQL-R1-7B,1,1,"What type of pet is the youngest animal, and how much does it weigh?",68,ea,spider_68,results/raw/Arctic-Text2SQL-R1-7B_spider_ea_20260326_161739.jsonl
False,spider,[false],pets_1,data/spider/database/pets_1/pets_1.sqlite,,False,,False,,"SELECT PetType, AVG(pet_age) AS average_age, MAX(pet_age) AS max_age FROM Pets GROUP BY PetType",True,,"SELECT avg(pet_age) ,  max(pet_age) ,  pettype FROM pets GROUP BY pettype",73,True,Arctic-Text2SQL-R1-7B,1,1,What is the average and maximum age for each pet type?,54,ea,spider_72,results/raw/Arctic-Text2SQL-R1-7B_spider_ea_20260326_161739.jsonl
False,spider,[false],pets_1,data/spider/database/pets_1/pets_1.sqlite,,False,,False,,"SELECT PetType, AVG(weight) FROM Pets GROUP BY PetType",True,,"SELECT avg(weight) ,  pettype FROM pets GROUP BY pettype",56,True,Arctic-Text2SQL-R1-7B,1,1,Find the average weight for each pet type.,42,ea,spider_73,results/raw/Arctic-Text2SQL-R1-7B_spider_ea_20260326_161739.jsonl
False,spider,[false],pets_1,data/spider/database/pets_1/pets_1.sqlite,,False,,False,,"SELECT PetType, AVG(weight) FROM Pets GROUP BY PetType",True,,"SELECT avg(weight) ,  pettype FROM pets GROUP BY pettype",56,True,Arctic-Text2SQL-R1-7B,1,1,What is the average weight for each type of pet?,48,ea,spider_74,results/raw/Arctic-Text2SQL-R1-7B_spider_ea_20260326_161739.jsonl
False,spider,[false],pets_1,data/spider/database/pets_1/pets_1.sqlite,,False,,False,,"SELECT Student.Fname, Student.Age FROM Student INNER JOIN Has_Pet ON Student.StuID = Has_Pet.StuID",True,,"SELECT DISTINCT T1.fname ,  T1.age FROM student AS T1 JOIN has_pet AS T2 ON T1.stuid  =  T2.stuid",97,True,Arctic-Text2SQL-R1-7B,1,1,Find the first name and age of students who have a pet.,55,ea,spider_75,results/raw/Arctic-Text2SQL-R1-7B_spider_ea_20260326_161739.jsonl
True,spider,[true],pets_1,data/spider/database/pets_1/pets_1.sqlite,,False,,True,,"SELECT DISTINCT S.Fname, S.Age FROM Student AS S INNER JOIN Has_Pet AS HP ON S.StuID = HP.StuID",True,,"SELECT DISTINCT T1.fname ,  T1.age FROM student AS T1 JOIN has_pet AS T2 ON T1.stuid  =  T2.stuid",97,True,Arctic-Text2SQL-R1-7B,1,1,What are the different first names and ages of the students who do have pets?,77,ea,spider_76,results/raw/Arctic-Text2SQL-R1-7B_spider_ea_20260326_161739.jsonl
False,spider,[false],pets_1,data/spider/database/pets_1/pets_1.sqlite,,False,,False,,"SELECT StuID, COUNT(PetID) AS Number_of_Pets FROM Has_Pet GROUP BY StuID",True,,"SELECT count(*) ,  T1.stuid FROM student AS T1 JOIN has_pet AS T2 ON T1.stuid  =  T2.stuid GROUP BY T1.stuid",108,True,Arctic-Text2SQL-R1-7B,1,1,Find the number of pets for each student who has any pet and student id.,72,ea,spider_79,results/raw/Arctic-Text2SQL-R1-7B_spider_ea_20260326_161739.jsonl
False,spider,[false],pets_1,data/spider/database/pets_1/pets_1.sqlite,,False,,False,,"SELECT PetType, AVG(pet_age) AS average_age, MAX(pet_age) AS max_age FROM Pets GROUP BY PetType",True,,"SELECT avg(pet_age) ,  max(pet_age) ,  pettype FROM pets GROUP BY pettype",73,True,Arctic-Text2SQL-R1-7B,1,1,Find the average and maximum age for each type of pet.,54,ea,spider_71,results/raw/Arctic-Text2SQL-R1-7B_spider_ea_20260326_161739.jsonl
True,spider,[true],pets_1,data/spider/database/pets_1/pets_1.sqlite,,False,,True,,"SELECT S.Fname, S.Sex FROM Student AS S INNER JOIN Has_Pet AS HP ON S.StuID = HP.StuID GROUP BY S.StuID HAVING COUNT(HP.PetID) > 1",True,,"SELECT T1.fname ,  T1.sex FROM student AS T1 JOIN has_pet AS T2 ON T1.stuid  =  T2.stuid GROUP BY T1.stuid HAVING count(*)  >  1",128,True,Arctic-Text2SQL-R1-7B,1,1,Find the first name and gender of student who have more than one pet.,69,ea,spider_81,results/raw/Arctic-Text2SQL-R1-7B_spider_ea_20260326_161739.jsonl
False,spider,[false],pets_1,data/spider/database/pets_1/pets_1.sqlite,,False,,False,,"SELECT StuID, COUNT(PetID) AS pet_count FROM Has_Pet GROUP BY StuID",True,,"select count(*) ,  t1.stuid from student as t1 join has_pet as t2 on t1.stuid  =  t2.stuid group by t1.stuid",108,True,Arctic-Text2SQL-R1-7B,1,1,"For students who have pets , how many pets does each student have ? list their ids instead of names .",101,ea,spider_80,results/raw/Arctic-Text2SQL-R1-7B_spider_ea_20260326_161739.jsonl
True,spider,[true],pets_1,data/spider/database/pets_1/pets_1.sqlite,,False,,True,,SELECT PetID FROM Has_Pet WHERE StuID IN (SELECT StuID FROM Student WHERE LName = 'Smith') LIMIT 1,True,,SELECT T2.petid FROM student AS T1 JOIN has_pet AS T2 ON T1.stuid  =  T2.stuid WHERE T1.Lname  =  'Smith',105,True,Arctic-Text2SQL-R1-7B,1,1,What is the id of the pet owned by the student whose last name is 'Smith'?,74,ea,spider_78,results/raw/Arctic-Text2SQL-R1-7B_spider_ea_20260326_161739.jsonl
True,spider,[true],pets_1,data/spider/database/pets_1/pets_1.sqlite,,False,,True,,SELECT PetID FROM Has_Pet WHERE StuID IN (SELECT StuID FROM Student WHERE LName = 'Smith'),True,,SELECT T2.petid FROM student AS T1 JOIN has_pet AS T2 ON T1.stuid  =  T2.stuid WHERE T1.Lname  =  'Smith',105,True,Arctic-Text2SQL-R1-7B,1,1,Find the id of the pet owned by student whose last name is ‘Smith’.,67,ea,spider_77,results/raw/Arctic-Text2SQL-R1-7B_spider_ea_20260326_161739.jsonl
True,spider,[true],pets_1,data/spider/database/pets_1/pets_1.sqlite,,False,,True,,SELECT AVG(age) FROM Student WHERE StuID NOT IN (SELECT StuID FROM Has_Pet),True,,select avg(age) from student where stuid not in (select stuid from has_pet),75,True,Arctic-Text2SQL-R1-7B,1,1,What is the average age for all students who do not own any pets ?,66,ea,spider_86,results/raw/Arctic-Text2SQL-R1-7B_spider_ea_20260326_161739.jsonl
True,spider,[true],pets_1,data/spider/database/pets_1/pets_1.sqlite,,False,,True,,"SELECT PetID, weight FROM Pets WHERE pet_age > 1",True,,"SELECT petid ,  weight FROM pets WHERE pet_age  >  1",52,True,Arctic-Text2SQL-R1-7B,1,1,What is the id and weight of every pet who is older than 1?,59,ea,spider_70,results/raw/Arctic-Text2SQL-R1-7B_spider_ea_20260326_161739.jsonl
True,spider,[true],pets_1,data/spider/database/pets_1/pets_1.sqlite,,False,,True,,SELECT AVG(age) FROM student WHERE StuID NOT IN (SELECT StuID FROM Has_Pet),True,,select avg(age) from student where stuid not in (select stuid from has_pet),75,True,Arctic-Text2SQL-R1-7B,1,1,Find the average age of students who do not have any pet .,58,ea,spider_85,results/raw/Arctic-Text2SQL-R1-7B_spider_ea_20260326_161739.jsonl
True,spider,[true],pets_1,data/spider/database/pets_1/pets_1.sqlite,,False,,True,,"SELECT S.Fname, S.Sex FROM Student AS S INNER JOIN Has_Pet AS HP ON S.StuID = HP.StuID GROUP BY S.StuID HAVING COUNT(HP.PetID) > 1",True,,"SELECT T1.fname ,  T1.sex FROM student AS T1 JOIN has_pet AS T2 ON T1.stuid  =  T2.stuid GROUP BY T1.stuid HAVING count(*)  >  1",128,True,Arctic-Text2SQL-R1-7B,1,1,What is the first name and gender of the all the students who have more than one pet?,85,ea,spider_82,results/raw/Arctic-Text2SQL-R1-7B_spider_ea_20260326_161739.jsonl
False,spider,[false],pets_1,data/spider/database/pets_1/pets_1.sqlite,,False,,False,,SELECT S.LName FROM Student AS S INNER JOIN Has_Pet AS HP ON S.StuID = HP.StuID INNER JOIN Pets AS P ON HP.PetID = P.PetID WHERE P.PetType = 'Cat' AND P.pet_age = 3,True,,SELECT T1.lname FROM student AS T1 JOIN has_pet AS T2 ON T1.stuid  =  T2.stuid JOIN pets AS T3 ON T3.petid  =  T2.petid WHERE T3.pet_age  =  3 AND T3.pettype  =  'cat',167,True,Arctic-Text2SQL-R1-7B,1,1,Find the last name of the student who has a cat that is age 3.,62,ea,spider_83,results/raw/Arctic-Text2SQL-R1-7B_spider_ea_20260326_161739.jsonl
False,spider,[false],pets_1,data/spider/database/pets_1/pets_1.sqlite,,False,,False,,SELECT S.LName FROM Student AS S INNER JOIN Has_Pet AS HP ON S.StuID = HP.StuID INNER JOIN Pets AS P ON HP.PetID = P.PetID WHERE P.PetType = 'Cat' AND P.pet_age = 3,True,,SELECT T1.lname FROM student AS T1 JOIN has_pet AS T2 ON T1.stuid  =  T2.stuid JOIN pets AS T3 ON T3.petid  =  T2.petid WHERE T3.pet_age  =  3 AND T3.pettype  =  'cat',167,True,Arctic-Text2SQL-R1-7B,1,1,What is the last name of the student who has a cat that is 3 years old?,71,ea,spider_84,results/raw/Arctic-Text2SQL-R1-7B_spider_ea_20260326_161739.jsonl
True,spider,[true],car_1,data/spider/database/car_1/car_1.sqlite,,False,,True,,SELECT COUNT(*) FROM continents,True,,SELECT count(*) FROM CONTINENTS;,32,True,Arctic-Text2SQL-R1-7B,1,1,How many continents are there?,30,ea,spider_87,results/raw/Arctic-Text2SQL-R1-7B_spider_ea_20260326_161739.jsonl
True,spider,[true],car_1,data/spider/database/car_1/car_1.sqlite,,False,,True,,SELECT COUNT(*) FROM continents,True,,SELECT count(*) FROM CONTINENTS;,32,True,Arctic-Text2SQL-R1-7B,1,1,What is the number of continents?,33,ea,spider_88,results/raw/Arctic-Text2SQL-R1-7B_spider_ea_20260326_161739.jsonl
True,spider,[true],car_1,data/spider/database/car_1/car_1.sqlite,,False,,True,,SELECT COUNT(*) FROM countries,True,,SELECT count(*) FROM COUNTRIES;,31,True,Arctic-Text2SQL-R1-7B,1,1,How many countries are listed?,30,ea,spider_91,results/raw/Arctic-Text2SQL-R1-7B_spider_ea_20260326_161739.jsonl
True,spider,[true],car_1,data/spider/database/car_1/car_1.sqlite,,False,,True,,"SELECT c.Continent AS continent_id, co.Continent AS continent_name, COUNT(c.CountryId) AS num_countries FROM countries c JOIN continents co ON c.Continent = co.ContId GROUP BY c.Continent",True,,"SELECT T1.ContId ,  T1.Continent ,  count(*) FROM CONTINENTS AS T1 JOIN COUNTRIES AS T2 ON T1.ContId  =  T2.Continent GROUP BY T1.ContId;",137,True,Arctic-Text2SQL-R1-7B,1,1,"How many countries does each continent have? List the continent id, continent name and the number of countries.",111,ea,spider_89,results/raw/Arctic-Text2SQL-R1-7B_spider_ea_20260326_161739.jsonl
True,spider,[true],car_1,data/spider/database/car_1/car_1.sqlite,,False,,True,,SELECT COUNT(*) FROM countries,True,,SELECT count(*) FROM COUNTRIES;,31,True,Arctic-Text2SQL-R1-7B,1,1,How many countries exist?,25,ea,spider_92,results/raw/Arctic-Text2SQL-R1-7B_spider_ea_20260326_161739.jsonl
False,spider,[false],car_1,data/spider/database/car_1/car_1.sqlite,,False,,False,,"SELECT c.Continent AS id, co.CountryName AS name, COUNT(co.CountryId) AS country_count FROM continents c JOIN countries co ON c.ContId = co.Continent GROUP BY c.Continent, co.CountryName",True,,"SELECT T1.ContId ,  T1.Continent ,  count(*) FROM CONTINENTS AS T1 JOIN COUNTRIES AS T2 ON T1.ContId  =  T2.Continent GROUP BY T1.ContId;",137,True,Arctic-Text2SQL-R1-7B,1,1,"For each continent, list its id, name, and how many countries it has?",69,ea,spider_90,results/raw/Arctic-Text2SQL-R1-7B_spider_ea_20260326_161739.jsonl
False,spider,[false],car_1,data/spider/database/car_1/car_1.sqlite,,False,,False,,"SELECT cm.Id, cm.FullName, COUNT(ml.Model) AS ModelCount FROM car_makers cm JOIN model_list ml ON cm.Id = ml.Maker GROUP BY cm.Id, cm.FullName",True,,"SELECT T1.FullName ,  T1.Id ,  count(*) FROM CAR_MAKERS AS T1 JOIN MODEL_LIST AS T2 ON T1.Id  =  T2.Maker GROUP BY T1.Id;",121,True,Arctic-Text2SQL-R1-7B,1,1,"What is the full name of each car maker, along with its id and how many models it produces?",91,ea,spider_94,results/raw/Arctic-Text2SQL-R1-7B_spider_ea_20260326_161739.jsonl
True,spider,[true],car_1,data/spider/database/car_1/car_1.sqlite,,False,,True,,SELECT Model FROM car_names WHERE MakeId = (SELECT Id FROM cars_data ORDER BY Horsepower ASC LIMIT 1),True,,SELECT T1.Model FROM CAR_NAMES AS T1 JOIN CARS_DATA AS T2 ON T1.MakeId  =  T2.Id ORDER BY T2.horsepower ASC LIMIT 1;,116,True,Arctic-Text2SQL-R1-7B,1,1,What is the model of the car with the smallest amount of horsepower?,68,ea,spider_96,results/raw/Arctic-Text2SQL-R1-7B_spider_ea_20260326_161739.jsonl
False,spider,[false],car_1,data/spider/database/car_1/car_1.sqlite,,False,,False,,SELECT DISTINCT cm.Maker FROM car_makers AS cm INNER JOIN model_list AS ml ON cm.Id = ml.Maker INNER JOIN cars_data AS cd ON ml.Model = cd.Id WHERE cd.Year = 1970,True,,SELECT DISTINCT T1.Maker FROM CAR_MAKERS AS T1 JOIN MODEL_LIST AS T2 ON T1.Id  =  T2.Maker JOIN CAR_NAMES AS T3 ON T2.model  =  T3.model JOIN CARS_DATA AS T4 ON T3.MakeId  =  T4.id WHERE T4.year  =  '1970';,206,True,Arctic-Text2SQL-R1-7B,1,1,Find the name of the makers that produced some cars in the year of 1970?,72,ea,spider_99,results/raw/Arctic-Text2SQL-R1-7B_spider_ea_20260326_161739.jsonl
True,spider,[true],car_1,data/spider/database/car_1/car_1.sqlite,,False,,True,,"SELECT cm.FullName AS maker_full_name, cm.Id AS maker_id, COUNT(ml.Model) AS number_of_models FROM car_makers cm JOIN model_list ml ON cm.Id = ml.Maker GROUP BY cm.FullName, cm.Id",True,,"SELECT T1.FullName ,  T1.Id ,  count(*) FROM CAR_MAKERS AS T1 JOIN MODEL_LIST AS T2 ON T1.Id  =  T2.Maker GROUP BY T1.Id;",121,True,Arctic-Text2SQL-R1-7B,1,1,"How many models does each car maker produce? List maker full name, id and the number.",85,ea,spider_93,results/raw/Arctic-Text2SQL-R1-7B_spider_ea_20260326_161739.jsonl
False,spider,[false],car_1,data/spider/database/car_1/car_1.sqlite,,False,,False,no such column: Horsepower,SELECT Model FROM car_names WHERE Horsepower = (SELECT MIN(Horsepower) FROM cars_data),False,,SELECT T1.Model FROM CAR_NAMES AS T1 JOIN CARS_DATA AS T2 ON T1.MakeId  =  T2.Id ORDER BY T2.horsepower ASC LIMIT 1;,116,True,Arctic-Text2SQL-R1-7B,1,1,Which model of the car has the minimum horsepower?,50,ea,spider_95,results/raw/Arctic-Text2SQL-R1-7B_spider_ea_20260326_161739.jsonl
True,spider,[true],car_1,data/spider/database/car_1/car_1.sqlite,,False,,True,,SELECT cn.Model FROM car_names AS cn INNER JOIN cars_data AS cd ON cn.MakeId = cd.Id WHERE cd.Weight < (SELECT AVG(Weight) FROM cars_data),True,,SELECT T1.model FROM CAR_NAMES AS T1 JOIN CARS_DATA AS T2 ON T1.MakeId  =  T2.Id WHERE T2.Weight  <  (SELECT avg(Weight) FROM CARS_DATA),136,True,Arctic-Text2SQL-R1-7B,1,1,Find the model of the car whose weight is below the average weight.,67,ea,spider_97,results/raw/Arctic-Text2SQL-R1-7B_spider_ea_20260326_161739.jsonl
True,spider,[true],car_1,data/spider/database/car_1/car_1.sqlite,,False,,True,,SELECT cn.Model FROM car_names AS cn INNER JOIN cars_data AS cd ON cn.MakeId = cd.Id WHERE cd.Weight < (SELECT AVG(Weight) FROM cars_data),True,,SELECT T1.model FROM CAR_NAMES AS T1 JOIN CARS_DATA AS T2 ON T1.MakeId  =  T2.Id WHERE T2.Weight  <  (SELECT avg(Weight) FROM CARS_DATA),136,True,Arctic-Text2SQL-R1-7B,1,1,What is the model for the car with a weight smaller than the average?,69,ea,spider_98,results/raw/Arctic-Text2SQL-R1-7B_spider_ea_20260326_161739.jsonl
True,bird,[true],california_schools,data/bird/dev_databases/california_schools/california_schools.sqlite,simple,False,,True,,SELECT f.`FRPM Count (Ages 5-17)` AS frpm_count_ages_5_17 FROM satscores s JOIN frpm f ON f.CDSCode = s.cds WHERE s.AvgScrRead IS NOT NULL ORDER BY s.AvgScrRead DESC LIMIT 1,True,,SELECT T2.`FRPM Count (Ages 5-17)` FROM satscores AS T1 INNER JOIN frpm AS T2 ON T1.cds = T2.CDSCode ORDER BY T1.AvgScrRead DESC LIMIT 1,136,True,ChatGPT,1,1,"For the school with the highest average score in Reading in the SAT test, what is its FRPM count for students aged 5-17?",120,ea,bird_10,results/raw/ChatGPT_bird_ea_20260326_160339.jsonl
True,bird,[true],california_schools,data/bird/dev_databases/california_schools/california_schools.sqlite,simple,False,Eligible free rate for K-12 = `Free Meal Count (K-12)` / `Enrollment (K-12)`,True,,SELECT MAX(f.`Percent (%) Eligible Free (K-12)`) AS max_eligible_free_rate_k12 FROM frpm AS f WHERE f.`County Name` = 'Alameda',True,,SELECT `Free Meal Count (K-12)` / `Enrollment (K-12)` FROM frpm WHERE `County Name` = 'Alameda' ORDER BY (CAST(`Free Meal Count (K-12)` AS REAL) / `Enrollment (K-12)`) DESC LIMIT 1,180,True,ChatGPT,1,1,What is the highest eligible free rate for K-12 students in the schools in Alameda County?,90,ea,bird_0,results/raw/ChatGPT_bird_ea_20260326_160339.jsonl
True,bird,[true],california_schools,data/bird/dev_databases/california_schools/california_schools.sqlite,simple,False,,True,,"SELECT sc.Phone
FROM satscores ss
JOIN schools sc ON sc.CDSCode = ss.cds
ORDER BY ss.NumGE1500 DESC
LIMIT 1",True,,SELECT T2.Phone FROM satscores AS T1 INNER JOIN schools AS T2 ON T1.cds = T2.CDSCode ORDER BY T1.NumGE1500 DESC LIMIT 1,119,True,ChatGPT,1,1,What is the phone number of the school that has the highest number of test takers with an SAT score of over 1500?,113,ea,bird_7,results/raw/ChatGPT_bird_ea_20260326_160339.jsonl
False,bird,[false],california_schools,data/bird/dev_databases/california_schools/california_schools.sqlite,simple,False,Exclusively virtual refers to Virtual = 'F',False,"unrecognized token: ""{""","{""sql"":""SELECT COUNT(DISTINCT s.CDSCode) AS num_schools FROM schools s JOIN satscores sa ON sa.cds = s.CDSCode WHERE sa.rtype = 'S' AND sa.AvgScrMath > 400 AND s.Virtual = 'F'}",False,,SELECT COUNT(DISTINCT T2.School) FROM satscores AS T1 INNER JOIN schools AS T2 ON T1.cds = T2.CDSCode WHERE T2.Virtual = 'F' AND T1.AvgScrMath > 400,148,True,ChatGPT,1,1,How many schools with an average score in Math greater than 400 in the SAT test are exclusively virtual?,104,ea,bird_5,results/raw/ChatGPT_bird_ea_20260326_160339.jsonl
False,bird,[false],california_schools,data/bird/dev_databases/california_schools/california_schools.sqlite,simple,False,Charter schools refers to `Charter School (Y/N)` = 1 in the table fprm,False,,SELECT s.Zip FROM schools AS s WHERE s.Charter = 1 AND s.District = 'Fresno County Office of Education',True,,SELECT T2.Zip FROM frpm AS T1 INNER JOIN schools AS T2 ON T1.CDSCode = T2.CDSCode WHERE T1.`District Name` = 'Fresno County Office of Education' AND T1.`Charter School (Y/N)` = 1,178,True,ChatGPT,1,1,Please list the zip code of all the charter schools in Fresno County Office of Education.,89,ea,bird_2,results/raw/ChatGPT_bird_ea_20260326_160339.jsonl
True,bird,[true],california_schools,data/bird/dev_databases/california_schools/california_schools.sqlite,simple,False,,True,,SELECT COUNT(*) AS num_schools FROM frpm WHERE `County Name` = 'Los Angeles' AND `Free Meal Count (K-12)` > 500 AND `FRPM Count (K-12)` < 700,True,,SELECT COUNT(CDSCode) FROM frpm WHERE `County Name` = 'Los Angeles' AND `Free Meal Count (K-12)` > 500 AND `FRPM Count (K-12)`< 700,131,True,ChatGPT,1,1,In Los Angeles how many schools have more than 500 free meals but less than 700 free or reduced price meals for K-12?,117,ea,bird_21,results/raw/ChatGPT_bird_ea_20260326_160339.jsonl
True,bird,[true],california_schools,data/bird/dev_databases/california_schools/california_schools.sqlite,moderate,False,Excellence rate = NumGE1500 / NumTstTakr; Eligible free rates for students aged 5-17 = `Free Meal Count (Ages 5-17)` / `Enrollment (Ages 5-17)`,True,,"SELECT MAX(f.`Percent (%) Eligible Free (Ages 5-17)`) AS max_eligible_free_rate_5_17 FROM satscores s JOIN frpm f ON f.CDSCode = s.cds WHERE (CAST(s.NumGE1500 AS REAL) / NULLIF(s.NumTstTakr, 0)) > 0.3",True,,SELECT MAX(CAST(T1.`Free Meal Count (Ages 5-17)` AS REAL) / T1.`Enrollment (Ages 5-17)`) FROM frpm AS T1 INNER JOIN satscores AS T2 ON T1.CDSCode = T2.cds WHERE CAST(T2.NumGE1500 AS REAL) / T2.NumTstTakr > 0.3,209,True,ChatGPT,1,1,"Among the schools with an SAT excellence rate of over 0.3, what is the highest eligible free rate for students aged 5-17?",121,ea,bird_12,results/raw/ChatGPT_bird_ea_20260326_160339.jsonl
True,bird,[true],california_schools,data/bird/dev_databases/california_schools/california_schools.sqlite,simple,False,,True,,SELECT s.NumTstTakr FROM satscores AS s JOIN frpm AS f ON f.CDSCode = s.cds WHERE f.`FRPM Count (K-12)` = (SELECT MAX(`FRPM Count (K-12)`) FROM frpm),True,,SELECT NumTstTakr FROM satscores WHERE cds = ( SELECT CDSCode FROM frpm ORDER BY `FRPM Count (K-12)` DESC LIMIT 1 ),115,True,ChatGPT,1,1,What is the number of SAT test takers of the schools with the highest FRPM count for K-12 students?,99,ea,bird_8,results/raw/ChatGPT_bird_ea_20260326_160339.jsonl
False,bird,[false],california_schools,data/bird/dev_databases/california_schools/california_schools.sqlite,simple,False,,False,,"SELECT COUNT(*) AS num_schools
FROM satscores
WHERE cname = 'Fresno'
  AND rtype = 'S'
  AND sname LIKE '%(Directly Funded)%'
  AND NumTstTakr <= 250",True,,SELECT COUNT(T1.CDSCode) FROM frpm AS T1 INNER JOIN satscores AS T2 ON T1.CDSCode = T2.cds WHERE T1.`Charter Funding Type` = 'Directly funded' AND T1.`County Name` = 'Fresno' AND T2.NumTstTakr <= 250,199,True,ChatGPT,1,1,How many schools in Fresno (directly funded) have number of test takers not more than 250?,90,ea,bird_18,results/raw/ChatGPT_bird_ea_20260326_160339.jsonl
True,bird,[true],california_schools,data/bird/dev_databases/california_schools/california_schools.sqlite,simple,False,,True,,"SELECT COUNT(*) AS charter_funded_school_count
FROM satscores AS sa
JOIN schools AS sc ON sc.CDSCode = sa.cds
WHERE sa.AvgScrMath > 560
  AND sc.FundingType = 'Directly funded'",True,,SELECT COUNT(T2.`School Code`) FROM satscores AS T1 INNER JOIN frpm AS T2 ON T1.cds = T2.CDSCode WHERE T1.AvgScrMath > 560 AND T2.`Charter Funding Type` = 'Directly funded',172,True,ChatGPT,1,1,"Among the schools with the average score in Math over 560 in the SAT test, how many schools are directly charter-funded?",120,ea,bird_9,results/raw/ChatGPT_bird_ea_20260326_160339.jsonl
False,bird,[false],california_schools,data/bird/dev_databases/california_schools/california_schools.sqlite,moderate,False,Eligible free rates for students aged 5-17 = `Free Meal Count (Ages 5-17)` / `Enrollment (Ages 5-17)`,False,,"SELECT s.School AS `School Name`, f.`Percent (%) Eligible Free (Ages 5-17)` AS `Eligible Free Rate (Ages 5-17)`
FROM frpm AS f
JOIN schools AS s ON s.CDSCode = f.CDSCode
WHERE s.DOCType = 'Continuation School'
  AND f.`Percent (%) Eligible Free (Ages 5-17)` IS NOT NULL
ORDER BY f.`Percent (%) Eligible Free (Ages 5-17)` ASC
LIMIT 3",True,,SELECT `Free Meal Count (Ages 5-17)` / `Enrollment (Ages 5-17)` FROM frpm WHERE `Educational Option Type` = 'Continuation School' AND `Free Meal Count (Ages 5-17)` / `Enrollment (Ages 5-17)` IS NOT NULL ORDER BY `Free Meal Count (Ages 5-17)` / `Enrollment (Ages 5-17)` ASC LIMIT 3,280,True,ChatGPT,1,1,Please list the lowest three eligible free rates for students aged 5-17 in continuation schools.,96,ea,bird_1,results/raw/ChatGPT_bird_ea_20260326_160339.jsonl
False,bird,[false],california_schools,data/bird/dev_databases/california_schools/california_schools.sqlite,simple,False,,False,,"SELECT COUNT(*) AS num_schools
FROM satscores
WHERE cname = 'Alameda'
  AND rtype = 'S'
  AND NumTstTakr < 100",True,,SELECT COUNT(T1.CDSCode) FROM schools AS T1 INNER JOIN satscores AS T2 ON T1.CDSCode = T2.cds WHERE T1.StatusType = 'Merged' AND T2.NumTstTakr < 100 AND T1.County = 'Lake',171,True,ChatGPT,1,1,How many schools in merged Alameda have number of test takers less than 100?,76,ea,bird_16,results/raw/ChatGPT_bird_ea_20260326_160339.jsonl
False,bird,[false],california_schools,data/bird/dev_databases/california_schools/california_schools.sqlite,simple,False,Magnet schools or offer a magnet program means that Magnet = 1,False,,"SELECT sc.CDSCode, sc.School, sc.District, sc.County FROM satscores AS sa JOIN schools AS sc ON sc.CDSCode = sa.cds WHERE sa.NumTstTakr > 500 AND (sc.Magnet = 1 OR sc.Magnet IS NOT NULL) ORDER BY sa.NumTstTakr DESC, sc.School",True,,SELECT T2.School FROM satscores AS T1 INNER JOIN schools AS T2 ON T1.cds = T2.CDSCode WHERE T2.Magnet = 1 AND T1.NumTstTakr > 500,129,True,ChatGPT,1,1,"Among the schools with the SAT test takers of over 500, please list the schools that are magnet schools or offer a magnet program.",130,ea,bird_6,results/raw/ChatGPT_bird_ea_20260326_160339.jsonl
True,bird,[true],california_schools,data/bird/dev_databases/california_schools/california_schools.sqlite,simple,False,,True,,SELECT s.MailStreet FROM frpm f JOIN schools s ON s.CDSCode = f.CDSCode ORDER BY f.`FRPM Count (K-12)` DESC LIMIT 1,True,,SELECT T2.MailStreet FROM frpm AS T1 INNER JOIN schools AS T2 ON T1.CDSCode = T2.CDSCode ORDER BY T1.`FRPM Count (K-12)` DESC LIMIT 1,133,True,ChatGPT,1,1,What is the unabbreviated mailing street address of the school with the highest FRPM count for K-12 students?,109,ea,bird_3,results/raw/ChatGPT_bird_ea_20260326_160339.jsonl
True,bird,[true],california_schools,data/bird/dev_databases/california_schools/california_schools.sqlite,simple,False,,True,,SELECT COUNT(DISTINCT f.CDSCode) AS school_count FROM frpm AS f WHERE f.`County Name` = 'Amador' AND f.`Low Grade` = '9' AND f.`High Grade` = '12',True,,SELECT COUNT(T1.`School Name`) FROM frpm AS T1 INNER JOIN schools AS T2 ON T1.CDSCode = T2.CDSCode WHERE T2.County = 'Amador' AND T1.`Low Grade` = 9 AND T1.`High Grade` = 12,173,True,ChatGPT,1,1,How many schools in Amador which the Low Grade is 9 and the High Grade is 12?,77,ea,bird_20,results/raw/ChatGPT_bird_ea_20260326_160339.jsonl
False,bird,[false],california_schools,data/bird/dev_databases/california_schools/california_schools.sqlite,simple,False,Valid charter number means the number is not null,False,,"SELECT sa.sname AS SchoolName, sc.CharterNum AS CharterNumber, sa.AvgScrWrite AS AvgWritingScore FROM satscores AS sa JOIN schools AS sc ON sc.CDSCode = sa.cds WHERE sa.AvgScrWrite > 499 ORDER BY sa.AvgScrWrite DESC, sa.sname ASC",True,,"SELECT CharterNum, AvgScrWrite, RANK() OVER (ORDER BY AvgScrWrite DESC) AS WritingScoreRank FROM schools AS T1  INNER JOIN satscores AS T2 ON T1.CDSCode = T2.cds WHERE T2.AvgScrWrite > 499 AND CharterNum is not null",215,True,ChatGPT,1,1,"Rank schools by their average score in Writing where the score is greater than 499, showing their charter numbers.",114,ea,bird_17,results/raw/ChatGPT_bird_ea_20260326_160339.jsonl
True,bird,[true],california_schools,data/bird/dev_databases/california_schools/california_schools.sqlite,simple,False,Excellence rate = NumGE1500 / NumTstTakr,True,,"SELECT sc.Phone
FROM satscores ss
JOIN schools sc ON sc.CDSCode = ss.cds
WHERE ss.NumTstTakr > 0 AND ss.NumGE1500 IS NOT NULL
ORDER BY (1.0 * ss.NumGE1500 / ss.NumTstTakr) DESC
LIMIT 3",True,,SELECT T1.Phone FROM schools AS T1 INNER JOIN satscores AS T2 ON T1.CDSCode = T2.cds ORDER BY CAST(T2.NumGE1500 AS REAL) / T2.NumTstTakr DESC LIMIT 3,149,True,ChatGPT,1,1,Please list the phone numbers of the schools with the top 3 SAT excellence rate.,80,ea,bird_13,results/raw/ChatGPT_bird_ea_20260326_160339.jsonl
False,bird,[false],california_schools,data/bird/dev_databases/california_schools/california_schools.sqlite,simple,False,,False,,"SELECT sc.School, ss.NumTstTakr AS highest_num_test_takers
FROM satscores ss
JOIN schools sc ON sc.CDSCode = ss.cds
WHERE sc.County = 'Contra Costa'
ORDER BY ss.NumTstTakr DESC
LIMIT 1",True,,SELECT sname FROM satscores WHERE cname = 'Contra Costa' AND sname IS NOT NULL ORDER BY NumTstTakr DESC LIMIT 1,111,True,ChatGPT,1,1,Which school in Contra Costa has the highest number of test takers?,67,ea,bird_22,results/raw/ChatGPT_bird_ea_20260326_160339.jsonl
True,bird,[true],california_schools,data/bird/dev_databases/california_schools/california_schools.sqlite,simple,False,,True,,SELECT sc.Phone FROM satscores AS sa JOIN schools AS sc ON sc.CDSCode = sa.cds WHERE sa.AvgScrMath IS NOT NULL ORDER BY sa.AvgScrMath DESC LIMIT 1,True,,SELECT T1.Phone FROM schools AS T1 INNER JOIN satscores AS T2 ON T1.CDSCode = T2.cds ORDER BY T2.AvgScrMath DESC LIMIT 1,120,True,ChatGPT,1,1,What is the phone number of the school that has the highest average score in Math?,82,ea,bird_19,results/raw/ChatGPT_bird_ea_20260326_160339.jsonl
False,bird,[false],california_schools,data/bird/dev_databases/california_schools/california_schools.sqlite,challenging,False,"full name means first name, last name; There are at most 3 administrators for each school; SAT Scores are greater or equal to 1500 refers to NumGE1500",False,,SELECT s.AdmFName1 || ' ' || s.AdmLName1 AS AdministratorFullName FROM satscores sc JOIN schools s ON s.CDSCode = sc.cds WHERE sc.NumGE1500 = (SELECT MAX(NumGE1500) FROM satscores) AND s.AdmFName1 IS NOT NULL AND s.AdmLName1 IS NOT NULL UNION SELECT s.AdmFName2 || ' ' || s.AdmLName2 AS AdministratorFullName FROM satscores sc JOIN schools s ON s.CDSCode = sc.cds WHERE sc.NumGE1500 = (SELECT MAX(NumGE1500) FROM satscores) AND s.AdmFName2 IS NOT NULL AND s.AdmLName2 IS NOT NULL UNION SELECT s.AdmFName3 || ' ' || s.AdmLName3 AS AdministratorFullName FROM satscores sc JOIN schools s ON s.CDSCode = sc.cds WHERE sc.NumGE1500 = (SELECT MAX(NumGE1500) FROM satscores) AND s.AdmFName3 IS NOT NULL AND s.AdmLName3 IS NOT NULL,True,,"SELECT T2.AdmFName1, T2.AdmLName1, T2.AdmFName2, T2.AdmLName2, T2.AdmFName3, T2.AdmLName3 FROM satscores AS T1 INNER JOIN schools AS T2 ON T1.cds = T2.CDSCode ORDER BY T1.NumGE1500 DESC LIMIT 1",193,True,ChatGPT,1,1,Under whose administration is the school with the highest number of students scoring 1500 or more on the SAT? Indicate their full names.,136,ea,bird_36,results/raw/ChatGPT_bird_ea_20260326_160339.jsonl
False,bird,[false],california_schools,data/bird/dev_databases/california_schools/california_schools.sqlite,moderate,False,Average of average math = sum(average math scores) / count(schools).,False,,"SELECT s.School AS school_name, s.FundingType AS funding_type
FROM schools AS s
JOIN satscores AS sa ON sa.cds = s.CDSCode
WHERE s.County = 'Riverside'
GROUP BY s.CDSCode, s.School, s.FundingType
HAVING AVG(sa.AvgScrMath) > 400",True,,"SELECT T1.sname, T2.`Charter Funding Type` FROM satscores AS T1 INNER JOIN frpm AS T2 ON T1.cds = T2.CDSCode WHERE T2.`District Name` LIKE 'Riverside%' GROUP BY T1.sname, T2.`Charter Funding Type` HAVING CAST(SUM(T1.AvgScrMath) AS REAL) / COUNT(T1.cds) > 400",258,True,ChatGPT,1,1,"Name schools in Riverside which the average of average math score for SAT is grater than 400, what is the funding type of these schools?",136,ea,bird_25,results/raw/ChatGPT_bird_ea_20260326_160339.jsonl
False,bird,[false],california_schools,data/bird/dev_databases/california_schools/california_schools.sqlite,moderate,False,K-12 refers to students in grades 1 through 12; Eligible free rate for K-12 = `Free Meal Count (K-12)` / `Enrollment (K-12)`,False,,SELECT f.`Percent (%) Eligible Free (K-12)` AS eligible_free_rate_k12 FROM frpm f WHERE f.`Enrollment (K-12)` IS NOT NULL ORDER BY f.`Enrollment (K-12)` DESC LIMIT 1 OFFSET 9,True,,"SELECT CAST(`Free Meal Count (K-12)` AS REAL) / `Enrollment (K-12)` FROM frpm ORDER BY `Enrollment (K-12)` DESC LIMIT 9, 2",122,True,ChatGPT,1,1,What is the eligible free rate of the 10th and 11th schools with the highest enrolment for students in grades 1 through 12?,123,ea,bird_31,results/raw/ChatGPT_bird_ea_20260326_160339.jsonl
False,bird,[false],california_schools,data/bird/dev_databases/california_schools/california_schools.sqlite,moderate,False,Percent eligible for free meals = Free Meal Count (K-12) / Total (Enrollment (K-12),False,,"SELECT DISTINCT f.`School Name` AS school_name
FROM frpm AS f
JOIN satscores AS s
  ON s.cds = f.CDSCode
WHERE f.`Percent (%) Eligible Free (K-12)` > 0.1
  AND s.NumGE1500 >= 1",True,,SELECT T2.`School Name` FROM satscores AS T1 INNER JOIN frpm AS T2 ON T1.cds = T2.CDSCode WHERE CAST(T2.`Free Meal Count (K-12)` AS REAL) / T2.`Enrollment (K-12)` > 0.1 AND T1.NumGE1500 > 0,189,True,ChatGPT,1,1,Give the names of the schools with the percent eligible for free meals in K-12 is more than 0.1 and test takers whose test score is greater than or equal to 1500?,162,ea,bird_24,results/raw/ChatGPT_bird_ea_20260326_160339.jsonl
False,bird,[false],california_schools,data/bird/dev_databases/california_schools/california_schools.sqlite,moderate,False,Charter schools refers to `Charter School (Y/N)` = 1 in the frpm,False,,SELECT s.Phone FROM schools AS s WHERE s.FundingType = 'Directly funded' AND s.OpenDate > '2000-01-01',True,,SELECT T2.Phone FROM frpm AS T1 INNER JOIN schools AS T2 ON T1.CDSCode = T2.CDSCode WHERE T1.`Charter Funding Type` = 'Directly funded' AND T1.`Charter School (Y/N)` = 1 AND T2.OpenDate > '2000-01-01',200,True,ChatGPT,1,1,Please list the phone numbers of the direct charter-funded schools that are opened after 2000/1/1.,98,ea,bird_4,results/raw/ChatGPT_bird_ea_20260326_160339.jsonl
False,bird,[false],california_schools,data/bird/dev_databases/california_schools/california_schools.sqlite,simple,False,K-12 means First-through-twelfth-grade,False,,SELECT s.OpenDate FROM frpm f JOIN schools s ON s.CDSCode = f.CDSCode WHERE f.`Low Grade` = '1' AND f.`High Grade` = '12' ORDER BY f.`Enrollment (K-12)` DESC LIMIT 1,True,,SELECT T2.OpenDate FROM frpm AS T1 INNER JOIN schools AS T2 ON T1.CDSCode = T2.CDSCode ORDER BY T1.`Enrollment (K-12)` DESC LIMIT 1,131,True,ChatGPT,1,1,When did the first-through-twelfth-grade school with the largest enrollment open?,81,ea,bird_29,results/raw/ChatGPT_bird_ea_20260326_160339.jsonl
False,bird,[false],california_schools,data/bird/dev_databases/california_schools/california_schools.sqlite,moderate,False,"Execellence Rate = NumGE1500 / NumTstTakr; complete address has Street, City, State, Zip code",False,,"SELECT s.Street, s.City, s.Zip, s.State
FROM satscores ss
JOIN schools s ON s.CDSCode = ss.cds
WHERE ss.NumTstTakr IS NOT NULL
ORDER BY (CAST(ss.NumGE1500 AS REAL) / ss.NumTstTakr) ASC
LIMIT 1",True,,"SELECT T2.Street, T2.City, T2.State, T2.Zip FROM satscores AS T1 INNER JOIN schools AS T2 ON T1.cds = T2.CDSCode ORDER BY CAST(T1.NumGE1500 AS REAL) / T1.NumTstTakr ASC LIMIT 1",176,True,ChatGPT,1,1,"What is the complete address of the school with the lowest excellence rate? Indicate the Street, City, Zip and State.",117,ea,bird_37,results/raw/ChatGPT_bird_ea_20260326_160339.jsonl
False,bird,[false],california_schools,data/bird/dev_databases/california_schools/california_schools.sqlite,moderate,False,"Full communication address should include Street, City, State and zip code if any.",False,,"SELECT s.School AS school_name, s.Street AS street, s.City AS city, s.State AS state, s.Zip AS zip, s.Phone AS phone, s.Website AS website FROM schools s JOIN frpm f ON f.CDSCode = s.CDSCode WHERE s.County = 'Monterey' AND s.DOCType = 'High School' AND f.`FRPM Count (Ages 5-17)` > 800",True,,"SELECT T1.`School Name`, T2.Street, T2.City, T2.State, T2.Zip FROM frpm AS T1 INNER JOIN schools AS T2 ON T1.CDSCode = T2.CDSCode WHERE T2.County = 'Monterey' AND T1.`Free Meal Count (Ages 5-17)` > 800 AND T1.`School Type` = 'High Schools (Public)'",248,True,ChatGPT,1,1,State the names and full communication address of high schools in Monterey which has more than 800 free or reduced price meals for ages 15-17?,142,ea,bird_26,results/raw/ChatGPT_bird_ea_20260326_160339.jsonl
False,bird,[false],california_schools,data/bird/dev_databases/california_schools/california_schools.sqlite,moderate,False,Average score for all subjects can be computed by AvgScrMath + AvgScrRead + AvgScrWrite,False,,"SELECT ss.AvgScrMath AS AvgScrMath, ss.cname AS CountyName FROM satscores ss WHERE (COALESCE(ss.AvgScrRead,0) + COALESCE(ss.AvgScrMath,0) + COALESCE(ss.AvgScrWrite,0)) = (SELECT MIN(COALESCE(s2.AvgScrRead,0) + COALESCE(s2.AvgScrMath,0) + COALESCE(s2.AvgScrWrite,0)) FROM satscores s2) LIMIT 1",True,,"SELECT T1.AvgScrMath, T2.County FROM satscores AS T1 INNER JOIN schools AS T2 ON T1.cds = T2.CDSCode WHERE T1.AvgScrMath IS NOT NULL ORDER BY T1.AvgScrMath + T1.AvgScrRead + T1.AvgScrWrite ASC LIMIT 1",200,True,ChatGPT,1,1,"What is the average math score of the school with the lowest average score for all subjects, and in which county is it located?",127,ea,bird_43,results/raw/ChatGPT_bird_ea_20260326_160339.jsonl
False,bird,[false],california_schools,data/bird/dev_databases/california_schools/california_schools.sqlite,simple,False,,False,,"SELECT sc.City, ss.AvgScrWrite AS AvgWritingScore
FROM satscores ss
JOIN schools sc ON sc.CDSCode = ss.cds
WHERE ss.NumGE1500 IS NOT NULL
ORDER BY ss.NumGE1500 DESC
LIMIT 1",True,,"SELECT T1.AvgScrWrite, T2.City FROM satscores AS T1 INNER JOIN schools AS T2 ON T1.cds = T2.CDSCode ORDER BY T1.NumGE1500 DESC LIMIT 1",134,True,ChatGPT,1,1,What is the average writing score of the school who has the highest number of test takers whose total SAT sscores are greater or equal to 1500? Indicate the city to where the school is situated.,194,ea,bird_44,results/raw/ChatGPT_bird_ea_20260326_160339.jsonl
True,bird,[true],california_schools,data/bird/dev_databases/california_schools/california_schools.sqlite,simple,False,,True,,SELECT frpm.`Educational Option Type` FROM satscores JOIN frpm ON frpm.CDSCode = satscores.cds WHERE satscores.AvgScrMath IS NOT NULL ORDER BY satscores.AvgScrMath DESC LIMIT 1,True,,SELECT T2.EdOpsName FROM satscores AS T1 INNER JOIN schools AS T2 ON T1.cds = T2.CDSCode ORDER BY T1.AvgScrMath DESC LIMIT 1,124,True,ChatGPT,1,1,What is the type of education offered in the school who scored the highest average in Math?,91,ea,bird_42,results/raw/ChatGPT_bird_ea_20260326_160339.jsonl
True,bird,[true],california_schools,data/bird/dev_databases/california_schools/california_schools.sqlite,moderate,False,Eligible free rates for students aged 5-17 = `Free Meal Count (Ages 5-17)` / `Enrollment (Ages 5-17)`,True,,SELECT f.`Percent (%) Eligible Free (Ages 5-17)` AS free_rate_percent_ages_5_17 FROM schools s JOIN frpm f ON f.CDSCode = s.CDSCode WHERE s.AdmFName1 = 'Kacey' AND s.AdmLName1 = 'Gibson' LIMIT 1,True,,SELECT CAST(T2.`Free Meal Count (Ages 5-17)` AS REAL) / T2.`Enrollment (Ages 5-17)` FROM schools AS T1 INNER JOIN frpm AS T2 ON T1.CDSCode = T2.CDSCode WHERE T1.AdmFName1 = 'Kacey' AND T1.AdmLName1 = 'Gibson',208,True,ChatGPT,1,1,What is the free rate for students between the ages of 5 and 17 at the school run by Kacey Gibson?,98,ea,bird_34,results/raw/ChatGPT_bird_ea_20260326_160339.jsonl
False,bird,[false],california_schools,data/bird/dev_databases/california_schools/california_schools.sqlite,simple,False,,False,,"SELECT s.District AS district, AVG(sa.AvgScrRead) AS avg_reading_score
FROM schools s
JOIN satscores sa ON sa.cds = s.CDSCode
WHERE s.StatusType = 'Active'
  AND sa.AvgScrRead IS NOT NULL
GROUP BY s.District
ORDER BY avg_reading_score DESC
LIMIT 1",True,,SELECT T1.District FROM schools AS T1 INNER JOIN satscores AS T2 ON T1.CDSCode = T2.cds WHERE T1.StatusType = 'Active' ORDER BY T2.AvgScrRead DESC LIMIT 1,154,True,ChatGPT,1,1,Which active district has the highest average score in Reading?,63,ea,bird_15,results/raw/ChatGPT_bird_ea_20260326_160339.jsonl
False,bird,[false],california_schools,data/bird/dev_databases/california_schools/california_schools.sqlite,simple,False,Postal street and mailing street are synonyms.,False,,"SELECT s.School AS `School Name`, s.Street AS `Postal Street Address`
FROM satscores sc
JOIN schools s ON s.CDSCode = sc.cds
WHERE sc.AvgScrMath IS NOT NULL
ORDER BY sc.AvgScrMath DESC
LIMIT 1 OFFSET 6",True,,"SELECT T2.MailStreet, T2.School FROM satscores AS T1 INNER JOIN schools AS T2 ON T1.cds = T2.CDSCode ORDER BY T1.AvgScrMath DESC LIMIT 6, 1",139,True,ChatGPT,1,1,What is the postal street address for the school with the 7th highest Math average? Indicate the school's name.,111,ea,bird_50,results/raw/ChatGPT_bird_ea_20260326_160339.jsonl
False,bird,[false],california_schools,data/bird/dev_databases/california_schools/california_schools.sqlite,moderate,False,,False,,"SELECT s.School AS `School Name`, s.Website AS `Website` FROM frpm f JOIN schools s ON s.CDSCode = f.CDSCode WHERE f.`Free Meal Count (Ages 5-17)` BETWEEN 1900 AND 2000 AND s.Website IS NOT NULL AND TRIM(s.Website) <> ''",True,,"SELECT T2.Website, T1.`School Name` FROM frpm AS T1 INNER JOIN schools AS T2 ON T1.CDSCode = T2.CDSCode WHERE T1.`Free Meal Count (Ages 5-17)` BETWEEN 1900 AND 2000 AND T2.Website IS NOT NULL",191,True,ChatGPT,1,1,"If there are any, what are the websites address of the schools with a free meal count of 1,900-2,000 to students aged 5-17? Include the name of the school.",155,ea,bird_33,results/raw/ChatGPT_bird_ea_20260326_160339.jsonl
True,bird,[true],california_schools,data/bird/dev_databases/california_schools/california_schools.sqlite,simple,False,,True,,"SELECT sc.MailStreet, sc.School FROM satscores AS sa JOIN schools AS sc ON sc.CDSCode = sa.cds WHERE sa.AvgScrRead IS NOT NULL ORDER BY sa.AvgScrRead ASC, sc.School ASC LIMIT 1",True,,"SELECT T2.MailStreet, T2.School FROM satscores AS T1 INNER JOIN schools AS T2 ON T1.cds = T2.CDSCode WHERE T1.AvgScrRead IS NOT NULL ORDER BY T1.AvgScrRead ASC LIMIT 1",167,True,ChatGPT,1,1,In which mailing street address can you find the school that has the lowest average score in reading? Also give the school's name.,130,ea,bird_51,results/raw/ChatGPT_bird_ea_20260326_160339.jsonl
False,bird,[false],california_schools,data/bird/dev_databases/california_schools/california_schools.sqlite,simple,False,Total enrollment can be represented by `Enrollment (K-12)` + `Enrollment (Ages 5-17)`,False,,SELECT CDSCode FROM frpm WHERE `Enrollment (K-12)` > 500,True,,SELECT T2.CDSCode FROM schools AS T1 INNER JOIN frpm AS T2 ON T1.CDSCode = T2.CDSCode WHERE T2.`Enrollment (K-12)` + T2.`Enrollment (Ages 5-17)` > 500,150,True,ChatGPT,1,1,Please list the codes of the schools with a total enrollment of over 500.,73,ea,bird_11,results/raw/ChatGPT_bird_ea_20260326_160339.jsonl
True,bird,[true],california_schools,data/bird/dev_databases/california_schools/california_schools.sqlite,moderate,False,Charted school means `Charter School (Y/N)` = 1 in the table frpm; Students enrolled in grades 1 through 12 refers to `Enrollment (K-12)`,True,,SELECT s.AdmEmail1 FROM schools AS s JOIN frpm AS f ON f.CDSCode = s.CDSCode WHERE s.Charter = 1 AND f.`Enrollment (K-12)` IS NOT NULL ORDER BY f.`Enrollment (K-12)` ASC LIMIT 1,True,,SELECT T2.AdmEmail1 FROM frpm AS T1 INNER JOIN schools AS T2 ON T1.CDSCode = T2.CDSCode WHERE T1.`Charter School (Y/N)` = 1 ORDER BY T1.`Enrollment (K-12)` ASC LIMIT 1,167,True,ChatGPT,1,1,What is the administrator's email address of the chartered school with the fewest students enrolled in grades 1 through 12?,123,ea,bird_35,results/raw/ChatGPT_bird_ea_20260326_160339.jsonl
True,bird,[true],california_schools,data/bird/dev_databases/california_schools/california_schools.sqlite,simple,False,,True,,"SELECT sc.Website
FROM satscores AS ss
JOIN schools AS sc ON sc.CDSCode = ss.cds
WHERE sc.County = 'Los Angeles'
  AND ss.NumTstTakr BETWEEN 2000 AND 3000",True,,SELECT T2.Website FROM satscores AS T1 INNER JOIN schools AS T2 ON T1.cds = T2.CDSCode WHERE T1.NumTstTakr BETWEEN 2000 AND 3000 AND T2.County = 'Los Angeles',158,True,ChatGPT,1,1,"What are the webpages for the Los Angeles County school that has between 2,000 and 3,000 test takers?",101,ea,bird_38,results/raw/ChatGPT_bird_ea_20260326_160339.jsonl
False,bird,[false],california_schools,data/bird/dev_databases/california_schools/california_schools.sqlite,simple,False,State Special Schools refers to DOC = 31; Grades 1 through 12 means K-12,False,,"SELECT s.CDSCode, s.School, s.District, s.County, sc.enroll12 AS enroll12_grades_1_12
FROM satscores sc
JOIN schools s ON s.CDSCode = sc.cds
WHERE sc.rtype = 'S' AND s.DOCType = 'State Special Schools'
ORDER BY sc.enroll12 DESC
LIMIT 1",True,,SELECT T2.School FROM frpm AS T1 INNER JOIN schools AS T2 ON T1.CDSCode = T2.CDSCode WHERE T2.DOC = 31 ORDER BY T1.`Enrollment (K-12)` DESC LIMIT 1,147,True,ChatGPT,1,1,Which state special schools have the highest number of enrollees from grades 1 through 12?,90,ea,bird_46,results/raw/ChatGPT_bird_ea_20260326_160339.jsonl
True,bird,[true],california_schools,data/bird/dev_databases/california_schools/california_schools.sqlite,moderate,False,Fresno Unified is a name of district;,True,,"SELECT sc.Phone
FROM satscores AS sa
JOIN schools AS sc ON sc.CDSCode = sa.cds
WHERE sa.dname = 'Fresno Unified'
  AND sa.AvgScrRead IS NOT NULL
ORDER BY sa.AvgScrRead ASC
LIMIT 1",True,,SELECT T2.Phone FROM satscores AS T1 INNER JOIN schools AS T2 ON T1.cds = T2.CDSCode WHERE T2.District = 'Fresno Unified' AND T1.AvgScrRead IS NOT NULL ORDER BY T1.AvgScrRead ASC LIMIT 1,186,True,ChatGPT,1,1,What is the telephone number for the school with the lowest average score in reading in Fresno Unified?,103,ea,bird_40,results/raw/ChatGPT_bird_ea_20260326_160339.jsonl
False,bird,[false],california_schools,data/bird/dev_databases/california_schools/california_schools.sqlite,moderate,False,Diffrence in enrollement = `Enrollment (K-12)` - `Enrollment (Ages 5-17)`,False,,"SELECT frpm.`School Name` AS SchoolName, (COALESCE(schools.Street,'') || CASE WHEN schools.StreetAbr IS NOT NULL AND schools.StreetAbr <> '' THEN ' ' || schools.StreetAbr ELSE '' END || CASE WHEN schools.City IS NOT NULL AND schools.City <> '' THEN ', ' || schools.City ELSE '' END || CASE WHEN schools.State IS NOT NULL AND schools.State <> '' THEN ', ' || schools.State ELSE '' END || CASE WHEN schools.Zip IS NOT NULL AND schools.Zip <> '' THEN ' ' || schools.Zip ELSE '' END) AS FullStreetAddress FROM frpm JOIN schools ON schools.CDSCode = frpm.CDSCode WHERE ABS(COALESCE(frpm.`Enrollment (K-12)`,0) - COALESCE(frpm.`Enrollment (Ages 5-17)`,0)) > 30",True,,"SELECT T1.School, T1.Street FROM schools AS T1 INNER JOIN frpm AS T2 ON T1.CDSCode = T2.CDSCode WHERE T2.`Enrollment (K-12)` - T2.`Enrollment (Ages 5-17)` > 30",159,True,ChatGPT,1,1,List the names of schools with more than 30 difference in enrollements between K-12 and ages 5-17? Please also give the full street adress of the schools.,154,ea,bird_23,results/raw/ChatGPT_bird_ea_20260326_160339.jsonl
False,bird,[false],california_schools,data/bird/dev_databases/california_schools/california_schools.sqlite,moderate,False,Elementary School District refers to DOC = 52; Monthly average number of schools that opened in 1980 = count(schools that opened in 1980) / 12,False,,"SELECT AVG(monthly_opened) AS monthly_avg_opened_schools
FROM (
  SELECT strftime('%m', s.OpenDate) AS open_month,
         COUNT(*) AS monthly_opened
  FROM schools s
  WHERE s.County = 'Alameda'
    AND s.DOCType = 'Elementary School District'
    AND s.OpenDate >= '1980-01-01'
    AND s.OpenDate < '1981-01-01'
  GROUP BY strftime('%m', s.OpenDate)
) m",True,,"SELECT CAST(COUNT(School) AS REAL) / 12 FROM schools WHERE DOC = 52 AND County = 'Alameda' AND strftime('%Y', OpenDate) = '1980'",128,True,ChatGPT,1,1,What is the monthly average number of schools that opened in Alameda County under the jurisdiction of the Elementary School District in 1980?,141,ea,bird_47,results/raw/ChatGPT_bird_ea_20260326_160339.jsonl
False,bird,[false],california_schools,data/bird/dev_databases/california_schools/california_schools.sqlite,moderate,False,grades 1-12 means K-12; Eligible free or reduced price meal rate for K-12 = `FRPM Count (K-12)` / `Enrollment (K-12)`,False,,"SELECT s.School AS `School Name`, f.`FRPM Count (K-12)` AS `FRPM Count (K-12)`, f.`Percent (%) Eligible FRPM (K-12)` AS `Eligible FRPM Rate (K-12)`
FROM schools AS s
JOIN frpm AS f ON f.CDSCode = s.CDSCode
WHERE s.DOC = '66'
ORDER BY f.`FRPM Count (K-12)` DESC
LIMIT 5",True,,SELECT CAST(T1.`FRPM Count (K-12)` AS REAL) / T1.`Enrollment (K-12)` FROM frpm AS T1 INNER JOIN schools AS T2 ON T1.CDSCode = T2.CDSCode WHERE T2.SOC = 66 ORDER BY T1.`FRPM Count (K-12)` DESC LIMIT 5,199,True,ChatGPT,1,1,What is the eligible free or reduced price meal rate for the top 5 schools in grades 1-12 with the highest free or reduced price meal count of the schools with the ownership code 66?,182,ea,bird_32,results/raw/ChatGPT_bird_ea_20260326_160339.jsonl
False,bird,[false],california_schools,data/bird/dev_databases/california_schools/california_schools.sqlite,simple,False,Exclusively virtual refers to Virtual = 'F'; respective counties means PARTITION BY County,False,,"WITH school_read AS (
  SELECT
    sc.CDSCode,
    sc.County,
    sc.School AS school_name,
    AVG(ss.AvgScrRead) AS avg_read
  FROM schools sc
  JOIN satscores ss ON ss.cds = sc.CDSCode
  WHERE sc.Virtual IS NOT NULL AND TRIM(sc.Virtual) <> ''
    AND ss.AvgScrRead IS NOT NULL
    AND sc.School IS NOT NULL
  GROUP BY sc.CDSCode, sc.County, sc.School
), ranked AS (
  SELECT
    County,
    school_name,
    avg_read,
    DENSE_RANK() OVER (PARTITION BY County ORDER BY avg_read DESC) AS rnk
  FROM school_read
)
SELECT school_name
FROM ranked
WHERE rnk <= 5
ORDER BY County, avg_read DESC, school_name",True,,"SELECT School FROM (SELECT T2.School,T1.AvgScrRead, RANK() OVER (PARTITION BY T2.County ORDER BY T1.AvgScrRead DESC) AS rnk FROM satscores AS T1 INNER JOIN schools AS T2 ON T1.cds = T2.CDSCode WHERE T2.Virtual = 'F' ) ranked_schools WHERE rnk <= 5",247,True,ChatGPT,1,1,List the names of virtual schools that are among the top 5 in their respective counties based on average reading scores.,120,ea,bird_41,results/raw/ChatGPT_bird_ea_20260326_160339.jsonl
True,bird,[true],california_schools,data/bird/dev_databases/california_schools/california_schools.sqlite,simple,False,between 1/1/1980 and 12/31/1980 means the year = 1980,True,,SELECT AVG(ss.NumTstTakr) AS avg_test_takers FROM satscores AS ss JOIN schools AS s ON s.CDSCode = ss.cds WHERE s.County = 'Fresno' AND s.OpenDate BETWEEN '1980-01-01' AND '1980-12-31',True,,"SELECT AVG(T1.NumTstTakr) FROM satscores AS T1 INNER JOIN schools AS T2 ON T1.cds = T2.CDSCode WHERE strftime('%Y', T2.OpenDate) = '1980' AND T2.County = 'Fresno'",162,True,ChatGPT,1,1,What is the average number of test takers from Fresno schools that opened between 1/1/1980 and 12/31/1980?,106,ea,bird_39,results/raw/ChatGPT_bird_ea_20260326_160339.jsonl
True,bird,[true],california_schools,data/bird/dev_databases/california_schools/california_schools.sqlite,simple,False,,True,,"SELECT sc.Phone, sc.Ext
FROM satscores sa
JOIN schools sc ON sc.CDSCode = sa.cds
WHERE sa.AvgScrWrite IS NOT NULL
ORDER BY sa.AvgScrWrite DESC
LIMIT 1 OFFSET 332",True,,"SELECT T2.Phone, T2.Ext FROM satscores AS T1 INNER JOIN schools AS T2 ON T1.cds = T2.CDSCode ORDER BY T1.AvgScrWrite DESC LIMIT 332, 1",134,True,ChatGPT,1,1,What is the phone number and extension number for the school that had the 333rd highest average writing score?,110,ea,bird_57,results/raw/ChatGPT_bird_ea_20260326_160339.jsonl
True,bird,[true],california_schools,data/bird/dev_databases/california_schools/california_schools.sqlite,moderate,False,"Usually, administrators manage the school stuff.",True,,"SELECT sc.School AS school, AVG(ss.AvgScrWrite) AS avg_writing_score
FROM schools sc
JOIN satscores ss ON ss.cds = sc.CDSCode
WHERE (sc.AdmFName1 = 'Ricci' AND sc.AdmLName1 = 'Ulrich')
   OR (sc.AdmFName2 = 'Ricci' AND sc.AdmLName2 = 'Ulrich')
   OR (sc.AdmFName3 = 'Ricci' AND sc.AdmLName3 = 'Ulrich')
GROUP BY sc.CDSCode, sc.School
ORDER BY sc.School",True,,"SELECT T2.School, T1.AvgScrWrite FROM satscores AS T1 INNER JOIN schools AS T2 ON T1.cds = T2.CDSCode WHERE T2.AdmFName1 = 'Ricci' AND T2.AdmLName1 = 'Ulrich'",158,True,ChatGPT,1,1,What is the average writing score of each of the schools managed by Ricci Ulrich? List the schools and the corresponding average writing scores.,144,ea,bird_45,results/raw/ChatGPT_bird_ea_20260326_160339.jsonl
True,bird,[true],california_schools,data/bird/dev_databases/california_schools/california_schools.sqlite,moderate,False,Ratio = count(schools in Colusa) / count(schools in Humboldt),True,,"SELECT 1.0 * SUM(CASE WHEN County = 'Colusa' THEN 1 ELSE 0 END) / NULLIF(SUM(CASE WHEN County = 'Humboldt' THEN 1 ELSE 0 END), 0) AS colusa_to_humboldt_ratio FROM schools WHERE MailState = 'CA' AND County IN ('Colusa','Humboldt')",True,,SELECT CAST(SUM(CASE WHEN County = 'Colusa' THEN 1 ELSE 0 END) AS REAL) / SUM(CASE WHEN County = 'Humboldt' THEN 1 ELSE 0 END) FROM schools WHERE MailState = 'CA',162,True,ChatGPT,1,1,"Of the schools with a mailing state address in California, what is the ratio of the schools located in the county of Colusa against the school located in the county of Humboldt?",177,ea,bird_55,results/raw/ChatGPT_bird_ea_20260326_160339.jsonl
False,bird,[false],california_schools,data/bird/dev_databases/california_schools/california_schools.sqlite,moderate,False,Elementary School District refers to DOC = 52; Unified School District refers to DOC = 54.,False,,"WITH counts AS (
  SELECT
    SUM(CASE WHEN frpm.`District Type` = 'Unified School District' THEN 1 ELSE 0 END) AS unified_cnt,
    SUM(CASE WHEN frpm.`District Type` = 'Elementary School District' THEN 1 ELSE 0 END) AS elem_cnt
  FROM schools s
  JOIN frpm ON frpm.CDSCode = s.CDSCode
  WHERE s.StatusType = 'Merged'
    AND s.County = 'Orange'
)
SELECT CAST(unified_cnt AS REAL) / NULLIF(elem_cnt, 0) AS ratio_unified_to_elementary
FROM counts",True,,SELECT CAST(SUM(CASE WHEN DOC = 54 THEN 1 ELSE 0 END) AS REAL) / SUM(CASE WHEN DOC = 52 THEN 1 ELSE 0 END) FROM schools WHERE StatusType = 'Merged' AND County = 'Orange',169,True,ChatGPT,1,1,What is the ratio of merged Unified School District schools in Orange County to merged Elementary School District schools?,122,ea,bird_48,results/raw/ChatGPT_bird_ea_20260326_160339.jsonl
False,bird,[false],california_schools,data/bird/dev_databases/california_schools/california_schools.sqlite,simple,False,,False,,"SELECT School, MailZip FROM schools WHERE (AdmFName1 = 'Avetik' AND AdmLName1 = 'Atoian') OR (AdmFName2 = 'Avetik' AND AdmLName2 = 'Atoian') OR (AdmFName3 = 'Avetik' AND AdmLName3 = 'Atoian')",True,,"SELECT School, MailZip FROM schools WHERE AdmFName1 = 'Avetik' AND AdmLName1 = 'Atoian'",87,True,ChatGPT,1,1,Please specify all of the schools and their related mailing zip codes that are under Avetik Atoian's administration.,116,ea,bird_54,results/raw/ChatGPT_bird_ea_20260326_160339.jsonl
False,bird,[false],california_schools,data/bird/dev_databases/california_schools/california_schools.sqlite,simple,False,,False,,"SELECT s.NCESSchool, s.School, f.`Enrollment (Ages 5-17)` AS enrollment_ages_5_17
FROM frpm AS f
JOIN schools AS s ON s.CDSCode = f.CDSCode
ORDER BY f.`Enrollment (Ages 5-17)` DESC
LIMIT 5",True,,SELECT T1.NCESSchool FROM schools AS T1 INNER JOIN frpm AS T2 ON T1.CDSCode = T2.CDSCode ORDER BY T2.`Enrollment (Ages 5-17)` DESC LIMIT 5,138,True,ChatGPT,1,1,"List the top five schools, by descending order, from the highest to the lowest, the most number of Enrollment (Ages 5-17). Please give their NCES school identification number.",175,ea,bird_14,results/raw/ChatGPT_bird_ea_20260326_160339.jsonl
False,bird,[false],california_schools,data/bird/dev_databases/california_schools/california_schools.sqlite,simple,False,Total SAT scores can be computed by AvgScrRead + AvgScrMath + AvgScrWrite,False,,SELECT COUNT(*) AS total_schools FROM satscores sa JOIN schools sc ON sc.CDSCode = sa.cds WHERE sc.MailCity = 'Lakeport' AND sa.NumGE1500 >= 1500,True,,SELECT COUNT(T1.cds) FROM satscores AS T1 INNER JOIN schools AS T2 ON T1.cds = T2.CDSCode WHERE T2.MailCity = 'Lakeport' AND (T1.AvgScrRead + T1.AvgScrMath + T1.AvgScrWrite) >= 1500,181,True,ChatGPT,1,1,What is the total number of schools whose total SAT scores are greater or equal to 1500 whose mailing city is Lakeport?,119,ea,bird_52,results/raw/ChatGPT_bird_ea_20260326_160339.jsonl
True,bird,[true],california_schools,data/bird/dev_databases/california_schools/california_schools.sqlite,simple,False,,True,,SELECT COUNT(*) AS active_schools_in_san_joaquin_city_ca_mailing_state FROM schools WHERE MailState = 'CA' AND StatusType = 'Active' AND City = 'San Joaquin',True,,SELECT COUNT(CDSCode) FROM schools WHERE City = 'San Joaquin' AND MailState = 'CA' AND StatusType = 'Active',108,True,ChatGPT,1,1,"Of all the schools with a mailing state address in California, how many are active in San Joaquin city?",103,ea,bird_56,results/raw/ChatGPT_bird_ea_20260326_160339.jsonl
False,bird,[false],california_schools,data/bird/dev_databases/california_schools/california_schools.sqlite,simple,False,,False,,SELECT SUM(sa.NumTstTakr) AS total_test_takers FROM satscores AS sa JOIN schools AS sc ON sc.CDSCode = sa.cds WHERE sc.MailCity = 'Fresno',True,,SELECT T1.NumTstTakr FROM satscores AS T1 INNER JOIN schools AS T2 ON T1.cds = T2.CDSCode WHERE T2.MailCity = 'Fresno',118,True,ChatGPT,1,1,How many test takers are there at the school/s whose mailing city address is in Fresno?,87,ea,bird_53,results/raw/ChatGPT_bird_ea_20260326_160339.jsonl
False,bird,[false],california_schools,data/bird/dev_databases/california_schools/california_schools.sqlite,simple,False,K-12 refers to students in grades 1 through 12.,False,,"SELECT s.City, SUM(f.`Enrollment (K-12)`) AS total_enrollment_k12
FROM schools AS s
JOIN frpm AS f ON f.CDSCode = s.CDSCode
WHERE s.City IS NOT NULL
GROUP BY s.City
ORDER BY total_enrollment_k12 ASC
LIMIT 5",True,,SELECT T2.City FROM frpm AS T1 INNER JOIN schools AS T2 ON T1.CDSCode = T2.CDSCode GROUP BY T2.City ORDER BY SUM(T1.`Enrollment (K-12)`) ASC LIMIT 5,148,True,ChatGPT,1,1,Which cities have the top 5 lowest enrollment number for students in grades 1 through 12?,89,ea,bird_30,results/raw/ChatGPT_bird_ea_20260326_160339.jsonl
False,bird,[false],california_schools,data/bird/dev_databases/california_schools/california_schools.sqlite,simple,False,,False,,"SELECT CDSCode, School, Website FROM schools WHERE (AdmFName1 = 'Mike' AND AdmLName1 = 'Larson') OR (AdmFName2 = 'Mike' AND AdmLName2 = 'Larson') OR (AdmFName3 = 'Mike' AND AdmLName3 = 'Larson') OR (AdmFName1 = 'Dante' AND AdmLName1 = 'Alvarez') OR (AdmFName2 = 'Dante' AND AdmLName2 = 'Alvarez') OR (AdmFName3 = 'Dante' AND AdmLName3 = 'Alvarez')",True,,SELECT Website FROM schools WHERE (AdmFName1 = 'Mike' AND AdmLName1 = 'Larson') OR (AdmFName1 = 'Dante' AND AdmLName1 = 'Alvarez'),130,True,ChatGPT,1,1,What is the website for the schools under the administrations of Mike Larson and Dante Alvarez?,95,ea,bird_59,results/raw/ChatGPT_bird_ea_20260326_160339.jsonl
True,bird,[true],california_schools,data/bird/dev_databases/california_schools/california_schools.sqlite,moderate,False,Ratio in percentage = (count(locally funded schools in Santa Clara) / count(all funding type schools in Santa Clara) * 100%,True,,"SELECT 100.0 * SUM(CASE WHEN s.County = 'Santa Clara' AND s.Charter = 1 AND s.FundingType = 'Locally funded' THEN 1 ELSE 0 END) / NULLIF(SUM(CASE WHEN s.County = 'Santa Clara' AND s.Charter = 1 AND s.FundingType IS NOT NULL AND s.FundingType <> 'Locally funded' THEN 1 ELSE 0 END), 0) AS locally_funded_to_other_charter_funding_ratio_pct FROM schools s",True,,SELECT CAST(SUM(CASE WHEN FundingType = 'Locally funded' THEN 1 ELSE 0 END) AS REAL) * 100 / SUM(CASE WHEN FundingType != 'Locally funded' THEN 1 ELSE 0 END) FROM schools WHERE County = 'Santa Clara' AND Charter = 1,215,True,ChatGPT,1,1,What is the ratio in percentage of Santa Clara County schools that are locally funded compared to all other types of charter school funding?,140,ea,bird_65,results/raw/ChatGPT_bird_ea_20260326_160339.jsonl
False,bird,[false],california_schools,data/bird/dev_databases/california_schools/california_schools.sqlite,moderate,False,Communication number refers to phone number.,False,,"SELECT sc.School AS `School Name`, sa.AvgScrWrite AS `Avg Writing Score`, sc.Phone AS `Communication Number` FROM schools sc JOIN satscores sa ON sa.cds = sc.CDSCode WHERE (sc.OpenDate > '1991-12-31' OR sc.ClosedDate < '2000-01-01') AND sa.AvgScrWrite IS NOT NULL",True,,"SELECT T2.School, T1.AvgScrWrite, T2.Phone FROM schools AS T2 LEFT JOIN satscores AS T1 ON T2.CDSCode = T1.cds WHERE strftime('%Y', T2.OpenDate) > '1991' OR strftime('%Y', T2.ClosedDate) < '2000'",195,True,ChatGPT,1,1,"What is the average score in writing for the schools that were opened after 1991 or closed before 2000? List the school names along with the score. Also, list the communication number of the schools if there is any.",215,ea,bird_27,results/raw/ChatGPT_bird_ea_20260326_160339.jsonl
False,bird,[false],california_schools,data/bird/dev_databases/california_schools/california_schools.sqlite,challenging,False,non-chartered schools refer to schools whose Charter = 0; K-12 means grades 1 through 12; percent of eligible free rate for K-12 = `Free Meal Count (K-12)` * 100 / `Enrollment (K-12)`,False,,"SELECT COUNT(*) AS total_non_chartered_schools
FROM frpm
WHERE `County Name` = 'Los Angeles'
  AND `Charter School (Y/N)` = 0
  AND `Percent (%) Eligible Free (K-12)` < 0.18",True,,SELECT COUNT(T2.School) FROM frpm AS T1 INNER JOIN schools AS T2 ON T1.CDSCode = T2.CDSCode WHERE T2.County = 'Los Angeles' AND T2.Charter = 0 AND CAST(T1.`Free Meal Count (K-12)` AS REAL) * 100 / T1.`Enrollment (K-12)` < 0.18,226,True,ChatGPT,1,1,What is the total number of non-chartered schools in the county of Los Angeles with a percent (%) of eligible free meals for grades 1 through 12 that is less than 0.18%?,169,ea,bird_62,results/raw/ChatGPT_bird_ea_20260326_160339.jsonl
False,bird,[false],california_schools,data/bird/dev_databases/california_schools/california_schools.sqlite,simple,False,"When magent is equal to 0 in the database, it means ths school doesn't offer a magnet program.",False,,SELECT f.`District Code` FROM frpm AS f JOIN schools AS s ON s.CDSCode = f.CDSCode WHERE s.City = 'Fresno' AND s.Magnet = 0 LIMIT 1,True,,SELECT T1.`District Code` FROM frpm AS T1 INNER JOIN schools AS T2 ON T1.CDSCode = T2.CDSCode WHERE T2.City = 'Fresno' AND T2.Magnet = 0,136,True,ChatGPT,1,1,What is the district code for the School that does not offer a magnet program in the city of Fresno?,100,ea,bird_71,results/raw/ChatGPT_bird_ea_20260326_160339.jsonl
False,bird,[false],california_schools,data/bird/dev_databases/california_schools/california_schools.sqlite,moderate,False,Closure date and closed date are synonyms; 'Closed' was mentioned in schools.StatusType.,False,,"WITH county_max AS (
  SELECT County
  FROM schools
  WHERE StatusType = 'Closed'
  GROUP BY County
  ORDER BY COUNT(*) DESC
  LIMIT 1
)
SELECT s.County, s.School, s.ClosedDate
FROM schools s
JOIN county_max cm ON cm.County = s.County
WHERE s.StatusType = 'Closed'
ORDER BY s.ClosedDate, s.School",True,,"SELECT DISTINCT County, School, ClosedDate FROM schools WHERE County = ( SELECT County FROM schools WHERE StatusType = 'Closed' GROUP BY County ORDER BY COUNT(School) DESC LIMIT 1 ) AND StatusType = 'Closed' AND school IS NOT NULL",230,True,ChatGPT,1,1,Which different county has the most number of closed schools? Please provide the name of each school as well as the closure date.,129,ea,bird_49,results/raw/ChatGPT_bird_ea_20260326_160339.jsonl
False,bird,[false],california_schools,data/bird/dev_databases/california_schools/california_schools.sqlite,simple,False,,False,,"SELECT School AS `School Name`, Phone, Ext AS `Extension` FROM schools WHERE Zip = '95203-3704'",True,,"SELECT Phone, Ext, School FROM schools WHERE Zip = '95203-3704'",63,True,ChatGPT,1,1,What is the phone number and extension number for the school with the zip code 95203-3704? Indicate the school's name.,118,ea,bird_58,results/raw/ChatGPT_bird_ea_20260326_160339.jsonl
False,bird,[false],california_schools,data/bird/dev_databases/california_schools/california_schools.sqlite,simple,False,"Chartered schools refer to Charter = 1 in the table schools; Full name refers to first name, last name",False,,"SELECT s.School AS `School Name`, s.City, s.AdmFName1, s.AdmLName1, s.AdmEmail1, s.AdmFName2, s.AdmLName2, s.AdmEmail2, s.AdmFName3, s.AdmLName3, s.AdmEmail3 FROM schools AS s WHERE s.Charter = 1 AND s.CharterNum = '00D2'",True,,"SELECT AdmFName1, AdmLName1, School, City FROM schools WHERE Charter = 1 AND CharterNum = '00D2'",96,True,ChatGPT,1,1,"In chartered schools with charter number 00D2, what are the names of all the administrators? Include the name of the school and the city to which it belongs",156,ea,bird_63,results/raw/ChatGPT_bird_ea_20260326_160339.jsonl
False,bird,[false],california_schools,data/bird/dev_databases/california_schools/california_schools.sqlite,moderate,False,State Special School means EdOpsCode = 'SSS',False,,SELECT f.`Enrollment (Ages 5-17)` AS enrollment_ages_5_17 FROM frpm AS f WHERE f.`Academic Year` = '2014-2015' AND f.`School Name` = 'State Special School' AND f.`District Name` = 'Fremont' LIMIT 1,True,,SELECT T1.`Enrollment (Ages 5-17)` FROM frpm AS T1 INNER JOIN schools AS T2 ON T1.CDSCode = T2.CDSCode WHERE T2.EdOpsCode = 'SSS' AND T2.City = 'Fremont' AND T1.`Academic Year` BETWEEN 2014 AND 2015,198,True,ChatGPT,1,1,How many students from the ages of 5 to 17 are enrolled at the State Special School school in Fremont for the 2014-2015 academic year?,134,ea,bird_72,results/raw/ChatGPT_bird_ea_20260326_160339.jsonl
True,bird,[true],california_schools,data/bird/dev_databases/california_schools/california_schools.sqlite,simple,False,,True,,SELECT COUNT(*) AS total_schools FROM schools WHERE MailCity = 'Hickman' AND CharterNum = '00D4',True,,SELECT COUNT(*) FROM schools WHERE CharterNum = '00D4' AND MailCity = 'Hickman',79,True,ChatGPT,1,1,What is the total number of schools with a mailing city in Hickman belonging to the charter number 00D4?,104,ea,bird_64,results/raw/ChatGPT_bird_ea_20260326_160339.jsonl
False,bird,[false],california_schools,data/bird/dev_databases/california_schools/california_schools.sqlite,simple,False,,False,,"SELECT f.`School Name` AS school_name, s.EdOpsName AS educational_level_name
FROM frpm AS f
JOIN schools AS s ON s.CDSCode = f.CDSCode
WHERE f.`County Code` = '37'
  AND f.`NSLP Provision Status` = 'Breakfast Provision 2'",True,,"SELECT T2.EILName, T2.School FROM frpm AS T1 INNER JOIN schools AS T2 ON T1.CDSCode = T2.CDSCode WHERE T1.`NSLP Provision Status` = 'Breakfast Provision 2' AND T1.`County Code` = 37",181,True,ChatGPT,1,1,What is the educational level name for the schools with Breakfast Provision 2 in county code 37? Indicate the name of the school.,129,ea,bird_75,results/raw/ChatGPT_bird_ea_20260326_160339.jsonl
False,bird,[false],california_schools,data/bird/dev_databases/california_schools/california_schools.sqlite,simple,False,State Special Schools means that SOC = 31.,False,,"SELECT CDSCode, NCESDist FROM schools WHERE DOC IS NOT NULL AND DOC <> '' AND SOCType = 'State Special Schools'",True,,SELECT NCESDist FROM schools WHERE SOC = 31,43,True,ChatGPT,1,1,Please provide the National Center for Educational Statistics school district identification number for all schools with a School Ownership Code that are part of the State Special Schools.,188,ea,bird_69,results/raw/ChatGPT_bird_ea_20260326_160339.jsonl
True,bird,[true],california_schools,data/bird/dev_databases/california_schools/california_schools.sqlite,simple,False,Virtual = 'P' means partially virtual; Charter schools refers to Charter = 1 in the table schools,True,,SELECT Website FROM schools WHERE County = 'San Joaquin' AND Virtual = 'P' AND Charter = 1 AND Website IS NOT NULL,True,,SELECT Website FROM schools WHERE County = 'San Joaquin' AND Virtual = 'P' AND Charter = 1,90,True,ChatGPT,1,1,What are the websites for all the partially virtual chartered schools located in San Joaquin?,93,ea,bird_60,results/raw/ChatGPT_bird_ea_20260326_160339.jsonl
False,bird,[false],california_schools,data/bird/dev_databases/california_schools/california_schools.sqlite,challenging,False,Difference between K-12 enrollment and 15-17 enrollment can be computed by `Enrollment (K-12)` - `Enrollment (Ages 5-17)`,False,,"WITH locally_funded AS (
  SELECT
    s.CDSCode,
    s.School AS school_name,
    s.DOCType AS doc_type,
    f.`Enrollment (K-12)` AS enroll_k12,
    f.`Enrollment (Ages 5-17)` AS enroll_5_17,
    (f.`Enrollment (K-12)` - f.`Enrollment (Ages 5-17)`) AS diff_enroll
  FROM schools s
  JOIN frpm f ON f.CDSCode = s.CDSCode
  WHERE s.FundingType = 'Locally funded'
    AND f.`Enrollment (K-12)` IS NOT NULL
    AND f.`Enrollment (Ages 5-17)` IS NOT NULL
), avg_diff AS (
  SELECT AVG(diff_enroll) AS avg_diff_enroll
  FROM locally_funded
)
SELECT lf.school_name, lf.doc_type
FROM locally_funded lf
CROSS JOIN avg_diff ad
WHERE lf.diff_enroll > ad.avg_diff_enroll",True,,"SELECT T2.School, T2.DOC FROM frpm AS T1 INNER JOIN schools AS T2 ON T1.CDSCode = T2.CDSCode WHERE T2.FundingType = 'Locally funded' AND (T1.`Enrollment (K-12)` - T1.`Enrollment (Ages 5-17)`) > (SELECT AVG(T3.`Enrollment (K-12)` - T3.`Enrollment (Ages 5-17)`) FROM frpm AS T3 INNER JOIN schools AS T4 ON T3.CDSCode = T4.CDSCode WHERE T4.FundingType = 'Locally funded')",368,True,ChatGPT,1,1,"Consider the average difference between K-12 enrollment and 15-17 enrollment of schools that are locally funded, list the names and DOC type of schools which has a difference above this average.",194,ea,bird_28,results/raw/ChatGPT_bird_ea_20260326_160339.jsonl
False,bird,[false],california_schools,data/bird/dev_databases/california_schools/california_schools.sqlite,moderate,False,High school can be represented as EILCode = 'HS',False,,SELECT s.City FROM frpm AS f JOIN schools AS s ON s.CDSCode = f.CDSCode WHERE f.`County Name` = 'Merced' AND f.`NSLP Provision Status` = 'Provision 2' AND f.`School Type` = 'High School' AND f.`Low Grade` = '9' AND f.`High Grade` = '12' LIMIT 1,True,,SELECT T2.City FROM frpm AS T1 INNER JOIN schools AS T2 ON T1.CDSCode = T2.CDSCode WHERE T1.`NSLP Provision Status` = 'Lunch Provision 2' AND T2.County = 'Merced' AND T1.`Low Grade` = 9 AND T1.`High Grade` = 12 AND T2.EILCode = 'HS',232,True,ChatGPT,1,1,What is the city location of the high school level school with Lunch Provision 2 whose lowest grade is 9 and the highest grade is 12 in the county of Merced?,157,ea,bird_76,results/raw/ChatGPT_bird_ea_20260326_160339.jsonl
True,bird,[true],california_schools,data/bird/dev_databases/california_schools/california_schools.sqlite,simple,False,Elementary School District refers to DOC = 52; Chartered schools refer to Charter = 1 in the table schools,True,,SELECT COUNT(*) AS num_schools FROM frpm WHERE `Charter School (Y/N)` = 1 AND `District Type` = 'Elementary School District' AND CDSCode IN (SELECT CDSCode FROM schools WHERE City = 'Hickman'),True,,SELECT COUNT(School) FROM schools WHERE DOC = 52 AND Charter = 1 AND City = 'Hickman',85,True,ChatGPT,1,1,How many chartered schools located in the city of Hickman are owned by the Elementary School District?,102,ea,bird_61,results/raw/ChatGPT_bird_ea_20260326_160339.jsonl
False,bird,[false],financial,data/bird/dev_databases/financial/financial.sqlite,moderate,False,A3 contains the data of region; 'POPLATEK PO OBRATU' represents for 'issuance after transaction'.,False,,"SELECT COUNT(DISTINCT a.account_id) AS account_count
FROM account a
JOIN district d ON d.district_id = a.district_id
JOIN disp dp ON dp.account_id = a.account_id
JOIN card c ON c.disp_id = dp.disp_id
JOIN trans t ON t.account_id = a.account_id
WHERE d.A3 = 'East Bohemia'
  AND c.issued > t.date",True,,SELECT COUNT(T2.account_id) FROM district AS T1 INNER JOIN account AS T2 ON T1.district_id = T2.district_id WHERE T1.A3 = 'east Bohemia' AND T2.frequency = 'POPLATEK PO OBRATU',176,True,ChatGPT,1,1,How many accounts who choose issuance after transaction are staying in East Bohemia region?,91,ea,bird_89,results/raw/ChatGPT_bird_ea_20260326_160339.jsonl
False,bird,[false],financial,data/bird/dev_databases/financial/financial.sqlite,simple,False,A12 refers to unemploymant rate 1995; A13 refers to unemploymant rate 1996,False,,"SELECT year, avg_unemployment_ratio FROM (SELECT '1995' AS year, AVG(A12) AS avg_unemployment_ratio FROM district UNION ALL SELECT '1996' AS year, AVG(A13) AS avg_unemployment_ratio FROM district) t ORDER BY avg_unemployment_ratio DESC",True,,"SELECT DISTINCT IIF(AVG(A13) > AVG(A12), '1996', '1995') FROM district",70,True,ChatGPT,1,1,"The average unemployment ratio of 1995 and 1996, which one has higher percentage?",81,ea,bird_91,results/raw/ChatGPT_bird_ea_20260326_160339.jsonl
True,bird,[true],california_schools,data/bird/dev_databases/california_schools/california_schools.sqlite,simple,False,Directly funded schools refers to FundingType = 'Directly Funded',True,,"SELECT COUNT(*) AS num_directly_funded_schools_opened
FROM schools
WHERE County = 'Stanislaus'
  AND FundingType = 'Directly funded'
  AND OpenDate BETWEEN '2000-01-01' AND '2005-12-31'",True,,"SELECT COUNT(School) FROM schools WHERE strftime('%Y', OpenDate) BETWEEN '2000' AND '2005' AND County = 'Stanislaus' AND FundingType = 'Directly funded'",152,True,ChatGPT,1,1,"Between 1/1/2000 to 12/31/2005, how many directly funded schools opened in the county of Stanislaus?",100,ea,bird_66,results/raw/ChatGPT_bird_ea_20260326_160339.jsonl
False,bird,[false],california_schools,data/bird/dev_databases/california_schools/california_schools.sqlite,challenging,False,Kindergarten to 8th grade refers to K-8; 'Offers a magnet program' means Magnet = 1; Multiple Provision Types refers to `NSLP Provision Status` = 'Multiple Provision Types',False,,"SELECT s.City AS city, COUNT(*) AS schools_k_8_magnet, SUM(CASE WHEN f.`NSLP Provision Status` = 'Multiple Provision Types' THEN 1 ELSE 0 END) AS schools_multiple_provision_types FROM schools s JOIN frpm f ON f.CDSCode = s.CDSCode WHERE s.Magnet = 1 AND f.`Low Grade` = 'K' AND f.`High Grade` = '8' GROUP BY s.City ORDER BY schools_k_8_magnet DESC, city ASC",True,,"SELECT T2.City, COUNT(T2.CDSCode) FROM frpm AS T1 INNER JOIN schools AS T2 ON T1.CDSCode = T2.CDSCode WHERE T2.Magnet = 1 AND T2.GSoffered = 'K-8' AND T1.`NSLP Provision Status` = 'Multiple Provision Types' GROUP BY T2.City",223,True,ChatGPT,1,1,"Of the schools that offers a magnet program serving a grade span of Kindergarten to 8th grade, how many offers Multiple Provision Types? List the number of cities that offers a Kindergarten to 8th grade span and indicate how many schools are there serving such grade span for each city.",286,ea,bird_83,results/raw/ChatGPT_bird_ea_20260326_160339.jsonl
False,bird,[false],california_schools,data/bird/dev_databases/california_schools/california_schools.sqlite,moderate,False,District Special Education Consortia School refers to EdOpsCode = 'SPECON'.,False,,SELECT f.`Low Grade` FROM schools AS s JOIN frpm AS f ON f.CDSCode = s.CDSCode WHERE s.NCESDist = '0613360' AND s.DOCType = 'District Special Education Consortia School' LIMIT 1,True,,SELECT MIN(T1.`Low Grade`) FROM frpm AS T1 INNER JOIN schools AS T2 ON T1.CDSCode = T2.CDSCode WHERE T2.NCESDist = '0613360' AND T2.EdOpsCode = 'SPECON',152,True,ChatGPT,1,1,What is the lowest grade for the District Special Education Consortia School with National Center for Educational Statistics school district identification number of 0613360?,174,ea,bird_74,results/raw/ChatGPT_bird_ea_20260326_160339.jsonl
False,bird,[false],california_schools,data/bird/dev_databases/california_schools/california_schools.sqlite,simple,False,,False,,"SELECT sc.School AS school_name, sc.AdmEmail1 AS administrator_email FROM satscores sa JOIN schools sc ON sc.CDSCode = sa.cds WHERE sa.NumGE1500 IS NOT NULL ORDER BY sa.NumGE1500 DESC, sa.NumTstTakr DESC LIMIT 1",True,,"SELECT T2.AdmEmail1, T2.School FROM satscores AS T1 INNER JOIN schools AS T2 ON T1.cds = T2.CDSCode ORDER BY T1.NumGE1500 DESC LIMIT 1",134,True,ChatGPT,1,1,What is the administrator's email address for the school with the highest number of test takers who received SAT scores of at least 1500?Provide the name of the school.,168,ea,bird_88,results/raw/ChatGPT_bird_ea_20260326_160339.jsonl
True,bird,[true],financial,data/bird/dev_databases/financial/financial.sqlite,simple,False,A11 refers to average salary; Female mapps to gender = 'F',True,,"SELECT COUNT(*) AS num_districts
FROM (
  SELECT d.district_id
  FROM district d
  JOIN client c ON c.district_id = d.district_id
  WHERE c.gender = 'F'
  GROUP BY d.district_id
  HAVING AVG(d.A11) > 6000 AND AVG(d.A11) < 10000
) x",True,,SELECT COUNT(DISTINCT T2.district_id)  FROM client AS T1 INNER JOIN district AS T2 ON T1.district_id = T2.district_id WHERE T1.gender = 'F' AND T2.A11 BETWEEN 6000 AND 10000,173,True,ChatGPT,1,1,List out the no. of districts that have female average salary is more than 6000 but less than 10000?,100,ea,bird_92,results/raw/ChatGPT_bird_ea_20260326_160339.jsonl
False,bird,[false],financial,data/bird/dev_databases/financial/financial.sqlite,moderate,False,Male means that gender = 'M'; A3 refers to region; A11 pertains to average salary.,False,,SELECT COUNT(DISTINCT c.client_id) AS male_customers_count FROM client c JOIN district d ON d.district_id = c.district_id WHERE c.gender = 'M' AND d.A3 = 'North Bohemia' AND d.A11 > 8000,True,,SELECT COUNT(T1.client_id) FROM client AS T1 INNER JOIN district AS T2 ON T1.district_id = T2.district_id WHERE T1.gender = 'M' AND T2.A3 = 'north Bohemia' AND T2.A11 > 8000,173,True,ChatGPT,1,1,How many male customers who are living in North Bohemia have average salary greater than 8000?,94,ea,bird_93,results/raw/ChatGPT_bird_ea_20260326_160339.jsonl
False,bird,[false],california_schools,data/bird/dev_databases/california_schools/california_schools.sqlite,simple,False,,False,,"SELECT s.StatusType, COUNT(*) AS SchoolCount FROM schools AS s WHERE s.County = 'Alpine' AND s.DOCType = 'District Community Day School' AND s.StatusType IN ('Active','Closed') GROUP BY s.StatusType",True,,SELECT COUNT(School) FROM schools WHERE (StatusType = 'Closed' OR StatusType = 'Active') AND SOC = 69 AND County = 'Alpine',123,True,ChatGPT,1,1,How many active and closed District Community Day Schools are there in the county of Alpine?,92,ea,bird_70,results/raw/ChatGPT_bird_ea_20260326_160339.jsonl
False,bird,[false],financial,data/bird/dev_databases/financial/financial.sqlite,moderate,False,'POPLATEK TYDNE' stands for weekly issuance,False,,"SELECT a.account_id, l.amount AS approved_amount
FROM loan l
JOIN account a ON a.account_id = l.account_id
WHERE l.status = 'A'
  AND strftime('%Y', l.date) = '1997'
  AND a.frequency = 'WEEKLY'
  AND l.amount = (
    SELECT MIN(l2.amount)
    FROM loan l2
    JOIN account a2 ON a2.account_id = l2.account_id
    WHERE l2.status = 'A'
      AND strftime('%Y', l2.date) = '1997'
      AND a2.frequency = 'WEEKLY'
  )",True,,"SELECT T2.account_id FROM loan AS T1 INNER JOIN account AS T2 ON T1.account_id = T2.account_id WHERE STRFTIME('%Y', T1.date) = '1997' AND T2.frequency = 'POPLATEK TYDNE' ORDER BY T1.amount LIMIT 1",196,True,ChatGPT,1,1,"Among the accounts who have approved loan date in 1997, list out the accounts that have the lowest approved amount and choose weekly issuance statement.",152,ea,bird_98,results/raw/ChatGPT_bird_ea_20260326_160339.jsonl
False,bird,[false],financial,data/bird/dev_databases/financial/financial.sqlite,simple,False,'POPLATEK TYDNE' stands for weekly issuance,False,,SELECT COUNT(DISTINCT d.client_id) AS owner_weekly_customers FROM disp d JOIN account a ON a.account_id = d.account_id WHERE d.type = 'OWNER' AND a.frequency = 'weekly issuance',True,,SELECT COUNT(T1.account_id) FROM account AS T1 INNER JOIN disp AS T2 ON T1.account_id = T2.account_id WHERE T2.type = 'OWNER' AND T1.frequency = 'POPLATEK TYDNE',161,True,ChatGPT,1,1,How many customers who choose statement of weekly issuance are Owner?,69,ea,bird_96,results/raw/ChatGPT_bird_ea_20260326_160339.jsonl
True,bird,[true],financial,data/bird/dev_databases/financial/financial.sqlite,moderate,False,"If the person A's birthdate < B's birthdate, it means that person B is younger than person A; A11 refers to average salary",True,,"WITH youngest AS (SELECT c.client_id, c.birth_date, d.A11 AS avg_salary FROM client c JOIN district d ON d.district_id = c.district_id WHERE c.birth_date = (SELECT MAX(birth_date) FROM client)), top_youngest AS (SELECT client_id FROM youngest WHERE avg_salary = (SELECT MAX(avg_salary) FROM youngest)) SELECT DISTINCT dp.account_id FROM disp dp JOIN top_youngest ty ON ty.client_id = dp.client_id",True,,"SELECT T1.account_id  FROM account AS T1 INNER JOIN disp AS T2 ON T1.account_id = T2.account_id INNER JOIN client AS T3 ON T2.client_id = T3.client_id INNER JOIN district AS T4 on T4.district_id = T1.district_id WHERE T2.client_id = ( SELECT client_id FROM client ORDER BY birth_date DESC LIMIT 1) GROUP BY T4.A11, T1.account_id",328,True,ChatGPT,1,1,List out the account numbers of clients who are youngest and have highest average salary?,89,ea,bird_95,results/raw/ChatGPT_bird_ea_20260326_160339.jsonl
False,bird,[false],financial,data/bird/dev_databases/financial/financial.sqlite,moderate,False,Loan validity more than 12 months refers to duration > 12,False,,"SELECT a.account_id, l.amount AS approved_amount
FROM account AS a
JOIN loan AS l ON l.account_id = a.account_id
WHERE l.duration > 12
  AND l.status = 'A'
  AND a.date >= '1993-01-01' AND a.date < '1994-01-01'
  AND l.amount = (
    SELECT MAX(l2.amount)
    FROM account AS a2
    JOIN loan AS l2 ON l2.account_id = a2.account_id
    WHERE l2.duration > 12
      AND l2.status = 'A'
      AND a2.date >= '1993-01-01' AND a2.date < '1994-01-01'
  )",True,,"SELECT T1.account_id FROM loan AS T1 INNER JOIN account AS T2 ON T1.account_id = T2.account_id WHERE STRFTIME('%Y', T2.date) = '1993' AND T1.duration > 12 ORDER BY T1.amount DESC LIMIT 1",186,True,ChatGPT,1,1,"Among the accounts who have loan validity more than 12 months, list out the accounts that have the highest approved amount and have account opening date in 1993.",161,ea,bird_99,results/raw/ChatGPT_bird_ea_20260326_160339.jsonl
False,bird,[false],california_schools,data/bird/dev_databases/california_schools/california_schools.sqlite,moderate,False,Percent (%) Eligible FRPM (Ages 5-17) can be acquired by `FRPM Count (Ages 5-17)` / `Enrollment (Ages 5-17)` * 100,False,,"SELECT `School Name`, `Percent (%) Eligible FRPM (Ages 5-17)` FROM frpm WHERE `County Name` = 'Los Angeles' AND `Low Grade` = 'K' AND `High Grade` = '9'",True,,"SELECT T2.School, T1.`FRPM Count (Ages 5-17)` * 100 / T1.`Enrollment (Ages 5-17)` FROM frpm AS T1 INNER JOIN schools AS T2 ON T1.CDSCode = T2.CDSCode WHERE T2.County = 'Los Angeles' AND T2.GSserved = 'K-9'",205,True,ChatGPT,1,1,Which schools served a grade span of Kindergarten to 9th grade in the county of Los Angeles and what is its Percent (%) Eligible FRPM (Ages 5-17)?,146,ea,bird_77,results/raw/ChatGPT_bird_ea_20260326_160339.jsonl
False,bird,[false],california_schools,data/bird/dev_databases/california_schools/california_schools.sqlite,moderate,False,Youth Authority Facilities (CEA) refers to SOC = 11; 1980s = years between 1980 and 1989,False,,"SELECT s.County AS county, COUNT(*) AS num_school_closures_1980s
FROM schools AS s
WHERE s.ClosedDate >= '1980-01-01'
  AND s.ClosedDate < '1990-01-01'
  AND s.DOC = 'CEA'
GROUP BY s.County
ORDER BY num_school_closures_1980s DESC
LIMIT 1",True,,"SELECT County FROM schools WHERE strftime('%Y', ClosedDate) BETWEEN '1980' AND '1989' AND StatusType = 'Closed' AND SOC = 11 GROUP BY County ORDER BY COUNT(School) DESC LIMIT 1",176,True,ChatGPT,1,1,Which county reported the most number of school closure in the 1980s with school wonership code belonging to Youth Authority Facilities (CEA)?,142,ea,bird_68,results/raw/ChatGPT_bird_ea_20260326_160339.jsonl
True,bird,[true],california_schools,data/bird/dev_databases/california_schools/california_schools.sqlite,simple,False,,True,,SELECT COUNT(*) AS total_closures_1989 FROM schools WHERE DOCType = 'Community College District' AND City = 'San Francisco' AND ClosedDate >= '1989-01-01' AND ClosedDate < '1990-01-01',True,,"SELECT COUNT(School) FROM schools WHERE strftime('%Y', ClosedDate) = '1989' AND City = 'San Francisco' AND DOCType = 'Community College District'",145,True,ChatGPT,1,1,What is the total amount of Community College District closure in 1989 in the city of San Francisco?,100,ea,bird_67,results/raw/ChatGPT_bird_ea_20260326_160339.jsonl
False,bird,[false],financial,data/bird/dev_databases/financial/financial.sqlite,simple,False,'POPLATEK PO OBRATU' stands for issuance after transaction,False,,"SELECT DISTINCT d.client_id
FROM disp AS d
JOIN account AS a ON a.account_id = d.account_id
WHERE d.type = 'DISPONENT'
  AND a.frequency = 'POPLATEK MESICNE'",True,,SELECT T2.client_id FROM account AS T1 INNER JOIN disp AS T2 ON T1.account_id = T2.account_id WHERE T1.frequency = 'POPLATEK PO OBRATU' AND T2.type = 'DISPONENT',161,True,ChatGPT,1,1,List out the id number of client who choose statement of issuance after transaction are Disponent?,98,ea,bird_97,results/raw/ChatGPT_bird_ea_20260326_160339.jsonl
False,bird,[false],california_schools,data/bird/dev_databases/california_schools/california_schools.sqlite,simple,False,,False,,SELECT f.`FRPM Count (Ages 5-17)` AS frpm_count_ages_5_17 FROM schools s JOIN frpm f ON f.CDSCode = s.CDSCode WHERE s.DOCType = 'Youth Authority School' AND s.MailStreet = 'PO Box 1040' LIMIT 1,True,,SELECT T1.`FRPM Count (Ages 5-17)` FROM frpm AS T1 INNER JOIN schools AS T2 ON T1.CDSCode = T2.CDSCode WHERE T2.MailStreet = 'PO Box 1040' AND T2.SOCType = 'Youth Authority Facilities',184,True,ChatGPT,1,1,What is the free or reduced price meal count for ages 5 to 17 in the Youth Authority School with a mailing street address of PO Box 1040?,137,ea,bird_73,results/raw/ChatGPT_bird_ea_20260326_160339.jsonl
False,bird,[false],california_schools,data/bird/dev_databases/california_schools/california_schools.sqlite,simple,False,,False,,"SELECT s.GSserved AS grade_span_served, COUNT(*) AS school_count
FROM schools s
WHERE s.City = 'Adelanto' AND s.GSserved IS NOT NULL
GROUP BY s.GSserved
ORDER BY school_count DESC
LIMIT 1",True,,SELECT GSserved FROM schools WHERE City = 'Adelanto' GROUP BY GSserved ORDER BY COUNT(GSserved) DESC LIMIT 1,108,True,ChatGPT,1,1,What is the most common type of grade span served in the city of Adelanto?,74,ea,bird_78,results/raw/ChatGPT_bird_ea_20260326_160339.jsonl
False,bird,[false],california_schools,data/bird/dev_databases/california_schools/california_schools.sqlite,simple,False,the highest longitude refers to the school with the maximum absolute longitude value.,False,,SELECT GSoffered FROM schools ORDER BY Longitude DESC LIMIT 1,True,,SELECT GSoffered FROM schools ORDER BY ABS(longitude) DESC LIMIT 1,66,True,ChatGPT,1,1,What is the grade span offered in the school with the highest longitude?,72,ea,bird_82,results/raw/ChatGPT_bird_ea_20260326_160339.jsonl
False,bird,[false],california_schools,data/bird/dev_databases/california_schools/california_schools.sqlite,moderate,False,'Does not offer physical building' means Virtual = F in the database.,False,,"SELECT s.County, COUNT(*) AS num_schools_no_physical_building FROM schools s WHERE s.County IN ('San Diego','Santa Barbara') AND (s.Street IS NULL OR TRIM(s.Street) = '') GROUP BY s.County ORDER BY num_schools_no_physical_building DESC LIMIT 1",True,,"SELECT County, COUNT(Virtual) FROM schools WHERE (County = 'San Diego' OR County = 'Santa Barbara') AND Virtual = 'F' GROUP BY County ORDER BY COUNT(Virtual) DESC LIMIT 1",170,True,ChatGPT,1,1,"Between San Diego and Santa Barbara, which county offers the most number of schools that does not offer physical building? Indicate the amount.",143,ea,bird_79,results/raw/ChatGPT_bird_ea_20260326_160339.jsonl
False,bird,[false],california_schools,data/bird/dev_databases/california_schools/california_schools.sqlite,simple,False,,False,,"SELECT s.AdmLName1 AS administrator_last_name, s.District AS district, s.County AS county, s.School AS school_name FROM schools s WHERE s.CharterNum = '40' AND s.AdmLName1 IS NOT NULL",True,,"SELECT AdmLName1, District, County, School FROM schools WHERE CharterNum = '0040'",81,True,ChatGPT,1,1,"What is the administrator's last name that oversees the school with Charter number 40? Indicate the district, the county where the school is situated, and the name of the school.",178,ea,bird_86,results/raw/ChatGPT_bird_ea_20260326_160339.jsonl
False,bird,[false],financial,data/bird/dev_databases/financial/financial.sqlite,challenging,False,"Female means gender = 'F'; A11 refers to average salary; Gap = highest average salary - lowest average salary; If the person A's birthdate > B's birthdate, it means that person B is order than person A.",False,,"WITH district_salary AS (
  SELECT district_id, A11 AS avg_salary
  FROM district
),
min_salary AS (
  SELECT MIN(avg_salary) AS min_avg_salary FROM district_salary
),
max_salary AS (
  SELECT MAX(avg_salary) AS max_avg_salary FROM district_salary
),
oldest_female_min_salary AS (
  SELECT d.account_id
  FROM disp d
  JOIN client c ON c.client_id = d.client_id
  JOIN district_salary ds ON ds.district_id = c.district_id
  WHERE c.gender = 'F'
    AND ds.avg_salary = (SELECT min_avg_salary FROM min_salary)
    AND c.birth_date = (
      SELECT MIN(c2.birth_date)
      FROM disp d2
      JOIN client c2 ON c2.client_id = d2.client_id
      JOIN district_salary ds2 ON ds2.district_id = c2.district_id
      WHERE c2.gender = 'F'
        AND ds2.avg_salary = (SELECT min_avg_salary FROM min_salary)
    )
)
SELECT DISTINCT account_id,
       (SELECT max_avg_salary FROM max_salary) - (SELECT min_avg_salary FROM min_salary) AS salary_gap
FROM oldest_female_min_salary
ORDER BY account_id",True,,"SELECT T1.account_id , ( SELECT MAX(A11) - MIN(A11) FROM district ) FROM account AS T1 INNER JOIN district AS T2 ON T1.district_id = T2.district_id INNER JOIN disp AS T3 ON T1.account_id = T3.account_id INNER JOIN client AS T4 ON T3.client_id = T4.client_id WHERE T2.district_id = ( SELECT district_id FROM client WHERE gender = 'F' ORDER BY birth_date ASC LIMIT 1 ) ORDER BY T2.A11 DESC LIMIT 1",395,True,ChatGPT,1,1,"List out the account numbers of female clients who are oldest and has lowest average salary, calculate the gap between this lowest average salary with the highest average salary?",178,ea,bird_94,results/raw/ChatGPT_bird_ea_20260326_160339.jsonl
False,bird,[false],california_schools,data/bird/dev_databases/california_schools/california_schools.sqlite,moderate,False,Percent (%) Eligible Free (K-12) = `Free Meal Count (K-12)` / `Enrollment (K-12)` * 100%,False,,"SELECT f.`Percent (%) Eligible Free (K-12)` AS percent_eligible_free_k12, f.`District Code` AS district_code FROM schools s JOIN frpm f ON f.CDSCode = s.CDSCode WHERE s.AdmFName1 = 'Alusine' OR s.AdmFName2 = 'Alusine' OR s.AdmFName3 = 'Alusine'",True,,"SELECT T1.`Free Meal Count (K-12)` * 100 / T1.`Enrollment (K-12)`, T1.`District Code` FROM frpm AS T1 INNER JOIN schools AS T2 ON T1.CDSCode = T2.CDSCode WHERE T2.AdmFName1 = 'Alusine'",184,True,ChatGPT,1,1,What is the Percent (%) Eligible Free (K-12) in the school administered by an administrator whose first name is Alusine. List the district code of the school.,158,ea,bird_85,results/raw/ChatGPT_bird_ea_20260326_160339.jsonl
True,bird,[true],california_schools,data/bird/dev_databases/california_schools/california_schools.sqlite,simple,False,,True,,"SELECT f.`School Type` AS school_type, s.School AS school_name, s.Latitude AS latitude FROM schools s JOIN frpm f ON f.CDSCode = s.CDSCode WHERE s.Latitude IS NOT NULL ORDER BY s.Latitude DESC LIMIT 1",True,,"SELECT T1.`School Type`, T1.`School Name`, T2.Latitude FROM frpm AS T1 INNER JOIN schools AS T2 ON T1.CDSCode = T2.CDSCode ORDER BY T2.Latitude DESC LIMIT 1",156,True,ChatGPT,1,1,What is the school type of the school with the highest latitude? Indicate the name of the school as well as the latitude coordinates.,133,ea,bird_80,results/raw/ChatGPT_bird_ea_20260326_160339.jsonl
False,bird,[false],california_schools,data/bird/dev_databases/california_schools/california_schools.sqlite,challenging,False,Intermediate/Middle Schools refers to SOC = 62; Unified School refers to DOC = 54; years between 2009 and 2010 can refer to 'between 1/1/2009 to 12/31/2010',False,,"SELECT DISTINCT email
FROM (
  SELECT AdmEmail1 AS email
  FROM schools
  WHERE County = 'San Bernardino'
    AND District = 'San Bernardino City Unified'
    AND OpenDate BETWEEN '2009-01-01' AND '2010-12-31'
    AND DOCType IN ('Public Intermediate/Middle Schools', 'Unified Schools')
    AND AdmEmail1 IS NOT NULL AND TRIM(AdmEmail1) <> ''
  UNION
  SELECT AdmEmail2 AS email
  FROM schools
  WHERE County = 'San Bernardino'
    AND District = 'San Bernardino City Unified'
    AND OpenDate BETWEEN '2009-01-01' AND '2010-12-31'
    AND DOCType IN ('Public Intermediate/Middle Schools', 'Unified Schools')
    AND AdmEmail2 IS NOT NULL AND TRIM(AdmEmail2) <> ''
  UNION
  SELECT AdmEmail3 AS email
  FROM schools
  WHERE County = 'San Bernardino'
    AND District = 'San Bernardino City Unified'
    AND OpenDate BETWEEN '2009-01-01' AND '2010-12-31'
    AND DOCType IN ('Public Intermediate/Middle Schools', 'Unified Schools')
    AND AdmEmail3 IS NOT NULL AND TRIM(AdmEmail3) <> ''
) e
WHERE email LIKE '%@%'",True,,"SELECT T2.AdmEmail1, T2.AdmEmail2 FROM frpm AS T1 INNER JOIN schools AS T2 ON T1.CDSCode = T2.CDSCode WHERE T2.County = 'San Bernardino' AND T2.City = 'San Bernardino' AND T2.DOC = 54 AND strftime('%Y', T2.OpenDate) BETWEEN '2009' AND '2010' AND T2.SOC = 62",257,True,ChatGPT,1,1,"What are the valid e-mail addresses of the administrator of the school located in the San Bernardino county, City of San Bernardino City Unified that opened between 1/1/2009 to 12/31/2010 whose school types are public Intermediate/Middle Schools and Unified Schools?",266,ea,bird_87,results/raw/ChatGPT_bird_ea_20260326_160339.jsonl
False,bird,[false],california_schools,data/bird/dev_databases/california_schools/california_schools.sqlite,moderate,False,State of California refers to state = 'CA',False,,"SELECT s.City, s.School AS `School Name`, f.`Low Grade` FROM schools s LEFT JOIN frpm f ON f.CDSCode = s.CDSCode WHERE s.State = 'CA' AND s.Latitude IS NOT NULL ORDER BY s.Latitude ASC LIMIT 1",True,,"SELECT T2.City, T1.`Low Grade`, T1.`School Name` FROM frpm AS T1 INNER JOIN schools AS T2 ON T1.CDSCode = T2.CDSCode WHERE T2.State = 'CA' ORDER BY T2.Latitude ASC LIMIT 1",171,True,ChatGPT,1,1,In which city can you find the school in the state of California with the lowest latitude coordinates and what is its lowest grade? Indicate the school name.,157,ea,bird_81,results/raw/ChatGPT_bird_ea_20260326_160339.jsonl
False,bird,[false],california_schools,data/bird/dev_databases/california_schools/california_schools.sqlite,simple,False,,False,,"WITH admins AS (
  SELECT District AS district, AdmFName1 AS fname FROM schools WHERE AdmFName1 IS NOT NULL AND TRIM(AdmFName1) <> ''
  UNION ALL
  SELECT District AS district, AdmFName2 AS fname FROM schools WHERE AdmFName2 IS NOT NULL AND TRIM(AdmFName2) <> ''
  UNION ALL
  SELECT District AS district, AdmFName3 AS fname FROM schools WHERE AdmFName3 IS NOT NULL AND TRIM(AdmFName3) <> ''
), name_counts AS (
  SELECT fname, COUNT(*) AS cnt
  FROM admins
  GROUP BY fname
), top2 AS (
  SELECT fname, cnt
  FROM name_counts
  ORDER BY cnt DESC, fname ASC
  LIMIT 2
), district_counts AS (
  SELECT a.fname, a.district, COUNT(*) AS district_cnt
  FROM admins a
  JOIN top2 t ON t.fname = a.fname
  GROUP BY a.fname, a.district
), ranked AS (
  SELECT fname, district, district_cnt,
         ROW_NUMBER() OVER (PARTITION BY fname ORDER BY district_cnt DESC, district ASC) AS rn
  FROM district_counts
)
SELECT t.fname AS first_name,
       t.cnt AS total_occurrences,
       r.district AS district
FROM top2 t
JOIN ranked r ON r.fname = t.fname AND r.rn = 1
ORDER BY t.cnt DESC, t.fname ASC",True,,"SELECT DISTINCT T1.AdmFName1, T1.District FROM schools AS T1 INNER JOIN ( SELECT admfname1 FROM schools GROUP BY admfname1 ORDER BY COUNT(admfname1) DESC LIMIT 2 ) AS T2 ON T1.AdmFName1 = T2.admfname1",200,True,ChatGPT,1,1,What are the two most common first names among the school administrators? Indicate the district to which they administer.,121,ea,bird_84,results/raw/ChatGPT_bird_ea_20260326_160339.jsonl
False,bird,[false],financial,data/bird/dev_databases/financial/financial.sqlite,simple,False,A3 contains the data of region,False,,SELECT COUNT(DISTINCT a.account_id) AS eligible_accounts_in_prague FROM account a JOIN district d ON d.district_id = a.district_id WHERE d.A3 = 'Prague' AND NOT EXISTS (SELECT 1 FROM loan l WHERE l.account_id = a.account_id),True,,SELECT COUNT(T1.account_id) FROM account AS T1 INNER JOIN loan AS T2 ON T1.account_id = T2.account_id INNER JOIN district AS T3 ON T1.district_id = T3.district_id WHERE T3.A3 = 'Prague',185,True,ChatGPT,1,1,How many accounts who have region in Prague are eligible for loans?,67,ea,bird_90,results/raw/ChatGPT_bird_ea_20260326_160339.jsonl
True,spider,[true],concert_singer,data/spider/database/concert_singer/concert_singer.sqlite,,False,,True,,SELECT COUNT(*) AS total_singers FROM singer,True,,SELECT count(*) FROM singer,27,True,ChatGPT,1,1,What is the total number of singers?,36,ea,spider_1,results/raw/ChatGPT_spider_ea_20260326_160002.jsonl
True,spider,[true],concert_singer,data/spider/database/concert_singer/concert_singer.sqlite,,False,,True,,"SELECT ""Name"", ""Country"", ""Age"" FROM ""singer"" ORDER BY ""Age"" DESC",True,,"SELECT name ,  country ,  age FROM singer ORDER BY age DESC",59,True,ChatGPT,1,1,"Show name, country, age for all singers ordered by age from the oldest to the youngest.",87,ea,spider_2,results/raw/ChatGPT_spider_ea_20260326_160002.jsonl
True,spider,[true],concert_singer,data/spider/database/concert_singer/concert_singer.sqlite,,False,,True,,"SELECT ""Name"", ""Country"", ""Age"" FROM ""singer"" ORDER BY ""Age"" DESC",True,,"SELECT name ,  country ,  age FROM singer ORDER BY age DESC",59,True,ChatGPT,1,1,"What are the names, countries, and ages for every singer in descending order of age?",84,ea,spider_3,results/raw/ChatGPT_spider_ea_20260326_160002.jsonl
True,spider,[true],concert_singer,data/spider/database/concert_singer/concert_singer.sqlite,,False,,True,,"SELECT Country, COUNT(*) AS singer_count FROM singer GROUP BY Country",True,,"SELECT country ,  count(*) FROM singer GROUP BY country",55,True,ChatGPT,1,1,How many singers are from each country?,39,ea,spider_11,results/raw/ChatGPT_spider_ea_20260326_160002.jsonl
True,spider,[true],concert_singer,data/spider/database/concert_singer/concert_singer.sqlite,,False,,True,,"SELECT AVG(""Age"") AS average_age, MIN(""Age"") AS minimum_age, MAX(""Age"") AS maximum_age FROM ""singer"" WHERE ""Country"" = 'France'",True,,"SELECT avg(age) ,  min(age) ,  max(age) FROM singer WHERE country  =  'France'",78,True,ChatGPT,1,1,"What is the average, minimum, and maximum age of all singers from France?",73,ea,spider_4,results/raw/ChatGPT_spider_ea_20260326_160002.jsonl
True,spider,[true],concert_singer,data/spider/database/concert_singer/concert_singer.sqlite,,False,,True,,SELECT COUNT(*) AS singer_count FROM singer,True,,SELECT count(*) FROM singer,27,True,ChatGPT,1,1,How many singers do we have?,28,ea,spider_0,results/raw/ChatGPT_spider_ea_20260326_160002.jsonl
True,spider,[true],concert_singer,data/spider/database/concert_singer/concert_singer.sqlite,,False,,True,,"SELECT ""Song_Name"", ""Song_release_year"" FROM ""singer"" ORDER BY ""Age"" ASC LIMIT 1",True,,"SELECT song_name ,  song_release_year FROM singer ORDER BY age LIMIT 1",70,True,ChatGPT,1,1,Show the name and the release year of the song by the youngest singer.,70,ea,spider_6,results/raw/ChatGPT_spider_ea_20260326_160002.jsonl
True,spider,[true],concert_singer,data/spider/database/concert_singer/concert_singer.sqlite,,False,,True,,"SELECT AVG(""Age"") AS average_age, MIN(""Age"") AS minimum_age, MAX(""Age"") AS maximum_age FROM ""singer"" WHERE ""Country"" = 'France'",True,,"SELECT avg(age) ,  min(age) ,  max(age) FROM singer WHERE country  =  'France'",78,True,ChatGPT,1,1,"What is the average, minimum, and maximum age for all French singers?",69,ea,spider_5,results/raw/ChatGPT_spider_ea_20260326_160002.jsonl
True,spider,[true],concert_singer,data/spider/database/concert_singer/concert_singer.sqlite,,False,,True,,"SELECT ""Location"", ""Name"" FROM ""stadium"" WHERE ""Capacity"" BETWEEN 5000 AND 10000",True,,"SELECT LOCATION ,  name FROM stadium WHERE capacity BETWEEN 5000 AND 10000",74,True,ChatGPT,1,1,What are the locations and names of all stations with capacity between 5000 and 10000?,86,ea,spider_15,results/raw/ChatGPT_spider_ea_20260326_160002.jsonl
True,spider,[true],concert_singer,data/spider/database/concert_singer/concert_singer.sqlite,,False,,True,,"SELECT Name, Capacity FROM stadium ORDER BY Average DESC LIMIT 1",True,,"SELECT name ,  capacity FROM stadium ORDER BY average DESC LIMIT 1",66,True,ChatGPT,1,1,What is the name and capacity for the stadium with the highest average attendance?,82,ea,spider_19,results/raw/ChatGPT_spider_ea_20260326_160002.jsonl
True,spider,[true],concert_singer,data/spider/database/concert_singer/concert_singer.sqlite,,False,,True,,"SELECT COUNT(*) AS concert_count FROM concert WHERE ""Year"" IN ('2014','2015')",True,,SELECT count(*) FROM concert WHERE YEAR  =  2014 OR YEAR  =  2015,65,True,ChatGPT,1,1,How many concerts occurred in 2014 or 2015?,43,ea,spider_21,results/raw/ChatGPT_spider_ea_20260326_160002.jsonl
True,spider,[true],concert_singer,data/spider/database/concert_singer/concert_singer.sqlite,,False,,True,,"SELECT COUNT(*) AS concert_count FROM concert WHERE ""Year"" IN ('2014','2015')",True,,SELECT count(*) FROM concert WHERE YEAR  =  2014 OR YEAR  =  2015,65,True,ChatGPT,1,1,How many concerts are there in year 2014 or 2015?,49,ea,spider_20,results/raw/ChatGPT_spider_ea_20260326_160002.jsonl
True,spider,[true],concert_singer,data/spider/database/concert_singer/concert_singer.sqlite,,False,,True,,SELECT DISTINCT Country FROM singer WHERE Age > 20,True,,SELECT DISTINCT country FROM singer WHERE age  >  20,52,True,ChatGPT,1,1,What are all distinct countries where singers above age 20 are from?,68,ea,spider_8,results/raw/ChatGPT_spider_ea_20260326_160002.jsonl
False,spider,[false],concert_singer,data/spider/database/concert_singer/concert_singer.sqlite,,False,,False,,"SELECT s.""Name"" AS stadium_name, COUNT(c.""concert_ID"") AS number_of_concerts FROM ""stadium"" AS s LEFT JOIN ""concert"" AS c ON c.""Stadium_ID"" = s.""Stadium_ID"" GROUP BY s.""Stadium_ID"", s.""Name""",True,,"SELECT T2.name ,  count(*) FROM concert AS T1 JOIN stadium AS T2 ON T1.stadium_id  =  T2.stadium_id GROUP BY T1.stadium_id",122,True,ChatGPT,1,1,Show the stadium name and the number of concerts in each stadium.,65,ea,spider_22,results/raw/ChatGPT_spider_ea_20260326_160002.jsonl
True,spider,[true],concert_singer,data/spider/database/concert_singer/concert_singer.sqlite,,False,,True,,"SELECT ""Song_Name"", ""Song_release_year"" FROM ""singer"" WHERE ""Age"" = (SELECT MIN(""Age"") FROM ""singer"")",True,,"SELECT song_name ,  song_release_year FROM singer ORDER BY age LIMIT 1",70,True,ChatGPT,1,1,What are the names and release years for all the songs of the youngest singer?,78,ea,spider_7,results/raw/ChatGPT_spider_ea_20260326_160002.jsonl
True,spider,[true],concert_singer,data/spider/database/concert_singer/concert_singer.sqlite,,False,,True,,"SELECT ""Year"" FROM ""concert"" GROUP BY ""Year"" ORDER BY COUNT(*) DESC LIMIT 1",True,,SELECT YEAR FROM concert GROUP BY YEAR ORDER BY count(*) DESC LIMIT 1,69,True,ChatGPT,1,1,Which year has most number of concerts?,39,ea,spider_26,results/raw/ChatGPT_spider_ea_20260326_160002.jsonl
True,spider,[true],concert_singer,data/spider/database/concert_singer/concert_singer.sqlite,,False,,True,,"SELECT ""Year"" FROM ""concert"" GROUP BY ""Year"" ORDER BY COUNT(*) DESC LIMIT 1",True,,SELECT YEAR FROM concert GROUP BY YEAR ORDER BY count(*) DESC LIMIT 1,69,True,ChatGPT,1,1,What is the year that had the most concerts?,44,ea,spider_27,results/raw/ChatGPT_spider_ea_20260326_160002.jsonl
True,spider,[true],concert_singer,data/spider/database/concert_singer/concert_singer.sqlite,,False,,True,,"SELECT s.Name, s.Capacity FROM stadium AS s JOIN concert AS c ON c.Stadium_ID = s.Stadium_ID WHERE CAST(c.Year AS INT) > 2013 GROUP BY s.Stadium_ID, s.Name, s.Capacity ORDER BY COUNT(*) DESC LIMIT 1",True,,"select t2.name ,  t2.capacity from concert as t1 join stadium as t2 on t1.stadium_id  =  t2.stadium_id where t1.year  >  2013 group by t2.stadium_id order by count(*) desc limit 1",179,True,ChatGPT,1,1,What is the name and capacity of the stadium with the most concerts after 2013 ?,80,ea,spider_25,results/raw/ChatGPT_spider_ea_20260326_160002.jsonl
True,spider,[true],concert_singer,data/spider/database/concert_singer/concert_singer.sqlite,,False,,True,,"SELECT s.""Name"" FROM ""stadium"" AS s LEFT JOIN ""concert"" AS c ON c.""Stadium_ID"" = s.""Stadium_ID"" WHERE c.""concert_ID"" IS NULL",True,,SELECT name FROM stadium WHERE stadium_id NOT IN (SELECT stadium_id FROM concert),81,True,ChatGPT,1,1,Show the stadium names without any concert.,43,ea,spider_28,results/raw/ChatGPT_spider_ea_20260326_160002.jsonl
True,spider,[true],concert_singer,data/spider/database/concert_singer/concert_singer.sqlite,,False,,True,,SELECT s.Name FROM stadium AS s LEFT JOIN concert AS c ON c.Stadium_ID = s.Stadium_ID WHERE c.concert_ID IS NULL,True,,SELECT name FROM stadium WHERE stadium_id NOT IN (SELECT stadium_id FROM concert),81,True,ChatGPT,1,1,What are the names of the stadiums without any concerts?,56,ea,spider_29,results/raw/ChatGPT_spider_ea_20260326_160002.jsonl
True,spider,[true],concert_singer,data/spider/database/concert_singer/concert_singer.sqlite,,False,,True,,"SELECT DISTINCT ""Country"" FROM ""singer"" WHERE ""Age"" > 20",True,,SELECT DISTINCT country FROM singer WHERE age  >  20,52,True,ChatGPT,1,1,What are  the different countries with singers above age 20?,60,ea,spider_9,results/raw/ChatGPT_spider_ea_20260326_160002.jsonl
True,spider,[true],concert_singer,data/spider/database/concert_singer/concert_singer.sqlite,,False,,True,,SELECT Country FROM singer GROUP BY Country HAVING SUM(CASE WHEN Age > 40 THEN 1 ELSE 0 END) > 0 AND SUM(CASE WHEN Age < 30 THEN 1 ELSE 0 END) > 0,True,,SELECT country FROM singer WHERE age  >  40 INTERSECT SELECT country FROM singer WHERE age  <  30,97,True,ChatGPT,1,1,Show countries where a singer above age 40 and a singer below 30 are from.,74,ea,spider_30,results/raw/ChatGPT_spider_ea_20260326_160002.jsonl
True,spider,[true],concert_singer,data/spider/database/concert_singer/concert_singer.sqlite,,False,,True,,"SELECT ""Country"", COUNT(*) AS ""num_singers"" FROM ""singer"" GROUP BY ""Country""",True,,"SELECT country ,  count(*) FROM singer GROUP BY country",55,True,ChatGPT,1,1,Show all countries and the number of singers in each country.,61,ea,spider_10,results/raw/ChatGPT_spider_ea_20260326_160002.jsonl
True,spider,[true],concert_singer,data/spider/database/concert_singer/concert_singer.sqlite,,False,,True,,"SELECT s.""Name"" FROM ""stadium"" AS s WHERE NOT EXISTS (SELECT 1 FROM ""concert"" AS c WHERE c.""Stadium_ID"" = s.""Stadium_ID"" AND c.""Year"" = '2014')",True,,SELECT name FROM stadium EXCEPT SELECT T2.name FROM concert AS T1 JOIN stadium AS T2 ON T1.stadium_id  =  T2.stadium_id WHERE T1.year  =  2014,142,True,ChatGPT,1,1,Show names for all stadiums except for stadiums having a concert in year 2014.,78,ea,spider_31,results/raw/ChatGPT_spider_ea_20260326_160002.jsonl
True,spider,[true],concert_singer,data/spider/database/concert_singer/concert_singer.sqlite,,False,,True,,SELECT Song_Name FROM singer WHERE Age > (SELECT AVG(Age) FROM singer),True,,SELECT song_name FROM singer WHERE age  >  (SELECT avg(age) FROM singer),72,True,ChatGPT,1,1,What are all the song names by singers who are older than average?,66,ea,spider_13,results/raw/ChatGPT_spider_ea_20260326_160002.jsonl
False,spider,[false],concert_singer,data/spider/database/concert_singer/concert_singer.sqlite,,False,,False,,"SELECT s.Stadium_ID, s.Name, COUNT(c.concert_ID) AS concert_count FROM stadium AS s LEFT JOIN concert AS c ON c.Stadium_ID = s.Stadium_ID GROUP BY s.Stadium_ID, s.Name",True,,"SELECT T2.name ,  count(*) FROM concert AS T1 JOIN stadium AS T2 ON T1.stadium_id  =  T2.stadium_id GROUP BY T1.stadium_id",122,True,ChatGPT,1,1,"For each stadium, how many concerts play there?",47,ea,spider_23,results/raw/ChatGPT_spider_ea_20260326_160002.jsonl
True,spider,[true],concert_singer,data/spider/database/concert_singer/concert_singer.sqlite,,False,,True,,SELECT Song_Name FROM singer WHERE Age > (SELECT AVG(Age) FROM singer),True,,SELECT song_name FROM singer WHERE age  >  (SELECT avg(age) FROM singer),72,True,ChatGPT,1,1,List all song names by singers above the average age.,53,ea,spider_12,results/raw/ChatGPT_spider_ea_20260326_160002.jsonl
False,spider,[false],concert_singer,data/spider/database/concert_singer/concert_singer.sqlite,,False,,False,,"SELECT MAX(""Capacity"") AS ""max_capacity"", AVG(""Capacity"") AS ""avg_capacity"" FROM ""stadium""",True,,"select max(capacity), average from stadium",42,True,ChatGPT,1,1,What is the maximum capacity and the average of all stadiums ?,62,ea,spider_16,results/raw/ChatGPT_spider_ea_20260326_160002.jsonl
True,spider,[true],concert_singer,data/spider/database/concert_singer/concert_singer.sqlite,,False,,True,,"SELECT ""Location"", ""Name"" FROM ""stadium"" WHERE ""Capacity"" BETWEEN 5000 AND 10000",True,,"SELECT LOCATION ,  name FROM stadium WHERE capacity BETWEEN 5000 AND 10000",74,True,ChatGPT,1,1,Show location and name for all stadiums with a capacity between 5000 and 10000.,79,ea,spider_14,results/raw/ChatGPT_spider_ea_20260326_160002.jsonl
True,spider,[true],concert_singer,data/spider/database/concert_singer/concert_singer.sqlite,,False,,True,,"SELECT AVG(""Capacity"") AS ""average_capacity"", MAX(""Capacity"") AS ""maximum_capacity"" FROM ""stadium""",True,,"select avg(capacity) ,  max(capacity) from stadium",50,True,ChatGPT,1,1,What is the average and maximum capacities for all stadiums ?,61,ea,spider_17,results/raw/ChatGPT_spider_ea_20260326_160002.jsonl
True,spider,[true],concert_singer,data/spider/database/concert_singer/concert_singer.sqlite,,False,,True,,"SELECT Name, Capacity FROM stadium ORDER BY Average DESC LIMIT 1",True,,"SELECT name ,  capacity FROM stadium ORDER BY average DESC LIMIT 1",66,True,ChatGPT,1,1,What is the name and capacity for the stadium with highest average attendance?,78,ea,spider_18,results/raw/ChatGPT_spider_ea_20260326_160002.jsonl
True,spider,[true],concert_singer,data/spider/database/concert_singer/concert_singer.sqlite,,False,,True,,"SELECT c.concert_Name, c.Theme, COUNT(sic.Singer_ID) AS number_of_singers FROM concert AS c LEFT JOIN singer_in_concert AS sic ON c.concert_ID = sic.concert_ID GROUP BY c.concert_ID, c.concert_Name, c.Theme",True,,"select t2.concert_name ,  t2.theme ,  count(*) from singer_in_concert as t1 join concert as t2 on t1.concert_id  =  t2.concert_id group by t2.concert_id",152,True,ChatGPT,1,1,"What are the names , themes , and number of singers for every concert ?",71,ea,spider_34,results/raw/ChatGPT_spider_ea_20260326_160002.jsonl
False,spider,[false],concert_singer,data/spider/database/concert_singer/concert_singer.sqlite,,False,,False,,"SELECT s.Name, COUNT(DISTINCT sic.concert_ID) AS number_of_concerts FROM singer AS s LEFT JOIN singer_in_concert AS sic ON sic.Singer_ID = s.Singer_ID GROUP BY s.Singer_ID, s.Name",True,,"SELECT T2.name ,  count(*) FROM singer_in_concert AS T1 JOIN singer AS T2 ON T1.singer_id  =  T2.singer_id GROUP BY T2.singer_id",128,True,ChatGPT,1,1,What are the names of the singers and number of concerts for each person?,73,ea,spider_36,results/raw/ChatGPT_spider_ea_20260326_160002.jsonl
True,spider,[true],concert_singer,data/spider/database/concert_singer/concert_singer.sqlite,,False,,True,,"SELECT ""Name"", ""Country"" FROM ""singer"" WHERE ""Song_Name"" LIKE '%Hey%'",True,,"SELECT name ,  country FROM singer WHERE song_name LIKE '%Hey%'",63,True,ChatGPT,1,1,what is the name and nation of the singer who have a song having 'Hey' in its name?,83,ea,spider_39,results/raw/ChatGPT_spider_ea_20260326_160002.jsonl
False,spider,[false],concert_singer,data/spider/database/concert_singer/concert_singer.sqlite,,False,,False,,"SELECT s.Name, COUNT(sic.concert_ID) AS concert_count FROM singer AS s LEFT JOIN singer_in_concert AS sic ON s.Singer_ID = sic.Singer_ID GROUP BY s.Singer_ID, s.Name",True,,"SELECT T2.name ,  count(*) FROM singer_in_concert AS T1 JOIN singer AS T2 ON T1.singer_id  =  T2.singer_id GROUP BY T2.singer_id",128,True,ChatGPT,1,1,List singer names and number of concerts for each singer.,57,ea,spider_35,results/raw/ChatGPT_spider_ea_20260326_160002.jsonl
True,spider,[true],concert_singer,data/spider/database/concert_singer/concert_singer.sqlite,,False,,True,,"SELECT s.Name, s.Capacity FROM stadium AS s JOIN concert AS c ON c.Stadium_ID = s.Stadium_ID WHERE CAST(c.Year AS INT) >= 2014 GROUP BY s.Stadium_ID, s.Name, s.Capacity ORDER BY COUNT(*) DESC LIMIT 1",True,,"SELECT T2.name ,  T2.capacity FROM concert AS T1 JOIN stadium AS T2 ON T1.stadium_id  =  T2.stadium_id WHERE T1.year  >=  2014 GROUP BY T2.stadium_id ORDER BY count(*) DESC LIMIT 1",180,True,ChatGPT,1,1,Show the stadium name and capacity with most number of concerts in year 2014 or after.,86,ea,spider_24,results/raw/ChatGPT_spider_ea_20260326_160002.jsonl
True,spider,[true],concert_singer,data/spider/database/concert_singer/concert_singer.sqlite,,False,,True,,"SELECT Name, Country FROM singer WHERE Song_Name LIKE '%Hey%'",True,,"SELECT name ,  country FROM singer WHERE song_name LIKE '%Hey%'",63,True,ChatGPT,1,1,What is the name and country of origin of every singer who has a song with the word 'Hey' in its title?,103,ea,spider_40,results/raw/ChatGPT_spider_ea_20260326_160002.jsonl
False,spider,[false],concert_singer,data/spider/database/concert_singer/concert_singer.sqlite,,False,,False,,"SELECT DISTINCT s.""Name"" FROM ""singer"" AS s JOIN ""singer_in_concert"" AS sic ON sic.""Singer_ID"" = s.""Singer_ID"" JOIN ""concert"" AS c ON c.""concert_ID"" = sic.""concert_ID"" WHERE c.""Year"" = '2014'",True,,SELECT T2.name FROM singer_in_concert AS T1 JOIN singer AS T2 ON T1.singer_id  =  T2.singer_id JOIN concert AS T3 ON T1.concert_id  =  T3.concert_id WHERE T3.year  =  2014,171,True,ChatGPT,1,1,What are the names of the singers who performed in a concert in 2014?,69,ea,spider_38,results/raw/ChatGPT_spider_ea_20260326_160002.jsonl
True,spider,[true],concert_singer,data/spider/database/concert_singer/concert_singer.sqlite,,False,,True,,"SELECT s.Name, s.Location
FROM stadium AS s
JOIN concert AS c ON c.Stadium_ID = s.Stadium_ID
WHERE c.Year IN ('2014','2015')
GROUP BY s.Stadium_ID, s.Name, s.Location
HAVING SUM(CASE WHEN c.Year = '2014' THEN 1 ELSE 0 END) > 0
   AND SUM(CASE WHEN c.Year = '2015' THEN 1 ELSE 0 END) > 0",True,,"SELECT T2.name ,  T2.location FROM concert AS T1 JOIN stadium AS T2 ON T1.stadium_id  =  T2.stadium_id WHERE T1.Year  =  2014 INTERSECT SELECT T2.name ,  T2.location FROM concert AS T1 JOIN stadium AS T2 ON T1.stadium_id  =  T2.stadium_id WHERE T1.Year  =  2015",261,True,ChatGPT,1,1,Find the name and location of the stadiums which some concerts happened in the years of both 2014 and 2015.,107,ea,spider_41,results/raw/ChatGPT_spider_ea_20260326_160002.jsonl
False,spider,[false],concert_singer,data/spider/database/concert_singer/concert_singer.sqlite,,False,,False,,"SELECT DISTINCT s.""Name"" FROM ""singer"" AS s JOIN ""singer_in_concert"" AS sic ON s.""Singer_ID"" = sic.""Singer_ID"" JOIN ""concert"" AS c ON c.""concert_ID"" = sic.""concert_ID"" WHERE c.""Year"" = '2014'",True,,SELECT T2.name FROM singer_in_concert AS T1 JOIN singer AS T2 ON T1.singer_id  =  T2.singer_id JOIN concert AS T3 ON T1.concert_id  =  T3.concert_id WHERE T3.year  =  2014,171,True,ChatGPT,1,1,List all singer names in concerts in year 2014.,47,ea,spider_37,results/raw/ChatGPT_spider_ea_20260326_160002.jsonl
True,spider,[true],concert_singer,data/spider/database/concert_singer/concert_singer.sqlite,,False,,True,,SELECT COUNT(*) AS number_of_concerts FROM concert WHERE Stadium_ID = (SELECT Stadium_ID FROM stadium ORDER BY Capacity DESC LIMIT 1),True,,select count(*) from concert where stadium_id = (select stadium_id from stadium order by capacity desc limit 1),111,True,ChatGPT,1,1,What are the number of concerts that occurred in the stadium with the largest capacity ?,88,ea,spider_44,results/raw/ChatGPT_spider_ea_20260326_160002.jsonl
True,spider,[true],concert_singer,data/spider/database/concert_singer/concert_singer.sqlite,,False,,True,,"SELECT s.Name, s.Location
FROM stadium AS s
JOIN concert AS c ON c.Stadium_ID = s.Stadium_ID
WHERE c.Year IN ('2014','2015')
GROUP BY s.Stadium_ID, s.Name, s.Location
HAVING COUNT(DISTINCT c.Year) = 2",True,,"SELECT T2.name ,  T2.location FROM concert AS T1 JOIN stadium AS T2 ON T1.stadium_id  =  T2.stadium_id WHERE T1.Year  =  2014 INTERSECT SELECT T2.name ,  T2.location FROM concert AS T1 JOIN stadium AS T2 ON T1.stadium_id  =  T2.stadium_id WHERE T1.Year  =  2015",261,True,ChatGPT,1,1,What are the names and locations of the stadiums that had concerts that occurred in both 2014 and 2015?,103,ea,spider_42,results/raw/ChatGPT_spider_ea_20260326_160002.jsonl
True,spider,[true],concert_singer,data/spider/database/concert_singer/concert_singer.sqlite,,False,,True,,SELECT s.Name FROM stadium AS s WHERE NOT EXISTS (SELECT 1 FROM concert AS c WHERE c.Stadium_ID = s.Stadium_ID AND c.Year = '2014'),True,,SELECT name FROM stadium EXCEPT SELECT T2.name FROM concert AS T1 JOIN stadium AS T2 ON T1.stadium_id  =  T2.stadium_id WHERE T1.year  =  2014,142,True,ChatGPT,1,1,What are the names of all stadiums that did not have a concert in 2014?,71,ea,spider_32,results/raw/ChatGPT_spider_ea_20260326_160002.jsonl
True,spider,[true],concert_singer,data/spider/database/concert_singer/concert_singer.sqlite,,False,,True,,SELECT COUNT(*) AS concert_count FROM concert WHERE Stadium_ID = (SELECT Stadium_ID FROM stadium ORDER BY Capacity DESC LIMIT 1),True,,select count(*) from concert where stadium_id = (select stadium_id from stadium order by capacity desc limit 1),111,True,ChatGPT,1,1,Find the number of concerts happened in the stadium with the highest capacity .,79,ea,spider_43,results/raw/ChatGPT_spider_ea_20260326_160002.jsonl
True,spider,[true],pets_1,data/spider/database/pets_1/pets_1.sqlite,,False,,True,,SELECT COUNT(*) AS pet_count FROM Pets WHERE weight > 10,True,,SELECT count(*) FROM pets WHERE weight  >  10,45,True,ChatGPT,1,1,How many pets have a greater weight than 10?,44,ea,spider_46,results/raw/ChatGPT_spider_ea_20260326_160002.jsonl
True,spider,[true],pets_1,data/spider/database/pets_1/pets_1.sqlite,,False,,True,,SELECT COUNT(*) AS pet_count FROM Has_Pet hp JOIN Student s ON s.StuID = hp.StuID WHERE s.Age > 20,True,,SELECT count(*) FROM student AS T1 JOIN has_pet AS T2 ON T1.stuid  =  T2.stuid WHERE T1.age  >  20,98,True,ChatGPT,1,1,How many pets are owned by students that have an age greater than 20?,69,ea,spider_52,results/raw/ChatGPT_spider_ea_20260326_160002.jsonl
True,spider,[true],pets_1,data/spider/database/pets_1/pets_1.sqlite,,False,,True,,SELECT COUNT(*) AS num_pets FROM Pets WHERE weight > 10,True,,SELECT count(*) FROM pets WHERE weight  >  10,45,True,ChatGPT,1,1,Find the number of pets whose weight is heavier than 10.,56,ea,spider_45,results/raw/ChatGPT_spider_ea_20260326_160002.jsonl
True,spider,[true],pets_1,data/spider/database/pets_1/pets_1.sqlite,,False,,True,,SELECT COUNT(*) AS dog_pets_raised_by_female_students FROM Has_Pet hp JOIN Pets p ON hp.PetID = p.PetID JOIN Student s ON hp.StuID = s.StuID WHERE p.PetType = 'dog' AND s.Sex = 'F',True,,SELECT count(*) FROM student AS T1 JOIN has_pet AS T2 ON T1.stuid  =  T2.stuid JOIN pets AS T3 ON T2.petid  =  T3.petid WHERE T1.sex  =  'F' AND T3.pettype  =  'dog',165,True,ChatGPT,1,1,How many dog pets are raised by female students?,48,ea,spider_54,results/raw/ChatGPT_spider_ea_20260326_160002.jsonl
True,spider,[true],pets_1,data/spider/database/pets_1/pets_1.sqlite,,False,,True,,SELECT COUNT(*) AS num_pets FROM Has_Pet hp JOIN Student s ON s.StuID = hp.StuID WHERE s.Age > 20,True,,SELECT count(*) FROM student AS T1 JOIN has_pet AS T2 ON T1.stuid  =  T2.stuid WHERE T1.age  >  20,98,True,ChatGPT,1,1,Find number of pets owned by students who are older than 20.,60,ea,spider_51,results/raw/ChatGPT_spider_ea_20260326_160002.jsonl
True,spider,[true],pets_1,data/spider/database/pets_1/pets_1.sqlite,,False,,True,,SELECT weight FROM Pets WHERE PetType = 'dog' AND pet_age = (SELECT MIN(pet_age) FROM Pets WHERE PetType = 'dog'),True,,SELECT weight FROM pets ORDER BY pet_age LIMIT 1,48,True,ChatGPT,1,1,Find the weight of the youngest dog.,36,ea,spider_47,results/raw/ChatGPT_spider_ea_20260326_160002.jsonl
True,spider,[true],pets_1,data/spider/database/pets_1/pets_1.sqlite,,False,,True,,SELECT COUNT(*) AS num_dog_pets FROM Has_Pet hp JOIN Pets p ON hp.PetID = p.PetID JOIN Student s ON hp.StuID = s.StuID WHERE p.PetType = 'dog' AND s.Sex = 'F',True,,SELECT count(*) FROM student AS T1 JOIN has_pet AS T2 ON T1.stuid  =  T2.stuid JOIN pets AS T3 ON T2.petid  =  T3.petid WHERE T1.sex  =  'F' AND T3.pettype  =  'dog',165,True,ChatGPT,1,1,Find the number of dog pets that are raised by female students (with sex F).,76,ea,spider_53,results/raw/ChatGPT_spider_ea_20260326_160002.jsonl
False,spider,[false],pets_1,data/spider/database/pets_1/pets_1.sqlite,,False,,False,,"SELECT PetType, MAX(weight) AS max_weight FROM Pets GROUP BY PetType",True,,"SELECT max(weight) ,  petType FROM pets GROUP BY petType",56,True,ChatGPT,1,1,Find the maximum weight for each type of pet. List the maximum weight and pet type.,83,ea,spider_49,results/raw/ChatGPT_spider_ea_20260326_160002.jsonl
False,spider,[false],pets_1,data/spider/database/pets_1/pets_1.sqlite,,False,,False,,"SELECT PetType, MAX(weight) AS max_weight FROM Pets GROUP BY PetType",True,,"SELECT max(weight) ,  petType FROM pets GROUP BY petType",56,True,ChatGPT,1,1,List the maximum weight and type for each type of pet.,54,ea,spider_50,results/raw/ChatGPT_spider_ea_20260326_160002.jsonl
True,spider,[true],pets_1,data/spider/database/pets_1/pets_1.sqlite,,False,,True,,SELECT weight FROM Pets WHERE PetType = 'dog' AND pet_age = (SELECT MIN(pet_age) FROM Pets WHERE PetType = 'dog'),True,,SELECT weight FROM pets ORDER BY pet_age LIMIT 1,48,True,ChatGPT,1,1,How much does the youngest dog weigh?,37,ea,spider_48,results/raw/ChatGPT_spider_ea_20260326_160002.jsonl
True,spider,[true],concert_singer,data/spider/database/concert_singer/concert_singer.sqlite,,False,,True,,"SELECT c.concert_Name, c.Theme, COUNT(sic.Singer_ID) AS num_singers FROM concert AS c LEFT JOIN singer_in_concert AS sic ON sic.concert_ID = c.concert_ID GROUP BY c.concert_ID, c.concert_Name, c.Theme",True,,"SELECT T2.concert_name ,  T2.theme ,  count(*) FROM singer_in_concert AS T1 JOIN concert AS T2 ON T1.concert_id  =  T2.concert_id GROUP BY T2.concert_id",152,True,ChatGPT,1,1,Show the name and theme for all concerts and the number of singers in each concert.,83,ea,spider_33,results/raw/ChatGPT_spider_ea_20260326_160002.jsonl
True,spider,[true],pets_1,data/spider/database/pets_1/pets_1.sqlite,,False,,True,,SELECT COUNT(DISTINCT PetType) AS distinct_pet_type_count FROM Pets,True,,SELECT count(DISTINCT pettype) FROM pets,40,True,ChatGPT,1,1,Find the number of distinct type of pets.,41,ea,spider_55,results/raw/ChatGPT_spider_ea_20260326_160002.jsonl
True,spider,[true],pets_1,data/spider/database/pets_1/pets_1.sqlite,,False,,True,,SELECT COUNT(DISTINCT PetType) AS num_pet_types FROM Pets,True,,SELECT count(DISTINCT pettype) FROM pets,40,True,ChatGPT,1,1,How many different types of pet are there?,42,ea,spider_56,results/raw/ChatGPT_spider_ea_20260326_160002.jsonl
True,spider,[true],pets_1,data/spider/database/pets_1/pets_1.sqlite,,False,,True,,"SELECT DISTINCT s.Fname FROM Student AS s JOIN Has_Pet AS hp ON s.StuID = hp.StuID JOIN Pets AS p ON hp.PetID = p.PetID WHERE p.PetType IN ('cat','dog')",True,,SELECT DISTINCT T1.Fname FROM student AS T1 JOIN has_pet AS T2 ON T1.stuid  =  T2.stuid JOIN pets AS T3 ON T3.petid  =  T2.petid WHERE T3.pettype  =  'cat' OR T3.pettype  =  'dog',179,True,ChatGPT,1,1,Find the first name of students who have cat or dog pet.,56,ea,spider_57,results/raw/ChatGPT_spider_ea_20260326_160002.jsonl
True,spider,[true],pets_1,data/spider/database/pets_1/pets_1.sqlite,,False,,True,,SELECT s.Fname FROM Student s WHERE EXISTS (SELECT 1 FROM Has_Pet hp JOIN Pets p ON p.PetID = hp.PetID WHERE hp.StuID = s.StuID AND p.PetType = 'cat') AND EXISTS (SELECT 1 FROM Has_Pet hp JOIN Pets p ON p.PetID = hp.PetID WHERE hp.StuID = s.StuID AND p.PetType = 'dog'),True,,select t1.fname from student as t1 join has_pet as t2 on t1.stuid  =  t2.stuid join pets as t3 on t3.petid  =  t2.petid where t3.pettype  =  'cat' intersect select t1.fname from student as t1 join has_pet as t2 on t1.stuid  =  t2.stuid join pets as t3 on t3.petid  =  t2.petid where t3.pettype  =  'dog',303,True,ChatGPT,1,1,Find the first name of students who have both cat and dog pets .,64,ea,spider_59,results/raw/ChatGPT_spider_ea_20260326_160002.jsonl
True,spider,[true],pets_1,data/spider/database/pets_1/pets_1.sqlite,,False,,True,,"SELECT DISTINCT s.Fname FROM Student AS s JOIN Has_Pet AS hp ON hp.StuID = s.StuID JOIN Pets AS p ON p.PetID = hp.PetID WHERE p.PetType IN ('cat','dog')",True,,SELECT DISTINCT T1.Fname FROM student AS T1 JOIN has_pet AS T2 ON T1.stuid  =  T2.stuid JOIN pets AS T3 ON T3.petid  =  T2.petid WHERE T3.pettype  =  'cat' OR T3.pettype  =  'dog',179,True,ChatGPT,1,1,What are the first names of every student who has a cat or dog as a pet?,72,ea,spider_58,results/raw/ChatGPT_spider_ea_20260326_160002.jsonl
False,spider,[false],pets_1,data/spider/database/pets_1/pets_1.sqlite,,False,,False,,"SELECT s.Fname, s.Age FROM Student s WHERE EXISTS (SELECT 1 FROM Has_Pet hp JOIN Pets p ON p.PetID = hp.PetID WHERE hp.StuID = s.StuID AND p.PetType = 'dog') AND NOT EXISTS (SELECT 1 FROM Has_Pet hp2 JOIN Pets p2 ON p2.PetID = hp2.PetID WHERE hp2.StuID = s.StuID AND p2.PetType = 'cat')",True,,"SELECT T1.fname ,  T1.age FROM student AS T1 JOIN has_pet AS T2 ON T1.stuid  =  T2.stuid JOIN pets AS T3 ON T3.petid  =  T2.petid WHERE T3.pettype  =  'dog' AND T1.stuid NOT IN (SELECT T1.stuid FROM student AS T1 JOIN has_pet AS T2 ON T1.stuid  =  T2.stuid JOIN pets AS T3 ON T3.petid  =  T2.petid WHERE T3.pettype  =  'cat')",325,True,ChatGPT,1,1,Find the first name and age of students who have a dog but do not have a cat as a pet.,86,ea,spider_65,results/raw/ChatGPT_spider_ea_20260326_160002.jsonl
True,spider,[true],pets_1,data/spider/database/pets_1/pets_1.sqlite,,False,,True,,SELECT s.StuID FROM Student s WHERE NOT EXISTS (SELECT 1 FROM Has_Pet hp JOIN Pets p ON p.PetID = hp.PetID WHERE hp.StuID = s.StuID AND p.PetType = 'cat'),True,,SELECT stuid FROM student EXCEPT SELECT T1.stuid FROM student AS T1 JOIN has_pet AS T2 ON T1.stuid  =  T2.stuid JOIN pets AS T3 ON T3.petid  =  T2.petid WHERE T3.pettype  =  'cat',179,True,ChatGPT,1,1,What are the ids of the students who do not own cats as pets?,61,ea,spider_64,results/raw/ChatGPT_spider_ea_20260326_160002.jsonl
True,spider,[true],pets_1,data/spider/database/pets_1/pets_1.sqlite,,False,,True,,SELECT s.Fname FROM Student s WHERE EXISTS (SELECT 1 FROM Has_Pet hp JOIN Pets p ON p.PetID = hp.PetID WHERE hp.StuID = s.StuID AND p.PetType = 'cat') AND EXISTS (SELECT 1 FROM Has_Pet hp JOIN Pets p ON p.PetID = hp.PetID WHERE hp.StuID = s.StuID AND p.PetType = 'dog'),True,,SELECT T1.Fname FROM student AS T1 JOIN has_pet AS T2 ON T1.stuid  =  T2.stuid JOIN pets AS T3 ON T3.petid  =  T2.petid WHERE T3.pettype  =  'cat' INTERSECT SELECT T1.Fname FROM student AS T1 JOIN has_pet AS T2 ON T1.stuid  =  T2.stuid JOIN pets AS T3 ON T3.petid  =  T2.petid WHERE T3.pettype  =  'dog',303,True,ChatGPT,1,1,What are the students' first names who have both cats and dogs as pets?,71,ea,spider_60,results/raw/ChatGPT_spider_ea_20260326_160002.jsonl
True,spider,[true],pets_1,data/spider/database/pets_1/pets_1.sqlite,,False,,True,,"SELECT PetType, weight FROM Pets WHERE pet_age = (SELECT MIN(pet_age) FROM Pets)",True,,"SELECT pettype ,  weight FROM pets ORDER BY pet_age LIMIT 1",59,True,ChatGPT,1,1,Find the type and weight of the youngest pet.,45,ea,spider_67,results/raw/ChatGPT_spider_ea_20260326_160002.jsonl
True,spider,[true],pets_1,data/spider/database/pets_1/pets_1.sqlite,,False,,True,,"SELECT PetID, weight FROM Pets WHERE pet_age > 1",True,,"SELECT petid ,  weight FROM pets WHERE pet_age  >  1",52,True,ChatGPT,1,1,Find the id and weight of all pets whose age is older than 1.,61,ea,spider_69,results/raw/ChatGPT_spider_ea_20260326_160002.jsonl
True,spider,[true],pets_1,data/spider/database/pets_1/pets_1.sqlite,,False,,True,,"SELECT PetType, weight FROM Pets WHERE pet_age = (SELECT MIN(pet_age) FROM Pets)",True,,"SELECT pettype ,  weight FROM pets ORDER BY pet_age LIMIT 1",59,True,ChatGPT,1,1,"What type of pet is the youngest animal, and how much does it weigh?",68,ea,spider_68,results/raw/ChatGPT_spider_ea_20260326_160002.jsonl
True,spider,[true],pets_1,data/spider/database/pets_1/pets_1.sqlite,,False,,True,,"SELECT PetID, weight FROM Pets WHERE pet_age > 1",True,,"SELECT petid ,  weight FROM pets WHERE pet_age  >  1",52,True,ChatGPT,1,1,What is the id and weight of every pet who is older than 1?,59,ea,spider_70,results/raw/ChatGPT_spider_ea_20260326_160002.jsonl
False,spider,[false],pets_1,data/spider/database/pets_1/pets_1.sqlite,,False,,False,,"SELECT PetType, AVG(pet_age) AS avg_age, MAX(pet_age) AS max_age FROM Pets GROUP BY PetType",True,,"SELECT avg(pet_age) ,  max(pet_age) ,  pettype FROM pets GROUP BY pettype",73,True,ChatGPT,1,1,What is the average and maximum age for each pet type?,54,ea,spider_72,results/raw/ChatGPT_spider_ea_20260326_160002.jsonl
False,spider,[false],pets_1,data/spider/database/pets_1/pets_1.sqlite,,False,,False,,"SELECT PetType, AVG(weight) AS avg_weight FROM Pets GROUP BY PetType",True,,"SELECT avg(weight) ,  pettype FROM pets GROUP BY pettype",56,True,ChatGPT,1,1,Find the average weight for each pet type.,42,ea,spider_73,results/raw/ChatGPT_spider_ea_20260326_160002.jsonl
False,spider,[false],pets_1,data/spider/database/pets_1/pets_1.sqlite,,False,,False,,SELECT DISTINCT s.Fname FROM Student s JOIN Has_Pet hp_dog ON hp_dog.StuID = s.StuID JOIN Pets p_dog ON p_dog.PetID = hp_dog.PetID WHERE p_dog.PetType = 'dog' AND NOT EXISTS (SELECT 1 FROM Has_Pet hp_cat JOIN Pets p_cat ON p_cat.PetID = hp_cat.PetID WHERE hp_cat.StuID = s.StuID AND p_cat.PetType = 'cat'),True,,"SELECT T1.fname ,  T1.age FROM student AS T1 JOIN has_pet AS T2 ON T1.stuid  =  T2.stuid JOIN pets AS T3 ON T3.petid  =  T2.petid WHERE T3.pettype  =  'dog' AND T1.stuid NOT IN (SELECT T1.stuid FROM student AS T1 JOIN has_pet AS T2 ON T1.stuid  =  T2.stuid JOIN pets AS T3 ON T3.petid  =  T2.petid WHERE T3.pettype  =  'cat')",325,True,ChatGPT,1,1,What is the first name of every student who has a dog but does not have a cat?,78,ea,spider_66,results/raw/ChatGPT_spider_ea_20260326_160002.jsonl
True,spider,[true],pets_1,data/spider/database/pets_1/pets_1.sqlite,,False,,True,,SELECT s.StuID FROM Student s WHERE NOT EXISTS (SELECT 1 FROM Has_Pet hp JOIN Pets p ON p.PetID = hp.PetID WHERE hp.StuID = s.StuID AND p.PetType = 'cat'),True,,SELECT stuid FROM student EXCEPT SELECT T1.stuid FROM student AS T1 JOIN has_pet AS T2 ON T1.stuid  =  T2.stuid JOIN pets AS T3 ON T3.petid  =  T2.petid WHERE T3.pettype  =  'cat',179,True,ChatGPT,1,1,Find the id of students who do not have a cat pet.,50,ea,spider_63,results/raw/ChatGPT_spider_ea_20260326_160002.jsonl
False,spider,[false],pets_1,data/spider/database/pets_1/pets_1.sqlite,,False,,False,,"SELECT PetType, AVG(weight) AS avg_weight FROM Pets GROUP BY PetType",True,,"SELECT avg(weight) ,  pettype FROM pets GROUP BY pettype",56,True,ChatGPT,1,1,What is the average weight for each type of pet?,48,ea,spider_74,results/raw/ChatGPT_spider_ea_20260326_160002.jsonl
True,spider,[true],pets_1,data/spider/database/pets_1/pets_1.sqlite,,False,,True,,"SELECT DISTINCT s.Fname, s.Age FROM Student s JOIN Has_Pet hp ON hp.StuID = s.StuID",True,,"SELECT DISTINCT T1.fname ,  T1.age FROM student AS T1 JOIN has_pet AS T2 ON T1.stuid  =  T2.stuid",97,True,ChatGPT,1,1,Find the first name and age of students who have a pet.,55,ea,spider_75,results/raw/ChatGPT_spider_ea_20260326_160002.jsonl
False,spider,[false],pets_1,data/spider/database/pets_1/pets_1.sqlite,,False,,False,,"SELECT PetType, AVG(pet_age) AS avg_age, MAX(pet_age) AS max_age FROM Pets GROUP BY PetType",True,,"SELECT avg(pet_age) ,  max(pet_age) ,  pettype FROM pets GROUP BY pettype",73,True,ChatGPT,1,1,Find the average and maximum age for each type of pet.,54,ea,spider_71,results/raw/ChatGPT_spider_ea_20260326_160002.jsonl
True,spider,[true],pets_1,data/spider/database/pets_1/pets_1.sqlite,,False,,True,,"SELECT s.Major, s.Age FROM Student s WHERE NOT EXISTS (SELECT 1 FROM Has_Pet hp JOIN Pets p ON p.PetID = hp.PetID WHERE hp.StuID = s.StuID AND p.PetType = 'cat')",True,,"SELECT major ,  age FROM student WHERE stuid NOT IN (SELECT T1.stuid FROM student AS T1 JOIN has_pet AS T2 ON T1.stuid  =  T2.stuid JOIN pets AS T3 ON T3.petid  =  T2.petid WHERE T3.pettype  =  'cat')",200,True,ChatGPT,1,1,Find the major and age of students who do not have a cat pet.,61,ea,spider_61,results/raw/ChatGPT_spider_ea_20260326_160002.jsonl
True,spider,[true],pets_1,data/spider/database/pets_1/pets_1.sqlite,,False,,True,,"SELECT s.Major, s.Age FROM Student AS s WHERE NOT EXISTS (SELECT 1 FROM Has_Pet AS hp JOIN Pets AS p ON p.PetID = hp.PetID WHERE hp.StuID = s.StuID AND p.PetType = 'cat')",True,,"SELECT major ,  age FROM student WHERE stuid NOT IN (SELECT T1.stuid FROM student AS T1 JOIN has_pet AS T2 ON T1.stuid  =  T2.stuid JOIN pets AS T3 ON T3.petid  =  T2.petid WHERE T3.pettype  =  'cat')",200,True,ChatGPT,1,1,"What major is every student who does not own a cat as a pet, and also how old are they?",87,ea,spider_62,results/raw/ChatGPT_spider_ea_20260326_160002.jsonl
True,spider,[true],pets_1,data/spider/database/pets_1/pets_1.sqlite,,False,,True,,"SELECT DISTINCT s.Fname, s.Age FROM Student AS s INNER JOIN Has_Pet AS hp ON s.StuID = hp.StuID",True,,"SELECT DISTINCT T1.fname ,  T1.age FROM student AS T1 JOIN has_pet AS T2 ON T1.stuid  =  T2.stuid",97,True,ChatGPT,1,1,What are the different first names and ages of the students who do have pets?,77,ea,spider_76,results/raw/ChatGPT_spider_ea_20260326_160002.jsonl
True,spider,[true],pets_1,data/spider/database/pets_1/pets_1.sqlite,,False,,True,,SELECT hp.PetID FROM Has_Pet AS hp JOIN Student AS s ON hp.StuID = s.StuID WHERE s.LName = 'Smith',True,,SELECT T2.petid FROM student AS T1 JOIN has_pet AS T2 ON T1.stuid  =  T2.stuid WHERE T1.Lname  =  'Smith',105,True,ChatGPT,1,1,Find the id of the pet owned by student whose last name is ‘Smith’.,67,ea,spider_77,results/raw/ChatGPT_spider_ea_20260326_160002.jsonl
True,spider,[true],pets_1,data/spider/database/pets_1/pets_1.sqlite,,False,,True,,SELECT hp.PetID FROM Has_Pet AS hp JOIN Student AS s ON hp.StuID = s.StuID WHERE s.LName = 'Smith',True,,SELECT T2.petid FROM student AS T1 JOIN has_pet AS T2 ON T1.stuid  =  T2.stuid WHERE T1.Lname  =  'Smith',105,True,ChatGPT,1,1,What is the id of the pet owned by the student whose last name is 'Smith'?,74,ea,spider_78,results/raw/ChatGPT_spider_ea_20260326_160002.jsonl
False,spider,[false],pets_1,data/spider/database/pets_1/pets_1.sqlite,,False,,False,,"SELECT StuID, COUNT(*) AS num_pets FROM Has_Pet GROUP BY StuID",True,,"SELECT count(*) ,  T1.stuid FROM student AS T1 JOIN has_pet AS T2 ON T1.stuid  =  T2.stuid GROUP BY T1.stuid",108,True,ChatGPT,1,1,Find the number of pets for each student who has any pet and student id.,72,ea,spider_79,results/raw/ChatGPT_spider_ea_20260326_160002.jsonl
False,spider,[false],pets_1,data/spider/database/pets_1/pets_1.sqlite,,False,,False,,"SELECT StuID, COUNT(*) AS pet_count FROM Has_Pet GROUP BY StuID",True,,"select count(*) ,  t1.stuid from student as t1 join has_pet as t2 on t1.stuid  =  t2.stuid group by t1.stuid",108,True,ChatGPT,1,1,"For students who have pets , how many pets does each student have ? list their ids instead of names .",101,ea,spider_80,results/raw/ChatGPT_spider_ea_20260326_160002.jsonl
True,spider,[true],pets_1,data/spider/database/pets_1/pets_1.sqlite,,False,,True,,"SELECT s.Fname, s.Sex FROM Student s JOIN Has_Pet hp ON hp.StuID = s.StuID GROUP BY s.StuID, s.Fname, s.Sex HAVING COUNT(DISTINCT hp.PetID) > 1",True,,"SELECT T1.fname ,  T1.sex FROM student AS T1 JOIN has_pet AS T2 ON T1.stuid  =  T2.stuid GROUP BY T1.stuid HAVING count(*)  >  1",128,True,ChatGPT,1,1,What is the first name and gender of the all the students who have more than one pet?,85,ea,spider_82,results/raw/ChatGPT_spider_ea_20260326_160002.jsonl
True,spider,[true],pets_1,data/spider/database/pets_1/pets_1.sqlite,,False,,True,,SELECT AVG(s.Age) AS avg_age FROM Student s WHERE NOT EXISTS (SELECT 1 FROM Has_Pet hp WHERE hp.StuID = s.StuID),True,,select avg(age) from student where stuid not in (select stuid from has_pet),75,True,ChatGPT,1,1,What is the average age for all students who do not own any pets ?,66,ea,spider_86,results/raw/ChatGPT_spider_ea_20260326_160002.jsonl
True,spider,[true],pets_1,data/spider/database/pets_1/pets_1.sqlite,,False,,True,,SELECT s.LName FROM Student s JOIN Has_Pet hp ON hp.StuID = s.StuID JOIN Pets p ON p.PetID = hp.PetID WHERE p.PetType = 'cat' AND p.pet_age = 3,True,,SELECT T1.lname FROM student AS T1 JOIN has_pet AS T2 ON T1.stuid  =  T2.stuid JOIN pets AS T3 ON T3.petid  =  T2.petid WHERE T3.pet_age  =  3 AND T3.pettype  =  'cat',167,True,ChatGPT,1,1,What is the last name of the student who has a cat that is 3 years old?,71,ea,spider_84,results/raw/ChatGPT_spider_ea_20260326_160002.jsonl
True,spider,[true],pets_1,data/spider/database/pets_1/pets_1.sqlite,,False,,True,,SELECT AVG(s.Age) AS avg_age FROM Student s LEFT JOIN Has_Pet hp ON s.StuID = hp.StuID WHERE hp.StuID IS NULL,True,,select avg(age) from student where stuid not in (select stuid from has_pet),75,True,ChatGPT,1,1,Find the average age of students who do not have any pet .,58,ea,spider_85,results/raw/ChatGPT_spider_ea_20260326_160002.jsonl
True,spider,[true],pets_1,data/spider/database/pets_1/pets_1.sqlite,,False,,True,,SELECT s.LName FROM Student AS s JOIN Has_Pet AS hp ON hp.StuID = s.StuID JOIN Pets AS p ON p.PetID = hp.PetID WHERE p.PetType = 'cat' AND p.pet_age = 3,True,,SELECT T1.lname FROM student AS T1 JOIN has_pet AS T2 ON T1.stuid  =  T2.stuid JOIN pets AS T3 ON T3.petid  =  T2.petid WHERE T3.pet_age  =  3 AND T3.pettype  =  'cat',167,True,ChatGPT,1,1,Find the last name of the student who has a cat that is age 3.,62,ea,spider_83,results/raw/ChatGPT_spider_ea_20260326_160002.jsonl
True,spider,[true],pets_1,data/spider/database/pets_1/pets_1.sqlite,,False,,True,,"SELECT s.Fname, s.Sex FROM Student AS s JOIN Has_Pet AS hp ON s.StuID = hp.StuID GROUP BY s.StuID, s.Fname, s.Sex HAVING COUNT(DISTINCT hp.PetID) > 1",True,,"SELECT T1.fname ,  T1.sex FROM student AS T1 JOIN has_pet AS T2 ON T1.stuid  =  T2.stuid GROUP BY T1.stuid HAVING count(*)  >  1",128,True,ChatGPT,1,1,Find the first name and gender of student who have more than one pet.,69,ea,spider_81,results/raw/ChatGPT_spider_ea_20260326_160002.jsonl
True,spider,[true],car_1,data/spider/database/car_1/car_1.sqlite,,False,,True,,SELECT COUNT(*) AS number_of_continents FROM continents,True,,SELECT count(*) FROM CONTINENTS;,32,True,ChatGPT,1,1,What is the number of continents?,33,ea,spider_88,results/raw/ChatGPT_spider_ea_20260326_160002.jsonl
True,spider,[true],car_1,data/spider/database/car_1/car_1.sqlite,,False,,True,,SELECT COUNT(*) AS country_count FROM countries,True,,SELECT count(*) FROM COUNTRIES;,31,True,ChatGPT,1,1,How many countries are listed?,30,ea,spider_91,results/raw/ChatGPT_spider_ea_20260326_160002.jsonl
True,spider,[true],car_1,data/spider/database/car_1/car_1.sqlite,,False,,True,,SELECT COUNT(*) AS continent_count FROM continents,True,,SELECT count(*) FROM CONTINENTS;,32,True,ChatGPT,1,1,How many continents are there?,30,ea,spider_87,results/raw/ChatGPT_spider_ea_20260326_160002.jsonl
True,spider,[true],car_1,data/spider/database/car_1/car_1.sqlite,,False,,True,,SELECT COUNT(*) AS country_count FROM countries,True,,SELECT count(*) FROM COUNTRIES;,31,True,ChatGPT,1,1,How many countries exist?,25,ea,spider_92,results/raw/ChatGPT_spider_ea_20260326_160002.jsonl
True,spider,[true],car_1,data/spider/database/car_1/car_1.sqlite,,False,,True,,"SELECT ct.ContId AS id, ct.Continent AS name, COUNT(c.CountryId) AS country_count FROM continents AS ct LEFT JOIN countries AS c ON c.Continent = ct.ContId GROUP BY ct.ContId, ct.Continent",True,,"SELECT T1.ContId ,  T1.Continent ,  count(*) FROM CONTINENTS AS T1 JOIN COUNTRIES AS T2 ON T1.ContId  =  T2.Continent GROUP BY T1.ContId;",137,True,ChatGPT,1,1,"For each continent, list its id, name, and how many countries it has?",69,ea,spider_90,results/raw/ChatGPT_spider_ea_20260326_160002.jsonl
True,spider,[true],car_1,data/spider/database/car_1/car_1.sqlite,,False,,True,,"SELECT ct.ContId AS continent_id, ct.Continent AS continent_name, COUNT(c.CountryId) AS num_countries FROM continents AS ct LEFT JOIN countries AS c ON c.Continent = ct.ContId GROUP BY ct.ContId, ct.Continent ORDER BY ct.ContId",True,,"SELECT T1.ContId ,  T1.Continent ,  count(*) FROM CONTINENTS AS T1 JOIN COUNTRIES AS T2 ON T1.ContId  =  T2.Continent GROUP BY T1.ContId;",137,True,ChatGPT,1,1,"How many countries does each continent have? List the continent id, continent name and the number of countries.",111,ea,spider_89,results/raw/ChatGPT_spider_ea_20260326_160002.jsonl
False,spider,[false],car_1,data/spider/database/car_1/car_1.sqlite,,False,,False,,"SELECT cm.Id, cm.FullName, COUNT(ml.ModelId) AS model_count FROM car_makers AS cm LEFT JOIN model_list AS ml ON ml.Maker = cm.Id GROUP BY cm.Id, cm.FullName",True,,"SELECT T1.FullName ,  T1.Id ,  count(*) FROM CAR_MAKERS AS T1 JOIN MODEL_LIST AS T2 ON T1.Id  =  T2.Maker GROUP BY T1.Id;",121,True,ChatGPT,1,1,"What is the full name of each car maker, along with its id and how many models it produces?",91,ea,spider_94,results/raw/ChatGPT_spider_ea_20260326_160002.jsonl
True,spider,[true],car_1,data/spider/database/car_1/car_1.sqlite,,False,,True,,"SELECT cm.FullName, cm.Id, COUNT(ml.Model) AS number_of_models FROM car_makers AS cm LEFT JOIN model_list AS ml ON ml.Maker = cm.Id GROUP BY cm.Id, cm.FullName",True,,"SELECT T1.FullName ,  T1.Id ,  count(*) FROM CAR_MAKERS AS T1 JOIN MODEL_LIST AS T2 ON T1.Id  =  T2.Maker GROUP BY T1.Id;",121,True,ChatGPT,1,1,"How many models does each car maker produce? List maker full name, id and the number.",85,ea,spider_93,results/raw/ChatGPT_spider_ea_20260326_160002.jsonl
False,spider,[false],car_1,data/spider/database/car_1/car_1.sqlite,,False,,False,,SELECT cn.Model FROM cars_data cd JOIN car_names cn ON cd.Id = cn.MakeId WHERE CAST(cd.Horsepower AS REAL) = (SELECT MIN(CAST(Horsepower AS REAL)) FROM cars_data),True,,SELECT T1.Model FROM CAR_NAMES AS T1 JOIN CARS_DATA AS T2 ON T1.MakeId  =  T2.Id ORDER BY T2.horsepower ASC LIMIT 1;,116,True,ChatGPT,1,1,Which model of the car has the minimum horsepower?,50,ea,spider_95,results/raw/ChatGPT_spider_ea_20260326_160002.jsonl
False,spider,[false],car_1,data/spider/database/car_1/car_1.sqlite,,False,,False,,SELECT cn.Model FROM cars_data AS cd JOIN car_names AS cn ON cd.Id = cn.MakeId WHERE cd.Horsepower IS NOT NULL AND cd.Horsepower != '' ORDER BY CAST(cd.Horsepower AS REAL) ASC LIMIT 1,True,,SELECT T1.Model FROM CAR_NAMES AS T1 JOIN CARS_DATA AS T2 ON T1.MakeId  =  T2.Id ORDER BY T2.horsepower ASC LIMIT 1;,116,True,ChatGPT,1,1,What is the model of the car with the smallest amount of horsepower?,68,ea,spider_96,results/raw/ChatGPT_spider_ea_20260326_160002.jsonl
True,spider,[true],car_1,data/spider/database/car_1/car_1.sqlite,,False,,True,,SELECT DISTINCT cm.Maker FROM car_makers AS cm JOIN model_list AS ml ON ml.Maker = cm.Id JOIN car_names AS cn ON cn.Model = ml.Model JOIN cars_data AS cd ON cd.Id = cn.MakeId WHERE cd.Year = 1970,True,,SELECT DISTINCT T1.Maker FROM CAR_MAKERS AS T1 JOIN MODEL_LIST AS T2 ON T1.Id  =  T2.Maker JOIN CAR_NAMES AS T3 ON T2.model  =  T3.model JOIN CARS_DATA AS T4 ON T3.MakeId  =  T4.id WHERE T4.year  =  '1970';,206,True,ChatGPT,1,1,Find the name of the makers that produced some cars in the year of 1970?,72,ea,spider_99,results/raw/ChatGPT_spider_ea_20260326_160002.jsonl
True,spider,[true],car_1,data/spider/database/car_1/car_1.sqlite,,False,,True,,SELECT cn.Model FROM cars_data AS cd JOIN car_names AS cn ON cd.Id = cn.MakeId WHERE cd.Weight < (SELECT AVG(Weight) FROM cars_data),True,,SELECT T1.model FROM CAR_NAMES AS T1 JOIN CARS_DATA AS T2 ON T1.MakeId  =  T2.Id WHERE T2.Weight  <  (SELECT avg(Weight) FROM CARS_DATA),136,True,ChatGPT,1,1,What is the model for the car with a weight smaller than the average?,69,ea,spider_98,results/raw/ChatGPT_spider_ea_20260326_160002.jsonl
True,spider,[true],car_1,data/spider/database/car_1/car_1.sqlite,,False,,True,,SELECT cn.Model FROM cars_data cd JOIN car_names cn ON cn.MakeId = cd.Id WHERE cd.Weight < (SELECT AVG(Weight) FROM cars_data),True,,SELECT T1.model FROM CAR_NAMES AS T1 JOIN CARS_DATA AS T2 ON T1.MakeId  =  T2.Id WHERE T2.Weight  <  (SELECT avg(Weight) FROM CARS_DATA),136,True,ChatGPT,1,1,Find the model of the car whose weight is below the average weight.,67,ea,spider_97,results/raw/ChatGPT_spider_ea_20260326_160002.jsonl
False,bird,[false],california_schools,data/bird/dev_databases/california_schools/california_schools.sqlite,simple,False,Charter schools refers to `Charter School (Y/N)` = 1 in the table fprm,False,,SELECT DISTINCT s.Zip FROM schools s JOIN frpm f ON s.CDSCode = f.CDSCode WHERE f.`County Name` = 'Fresno County Office of Education' AND f.`Charter School (Y/N)` = 1 AND s.Zip IS NOT NULL,True,,SELECT T2.Zip FROM frpm AS T1 INNER JOIN schools AS T2 ON T1.CDSCode = T2.CDSCode WHERE T1.`District Name` = 'Fresno County Office of Education' AND T1.`Charter School (Y/N)` = 1,178,True,DeepSeek,1,1,Please list the zip code of all the charter schools in Fresno County Office of Education.,89,ea,bird_2,results/raw/DeepSeek_bird_ea_20260326_155321.jsonl
False,bird,[false],california_schools,data/bird/dev_databases/california_schools/california_schools.sqlite,moderate,False,Eligible free rates for students aged 5-17 = `Free Meal Count (Ages 5-17)` / `Enrollment (Ages 5-17)`,False,,SELECT `Percent (%) Eligible Free (Ages 5-17)` FROM frpm WHERE `School Type` = 'Continuation' ORDER BY `Percent (%) Eligible Free (Ages 5-17)` ASC LIMIT 3,True,,SELECT `Free Meal Count (Ages 5-17)` / `Enrollment (Ages 5-17)` FROM frpm WHERE `Educational Option Type` = 'Continuation School' AND `Free Meal Count (Ages 5-17)` / `Enrollment (Ages 5-17)` IS NOT NULL ORDER BY `Free Meal Count (Ages 5-17)` / `Enrollment (Ages 5-17)` ASC LIMIT 3,280,True,DeepSeek,1,1,Please list the lowest three eligible free rates for students aged 5-17 in continuation schools.,96,ea,bird_1,results/raw/DeepSeek_bird_ea_20260326_155321.jsonl
True,bird,[true],california_schools,data/bird/dev_databases/california_schools/california_schools.sqlite,simple,False,Eligible free rate for K-12 = `Free Meal Count (K-12)` / `Enrollment (K-12)`,True,,SELECT MAX(`Percent (%) Eligible Free (K-12)`) FROM frpm WHERE `County Name` = 'Alameda',True,,SELECT `Free Meal Count (K-12)` / `Enrollment (K-12)` FROM frpm WHERE `County Name` = 'Alameda' ORDER BY (CAST(`Free Meal Count (K-12)` AS REAL) / `Enrollment (K-12)`) DESC LIMIT 1,180,True,DeepSeek,1,1,What is the highest eligible free rate for K-12 students in the schools in Alameda County?,90,ea,bird_0,results/raw/DeepSeek_bird_ea_20260326_155321.jsonl
True,bird,[true],california_schools,data/bird/dev_databases/california_schools/california_schools.sqlite,simple,False,,True,,SELECT s.Phone FROM satscores ss JOIN schools s ON ss.cds = s.CDSCode WHERE ss.NumGE1500 = (SELECT MAX(NumGE1500) FROM satscores) LIMIT 1,True,,SELECT T2.Phone FROM satscores AS T1 INNER JOIN schools AS T2 ON T1.cds = T2.CDSCode ORDER BY T1.NumGE1500 DESC LIMIT 1,119,True,DeepSeek,1,1,What is the phone number of the school that has the highest number of test takers with an SAT score of over 1500?,113,ea,bird_7,results/raw/DeepSeek_bird_ea_20260326_155321.jsonl
False,bird,[false],california_schools,data/bird/dev_databases/california_schools/california_schools.sqlite,simple,False,,False,,"SELECT frpm.""FRPM Count (Ages 5-17)"" FROM satscores JOIN frpm ON satscores.cds = frpm.CDSCode WHERE satscores.AvgScrRead = (SELECT MAX(AvgScrRead) FROM satscores) LIMIT 1",True,,SELECT T2.`FRPM Count (Ages 5-17)` FROM satscores AS T1 INNER JOIN frpm AS T2 ON T1.cds = T2.CDSCode ORDER BY T1.AvgScrRead DESC LIMIT 1,136,True,DeepSeek,1,1,"For the school with the highest average score in Reading in the SAT test, what is its FRPM count for students aged 5-17?",120,ea,bird_10,results/raw/DeepSeek_bird_ea_20260326_155321.jsonl
True,bird,[true],california_schools,data/bird/dev_databases/california_schools/california_schools.sqlite,simple,False,,True,,SELECT COUNT(*) FROM frpm WHERE `County Name` = 'Los Angeles' AND `Free Meal Count (K-12)` > 500 AND `FRPM Count (K-12)` < 700,True,,SELECT COUNT(CDSCode) FROM frpm WHERE `County Name` = 'Los Angeles' AND `Free Meal Count (K-12)` > 500 AND `FRPM Count (K-12)`< 700,131,True,DeepSeek,1,1,In Los Angeles how many schools have more than 500 free meals but less than 700 free or reduced price meals for K-12?,117,ea,bird_21,results/raw/DeepSeek_bird_ea_20260326_155321.jsonl
True,bird,[true],california_schools,data/bird/dev_databases/california_schools/california_schools.sqlite,moderate,False,Excellence rate = NumGE1500 / NumTstTakr; Eligible free rates for students aged 5-17 = `Free Meal Count (Ages 5-17)` / `Enrollment (Ages 5-17)`,True,,SELECT MAX(frpm.`Percent (%) Eligible Free (Ages 5-17)`) AS highest_eligible_free_rate FROM frpm INNER JOIN satscores ON frpm.CDSCode = satscores.cds WHERE (satscores.NumGE1500 * 1.0 / satscores.NumTstTakr) > 0.3,True,,SELECT MAX(CAST(T1.`Free Meal Count (Ages 5-17)` AS REAL) / T1.`Enrollment (Ages 5-17)`) FROM frpm AS T1 INNER JOIN satscores AS T2 ON T1.CDSCode = T2.cds WHERE CAST(T2.NumGE1500 AS REAL) / T2.NumTstTakr > 0.3,209,True,DeepSeek,1,1,"Among the schools with an SAT excellence rate of over 0.3, what is the highest eligible free rate for students aged 5-17?",121,ea,bird_12,results/raw/DeepSeek_bird_ea_20260326_155321.jsonl
True,bird,[true],california_schools,data/bird/dev_databases/california_schools/california_schools.sqlite,simple,False,,True,,SELECT COUNT(*) FROM frpm WHERE `County Name` = 'Amador' AND `Low Grade` = '9' AND `High Grade` = '12',True,,SELECT COUNT(T1.`School Name`) FROM frpm AS T1 INNER JOIN schools AS T2 ON T1.CDSCode = T2.CDSCode WHERE T2.County = 'Amador' AND T1.`Low Grade` = 9 AND T1.`High Grade` = 12,173,True,DeepSeek,1,1,How many schools in Amador which the Low Grade is 9 and the High Grade is 12?,77,ea,bird_20,results/raw/DeepSeek_bird_ea_20260326_155321.jsonl
False,bird,[false],california_schools,data/bird/dev_databases/california_schools/california_schools.sqlite,moderate,False,Charter schools refers to `Charter School (Y/N)` = 1 in the frpm,False,,SELECT s.Phone FROM schools s JOIN frpm f ON s.CDSCode = f.CDSCode WHERE s.Charter = 1 AND f.`Charter Funding Type` = 'Direct-funded' AND s.OpenDate > '2000-01-01',True,,SELECT T2.Phone FROM frpm AS T1 INNER JOIN schools AS T2 ON T1.CDSCode = T2.CDSCode WHERE T1.`Charter Funding Type` = 'Directly funded' AND T1.`Charter School (Y/N)` = 1 AND T2.OpenDate > '2000-01-01',200,True,DeepSeek,1,1,Please list the phone numbers of the direct charter-funded schools that are opened after 2000/1/1.,98,ea,bird_4,results/raw/DeepSeek_bird_ea_20260326_155321.jsonl
True,bird,[true],california_schools,data/bird/dev_databases/california_schools/california_schools.sqlite,simple,False,,True,,SELECT satscores.NumTstTakr FROM frpm JOIN satscores ON frpm.CDSCode = satscores.cds WHERE frpm.`FRPM Count (K-12)` = (SELECT MAX(`FRPM Count (K-12)`) FROM frpm),True,,SELECT NumTstTakr FROM satscores WHERE cds = ( SELECT CDSCode FROM frpm ORDER BY `FRPM Count (K-12)` DESC LIMIT 1 ),115,True,DeepSeek,1,1,What is the number of SAT test takers of the schools with the highest FRPM count for K-12 students?,99,ea,bird_8,results/raw/DeepSeek_bird_ea_20260326_155321.jsonl
False,bird,[false],california_schools,data/bird/dev_databases/california_schools/california_schools.sqlite,simple,False,,False,,SELECT COUNT(*) FROM satscores s JOIN schools sc ON s.cds = sc.CDSCode WHERE sc.County = 'Fresno' AND sc.FundingType = 'Directly Funded' AND s.NumTstTakr <= 250,True,,SELECT COUNT(T1.CDSCode) FROM frpm AS T1 INNER JOIN satscores AS T2 ON T1.CDSCode = T2.cds WHERE T1.`Charter Funding Type` = 'Directly funded' AND T1.`County Name` = 'Fresno' AND T2.NumTstTakr <= 250,199,True,DeepSeek,1,1,How many schools in Fresno (directly funded) have number of test takers not more than 250?,90,ea,bird_18,results/raw/DeepSeek_bird_ea_20260326_155321.jsonl
False,bird,[false],california_schools,data/bird/dev_databases/california_schools/california_schools.sqlite,simple,False,,False,,SELECT COUNT(DISTINCT s.CDSCode) FROM schools s JOIN satscores ss ON s.CDSCode = ss.cds WHERE ss.AvgScrMath > 560 AND s.FundingType = 'Directly Funded' AND s.Charter = 1,True,,SELECT COUNT(T2.`School Code`) FROM satscores AS T1 INNER JOIN frpm AS T2 ON T1.cds = T2.CDSCode WHERE T1.AvgScrMath > 560 AND T2.`Charter Funding Type` = 'Directly funded',172,True,DeepSeek,1,1,"Among the schools with the average score in Math over 560 in the SAT test, how many schools are directly charter-funded?",120,ea,bird_9,results/raw/DeepSeek_bird_ea_20260326_155321.jsonl
True,bird,[true],california_schools,data/bird/dev_databases/california_schools/california_schools.sqlite,simple,False,,True,,SELECT s.MailStreet FROM frpm f JOIN schools s ON f.CDSCode = s.CDSCode ORDER BY f.`FRPM Count (K-12)` DESC LIMIT 1,True,,SELECT T2.MailStreet FROM frpm AS T1 INNER JOIN schools AS T2 ON T1.CDSCode = T2.CDSCode ORDER BY T1.`FRPM Count (K-12)` DESC LIMIT 1,133,True,DeepSeek,1,1,What is the unabbreviated mailing street address of the school with the highest FRPM count for K-12 students?,109,ea,bird_3,results/raw/DeepSeek_bird_ea_20260326_155321.jsonl
False,bird,[false],california_schools,data/bird/dev_databases/california_schools/california_schools.sqlite,simple,False,,False,,"SELECT s.School, s.CDSCode, ss.NumTstTakr FROM schools s JOIN satscores ss ON s.CDSCode = ss.cds WHERE s.County = 'Contra Costa' ORDER BY ss.NumTstTakr DESC LIMIT 1",True,,SELECT sname FROM satscores WHERE cname = 'Contra Costa' AND sname IS NOT NULL ORDER BY NumTstTakr DESC LIMIT 1,111,True,DeepSeek,1,1,Which school in Contra Costa has the highest number of test takers?,67,ea,bird_22,results/raw/DeepSeek_bird_ea_20260326_155321.jsonl
False,bird,[false],california_schools,data/bird/dev_databases/california_schools/california_schools.sqlite,simple,False,,False,,SELECT s.Phone FROM satscores sc JOIN schools s ON sc.cds = s.CDSCode WHERE sc.AvgScrMath = (SELECT MAX(AvgScrMath) FROM satscores) LIMIT 1,True,,SELECT T1.Phone FROM schools AS T1 INNER JOIN satscores AS T2 ON T1.CDSCode = T2.cds ORDER BY T2.AvgScrMath DESC LIMIT 1,120,True,DeepSeek,1,1,What is the phone number of the school that has the highest average score in Math?,82,ea,bird_19,results/raw/DeepSeek_bird_ea_20260326_155321.jsonl
True,bird,[true],california_schools,data/bird/dev_databases/california_schools/california_schools.sqlite,simple,False,Excellence rate = NumGE1500 / NumTstTakr,True,,SELECT s.Phone FROM schools s JOIN satscores ss ON s.CDSCode = ss.cds WHERE ss.rtype = 'S' ORDER BY (CAST(ss.NumGE1500 AS REAL) / ss.NumTstTakr) DESC LIMIT 3,True,,SELECT T1.Phone FROM schools AS T1 INNER JOIN satscores AS T2 ON T1.CDSCode = T2.cds ORDER BY CAST(T2.NumGE1500 AS REAL) / T2.NumTstTakr DESC LIMIT 3,149,True,DeepSeek,1,1,Please list the phone numbers of the schools with the top 3 SAT excellence rate.,80,ea,bird_13,results/raw/DeepSeek_bird_ea_20260326_155321.jsonl
False,bird,[false],california_schools,data/bird/dev_databases/california_schools/california_schools.sqlite,simple,False,Valid charter number means the number is not null,False,,"SELECT s.School, s.CharterNum, AVG(ss.AvgScrWrite) AS AvgWritingScore FROM schools s JOIN satscores ss ON s.CDSCode = ss.cds WHERE ss.AvgScrWrite > 499 GROUP BY s.School, s.CharterNum ORDER BY AvgWritingScore DESC",True,,"SELECT CharterNum, AvgScrWrite, RANK() OVER (ORDER BY AvgScrWrite DESC) AS WritingScoreRank FROM schools AS T1  INNER JOIN satscores AS T2 ON T1.CDSCode = T2.cds WHERE T2.AvgScrWrite > 499 AND CharterNum is not null",215,True,DeepSeek,1,1,"Rank schools by their average score in Writing where the score is greater than 499, showing their charter numbers.",114,ea,bird_17,results/raw/DeepSeek_bird_ea_20260326_155321.jsonl
False,bird,[false],california_schools,data/bird/dev_databases/california_schools/california_schools.sqlite,simple,False,Exclusively virtual refers to Virtual = 'F',False,,SELECT COUNT(DISTINCT s.CDSCode) FROM schools s JOIN satscores ss ON s.CDSCode = ss.cds WHERE ss.AvgScrMath > 400 AND s.Virtual = 'Y',True,,SELECT COUNT(DISTINCT T2.School) FROM satscores AS T1 INNER JOIN schools AS T2 ON T1.cds = T2.CDSCode WHERE T2.Virtual = 'F' AND T1.AvgScrMath > 400,148,True,DeepSeek,1,1,How many schools with an average score in Math greater than 400 in the SAT test are exclusively virtual?,104,ea,bird_5,results/raw/DeepSeek_bird_ea_20260326_155321.jsonl
False,bird,[false],california_schools,data/bird/dev_databases/california_schools/california_schools.sqlite,moderate,False,K-12 refers to students in grades 1 through 12; Eligible free rate for K-12 = `Free Meal Count (K-12)` / `Enrollment (K-12)`,False,,SELECT `Percent (%) Eligible Free (K-12)` FROM frpm WHERE `Low Grade` <= '1' AND `High Grade` >= '12' ORDER BY `Enrollment (K-12)` DESC LIMIT 10 OFFSET 9,True,,"SELECT CAST(`Free Meal Count (K-12)` AS REAL) / `Enrollment (K-12)` FROM frpm ORDER BY `Enrollment (K-12)` DESC LIMIT 9, 2",122,True,DeepSeek,1,1,What is the eligible free rate of the 10th and 11th schools with the highest enrolment for students in grades 1 through 12?,123,ea,bird_31,results/raw/DeepSeek_bird_ea_20260326_155321.jsonl
True,bird,[true],california_schools,data/bird/dev_databases/california_schools/california_schools.sqlite,challenging,False,"full name means first name, last name; There are at most 3 administrators for each school; SAT Scores are greater or equal to 1500 refers to NumGE1500",True,,"SELECT s.AdmFName1, s.AdmLName1, s.AdmFName2, s.AdmLName2, s.AdmFName3, s.AdmLName3 FROM satscores sc JOIN schools s ON sc.cds = s.CDSCode WHERE sc.NumGE1500 = (SELECT MAX(NumGE1500) FROM satscores) LIMIT 1",True,,"SELECT T2.AdmFName1, T2.AdmLName1, T2.AdmFName2, T2.AdmLName2, T2.AdmFName3, T2.AdmLName3 FROM satscores AS T1 INNER JOIN schools AS T2 ON T1.cds = T2.CDSCode ORDER BY T1.NumGE1500 DESC LIMIT 1",193,True,DeepSeek,1,1,Under whose administration is the school with the highest number of students scoring 1500 or more on the SAT? Indicate their full names.,136,ea,bird_36,results/raw/DeepSeek_bird_ea_20260326_155321.jsonl
False,bird,[false],california_schools,data/bird/dev_databases/california_schools/california_schools.sqlite,moderate,False,"Full communication address should include Street, City, State and zip code if any.",False,,"SELECT s.School, s.Street, s.City, s.Zip, s.State FROM schools s JOIN frpm f ON s.CDSCode = f.CDSCode WHERE s.County = 'Monterey' AND f.`FRPM Count (Ages 5-17)` > 800 AND f.`High Grade` LIKE '%12%'",True,,"SELECT T1.`School Name`, T2.Street, T2.City, T2.State, T2.Zip FROM frpm AS T1 INNER JOIN schools AS T2 ON T1.CDSCode = T2.CDSCode WHERE T2.County = 'Monterey' AND T1.`Free Meal Count (Ages 5-17)` > 800 AND T1.`School Type` = 'High Schools (Public)'",248,True,DeepSeek,1,1,State the names and full communication address of high schools in Monterey which has more than 800 free or reduced price meals for ages 15-17?,142,ea,bird_26,results/raw/DeepSeek_bird_ea_20260326_155321.jsonl
False,bird,[false],california_schools,data/bird/dev_databases/california_schools/california_schools.sqlite,moderate,False,Average of average math = sum(average math scores) / count(schools).,False,,"SELECT s.School, s.FundingType FROM schools s JOIN satscores sat ON s.CDSCode = sat.cds WHERE s.County = 'Riverside' AND sat.AvgScrMath > 400",True,,"SELECT T1.sname, T2.`Charter Funding Type` FROM satscores AS T1 INNER JOIN frpm AS T2 ON T1.cds = T2.CDSCode WHERE T2.`District Name` LIKE 'Riverside%' GROUP BY T1.sname, T2.`Charter Funding Type` HAVING CAST(SUM(T1.AvgScrMath) AS REAL) / COUNT(T1.cds) > 400",258,True,DeepSeek,1,1,"Name schools in Riverside which the average of average math score for SAT is grater than 400, what is the funding type of these schools?",136,ea,bird_25,results/raw/DeepSeek_bird_ea_20260326_155321.jsonl
False,bird,[false],california_schools,data/bird/dev_databases/california_schools/california_schools.sqlite,simple,False,K-12 means First-through-twelfth-grade,False,,SELECT s.OpenDate FROM schools s JOIN frpm f ON s.CDSCode = f.CDSCode WHERE f.`Low Grade` = '1' AND f.`High Grade` = '12' ORDER BY f.`Enrollment (K-12)` DESC LIMIT 1,True,,SELECT T2.OpenDate FROM frpm AS T1 INNER JOIN schools AS T2 ON T1.CDSCode = T2.CDSCode ORDER BY T1.`Enrollment (K-12)` DESC LIMIT 1,131,True,DeepSeek,1,1,When did the first-through-twelfth-grade school with the largest enrollment open?,81,ea,bird_29,results/raw/DeepSeek_bird_ea_20260326_155321.jsonl
False,bird,[false],california_schools,data/bird/dev_databases/california_schools/california_schools.sqlite,moderate,False,"Execellence Rate = NumGE1500 / NumTstTakr; complete address has Street, City, State, Zip code",False,,"SELECT s.Street, s.City, s.Zip, s.State FROM schools s JOIN satscores ss ON s.CDSCode = ss.cds WHERE ss.rtype = 'S' ORDER BY (CAST(ss.NumGE1500 AS REAL) / NULLIF(ss.NumTstTakr, 0)) ASC LIMIT 1",True,,"SELECT T2.Street, T2.City, T2.State, T2.Zip FROM satscores AS T1 INNER JOIN schools AS T2 ON T1.cds = T2.CDSCode ORDER BY CAST(T1.NumGE1500 AS REAL) / T1.NumTstTakr ASC LIMIT 1",176,True,DeepSeek,1,1,"What is the complete address of the school with the lowest excellence rate? Indicate the Street, City, Zip and State.",117,ea,bird_37,results/raw/DeepSeek_bird_ea_20260326_155321.jsonl
False,bird,[false],california_schools,data/bird/dev_databases/california_schools/california_schools.sqlite,simple,False,,False,,SELECT s.EILName FROM satscores sc JOIN schools s ON sc.cds = s.CDSCode WHERE sc.AvgScrMath = (SELECT MAX(AvgScrMath) FROM satscores) LIMIT 1,True,,SELECT T2.EdOpsName FROM satscores AS T1 INNER JOIN schools AS T2 ON T1.cds = T2.CDSCode ORDER BY T1.AvgScrMath DESC LIMIT 1,124,True,DeepSeek,1,1,What is the type of education offered in the school who scored the highest average in Math?,91,ea,bird_42,results/raw/DeepSeek_bird_ea_20260326_155321.jsonl
False,bird,[false],california_schools,data/bird/dev_databases/california_schools/california_schools.sqlite,moderate,False,Average score for all subjects can be computed by AvgScrMath + AvgScrRead + AvgScrWrite,False,,"SELECT s.County, AVG(ss.AvgScrMath) AS avg_math_score FROM satscores ss JOIN schools s ON ss.cds = s.CDSCode WHERE ss.cds = (SELECT cds FROM (SELECT cds, (AVG(AvgScrRead) + AVG(AvgScrMath) + AVG(AvgScrWrite)) / 3 AS avg_all_subjects FROM satscores WHERE AvgScrRead IS NOT NULL AND AvgScrMath IS NOT NULL AND AvgScrWrite IS NOT NULL GROUP BY cds ORDER BY avg_all_subjects ASC LIMIT 1) AS lowest_avg_school) GROUP BY s.County",True,,"SELECT T1.AvgScrMath, T2.County FROM satscores AS T1 INNER JOIN schools AS T2 ON T1.cds = T2.CDSCode WHERE T1.AvgScrMath IS NOT NULL ORDER BY T1.AvgScrMath + T1.AvgScrRead + T1.AvgScrWrite ASC LIMIT 1",200,True,DeepSeek,1,1,"What is the average math score of the school with the lowest average score for all subjects, and in which county is it located?",127,ea,bird_43,results/raw/DeepSeek_bird_ea_20260326_155321.jsonl
False,bird,[false],california_schools,data/bird/dev_databases/california_schools/california_schools.sqlite,simple,False,Magnet schools or offer a magnet program means that Magnet = 1,False,,SELECT DISTINCT s.School FROM schools s JOIN satscores sat ON s.CDSCode = sat.cds WHERE sat.NumTstTakr > 500 AND (s.Magnet = 1 OR s.Magnet IS NOT NULL),True,,SELECT T2.School FROM satscores AS T1 INNER JOIN schools AS T2 ON T1.cds = T2.CDSCode WHERE T2.Magnet = 1 AND T1.NumTstTakr > 500,129,True,DeepSeek,1,1,"Among the schools with the SAT test takers of over 500, please list the schools that are magnet schools or offer a magnet program.",130,ea,bird_6,results/raw/DeepSeek_bird_ea_20260326_155321.jsonl
False,bird,[false],california_schools,data/bird/dev_databases/california_schools/california_schools.sqlite,simple,False,,False,,SELECT COUNT(*) FROM satscores WHERE cname = 'Alameda' AND NumTstTakr < 100,True,,SELECT COUNT(T1.CDSCode) FROM schools AS T1 INNER JOIN satscores AS T2 ON T1.CDSCode = T2.cds WHERE T1.StatusType = 'Merged' AND T2.NumTstTakr < 100 AND T1.County = 'Lake',171,True,DeepSeek,1,1,How many schools in merged Alameda have number of test takers less than 100?,76,ea,bird_16,results/raw/DeepSeek_bird_ea_20260326_155321.jsonl
False,bird,[false],california_schools,data/bird/dev_databases/california_schools/california_schools.sqlite,simple,False,,False,no such column: s.City,"SELECT s.City, s.AvgScrWrite FROM satscores s JOIN schools sc ON s.cds = sc.CDSCode WHERE s.NumGE1500 = (SELECT MAX(NumGE1500) FROM satscores) LIMIT 1",False,,"SELECT T1.AvgScrWrite, T2.City FROM satscores AS T1 INNER JOIN schools AS T2 ON T1.cds = T2.CDSCode ORDER BY T1.NumGE1500 DESC LIMIT 1",134,True,DeepSeek,1,1,What is the average writing score of the school who has the highest number of test takers whose total SAT sscores are greater or equal to 1500? Indicate the city to where the school is situated.,194,ea,bird_44,results/raw/DeepSeek_bird_ea_20260326_155321.jsonl
False,bird,[false],california_schools,data/bird/dev_databases/california_schools/california_schools.sqlite,moderate,False,Eligible free rates for students aged 5-17 = `Free Meal Count (Ages 5-17)` / `Enrollment (Ages 5-17)`,False,,SELECT `Percent (%) Eligible Free (Ages 5-17)` FROM frpm WHERE `School Name` = 'Kacey Gibson',True,,SELECT CAST(T2.`Free Meal Count (Ages 5-17)` AS REAL) / T2.`Enrollment (Ages 5-17)` FROM schools AS T1 INNER JOIN frpm AS T2 ON T1.CDSCode = T2.CDSCode WHERE T1.AdmFName1 = 'Kacey' AND T1.AdmLName1 = 'Gibson',208,True,DeepSeek,1,1,What is the free rate for students between the ages of 5 and 17 at the school run by Kacey Gibson?,98,ea,bird_34,results/raw/DeepSeek_bird_ea_20260326_155321.jsonl
False,bird,[false],california_schools,data/bird/dev_databases/california_schools/california_schools.sqlite,moderate,False,Percent eligible for free meals = Free Meal Count (K-12) / Total (Enrollment (K-12),False,,SELECT DISTINCT s.School FROM schools s JOIN frpm f ON s.CDSCode = f.CDSCode JOIN satscores sat ON s.CDSCode = sat.cds WHERE f.`Percent (%) Eligible Free (K-12)` > 0.1 AND sat.NumGE1500 > 0,True,,SELECT T2.`School Name` FROM satscores AS T1 INNER JOIN frpm AS T2 ON T1.cds = T2.CDSCode WHERE CAST(T2.`Free Meal Count (K-12)` AS REAL) / T2.`Enrollment (K-12)` > 0.1 AND T1.NumGE1500 > 0,189,True,DeepSeek,1,1,Give the names of the schools with the percent eligible for free meals in K-12 is more than 0.1 and test takers whose test score is greater than or equal to 1500?,162,ea,bird_24,results/raw/DeepSeek_bird_ea_20260326_155321.jsonl
False,bird,[false],california_schools,data/bird/dev_databases/california_schools/california_schools.sqlite,simple,False,,False,,SELECT s.District FROM schools s JOIN satscores ss ON s.CDSCode = ss.cds WHERE s.StatusType = 'Active' AND ss.rtype = 'D' GROUP BY s.District ORDER BY AVG(ss.AvgScrRead) DESC LIMIT 1,True,,SELECT T1.District FROM schools AS T1 INNER JOIN satscores AS T2 ON T1.CDSCode = T2.cds WHERE T1.StatusType = 'Active' ORDER BY T2.AvgScrRead DESC LIMIT 1,154,True,DeepSeek,1,1,Which active district has the highest average score in Reading?,63,ea,bird_15,results/raw/DeepSeek_bird_ea_20260326_155321.jsonl
True,bird,[true],california_schools,data/bird/dev_databases/california_schools/california_schools.sqlite,simple,False,Postal street and mailing street are synonyms.,True,,"SELECT s.Street, s.School FROM satscores ss JOIN schools s ON ss.cds = s.CDSCode WHERE ss.AvgScrMath IS NOT NULL ORDER BY ss.AvgScrMath DESC LIMIT 1 OFFSET 6",True,,"SELECT T2.MailStreet, T2.School FROM satscores AS T1 INNER JOIN schools AS T2 ON T1.cds = T2.CDSCode ORDER BY T1.AvgScrMath DESC LIMIT 6, 1",139,True,DeepSeek,1,1,What is the postal street address for the school with the 7th highest Math average? Indicate the school's name.,111,ea,bird_50,results/raw/DeepSeek_bird_ea_20260326_155321.jsonl
False,bird,[false],california_schools,data/bird/dev_databases/california_schools/california_schools.sqlite,simple,False,,False,no such column: s.NCESchool,SELECT s.NCESchool FROM frpm f JOIN schools s ON f.CDSCode = s.CDSCode ORDER BY f.`Enrollment (Ages 5-17)` DESC LIMIT 5,False,,SELECT T1.NCESSchool FROM schools AS T1 INNER JOIN frpm AS T2 ON T1.CDSCode = T2.CDSCode ORDER BY T2.`Enrollment (Ages 5-17)` DESC LIMIT 5,138,True,DeepSeek,1,1,"List the top five schools, by descending order, from the highest to the lowest, the most number of Enrollment (Ages 5-17). Please give their NCES school identification number.",175,ea,bird_14,results/raw/DeepSeek_bird_ea_20260326_155321.jsonl
True,bird,[true],california_schools,data/bird/dev_databases/california_schools/california_schools.sqlite,simple,False,,True,,SELECT s.Website FROM schools s JOIN satscores ss ON s.CDSCode = ss.cds WHERE s.County = 'Los Angeles' AND ss.NumTstTakr BETWEEN 2000 AND 3000,True,,SELECT T2.Website FROM satscores AS T1 INNER JOIN schools AS T2 ON T1.cds = T2.CDSCode WHERE T1.NumTstTakr BETWEEN 2000 AND 3000 AND T2.County = 'Los Angeles',158,True,DeepSeek,1,1,"What are the webpages for the Los Angeles County school that has between 2,000 and 3,000 test takers?",101,ea,bird_38,results/raw/DeepSeek_bird_ea_20260326_155321.jsonl
False,bird,[false],california_schools,data/bird/dev_databases/california_schools/california_schools.sqlite,simple,False,,False,,"SELECT s.MailStreet, s.School FROM satscores ss JOIN schools s ON ss.cds = s.CDSCode WHERE ss.AvgScrRead = (SELECT MIN(AvgScrRead) FROM satscores WHERE AvgScrRead IS NOT NULL) LIMIT 1",True,,"SELECT T2.MailStreet, T2.School FROM satscores AS T1 INNER JOIN schools AS T2 ON T1.cds = T2.CDSCode WHERE T1.AvgScrRead IS NOT NULL ORDER BY T1.AvgScrRead ASC LIMIT 1",167,True,DeepSeek,1,1,In which mailing street address can you find the school that has the lowest average score in reading? Also give the school's name.,130,ea,bird_51,results/raw/DeepSeek_bird_ea_20260326_155321.jsonl
False,bird,[false],california_schools,data/bird/dev_databases/california_schools/california_schools.sqlite,moderate,False,Fresno Unified is a name of district;,False,,SELECT s.Phone FROM satscores ss JOIN schools s ON ss.cds = s.CDSCode WHERE ss.cname = 'Fresno Unified' AND ss.AvgScrRead = (SELECT MIN(AvgScrRead) FROM satscores WHERE cname = 'Fresno Unified') LIMIT 1,True,,SELECT T2.Phone FROM satscores AS T1 INNER JOIN schools AS T2 ON T1.cds = T2.CDSCode WHERE T2.District = 'Fresno Unified' AND T1.AvgScrRead IS NOT NULL ORDER BY T1.AvgScrRead ASC LIMIT 1,186,True,DeepSeek,1,1,What is the telephone number for the school with the lowest average score in reading in Fresno Unified?,103,ea,bird_40,results/raw/DeepSeek_bird_ea_20260326_155321.jsonl
False,bird,[false],california_schools,data/bird/dev_databases/california_schools/california_schools.sqlite,moderate,False,Diffrence in enrollement = `Enrollment (K-12)` - `Enrollment (Ages 5-17)`,False,,"SELECT s.School, s.Street, s.City, s.State, s.Zip FROM frpm f JOIN schools s ON f.CDSCode = s.CDSCode WHERE ABS(f.`Enrollment (K-12)` - f.`Enrollment (Ages 5-17)`) > 30",True,,"SELECT T1.School, T1.Street FROM schools AS T1 INNER JOIN frpm AS T2 ON T1.CDSCode = T2.CDSCode WHERE T2.`Enrollment (K-12)` - T2.`Enrollment (Ages 5-17)` > 30",159,True,DeepSeek,1,1,List the names of schools with more than 30 difference in enrollements between K-12 and ages 5-17? Please also give the full street adress of the schools.,154,ea,bird_23,results/raw/DeepSeek_bird_ea_20260326_155321.jsonl
False,bird,[false],california_schools,data/bird/dev_databases/california_schools/california_schools.sqlite,simple,False,Total enrollment can be represented by `Enrollment (K-12)` + `Enrollment (Ages 5-17)`,False,,"SELECT CDSCode FROM frpm WHERE ""Enrollment (K-12)"" > 500 UNION SELECT cds FROM satscores WHERE enroll12 > 500",True,,SELECT T2.CDSCode FROM schools AS T1 INNER JOIN frpm AS T2 ON T1.CDSCode = T2.CDSCode WHERE T2.`Enrollment (K-12)` + T2.`Enrollment (Ages 5-17)` > 500,150,True,DeepSeek,1,1,Please list the codes of the schools with a total enrollment of over 500.,73,ea,bird_11,results/raw/DeepSeek_bird_ea_20260326_155321.jsonl
False,bird,[false],california_schools,data/bird/dev_databases/california_schools/california_schools.sqlite,moderate,False,,False,,"SELECT s.School, s.Website FROM schools s JOIN frpm f ON s.CDSCode = f.CDSCode WHERE f.`Free Meal Count (Ages 5-17)` BETWEEN 1900 AND 2000 AND s.Website IS NOT NULL",True,,"SELECT T2.Website, T1.`School Name` FROM frpm AS T1 INNER JOIN schools AS T2 ON T1.CDSCode = T2.CDSCode WHERE T1.`Free Meal Count (Ages 5-17)` BETWEEN 1900 AND 2000 AND T2.Website IS NOT NULL",191,True,DeepSeek,1,1,"If there are any, what are the websites address of the schools with a free meal count of 1,900-2,000 to students aged 5-17? Include the name of the school.",155,ea,bird_33,results/raw/DeepSeek_bird_ea_20260326_155321.jsonl
False,bird,[false],california_schools,data/bird/dev_databases/california_schools/california_schools.sqlite,moderate,False,grades 1-12 means K-12; Eligible free or reduced price meal rate for K-12 = `FRPM Count (K-12)` / `Enrollment (K-12)`,False,,"SELECT s.School, f.`Percent (%) Eligible FRPM (K-12)` FROM frpm f JOIN schools s ON f.CDSCode = s.CDSCode WHERE s.DOC = '66' AND f.`Low Grade` <= '1' AND f.`High Grade` >= '12' ORDER BY f.`FRPM Count (K-12)` DESC LIMIT 5",True,,SELECT CAST(T1.`FRPM Count (K-12)` AS REAL) / T1.`Enrollment (K-12)` FROM frpm AS T1 INNER JOIN schools AS T2 ON T1.CDSCode = T2.CDSCode WHERE T2.SOC = 66 ORDER BY T1.`FRPM Count (K-12)` DESC LIMIT 5,199,True,DeepSeek,1,1,What is the eligible free or reduced price meal rate for the top 5 schools in grades 1-12 with the highest free or reduced price meal count of the schools with the ownership code 66?,182,ea,bird_32,results/raw/DeepSeek_bird_ea_20260326_155321.jsonl
False,bird,[false],california_schools,data/bird/dev_databases/california_schools/california_schools.sqlite,simple,False,K-12 refers to students in grades 1 through 12.,False,,SELECT s.City FROM schools s JOIN frpm f ON s.CDSCode = f.CDSCode WHERE f.`Low Grade` <= '1' AND f.`High Grade` >= '12' ORDER BY f.`Enrollment (K-12)` ASC LIMIT 5,True,,SELECT T2.City FROM frpm AS T1 INNER JOIN schools AS T2 ON T1.CDSCode = T2.CDSCode GROUP BY T2.City ORDER BY SUM(T1.`Enrollment (K-12)`) ASC LIMIT 5,148,True,DeepSeek,1,1,Which cities have the top 5 lowest enrollment number for students in grades 1 through 12?,89,ea,bird_30,results/raw/DeepSeek_bird_ea_20260326_155321.jsonl
False,bird,[false],california_schools,data/bird/dev_databases/california_schools/california_schools.sqlite,simple,False,Exclusively virtual refers to Virtual = 'F'; respective counties means PARTITION BY County,False,,"SELECT s.School FROM schools s JOIN satscores ss ON s.CDSCode = ss.cds WHERE s.Virtual = 'Y' AND ss.rtype = 'S' AND ss.AvgScrRead IS NOT NULL AND (SELECT COUNT(*) FROM satscores ss2 JOIN schools s2 ON ss2.cds = s2.CDSCode WHERE s2.County = s.County AND ss2.rtype = 'S' AND ss2.AvgScrRead IS NOT NULL AND ss2.AvgScrRead > ss.AvgScrRead) < 5 ORDER BY s.County, ss.AvgScrRead DESC",True,,"SELECT School FROM (SELECT T2.School,T1.AvgScrRead, RANK() OVER (PARTITION BY T2.County ORDER BY T1.AvgScrRead DESC) AS rnk FROM satscores AS T1 INNER JOIN schools AS T2 ON T1.cds = T2.CDSCode WHERE T2.Virtual = 'F' ) ranked_schools WHERE rnk <= 5",247,True,DeepSeek,1,1,List the names of virtual schools that are among the top 5 in their respective counties based on average reading scores.,120,ea,bird_41,results/raw/DeepSeek_bird_ea_20260326_155321.jsonl
False,bird,[false],california_schools,data/bird/dev_databases/california_schools/california_schools.sqlite,simple,False,,False,,SELECT SUM(NumTstTakr) FROM satscores JOIN schools ON satscores.cds = schools.CDSCode WHERE schools.MailCity = 'Fresno',True,,SELECT T1.NumTstTakr FROM satscores AS T1 INNER JOIN schools AS T2 ON T1.cds = T2.CDSCode WHERE T2.MailCity = 'Fresno',118,True,DeepSeek,1,1,How many test takers are there at the school/s whose mailing city address is in Fresno?,87,ea,bird_53,results/raw/DeepSeek_bird_ea_20260326_155321.jsonl
True,bird,[true],california_schools,data/bird/dev_databases/california_schools/california_schools.sqlite,moderate,False,Charted school means `Charter School (Y/N)` = 1 in the table frpm; Students enrolled in grades 1 through 12 refers to `Enrollment (K-12)`,True,,SELECT s.AdmEmail1 FROM schools s JOIN frpm f ON s.CDSCode = f.CDSCode WHERE s.Charter = 1 AND f.`Enrollment (K-12)` IS NOT NULL ORDER BY f.`Enrollment (K-12)` ASC LIMIT 1,True,,SELECT T2.AdmEmail1 FROM frpm AS T1 INNER JOIN schools AS T2 ON T1.CDSCode = T2.CDSCode WHERE T1.`Charter School (Y/N)` = 1 ORDER BY T1.`Enrollment (K-12)` ASC LIMIT 1,167,True,DeepSeek,1,1,What is the administrator's email address of the chartered school with the fewest students enrolled in grades 1 through 12?,123,ea,bird_35,results/raw/DeepSeek_bird_ea_20260326_155321.jsonl
True,bird,[true],california_schools,data/bird/dev_databases/california_schools/california_schools.sqlite,simple,False,between 1/1/1980 and 12/31/1980 means the year = 1980,True,,SELECT AVG(s.NumTstTakr) FROM satscores s JOIN schools sc ON s.cds = sc.CDSCode WHERE sc.County = 'Fresno' AND sc.OpenDate BETWEEN '1980-01-01' AND '1980-12-31',True,,"SELECT AVG(T1.NumTstTakr) FROM satscores AS T1 INNER JOIN schools AS T2 ON T1.cds = T2.CDSCode WHERE strftime('%Y', T2.OpenDate) = '1980' AND T2.County = 'Fresno'",162,True,DeepSeek,1,1,What is the average number of test takers from Fresno schools that opened between 1/1/1980 and 12/31/1980?,106,ea,bird_39,results/raw/DeepSeek_bird_ea_20260326_155321.jsonl
True,bird,[true],california_schools,data/bird/dev_databases/california_schools/california_schools.sqlite,moderate,False,"Usually, administrators manage the school stuff.",True,,"SELECT s.School, ss.AvgScrWrite FROM schools s JOIN satscores ss ON s.CDSCode = ss.cds WHERE s.AdmFName1 = 'Ricci' AND s.AdmLName1 = 'Ulrich' OR s.AdmFName2 = 'Ricci' AND s.AdmLName2 = 'Ulrich' OR s.AdmFName3 = 'Ricci' AND s.AdmLName3 = 'Ulrich'",True,,"SELECT T2.School, T1.AvgScrWrite FROM satscores AS T1 INNER JOIN schools AS T2 ON T1.cds = T2.CDSCode WHERE T2.AdmFName1 = 'Ricci' AND T2.AdmLName1 = 'Ulrich'",158,True,DeepSeek,1,1,What is the average writing score of each of the schools managed by Ricci Ulrich? List the schools and the corresponding average writing scores.,144,ea,bird_45,results/raw/DeepSeek_bird_ea_20260326_155321.jsonl
False,bird,[false],california_schools,data/bird/dev_databases/california_schools/california_schools.sqlite,simple,False,,False,,"SELECT s.Phone, s.Ext FROM satscores ss JOIN schools s ON ss.cds = s.CDSCode WHERE ss.rtype = 'S' ORDER BY ss.AvgScrWrite DESC LIMIT 1 OFFSET 332",True,,"SELECT T2.Phone, T2.Ext FROM satscores AS T1 INNER JOIN schools AS T2 ON T1.cds = T2.CDSCode ORDER BY T1.AvgScrWrite DESC LIMIT 332, 1",134,True,DeepSeek,1,1,What is the phone number and extension number for the school that had the 333rd highest average writing score?,110,ea,bird_57,results/raw/DeepSeek_bird_ea_20260326_155321.jsonl
False,bird,[false],california_schools,data/bird/dev_databases/california_schools/california_schools.sqlite,challenging,False,Difference between K-12 enrollment and 15-17 enrollment can be computed by `Enrollment (K-12)` - `Enrollment (Ages 5-17)`,False,,"SELECT s.School, s.DOCType FROM schools s JOIN frpm f ON s.CDSCode = f.CDSCode WHERE s.FundingType = 'Local' AND (f.`Enrollment (K-12)` - f.`Enrollment (Ages 5-17)`) > (SELECT AVG(f2.`Enrollment (K-12)` - f2.`Enrollment (Ages 5-17)`) FROM frpm f2 JOIN schools s2 ON f2.CDSCode = s2.CDSCode WHERE s2.FundingType = 'Local')",True,,"SELECT T2.School, T2.DOC FROM frpm AS T1 INNER JOIN schools AS T2 ON T1.CDSCode = T2.CDSCode WHERE T2.FundingType = 'Locally funded' AND (T1.`Enrollment (K-12)` - T1.`Enrollment (Ages 5-17)`) > (SELECT AVG(T3.`Enrollment (K-12)` - T3.`Enrollment (Ages 5-17)`) FROM frpm AS T3 INNER JOIN schools AS T4 ON T3.CDSCode = T4.CDSCode WHERE T4.FundingType = 'Locally funded')",368,True,DeepSeek,1,1,"Consider the average difference between K-12 enrollment and 15-17 enrollment of schools that are locally funded, list the names and DOC type of schools which has a difference above this average.",194,ea,bird_28,results/raw/DeepSeek_bird_ea_20260326_155321.jsonl
False,bird,[false],california_schools,data/bird/dev_databases/california_schools/california_schools.sqlite,challenging,False,non-chartered schools refer to schools whose Charter = 0; K-12 means grades 1 through 12; percent of eligible free rate for K-12 = `Free Meal Count (K-12)` * 100 / `Enrollment (K-12)`,False,,SELECT COUNT(*) FROM frpm WHERE `County Name` = 'Los Angeles' AND `Charter School (Y/N)` = 0 AND `Percent (%) Eligible Free (K-12)` < 0.18,True,,SELECT COUNT(T2.School) FROM frpm AS T1 INNER JOIN schools AS T2 ON T1.CDSCode = T2.CDSCode WHERE T2.County = 'Los Angeles' AND T2.Charter = 0 AND CAST(T1.`Free Meal Count (K-12)` AS REAL) * 100 / T1.`Enrollment (K-12)` < 0.18,226,True,DeepSeek,1,1,What is the total number of non-chartered schools in the county of Los Angeles with a percent (%) of eligible free meals for grades 1 through 12 that is less than 0.18%?,169,ea,bird_62,results/raw/DeepSeek_bird_ea_20260326_155321.jsonl
False,bird,[false],california_schools,data/bird/dev_databases/california_schools/california_schools.sqlite,moderate,False,Elementary School District refers to DOC = 52; Unified School District refers to DOC = 54.,False,,SELECT (SELECT COUNT(*) FROM frpm WHERE `County Name` = 'Orange County' AND `District Type` = 'Unified' AND `School Type` = 'Merged') * 1.0 / (SELECT COUNT(*) FROM frpm WHERE `County Name` = 'Orange County' AND `District Type` = 'Elementary' AND `School Type` = 'Merged') AS ratio,True,,SELECT CAST(SUM(CASE WHEN DOC = 54 THEN 1 ELSE 0 END) AS REAL) / SUM(CASE WHEN DOC = 52 THEN 1 ELSE 0 END) FROM schools WHERE StatusType = 'Merged' AND County = 'Orange',169,True,DeepSeek,1,1,What is the ratio of merged Unified School District schools in Orange County to merged Elementary School District schools?,122,ea,bird_48,results/raw/DeepSeek_bird_ea_20260326_155321.jsonl
False,bird,[false],california_schools,data/bird/dev_databases/california_schools/california_schools.sqlite,moderate,False,Closure date and closed date are synonyms; 'Closed' was mentioned in schools.StatusType.,False,,"SELECT s.County, s.School, s.ClosedDate FROM schools s WHERE s.StatusType = 'Closed' GROUP BY s.County ORDER BY COUNT(*) DESC LIMIT 1",True,,"SELECT DISTINCT County, School, ClosedDate FROM schools WHERE County = ( SELECT County FROM schools WHERE StatusType = 'Closed' GROUP BY County ORDER BY COUNT(School) DESC LIMIT 1 ) AND StatusType = 'Closed' AND school IS NOT NULL",230,True,DeepSeek,1,1,Which different county has the most number of closed schools? Please provide the name of each school as well as the closure date.,129,ea,bird_49,results/raw/DeepSeek_bird_ea_20260326_155321.jsonl
False,bird,[false],california_schools,data/bird/dev_databases/california_schools/california_schools.sqlite,simple,False,,False,,"SELECT School, Phone, Ext FROM schools WHERE Zip = '95203-3704'",True,,"SELECT Phone, Ext, School FROM schools WHERE Zip = '95203-3704'",63,True,DeepSeek,1,1,What is the phone number and extension number for the school with the zip code 95203-3704? Indicate the school's name.,118,ea,bird_58,results/raw/DeepSeek_bird_ea_20260326_155321.jsonl
False,bird,[false],california_schools,data/bird/dev_databases/california_schools/california_schools.sqlite,simple,False,State Special Schools refers to DOC = 31; Grades 1 through 12 means K-12,False,,"SELECT s.State, SUM(f.`Enrollment (K-12)`) AS total_enrollment FROM frpm f JOIN schools s ON f.CDSCode = s.CDSCode WHERE f.`Low Grade` <= '1' AND f.`High Grade` >= '12' AND s.SOCType = 'Special Education' GROUP BY s.State ORDER BY total_enrollment DESC",True,,SELECT T2.School FROM frpm AS T1 INNER JOIN schools AS T2 ON T1.CDSCode = T2.CDSCode WHERE T2.DOC = 31 ORDER BY T1.`Enrollment (K-12)` DESC LIMIT 1,147,True,DeepSeek,1,1,Which state special schools have the highest number of enrollees from grades 1 through 12?,90,ea,bird_46,results/raw/DeepSeek_bird_ea_20260326_155321.jsonl
True,bird,[true],california_schools,data/bird/dev_databases/california_schools/california_schools.sqlite,simple,False,,True,,SELECT DISTINCT s.Website FROM schools s WHERE (s.AdmFName1 = 'Mike' AND s.AdmLName1 = 'Larson') OR (s.AdmFName2 = 'Mike' AND s.AdmLName2 = 'Larson') OR (s.AdmFName3 = 'Mike' AND s.AdmLName3 = 'Larson') OR (s.AdmFName1 = 'Dante' AND s.AdmLName1 = 'Alvarez') OR (s.AdmFName2 = 'Dante' AND s.AdmLName2 = 'Alvarez') OR (s.AdmFName3 = 'Dante' AND s.AdmLName3 = 'Alvarez'),True,,SELECT Website FROM schools WHERE (AdmFName1 = 'Mike' AND AdmLName1 = 'Larson') OR (AdmFName1 = 'Dante' AND AdmLName1 = 'Alvarez'),130,True,DeepSeek,1,1,What is the website for the schools under the administrations of Mike Larson and Dante Alvarez?,95,ea,bird_59,results/raw/DeepSeek_bird_ea_20260326_155321.jsonl
False,bird,[false],california_schools,data/bird/dev_databases/california_schools/california_schools.sqlite,simple,False,,False,,"SELECT DISTINCT s.School, s.MailZip FROM schools s WHERE s.AdmFName1 = 'Avetik' AND s.AdmLName1 = 'Atoian' OR s.AdmFName2 = 'Avetik' AND s.AdmLName2 = 'Atoian' OR s.AdmFName3 = 'Avetik' AND s.AdmLName3 = 'Atoian'",True,,"SELECT School, MailZip FROM schools WHERE AdmFName1 = 'Avetik' AND AdmLName1 = 'Atoian'",87,True,DeepSeek,1,1,Please specify all of the schools and their related mailing zip codes that are under Avetik Atoian's administration.,116,ea,bird_54,results/raw/DeepSeek_bird_ea_20260326_155321.jsonl
False,bird,[false],california_schools,data/bird/dev_databases/california_schools/california_schools.sqlite,simple,False,Elementary School District refers to DOC = 52; Chartered schools refer to Charter = 1 in the table schools,False,,SELECT COUNT(*) FROM schools WHERE City = 'Hickman' AND Charter = 1 AND District LIKE '%Elementary%',True,,SELECT COUNT(School) FROM schools WHERE DOC = 52 AND Charter = 1 AND City = 'Hickman',85,True,DeepSeek,1,1,How many chartered schools located in the city of Hickman are owned by the Elementary School District?,102,ea,bird_61,results/raw/DeepSeek_bird_ea_20260326_155321.jsonl
True,bird,[true],california_schools,data/bird/dev_databases/california_schools/california_schools.sqlite,simple,False,,True,,SELECT COUNT(*) FROM schools WHERE MailState = 'CA' AND City = 'San Joaquin' AND StatusType = 'Active',True,,SELECT COUNT(CDSCode) FROM schools WHERE City = 'San Joaquin' AND MailState = 'CA' AND StatusType = 'Active',108,True,DeepSeek,1,1,"Of all the schools with a mailing state address in California, how many are active in San Joaquin city?",103,ea,bird_56,results/raw/DeepSeek_bird_ea_20260326_155321.jsonl
True,bird,[true],california_schools,data/bird/dev_databases/california_schools/california_schools.sqlite,simple,False,Total SAT scores can be computed by AvgScrRead + AvgScrMath + AvgScrWrite,True,,SELECT COUNT(*) FROM schools s JOIN satscores sat ON s.CDSCode = sat.cds WHERE s.MailCity = 'Lakeport' AND sat.NumGE1500 >= 1,True,,SELECT COUNT(T1.cds) FROM satscores AS T1 INNER JOIN schools AS T2 ON T1.cds = T2.CDSCode WHERE T2.MailCity = 'Lakeport' AND (T1.AvgScrRead + T1.AvgScrMath + T1.AvgScrWrite) >= 1500,181,True,DeepSeek,1,1,What is the total number of schools whose total SAT scores are greater or equal to 1500 whose mailing city is Lakeport?,119,ea,bird_52,results/raw/DeepSeek_bird_ea_20260326_155321.jsonl
False,bird,[false],california_schools,data/bird/dev_databases/california_schools/california_schools.sqlite,moderate,False,Ratio in percentage = (count(locally funded schools in Santa Clara) / count(all funding type schools in Santa Clara) * 100%,False,,SELECT (COUNT(CASE WHEN frpm.`Charter Funding Type` = 'Locally funded' THEN 1 END) * 100.0 / COUNT(*)) AS percentage_ratio FROM frpm WHERE frpm.`County Name` = 'Santa Clara' AND frpm.`Charter School (Y/N)` = 1,True,,SELECT CAST(SUM(CASE WHEN FundingType = 'Locally funded' THEN 1 ELSE 0 END) AS REAL) * 100 / SUM(CASE WHEN FundingType != 'Locally funded' THEN 1 ELSE 0 END) FROM schools WHERE County = 'Santa Clara' AND Charter = 1,215,True,DeepSeek,1,1,What is the ratio in percentage of Santa Clara County schools that are locally funded compared to all other types of charter school funding?,140,ea,bird_65,results/raw/DeepSeek_bird_ea_20260326_155321.jsonl
False,bird,[false],california_schools,data/bird/dev_databases/california_schools/california_schools.sqlite,simple,False,,False,,SELECT s.School FROM schools s JOIN frpm f ON s.CDSCode = f.CDSCode WHERE f.`County Code` = '37' AND f.`NSLP Provision Status` = '2',True,,"SELECT T2.EILName, T2.School FROM frpm AS T1 INNER JOIN schools AS T2 ON T1.CDSCode = T2.CDSCode WHERE T1.`NSLP Provision Status` = 'Breakfast Provision 2' AND T1.`County Code` = 37",181,True,DeepSeek,1,1,What is the educational level name for the schools with Breakfast Provision 2 in county code 37? Indicate the name of the school.,129,ea,bird_75,results/raw/DeepSeek_bird_ea_20260326_155321.jsonl
False,bird,[false],california_schools,data/bird/dev_databases/california_schools/california_schools.sqlite,simple,False,Virtual = 'P' means partially virtual; Charter schools refers to Charter = 1 in the table schools,False,,SELECT s.Website FROM schools s WHERE s.County = 'San Joaquin' AND s.Charter = 1 AND s.Virtual = 'Partially Virtual',True,,SELECT Website FROM schools WHERE County = 'San Joaquin' AND Virtual = 'P' AND Charter = 1,90,True,DeepSeek,1,1,What are the websites for all the partially virtual chartered schools located in San Joaquin?,93,ea,bird_60,results/raw/DeepSeek_bird_ea_20260326_155321.jsonl
False,bird,[false],california_schools,data/bird/dev_databases/california_schools/california_schools.sqlite,simple,False,,False,,"SELECT StatusType, COUNT(*) FROM schools WHERE County = 'Alpine' AND District = 'Community Day' GROUP BY StatusType",True,,SELECT COUNT(School) FROM schools WHERE (StatusType = 'Closed' OR StatusType = 'Active') AND SOC = 69 AND County = 'Alpine',123,True,DeepSeek,1,1,How many active and closed District Community Day Schools are there in the county of Alpine?,92,ea,bird_70,results/raw/DeepSeek_bird_ea_20260326_155321.jsonl
True,bird,[true],california_schools,data/bird/dev_databases/california_schools/california_schools.sqlite,simple,False,,True,,SELECT COUNT(*) FROM schools WHERE MailCity = 'Hickman' AND CharterNum = '00D4',True,,SELECT COUNT(*) FROM schools WHERE CharterNum = '00D4' AND MailCity = 'Hickman',79,True,DeepSeek,1,1,What is the total number of schools with a mailing city in Hickman belonging to the charter number 00D4?,104,ea,bird_64,results/raw/DeepSeek_bird_ea_20260326_155321.jsonl
True,bird,[true],california_schools,data/bird/dev_databases/california_schools/california_schools.sqlite,moderate,False,Elementary School District refers to DOC = 52; Monthly average number of schools that opened in 1980 = count(schools that opened in 1980) / 12,True,,"SELECT COUNT(*) / 12.0 AS monthly_average FROM schools WHERE County = 'Alameda' AND District LIKE '%Elementary%' AND strftime('%Y', OpenDate) = '1980'",True,,"SELECT CAST(COUNT(School) AS REAL) / 12 FROM schools WHERE DOC = 52 AND County = 'Alameda' AND strftime('%Y', OpenDate) = '1980'",128,True,DeepSeek,1,1,What is the monthly average number of schools that opened in Alameda County under the jurisdiction of the Elementary School District in 1980?,141,ea,bird_47,results/raw/DeepSeek_bird_ea_20260326_155321.jsonl
False,bird,[false],california_schools,data/bird/dev_databases/california_schools/california_schools.sqlite,simple,False,"Chartered schools refer to Charter = 1 in the table schools; Full name refers to first name, last name",False,,"SELECT s.School, s.City, s.AdmFName1, s.AdmLName1, s.AdmFName2, s.AdmLName2, s.AdmFName3, s.AdmLName3 FROM schools s WHERE s.Charter = 1 AND s.CharterNum = '00D2'",True,,"SELECT AdmFName1, AdmLName1, School, City FROM schools WHERE Charter = 1 AND CharterNum = '00D2'",96,True,DeepSeek,1,1,"In chartered schools with charter number 00D2, what are the names of all the administrators? Include the name of the school and the city to which it belongs",156,ea,bird_63,results/raw/DeepSeek_bird_ea_20260326_155321.jsonl
False,bird,[false],california_schools,data/bird/dev_databases/california_schools/california_schools.sqlite,moderate,False,Communication number refers to phone number.,False,,"SELECT s.School AS school_name, ss.AvgScrWrite AS average_writing_score, s.Phone AS communication_number FROM schools s JOIN satscores ss ON s.CDSCode = ss.cds WHERE (s.OpenDate > '1991-12-31' OR s.ClosedDate < '2000-01-01') AND ss.AvgScrWrite IS NOT NULL",True,,"SELECT T2.School, T1.AvgScrWrite, T2.Phone FROM schools AS T2 LEFT JOIN satscores AS T1 ON T2.CDSCode = T1.cds WHERE strftime('%Y', T2.OpenDate) > '1991' OR strftime('%Y', T2.ClosedDate) < '2000'",195,True,DeepSeek,1,1,"What is the average score in writing for the schools that were opened after 1991 or closed before 2000? List the school names along with the score. Also, list the communication number of the schools if there is any.",215,ea,bird_27,results/raw/DeepSeek_bird_ea_20260326_155321.jsonl
True,bird,[true],california_schools,data/bird/dev_databases/california_schools/california_schools.sqlite,moderate,False,Ratio = count(schools in Colusa) / count(schools in Humboldt),True,,SELECT (SELECT COUNT(*) FROM schools WHERE MailState = 'CA' AND County = 'Colusa') * 1.0 / (SELECT COUNT(*) FROM schools WHERE MailState = 'CA' AND County = 'Humboldt') AS ratio,True,,SELECT CAST(SUM(CASE WHEN County = 'Colusa' THEN 1 ELSE 0 END) AS REAL) / SUM(CASE WHEN County = 'Humboldt' THEN 1 ELSE 0 END) FROM schools WHERE MailState = 'CA',162,True,DeepSeek,1,1,"Of the schools with a mailing state address in California, what is the ratio of the schools located in the county of Colusa against the school located in the county of Humboldt?",177,ea,bird_55,results/raw/DeepSeek_bird_ea_20260326_155321.jsonl
False,bird,[false],california_schools,data/bird/dev_databases/california_schools/california_schools.sqlite,moderate,False,High school can be represented as EILCode = 'HS',False,,SELECT s.City FROM schools s JOIN frpm f ON s.CDSCode = f.CDSCode WHERE f.`Low Grade` = '9' AND f.`High Grade` = '12' AND f.`County Name` = 'Merced' AND f.`NSLP Provision Status` = '2' AND f.`School Type` = 'High',True,,SELECT T2.City FROM frpm AS T1 INNER JOIN schools AS T2 ON T1.CDSCode = T2.CDSCode WHERE T1.`NSLP Provision Status` = 'Lunch Provision 2' AND T2.County = 'Merced' AND T1.`Low Grade` = 9 AND T1.`High Grade` = 12 AND T2.EILCode = 'HS',232,True,DeepSeek,1,1,What is the city location of the high school level school with Lunch Provision 2 whose lowest grade is 9 and the highest grade is 12 in the county of Merced?,157,ea,bird_76,results/raw/DeepSeek_bird_ea_20260326_155321.jsonl
False,bird,[false],california_schools,data/bird/dev_databases/california_schools/california_schools.sqlite,moderate,False,Youth Authority Facilities (CEA) refers to SOC = 11; 1980s = years between 1980 and 1989,False,,"SELECT s.County, COUNT(*) AS closure_count FROM schools s WHERE s.ClosedDate BETWEEN '1980-01-01' AND '1989-12-31' AND s.DOC = 'CEA' GROUP BY s.County ORDER BY closure_count DESC LIMIT 1",True,,"SELECT County FROM schools WHERE strftime('%Y', ClosedDate) BETWEEN '1980' AND '1989' AND StatusType = 'Closed' AND SOC = 11 GROUP BY County ORDER BY COUNT(School) DESC LIMIT 1",176,True,DeepSeek,1,1,Which county reported the most number of school closure in the 1980s with school wonership code belonging to Youth Authority Facilities (CEA)?,142,ea,bird_68,results/raw/DeepSeek_bird_ea_20260326_155321.jsonl
False,bird,[false],california_schools,data/bird/dev_databases/california_schools/california_schools.sqlite,simple,False,"When magent is equal to 0 in the database, it means ths school doesn't offer a magnet program.",False,,"SELECT frpm.""District Code"" FROM frpm JOIN schools ON frpm.CDSCode = schools.CDSCode WHERE schools.City = 'Fresno' AND schools.Magnet = 0 LIMIT 1",True,,SELECT T1.`District Code` FROM frpm AS T1 INNER JOIN schools AS T2 ON T1.CDSCode = T2.CDSCode WHERE T2.City = 'Fresno' AND T2.Magnet = 0,136,True,DeepSeek,1,1,What is the district code for the School that does not offer a magnet program in the city of Fresno?,100,ea,bird_71,results/raw/DeepSeek_bird_ea_20260326_155321.jsonl
False,bird,[false],california_schools,data/bird/dev_databases/california_schools/california_schools.sqlite,simple,False,State Special Schools means that SOC = 31.,False,,SELECT DISTINCT s.NCESDist FROM schools s WHERE s.SOC IS NOT NULL AND s.DOC = 'State Special Schools',True,,SELECT NCESDist FROM schools WHERE SOC = 31,43,True,DeepSeek,1,1,Please provide the National Center for Educational Statistics school district identification number for all schools with a School Ownership Code that are part of the State Special Schools.,188,ea,bird_69,results/raw/DeepSeek_bird_ea_20260326_155321.jsonl
False,bird,[false],california_schools,data/bird/dev_databases/california_schools/california_schools.sqlite,simple,False,,False,,"SELECT s.School, s.AdmEmail1 FROM schools s JOIN satscores ss ON s.CDSCode = ss.cds WHERE ss.NumGE1500 = (SELECT MAX(NumGE1500) FROM satscores) LIMIT 1",True,,"SELECT T2.AdmEmail1, T2.School FROM satscores AS T1 INNER JOIN schools AS T2 ON T1.cds = T2.CDSCode ORDER BY T1.NumGE1500 DESC LIMIT 1",134,True,DeepSeek,1,1,What is the administrator's email address for the school with the highest number of test takers who received SAT scores of at least 1500?Provide the name of the school.,168,ea,bird_88,results/raw/DeepSeek_bird_ea_20260326_155321.jsonl
False,bird,[false],california_schools,data/bird/dev_databases/california_schools/california_schools.sqlite,moderate,False,District Special Education Consortia School refers to EdOpsCode = 'SPECON'.,False,,"SELECT ""Low Grade"" FROM frpm WHERE ""District Code"" = 613360 AND ""School Type"" = 'District Special Education Consortia' LIMIT 1",True,,SELECT MIN(T1.`Low Grade`) FROM frpm AS T1 INNER JOIN schools AS T2 ON T1.CDSCode = T2.CDSCode WHERE T2.NCESDist = '0613360' AND T2.EdOpsCode = 'SPECON',152,True,DeepSeek,1,1,What is the lowest grade for the District Special Education Consortia School with National Center for Educational Statistics school district identification number of 0613360?,174,ea,bird_74,results/raw/DeepSeek_bird_ea_20260326_155321.jsonl
False,bird,[false],california_schools,data/bird/dev_databases/california_schools/california_schools.sqlite,simple,False,,False,,"SELECT frpm.""Free Meal Count (Ages 5-17)"" FROM frpm JOIN schools ON frpm.CDSCode = schools.CDSCode WHERE schools.School LIKE '%Youth Authority%' AND schools.MailStreet = 'PO Box 1040'",True,,SELECT T1.`FRPM Count (Ages 5-17)` FROM frpm AS T1 INNER JOIN schools AS T2 ON T1.CDSCode = T2.CDSCode WHERE T2.MailStreet = 'PO Box 1040' AND T2.SOCType = 'Youth Authority Facilities',184,True,DeepSeek,1,1,What is the free or reduced price meal count for ages 5 to 17 in the Youth Authority School with a mailing street address of PO Box 1040?,137,ea,bird_73,results/raw/DeepSeek_bird_ea_20260326_155321.jsonl
False,bird,[false],financial,data/bird/dev_databases/financial/financial.sqlite,simple,False,A12 refers to unemploymant rate 1995; A13 refers to unemploymant rate 1996,False,no such column: date,"SELECT CASE WHEN avg_1995 > avg_1996 THEN '1995' WHEN avg_1996 > avg_1995 THEN '1996' ELSE 'Equal' END AS higher_year FROM (SELECT AVG(CASE WHEN strftime('%Y', date) = '1995' THEN A12 END) AS avg_1995, AVG(CASE WHEN strftime('%Y', date) = '1996' THEN A12 END) AS avg_1996 FROM district) subquery",False,,"SELECT DISTINCT IIF(AVG(A13) > AVG(A12), '1996', '1995') FROM district",70,True,DeepSeek,1,1,"The average unemployment ratio of 1995 and 1996, which one has higher percentage?",81,ea,bird_91,results/raw/DeepSeek_bird_ea_20260326_155321.jsonl
False,bird,[false],financial,data/bird/dev_databases/financial/financial.sqlite,simple,False,A3 contains the data of region,False,,SELECT COUNT(DISTINCT a.account_id) FROM account a JOIN district d ON a.district_id = d.district_id WHERE d.A3 = 'Prague' AND a.account_id IN (SELECT account_id FROM loan WHERE status = 'A'),True,,SELECT COUNT(T1.account_id) FROM account AS T1 INNER JOIN loan AS T2 ON T1.account_id = T2.account_id INNER JOIN district AS T3 ON T1.district_id = T3.district_id WHERE T3.A3 = 'Prague',185,True,DeepSeek,1,1,How many accounts who have region in Prague are eligible for loans?,67,ea,bird_90,results/raw/DeepSeek_bird_ea_20260326_155321.jsonl
False,bird,[false],california_schools,data/bird/dev_databases/california_schools/california_schools.sqlite,simple,False,,False,,SELECT COUNT(*) AS total_closures FROM schools WHERE County = 'San Francisco' AND District LIKE '%Community College%' AND ClosedDate LIKE '1989%',True,,"SELECT COUNT(School) FROM schools WHERE strftime('%Y', ClosedDate) = '1989' AND City = 'San Francisco' AND DOCType = 'Community College District'",145,True,DeepSeek,1,1,What is the total amount of Community College District closure in 1989 in the city of San Francisco?,100,ea,bird_67,results/raw/DeepSeek_bird_ea_20260326_155321.jsonl
False,bird,[false],california_schools,data/bird/dev_databases/california_schools/california_schools.sqlite,moderate,False,'Does not offer physical building' means Virtual = F in the database.,False,,"SELECT County, COUNT(*) AS amount FROM schools WHERE County IN ('San Diego', 'Santa Barbara') AND Virtual = 'Y' GROUP BY County ORDER BY amount DESC LIMIT 1",True,,"SELECT County, COUNT(Virtual) FROM schools WHERE (County = 'San Diego' OR County = 'Santa Barbara') AND Virtual = 'F' GROUP BY County ORDER BY COUNT(Virtual) DESC LIMIT 1",170,True,DeepSeek,1,1,"Between San Diego and Santa Barbara, which county offers the most number of schools that does not offer physical building? Indicate the amount.",143,ea,bird_79,results/raw/DeepSeek_bird_ea_20260326_155321.jsonl
False,bird,[false],financial,data/bird/dev_databases/financial/financial.sqlite,simple,False,A11 refers to average salary; Female mapps to gender = 'F',False,,SELECT COUNT(DISTINCT d.district_id) FROM district d JOIN client c ON d.district_id = c.district_id WHERE c.gender = 'female' AND d.A11 > 6000 AND d.A11 < 10000,True,,SELECT COUNT(DISTINCT T2.district_id)  FROM client AS T1 INNER JOIN district AS T2 ON T1.district_id = T2.district_id WHERE T1.gender = 'F' AND T2.A11 BETWEEN 6000 AND 10000,173,True,DeepSeek,1,1,List out the no. of districts that have female average salary is more than 6000 but less than 10000?,100,ea,bird_92,results/raw/DeepSeek_bird_ea_20260326_155321.jsonl
False,bird,[false],financial,data/bird/dev_databases/financial/financial.sqlite,simple,False,'POPLATEK TYDNE' stands for weekly issuance,False,,SELECT COUNT(DISTINCT c.client_id) FROM client c JOIN disp d ON c.client_id = d.client_id JOIN account a ON d.account_id = a.account_id WHERE a.frequency = 'WEEKLY' AND d.type = 'OWNER',True,,SELECT COUNT(T1.account_id) FROM account AS T1 INNER JOIN disp AS T2 ON T1.account_id = T2.account_id WHERE T2.type = 'OWNER' AND T1.frequency = 'POPLATEK TYDNE',161,True,DeepSeek,1,1,How many customers who choose statement of weekly issuance are Owner?,69,ea,bird_96,results/raw/DeepSeek_bird_ea_20260326_155321.jsonl
True,bird,[true],california_schools,data/bird/dev_databases/california_schools/california_schools.sqlite,simple,False,Directly funded schools refers to FundingType = 'Directly Funded',True,,SELECT COUNT(*) FROM schools WHERE County = 'Stanislaus' AND Charter = 1 AND FundingType = 'Directly funded' AND OpenDate BETWEEN '2000-01-01' AND '2005-12-31',True,,"SELECT COUNT(School) FROM schools WHERE strftime('%Y', OpenDate) BETWEEN '2000' AND '2005' AND County = 'Stanislaus' AND FundingType = 'Directly funded'",152,True,DeepSeek,1,1,"Between 1/1/2000 to 12/31/2005, how many directly funded schools opened in the county of Stanislaus?",100,ea,bird_66,results/raw/DeepSeek_bird_ea_20260326_155321.jsonl
True,bird,[true],financial,data/bird/dev_databases/financial/financial.sqlite,moderate,False,Male means that gender = 'M'; A3 refers to region; A11 pertains to average salary.,True,,SELECT COUNT(DISTINCT c.client_id) FROM client c JOIN district d ON c.district_id = d.district_id WHERE c.gender = 'M' AND d.A3 = 'north Bohemia' AND d.A11 > 8000,True,,SELECT COUNT(T1.client_id) FROM client AS T1 INNER JOIN district AS T2 ON T1.district_id = T2.district_id WHERE T1.gender = 'M' AND T2.A3 = 'north Bohemia' AND T2.A11 > 8000,173,True,DeepSeek,1,1,How many male customers who are living in North Bohemia have average salary greater than 8000?,94,ea,bird_93,results/raw/DeepSeek_bird_ea_20260326_155321.jsonl
False,bird,[false],financial,data/bird/dev_databases/financial/financial.sqlite,moderate,False,Loan validity more than 12 months refers to duration > 12,False,,"SELECT l.account_id, l.amount AS approved_amount, a.date AS account_opening_date FROM loan l JOIN account a ON l.account_id = a.account_id WHERE l.duration > 12 AND strftime('%Y', a.date) = '1993' ORDER BY l.amount DESC LIMIT 1",True,,"SELECT T1.account_id FROM loan AS T1 INNER JOIN account AS T2 ON T1.account_id = T2.account_id WHERE STRFTIME('%Y', T2.date) = '1993' AND T1.duration > 12 ORDER BY T1.amount DESC LIMIT 1",186,True,DeepSeek,1,1,"Among the accounts who have loan validity more than 12 months, list out the accounts that have the highest approved amount and have account opening date in 1993.",161,ea,bird_99,results/raw/DeepSeek_bird_ea_20260326_155321.jsonl
False,bird,[false],california_schools,data/bird/dev_databases/california_schools/california_schools.sqlite,challenging,False,Kindergarten to 8th grade refers to K-8; 'Offers a magnet program' means Magnet = 1; Multiple Provision Types refers to `NSLP Provision Status` = 'Multiple Provision Types',False,,"SELECT COUNT(DISTINCT CASE WHEN frpm.""NSLP Provision Status"" = 'Multiple Provision Types' THEN schools.CDSCode END) AS schools_with_multiple_provision, schools.City, COUNT(DISTINCT schools.CDSCode) AS total_schools FROM schools JOIN frpm ON schools.CDSCode = frpm.CDSCode WHERE schools.Magnet = 1 AND frpm.""Low Grade"" = 'KG' AND frpm.""High Grade"" = '08' GROUP BY schools.City",True,,"SELECT T2.City, COUNT(T2.CDSCode) FROM frpm AS T1 INNER JOIN schools AS T2 ON T1.CDSCode = T2.CDSCode WHERE T2.Magnet = 1 AND T2.GSoffered = 'K-8' AND T1.`NSLP Provision Status` = 'Multiple Provision Types' GROUP BY T2.City",223,True,DeepSeek,1,1,"Of the schools that offers a magnet program serving a grade span of Kindergarten to 8th grade, how many offers Multiple Provision Types? List the number of cities that offers a Kindergarten to 8th grade span and indicate how many schools are there serving such grade span for each city.",286,ea,bird_83,results/raw/DeepSeek_bird_ea_20260326_155321.jsonl
False,bird,[false],california_schools,data/bird/dev_databases/california_schools/california_schools.sqlite,moderate,False,State Special School means EdOpsCode = 'SSS',False,,SELECT `Enrollment (Ages 5-17)` FROM frpm WHERE `School Name` = 'State Special School' AND `County Name` = 'Fremont' AND `Academic Year` = '2014-2015',True,,SELECT T1.`Enrollment (Ages 5-17)` FROM frpm AS T1 INNER JOIN schools AS T2 ON T1.CDSCode = T2.CDSCode WHERE T2.EdOpsCode = 'SSS' AND T2.City = 'Fremont' AND T1.`Academic Year` BETWEEN 2014 AND 2015,198,True,DeepSeek,1,1,How many students from the ages of 5 to 17 are enrolled at the State Special School school in Fremont for the 2014-2015 academic year?,134,ea,bird_72,results/raw/DeepSeek_bird_ea_20260326_155321.jsonl
False,bird,[false],financial,data/bird/dev_databases/financial/financial.sqlite,moderate,False,'POPLATEK TYDNE' stands for weekly issuance,False,,"SELECT a.account_id FROM account a JOIN loan l ON a.account_id = l.account_id WHERE l.status = 'A' AND strftime('%Y', l.date) = '1997' AND l.amount = (SELECT MIN(amount) FROM loan WHERE status = 'A' AND strftime('%Y', date) = '1997') AND a.frequency = 'WEEKLY ISSUANCE'",True,,"SELECT T2.account_id FROM loan AS T1 INNER JOIN account AS T2 ON T1.account_id = T2.account_id WHERE STRFTIME('%Y', T1.date) = '1997' AND T2.frequency = 'POPLATEK TYDNE' ORDER BY T1.amount LIMIT 1",196,True,DeepSeek,1,1,"Among the accounts who have approved loan date in 1997, list out the accounts that have the lowest approved amount and choose weekly issuance statement.",152,ea,bird_98,results/raw/DeepSeek_bird_ea_20260326_155321.jsonl
False,bird,[false],financial,data/bird/dev_databases/financial/financial.sqlite,moderate,False,"If the person A's birthdate < B's birthdate, it means that person B is younger than person A; A11 refers to average salary",False,,SELECT a.account_id FROM account a JOIN disp d ON a.account_id = d.account_id JOIN client c ON d.client_id = c.client_id JOIN district di ON c.district_id = di.district_id WHERE c.birth_date = (SELECT MAX(birth_date) FROM client) AND di.A11 = (SELECT MAX(A11) FROM district),True,,"SELECT T1.account_id  FROM account AS T1 INNER JOIN disp AS T2 ON T1.account_id = T2.account_id INNER JOIN client AS T3 ON T2.client_id = T3.client_id INNER JOIN district AS T4 on T4.district_id = T1.district_id WHERE T2.client_id = ( SELECT client_id FROM client ORDER BY birth_date DESC LIMIT 1) GROUP BY T4.A11, T1.account_id",328,True,DeepSeek,1,1,List out the account numbers of clients who are youngest and have highest average salary?,89,ea,bird_95,results/raw/DeepSeek_bird_ea_20260326_155321.jsonl
False,bird,[false],california_schools,data/bird/dev_databases/california_schools/california_schools.sqlite,simple,False,,False,,"SELECT s.AdmLName1, s.District, s.County, s.School FROM schools s WHERE s.CharterNum = '40'",True,,"SELECT AdmLName1, District, County, School FROM schools WHERE CharterNum = '0040'",81,True,DeepSeek,1,1,"What is the administrator's last name that oversees the school with Charter number 40? Indicate the district, the county where the school is situated, and the name of the school.",178,ea,bird_86,results/raw/DeepSeek_bird_ea_20260326_155321.jsonl
False,bird,[false],california_schools,data/bird/dev_databases/california_schools/california_schools.sqlite,simple,False,,False,,"SELECT `Low Grade`, `High Grade`, COUNT(*) AS frequency FROM frpm WHERE `School Name` LIKE '%Adelanto%' OR `District Name` LIKE '%Adelanto%' GROUP BY `Low Grade`, `High Grade` ORDER BY frequency DESC LIMIT 1",True,,SELECT GSserved FROM schools WHERE City = 'Adelanto' GROUP BY GSserved ORDER BY COUNT(GSserved) DESC LIMIT 1,108,True,DeepSeek,1,1,What is the most common type of grade span served in the city of Adelanto?,74,ea,bird_78,results/raw/DeepSeek_bird_ea_20260326_155321.jsonl
False,bird,[false],california_schools,data/bird/dev_databases/california_schools/california_schools.sqlite,moderate,False,Percent (%) Eligible FRPM (Ages 5-17) can be acquired by `FRPM Count (Ages 5-17)` / `Enrollment (Ages 5-17)` * 100,False,,"SELECT s.School, f.`Percent (%) Eligible FRPM (Ages 5-17)` FROM schools s JOIN frpm f ON s.CDSCode = f.CDSCode WHERE s.County = 'Los Angeles' AND f.`Low Grade` = 'K' AND f.`High Grade` = '9'",True,,"SELECT T2.School, T1.`FRPM Count (Ages 5-17)` * 100 / T1.`Enrollment (Ages 5-17)` FROM frpm AS T1 INNER JOIN schools AS T2 ON T1.CDSCode = T2.CDSCode WHERE T2.County = 'Los Angeles' AND T2.GSserved = 'K-9'",205,True,DeepSeek,1,1,Which schools served a grade span of Kindergarten to 9th grade in the county of Los Angeles and what is its Percent (%) Eligible FRPM (Ages 5-17)?,146,ea,bird_77,results/raw/DeepSeek_bird_ea_20260326_155321.jsonl
False,bird,[false],california_schools,data/bird/dev_databases/california_schools/california_schools.sqlite,challenging,False,Intermediate/Middle Schools refers to SOC = 62; Unified School refers to DOC = 54; years between 2009 and 2010 can refer to 'between 1/1/2009 to 12/31/2010',False,,"SELECT DISTINCT AdmEmail1, AdmEmail2, AdmEmail3 FROM schools WHERE County = 'San Bernardino' AND District = 'San Bernardino City Unified' AND OpenDate BETWEEN '2009-01-01' AND '2010-12-31' AND (EdOpsName = 'Intermediate/Middle Schools' OR EdOpsName = 'Unified Schools') AND (AdmEmail1 IS NOT NULL OR AdmEmail2 IS NOT NULL OR AdmEmail3 IS NOT NULL)",True,,"SELECT T2.AdmEmail1, T2.AdmEmail2 FROM frpm AS T1 INNER JOIN schools AS T2 ON T1.CDSCode = T2.CDSCode WHERE T2.County = 'San Bernardino' AND T2.City = 'San Bernardino' AND T2.DOC = 54 AND strftime('%Y', T2.OpenDate) BETWEEN '2009' AND '2010' AND T2.SOC = 62",257,True,DeepSeek,1,1,"What are the valid e-mail addresses of the administrator of the school located in the San Bernardino county, City of San Bernardino City Unified that opened between 1/1/2009 to 12/31/2010 whose school types are public Intermediate/Middle Schools and Unified Schools?",266,ea,bird_87,results/raw/DeepSeek_bird_ea_20260326_155321.jsonl
False,bird,[false],california_schools,data/bird/dev_databases/california_schools/california_schools.sqlite,simple,False,,False,,"SELECT s.School, s.Latitude, f.`School Type` FROM schools s LEFT JOIN frpm f ON s.CDSCode = f.CDSCode WHERE s.Latitude = (SELECT MAX(Latitude) FROM schools) LIMIT 1",True,,"SELECT T1.`School Type`, T1.`School Name`, T2.Latitude FROM frpm AS T1 INNER JOIN schools AS T2 ON T1.CDSCode = T2.CDSCode ORDER BY T2.Latitude DESC LIMIT 1",156,True,DeepSeek,1,1,What is the school type of the school with the highest latitude? Indicate the name of the school as well as the latitude coordinates.,133,ea,bird_80,results/raw/DeepSeek_bird_ea_20260326_155321.jsonl
False,bird,[false],california_schools,data/bird/dev_databases/california_schools/california_schools.sqlite,moderate,False,State of California refers to state = 'CA',False,,"SELECT s.City, s.School, f.""Low Grade"" FROM schools s JOIN frpm f ON s.CDSCode = f.CDSCode WHERE s.State = 'CA' ORDER BY s.Latitude ASC LIMIT 1",True,,"SELECT T2.City, T1.`Low Grade`, T1.`School Name` FROM frpm AS T1 INNER JOIN schools AS T2 ON T1.CDSCode = T2.CDSCode WHERE T2.State = 'CA' ORDER BY T2.Latitude ASC LIMIT 1",171,True,DeepSeek,1,1,In which city can you find the school in the state of California with the lowest latitude coordinates and what is its lowest grade? Indicate the school name.,157,ea,bird_81,results/raw/DeepSeek_bird_ea_20260326_155321.jsonl
False,bird,[false],california_schools,data/bird/dev_databases/california_schools/california_schools.sqlite,moderate,False,Percent (%) Eligible Free (K-12) = `Free Meal Count (K-12)` / `Enrollment (K-12)` * 100%,False,,"SELECT frpm.`Percent (%) Eligible Free (K-12)`, frpm.`District Code` FROM frpm JOIN schools ON frpm.CDSCode = schools.CDSCode WHERE schools.AdmFName1 = 'Alusine' OR schools.AdmFName2 = 'Alusine' OR schools.AdmFName3 = 'Alusine'",True,,"SELECT T1.`Free Meal Count (K-12)` * 100 / T1.`Enrollment (K-12)`, T1.`District Code` FROM frpm AS T1 INNER JOIN schools AS T2 ON T1.CDSCode = T2.CDSCode WHERE T2.AdmFName1 = 'Alusine'",184,True,DeepSeek,1,1,What is the Percent (%) Eligible Free (K-12) in the school administered by an administrator whose first name is Alusine. List the district code of the school.,158,ea,bird_85,results/raw/DeepSeek_bird_ea_20260326_155321.jsonl
False,bird,[false],california_schools,data/bird/dev_databases/california_schools/california_schools.sqlite,simple,False,the highest longitude refers to the school with the maximum absolute longitude value.,False,,"SELECT frpm.`Low Grade`, frpm.`High Grade` FROM frpm JOIN schools ON frpm.CDSCode = schools.CDSCode WHERE schools.Longitude = (SELECT MAX(Longitude) FROM schools) LIMIT 1",True,,SELECT GSoffered FROM schools ORDER BY ABS(longitude) DESC LIMIT 1,66,True,DeepSeek,1,1,What is the grade span offered in the school with the highest longitude?,72,ea,bird_82,results/raw/DeepSeek_bird_ea_20260326_155321.jsonl
False,bird,[false],california_schools,data/bird/dev_databases/california_schools/california_schools.sqlite,simple,False,,False,,"SELECT AdmFName1, District, COUNT(*) AS name_count FROM schools WHERE AdmFName1 IS NOT NULL GROUP BY AdmFName1, District ORDER BY name_count DESC LIMIT 2",True,,"SELECT DISTINCT T1.AdmFName1, T1.District FROM schools AS T1 INNER JOIN ( SELECT admfname1 FROM schools GROUP BY admfname1 ORDER BY COUNT(admfname1) DESC LIMIT 2 ) AS T2 ON T1.AdmFName1 = T2.admfname1",200,True,DeepSeek,1,1,What are the two most common first names among the school administrators? Indicate the district to which they administer.,121,ea,bird_84,results/raw/DeepSeek_bird_ea_20260326_155321.jsonl
False,bird,[false],financial,data/bird/dev_databases/financial/financial.sqlite,challenging,False,"Female means gender = 'F'; A11 refers to average salary; Gap = highest average salary - lowest average salary; If the person A's birthdate > B's birthdate, it means that person B is order than person A.",False,,"WITH FemaleClientAccounts AS (SELECT c.client_id, c.birth_date, d.account_id FROM client c JOIN disp d ON c.client_id = d.client_id WHERE c.gender = 'F'), OldestFemaleAccounts AS (SELECT account_id FROM FemaleClientAccounts WHERE birth_date = (SELECT MIN(birth_date) FROM FemaleClientAccounts)), SalaryStats AS (SELECT d.account_id, AVG(t.amount) AS avg_salary FROM trans t JOIN disp d ON t.account_id = d.account_id WHERE t.k_symbol = 'SALARY' GROUP BY d.account_id), LowestAvgSalary AS (SELECT account_id, avg_salary FROM SalaryStats WHERE avg_salary = (SELECT MIN(avg_salary) FROM SalaryStats WHERE account_id IN (SELECT account_id FROM OldestFemaleAccounts)) AND account_id IN (SELECT account_id FROM OldestFemaleAccounts)), HighestAvgSalary AS (SELECT MAX(avg_salary) AS max_avg_salary FROM SalaryStats) SELECT l.account_id, l.avg_salary AS lowest_avg_salary, h.max_avg_salary AS highest_avg_salary, (h.max_avg_salary - l.avg_salary) AS salary_gap FROM LowestAvgSalary l CROSS JOIN HighestAvgSalary h",True,,"SELECT T1.account_id , ( SELECT MAX(A11) - MIN(A11) FROM district ) FROM account AS T1 INNER JOIN district AS T2 ON T1.district_id = T2.district_id INNER JOIN disp AS T3 ON T1.account_id = T3.account_id INNER JOIN client AS T4 ON T3.client_id = T4.client_id WHERE T2.district_id = ( SELECT district_id FROM client WHERE gender = 'F' ORDER BY birth_date ASC LIMIT 1 ) ORDER BY T2.A11 DESC LIMIT 1",395,True,DeepSeek,1,1,"List out the account numbers of female clients who are oldest and has lowest average salary, calculate the gap between this lowest average salary with the highest average salary?",178,ea,bird_94,results/raw/DeepSeek_bird_ea_20260326_155321.jsonl
False,bird,[false],financial,data/bird/dev_databases/financial/financial.sqlite,simple,False,'POPLATEK PO OBRATU' stands for issuance after transaction,False,,SELECT DISTINCT c.client_id FROM client c JOIN disp d ON c.client_id = d.client_id JOIN account a ON d.account_id = a.account_id JOIN trans t ON a.account_id = t.account_id WHERE d.type = 'DISPONENT' AND t.type = 'VYDAJ' AND t.k_symbol = 'POJISTNE',True,,SELECT T2.client_id FROM account AS T1 INNER JOIN disp AS T2 ON T1.account_id = T2.account_id WHERE T1.frequency = 'POPLATEK PO OBRATU' AND T2.type = 'DISPONENT',161,True,DeepSeek,1,1,List out the id number of client who choose statement of issuance after transaction are Disponent?,98,ea,bird_97,results/raw/DeepSeek_bird_ea_20260326_155321.jsonl
False,bird,[false],financial,data/bird/dev_databases/financial/financial.sqlite,moderate,False,A3 contains the data of region; 'POPLATEK PO OBRATU' represents for 'issuance after transaction'.,False,,SELECT COUNT(DISTINCT a.account_id) FROM account a JOIN disp d ON a.account_id = d.account_id JOIN card c ON d.disp_id = c.disp_id JOIN trans t ON a.account_id = t.account_id JOIN district dist ON a.district_id = dist.district_id WHERE dist.A3 = 'east Bohemia' AND c.issued > t.date,True,,SELECT COUNT(T2.account_id) FROM district AS T1 INNER JOIN account AS T2 ON T1.district_id = T2.district_id WHERE T1.A3 = 'east Bohemia' AND T2.frequency = 'POPLATEK PO OBRATU',176,True,DeepSeek,1,1,How many accounts who choose issuance after transaction are staying in East Bohemia region?,91,ea,bird_89,results/raw/DeepSeek_bird_ea_20260326_155321.jsonl
True,spider,[true],concert_singer,data/spider/database/concert_singer/concert_singer.sqlite,,False,,True,,SELECT COUNT(*) FROM singer,True,,SELECT count(*) FROM singer,27,True,DeepSeek,1,1,How many singers do we have?,28,ea,spider_0,results/raw/DeepSeek_spider_ea_20260326_154813.jsonl
True,spider,[true],concert_singer,data/spider/database/concert_singer/concert_singer.sqlite,,False,,True,,SELECT COUNT(*) FROM singer,True,,SELECT count(*) FROM singer,27,True,DeepSeek,1,1,What is the total number of singers?,36,ea,spider_1,results/raw/DeepSeek_spider_ea_20260326_154813.jsonl
True,spider,[true],concert_singer,data/spider/database/concert_singer/concert_singer.sqlite,,False,,True,,"SELECT Name, Country, Age FROM singer ORDER BY Age DESC",True,,"SELECT name ,  country ,  age FROM singer ORDER BY age DESC",59,True,DeepSeek,1,1,"Show name, country, age for all singers ordered by age from the oldest to the youngest.",87,ea,spider_2,results/raw/DeepSeek_spider_ea_20260326_154813.jsonl
True,spider,[true],concert_singer,data/spider/database/concert_singer/concert_singer.sqlite,,False,,True,,"SELECT Name, Country, Age FROM singer ORDER BY Age DESC",True,,"SELECT name ,  country ,  age FROM singer ORDER BY age DESC",59,True,DeepSeek,1,1,"What are the names, countries, and ages for every singer in descending order of age?",84,ea,spider_3,results/raw/DeepSeek_spider_ea_20260326_154813.jsonl
True,spider,[true],concert_singer,data/spider/database/concert_singer/concert_singer.sqlite,,False,,True,,SELECT DISTINCT s.Song_Name FROM singer s WHERE s.Age > (SELECT AVG(Age) FROM singer),True,,SELECT song_name FROM singer WHERE age  >  (SELECT avg(age) FROM singer),72,True,DeepSeek,1,1,What are all the song names by singers who are older than average?,66,ea,spider_13,results/raw/DeepSeek_spider_ea_20260326_154813.jsonl
True,spider,[true],concert_singer,data/spider/database/concert_singer/concert_singer.sqlite,,False,,True,,"SELECT AVG(Age) AS average_age, MIN(Age) AS minimum_age, MAX(Age) AS maximum_age FROM singer WHERE Country = 'France'",True,,"SELECT avg(age) ,  min(age) ,  max(age) FROM singer WHERE country  =  'France'",78,True,DeepSeek,1,1,"What is the average, minimum, and maximum age of all singers from France?",73,ea,spider_4,results/raw/DeepSeek_spider_ea_20260326_154813.jsonl
False,spider,[false],concert_singer,data/spider/database/concert_singer/concert_singer.sqlite,,False,,False,,"SELECT AVG(Age) AS average_age, MIN(Age) AS minimum_age, MAX(Age) AS maximum_age FROM singer WHERE Country = 'French'",True,,"SELECT avg(age) ,  min(age) ,  max(age) FROM singer WHERE country  =  'France'",78,True,DeepSeek,1,1,"What is the average, minimum, and maximum age for all French singers?",69,ea,spider_5,results/raw/DeepSeek_spider_ea_20260326_154813.jsonl
True,spider,[true],concert_singer,data/spider/database/concert_singer/concert_singer.sqlite,,False,,True,,"SELECT s.Song_Name, s.Song_release_year FROM singer s WHERE s.Age = (SELECT MIN(Age) FROM singer)",True,,"SELECT song_name ,  song_release_year FROM singer ORDER BY age LIMIT 1",70,True,DeepSeek,1,1,What are the names and release years for all the songs of the youngest singer?,78,ea,spider_7,results/raw/DeepSeek_spider_ea_20260326_154813.jsonl
True,spider,[true],concert_singer,data/spider/database/concert_singer/concert_singer.sqlite,,False,,True,,"SELECT s.Song_Name, s.Song_release_year FROM singer s WHERE s.Age = (SELECT MIN(Age) FROM singer)",True,,"SELECT song_name ,  song_release_year FROM singer ORDER BY age LIMIT 1",70,True,DeepSeek,1,1,Show the name and the release year of the song by the youngest singer.,70,ea,spider_6,results/raw/DeepSeek_spider_ea_20260326_154813.jsonl
True,spider,[true],concert_singer,data/spider/database/concert_singer/concert_singer.sqlite,,False,,True,,SELECT DISTINCT Country FROM singer WHERE Age > 20,True,,SELECT DISTINCT country FROM singer WHERE age  >  20,52,True,DeepSeek,1,1,What are all distinct countries where singers above age 20 are from?,68,ea,spider_8,results/raw/DeepSeek_spider_ea_20260326_154813.jsonl
True,spider,[true],concert_singer,data/spider/database/concert_singer/concert_singer.sqlite,,False,,True,,"SELECT Name, Capacity FROM stadium WHERE Average = (SELECT MAX(Average) FROM stadium)",True,,"SELECT name ,  capacity FROM stadium ORDER BY average DESC LIMIT 1",66,True,DeepSeek,1,1,What is the name and capacity for the stadium with the highest average attendance?,82,ea,spider_19,results/raw/DeepSeek_spider_ea_20260326_154813.jsonl
True,spider,[true],concert_singer,data/spider/database/concert_singer/concert_singer.sqlite,,False,,True,,SELECT COUNT(*) FROM concert WHERE Year = '2014' OR Year = '2015',True,,SELECT count(*) FROM concert WHERE YEAR  =  2014 OR YEAR  =  2015,65,True,DeepSeek,1,1,How many concerts occurred in 2014 or 2015?,43,ea,spider_21,results/raw/DeepSeek_spider_ea_20260326_154813.jsonl
True,spider,[true],concert_singer,data/spider/database/concert_singer/concert_singer.sqlite,,False,,True,,SELECT DISTINCT Country FROM singer WHERE Age > 20,True,,SELECT DISTINCT country FROM singer WHERE age  >  20,52,True,DeepSeek,1,1,What are  the different countries with singers above age 20?,60,ea,spider_9,results/raw/DeepSeek_spider_ea_20260326_154813.jsonl
True,spider,[true],concert_singer,data/spider/database/concert_singer/concert_singer.sqlite,,False,,True,,"SELECT Country, COUNT(*) AS number_of_singers FROM singer GROUP BY Country",True,,"SELECT country ,  count(*) FROM singer GROUP BY country",55,True,DeepSeek,1,1,Show all countries and the number of singers in each country.,61,ea,spider_10,results/raw/DeepSeek_spider_ea_20260326_154813.jsonl
False,spider,[false],concert_singer,data/spider/database/concert_singer/concert_singer.sqlite,,False,,False,,"SELECT s.Name, COUNT(c.concert_ID) AS number_of_concerts FROM stadium s LEFT JOIN concert c ON s.Stadium_ID = c.Stadium_ID GROUP BY s.Stadium_ID, s.Name ORDER BY s.Name",True,,"SELECT T2.name ,  count(*) FROM concert AS T1 JOIN stadium AS T2 ON T1.stadium_id  =  T2.stadium_id GROUP BY T1.stadium_id",122,True,DeepSeek,1,1,Show the stadium name and the number of concerts in each stadium.,65,ea,spider_22,results/raw/DeepSeek_spider_ea_20260326_154813.jsonl
True,spider,[true],concert_singer,data/spider/database/concert_singer/concert_singer.sqlite,,False,,True,,SELECT Year FROM concert GROUP BY Year ORDER BY COUNT(*) DESC LIMIT 1,True,,SELECT YEAR FROM concert GROUP BY YEAR ORDER BY count(*) DESC LIMIT 1,69,True,DeepSeek,1,1,What is the year that had the most concerts?,44,ea,spider_27,results/raw/DeepSeek_spider_ea_20260326_154813.jsonl
False,spider,[false],concert_singer,data/spider/database/concert_singer/concert_singer.sqlite,,False,,False,,"SELECT s.Stadium_ID, s.Name, COUNT(c.concert_ID) AS concert_count FROM stadium s LEFT JOIN concert c ON s.Stadium_ID = c.Stadium_ID GROUP BY s.Stadium_ID, s.Name",True,,"SELECT T2.name ,  count(*) FROM concert AS T1 JOIN stadium AS T2 ON T1.stadium_id  =  T2.stadium_id GROUP BY T1.stadium_id",122,True,DeepSeek,1,1,"For each stadium, how many concerts play there?",47,ea,spider_23,results/raw/DeepSeek_spider_ea_20260326_154813.jsonl
True,spider,[true],concert_singer,data/spider/database/concert_singer/concert_singer.sqlite,,False,,True,,"SELECT Country, COUNT(*) AS singer_count FROM singer GROUP BY Country",True,,"SELECT country ,  count(*) FROM singer GROUP BY country",55,True,DeepSeek,1,1,How many singers are from each country?,39,ea,spider_11,results/raw/DeepSeek_spider_ea_20260326_154813.jsonl
True,spider,[true],concert_singer,data/spider/database/concert_singer/concert_singer.sqlite,,False,,True,,SELECT DISTINCT s.Song_Name FROM singer s WHERE s.Age > (SELECT AVG(Age) FROM singer),True,,SELECT song_name FROM singer WHERE age  >  (SELECT avg(age) FROM singer),72,True,DeepSeek,1,1,List all song names by singers above the average age.,53,ea,spider_12,results/raw/DeepSeek_spider_ea_20260326_154813.jsonl
True,spider,[true],concert_singer,data/spider/database/concert_singer/concert_singer.sqlite,,False,,True,,"SELECT s.Name, s.Capacity FROM stadium s JOIN concert c ON s.Stadium_ID = c.Stadium_ID WHERE CAST(c.Year AS INTEGER) > 2013 GROUP BY s.Stadium_ID, s.Name, s.Capacity ORDER BY COUNT(c.concert_ID) DESC LIMIT 1",True,,"select t2.name ,  t2.capacity from concert as t1 join stadium as t2 on t1.stadium_id  =  t2.stadium_id where t1.year  >  2013 group by t2.stadium_id order by count(*) desc limit 1",179,True,DeepSeek,1,1,What is the name and capacity of the stadium with the most concerts after 2013 ?,80,ea,spider_25,results/raw/DeepSeek_spider_ea_20260326_154813.jsonl
False,spider,[false],concert_singer,data/spider/database/concert_singer/concert_singer.sqlite,,False,,False,,"SELECT Year, COUNT(*) AS concert_count FROM concert GROUP BY Year ORDER BY concert_count DESC LIMIT 1",True,,SELECT YEAR FROM concert GROUP BY YEAR ORDER BY count(*) DESC LIMIT 1,69,True,DeepSeek,1,1,Which year has most number of concerts?,39,ea,spider_26,results/raw/DeepSeek_spider_ea_20260326_154813.jsonl
True,spider,[true],concert_singer,data/spider/database/concert_singer/concert_singer.sqlite,,False,,True,,"SELECT Location, Name FROM stadium WHERE Capacity BETWEEN 5000 AND 10000",True,,"SELECT LOCATION ,  name FROM stadium WHERE capacity BETWEEN 5000 AND 10000",74,True,DeepSeek,1,1,What are the locations and names of all stations with capacity between 5000 and 10000?,86,ea,spider_15,results/raw/DeepSeek_spider_ea_20260326_154813.jsonl
True,spider,[true],concert_singer,data/spider/database/concert_singer/concert_singer.sqlite,,False,,True,,SELECT Name FROM stadium WHERE Stadium_ID NOT IN (SELECT Stadium_ID FROM concert WHERE Year = '2014'),True,,SELECT name FROM stadium EXCEPT SELECT T2.name FROM concert AS T1 JOIN stadium AS T2 ON T1.stadium_id  =  T2.stadium_id WHERE T1.year  =  2014,142,True,DeepSeek,1,1,Show names for all stadiums except for stadiums having a concert in year 2014.,78,ea,spider_31,results/raw/DeepSeek_spider_ea_20260326_154813.jsonl
True,spider,[true],concert_singer,data/spider/database/concert_singer/concert_singer.sqlite,,False,,True,,SELECT s.Name FROM stadium s LEFT JOIN concert c ON s.Stadium_ID = c.Stadium_ID WHERE c.Stadium_ID IS NULL,True,,SELECT name FROM stadium WHERE stadium_id NOT IN (SELECT stadium_id FROM concert),81,True,DeepSeek,1,1,What are the names of the stadiums without any concerts?,56,ea,spider_29,results/raw/DeepSeek_spider_ea_20260326_154813.jsonl
False,spider,[false],concert_singer,data/spider/database/concert_singer/concert_singer.sqlite,,False,,False,,"SELECT MAX(Capacity) AS max_capacity, AVG(Capacity) AS avg_capacity FROM stadium",True,,"select max(capacity), average from stadium",42,True,DeepSeek,1,1,What is the maximum capacity and the average of all stadiums ?,62,ea,spider_16,results/raw/DeepSeek_spider_ea_20260326_154813.jsonl
True,spider,[true],concert_singer,data/spider/database/concert_singer/concert_singer.sqlite,,False,,True,,"SELECT AVG(Capacity) AS average_capacity, MAX(Capacity) AS maximum_capacity FROM stadium",True,,"select avg(capacity) ,  max(capacity) from stadium",50,True,DeepSeek,1,1,What is the average and maximum capacities for all stadiums ?,61,ea,spider_17,results/raw/DeepSeek_spider_ea_20260326_154813.jsonl
True,spider,[true],concert_singer,data/spider/database/concert_singer/concert_singer.sqlite,,False,,True,,"SELECT c.concert_Name, c.Theme, COUNT(sic.Singer_ID) AS number_of_singers FROM concert c LEFT JOIN singer_in_concert sic ON c.concert_ID = sic.concert_ID GROUP BY c.concert_ID, c.concert_Name, c.Theme",True,,"select t2.concert_name ,  t2.theme ,  count(*) from singer_in_concert as t1 join concert as t2 on t1.concert_id  =  t2.concert_id group by t2.concert_id",152,True,DeepSeek,1,1,"What are the names , themes , and number of singers for every concert ?",71,ea,spider_34,results/raw/DeepSeek_spider_ea_20260326_154813.jsonl
True,spider,[true],concert_singer,data/spider/database/concert_singer/concert_singer.sqlite,,False,,True,,SELECT DISTINCT s1.Country FROM singer s1 JOIN singer s2 ON s1.Country = s2.Country WHERE s1.Age > 40 AND s2.Age < 30,True,,SELECT country FROM singer WHERE age  >  40 INTERSECT SELECT country FROM singer WHERE age  <  30,97,True,DeepSeek,1,1,Show countries where a singer above age 40 and a singer below 30 are from.,74,ea,spider_30,results/raw/DeepSeek_spider_ea_20260326_154813.jsonl
True,spider,[true],concert_singer,data/spider/database/concert_singer/concert_singer.sqlite,,False,,True,,"SELECT c.concert_Name, c.Theme, COUNT(sic.Singer_ID) AS singer_count FROM concert c LEFT JOIN singer_in_concert sic ON c.concert_ID = sic.concert_ID GROUP BY c.concert_ID, c.concert_Name, c.Theme",True,,"SELECT T2.concert_name ,  T2.theme ,  count(*) FROM singer_in_concert AS T1 JOIN concert AS T2 ON T1.concert_id  =  T2.concert_id GROUP BY T2.concert_id",152,True,DeepSeek,1,1,Show the name and theme for all concerts and the number of singers in each concert.,83,ea,spider_33,results/raw/DeepSeek_spider_ea_20260326_154813.jsonl
True,spider,[true],concert_singer,data/spider/database/concert_singer/concert_singer.sqlite,,False,,True,,SELECT s.Name FROM stadium s LEFT JOIN concert c ON s.Stadium_ID = c.Stadium_ID WHERE c.concert_ID IS NULL,True,,SELECT name FROM stadium WHERE stadium_id NOT IN (SELECT stadium_id FROM concert),81,True,DeepSeek,1,1,Show the stadium names without any concert.,43,ea,spider_28,results/raw/DeepSeek_spider_ea_20260326_154813.jsonl
True,spider,[true],concert_singer,data/spider/database/concert_singer/concert_singer.sqlite,,False,,True,,"SELECT Name, Capacity FROM stadium WHERE Average = (SELECT MAX(Average) FROM stadium)",True,,"SELECT name ,  capacity FROM stadium ORDER BY average DESC LIMIT 1",66,True,DeepSeek,1,1,What is the name and capacity for the stadium with highest average attendance?,78,ea,spider_18,results/raw/DeepSeek_spider_ea_20260326_154813.jsonl
False,spider,[false],concert_singer,data/spider/database/concert_singer/concert_singer.sqlite,,False,,False,,"SELECT s.Name, COUNT(sic.concert_ID) AS number_of_concerts FROM singer s LEFT JOIN singer_in_concert sic ON s.Singer_ID = sic.Singer_ID GROUP BY s.Singer_ID, s.Name ORDER BY number_of_concerts DESC",True,,"SELECT T2.name ,  count(*) FROM singer_in_concert AS T1 JOIN singer AS T2 ON T1.singer_id  =  T2.singer_id GROUP BY T2.singer_id",128,True,DeepSeek,1,1,What are the names of the singers and number of concerts for each person?,73,ea,spider_36,results/raw/DeepSeek_spider_ea_20260326_154813.jsonl
True,spider,[true],concert_singer,data/spider/database/concert_singer/concert_singer.sqlite,,False,,True,,SELECT s.Name FROM stadium s WHERE s.Stadium_ID NOT IN (SELECT DISTINCT c.Stadium_ID FROM concert c WHERE c.Year = '2014'),True,,SELECT name FROM stadium EXCEPT SELECT T2.name FROM concert AS T1 JOIN stadium AS T2 ON T1.stadium_id  =  T2.stadium_id WHERE T1.year  =  2014,142,True,DeepSeek,1,1,What are the names of all stadiums that did not have a concert in 2014?,71,ea,spider_32,results/raw/DeepSeek_spider_ea_20260326_154813.jsonl
False,spider,[false],concert_singer,data/spider/database/concert_singer/concert_singer.sqlite,,False,,False,,SELECT DISTINCT s.Name FROM singer s JOIN singer_in_concert sic ON s.Singer_ID = sic.Singer_ID JOIN concert c ON sic.concert_ID = c.concert_ID WHERE c.Year = '2014',True,,SELECT T2.name FROM singer_in_concert AS T1 JOIN singer AS T2 ON T1.singer_id  =  T2.singer_id JOIN concert AS T3 ON T1.concert_id  =  T3.concert_id WHERE T3.year  =  2014,171,True,DeepSeek,1,1,List all singer names in concerts in year 2014.,47,ea,spider_37,results/raw/DeepSeek_spider_ea_20260326_154813.jsonl
True,spider,[true],concert_singer,data/spider/database/concert_singer/concert_singer.sqlite,,False,,True,,"SELECT ""Name"", ""Country"" FROM ""singer"" WHERE ""Song_Name"" LIKE '%Hey%'",True,,"SELECT name ,  country FROM singer WHERE song_name LIKE '%Hey%'",63,True,DeepSeek,1,1,What is the name and country of origin of every singer who has a song with the word 'Hey' in its title?,103,ea,spider_40,results/raw/DeepSeek_spider_ea_20260326_154813.jsonl
False,spider,[false],concert_singer,data/spider/database/concert_singer/concert_singer.sqlite,,False,,False,,SELECT DISTINCT s.Name FROM singer s JOIN singer_in_concert sic ON s.Singer_ID = sic.Singer_ID JOIN concert c ON sic.concert_ID = c.concert_ID WHERE c.Year = '2014',True,,SELECT T2.name FROM singer_in_concert AS T1 JOIN singer AS T2 ON T1.singer_id  =  T2.singer_id JOIN concert AS T3 ON T1.concert_id  =  T3.concert_id WHERE T3.year  =  2014,171,True,DeepSeek,1,1,What are the names of the singers who performed in a concert in 2014?,69,ea,spider_38,results/raw/DeepSeek_spider_ea_20260326_154813.jsonl
True,spider,[true],concert_singer,data/spider/database/concert_singer/concert_singer.sqlite,,False,,True,,"SELECT ""Name"", ""Country"" FROM ""singer"" WHERE ""Song_Name"" LIKE '%Hey%'",True,,"SELECT name ,  country FROM singer WHERE song_name LIKE '%Hey%'",63,True,DeepSeek,1,1,what is the name and nation of the singer who have a song having 'Hey' in its name?,83,ea,spider_39,results/raw/DeepSeek_spider_ea_20260326_154813.jsonl
False,spider,[false],concert_singer,data/spider/database/concert_singer/concert_singer.sqlite,,False,,False,,"SELECT s.Name, COUNT(sic.concert_ID) AS number_of_concerts FROM singer s LEFT JOIN singer_in_concert sic ON s.Singer_ID = sic.Singer_ID GROUP BY s.Singer_ID, s.Name ORDER BY number_of_concerts DESC",True,,"SELECT T2.name ,  count(*) FROM singer_in_concert AS T1 JOIN singer AS T2 ON T1.singer_id  =  T2.singer_id GROUP BY T2.singer_id",128,True,DeepSeek,1,1,List singer names and number of concerts for each singer.,57,ea,spider_35,results/raw/DeepSeek_spider_ea_20260326_154813.jsonl
True,spider,[true],concert_singer,data/spider/database/concert_singer/concert_singer.sqlite,,False,,True,,SELECT COUNT(*) FROM concert WHERE Stadium_ID = (SELECT Stadium_ID FROM stadium ORDER BY Capacity DESC LIMIT 1),True,,select count(*) from concert where stadium_id = (select stadium_id from stadium order by capacity desc limit 1),111,True,DeepSeek,1,1,Find the number of concerts happened in the stadium with the highest capacity .,79,ea,spider_43,results/raw/DeepSeek_spider_ea_20260326_154813.jsonl
True,spider,[true],concert_singer,data/spider/database/concert_singer/concert_singer.sqlite,,False,,True,,"SELECT DISTINCT s.Name, s.Location FROM stadium s JOIN concert c ON s.Stadium_ID = c.Stadium_ID WHERE c.Year IN ('2014', '2015') GROUP BY s.Stadium_ID, s.Name, s.Location HAVING COUNT(DISTINCT c.Year) = 2",True,,"SELECT T2.name ,  T2.location FROM concert AS T1 JOIN stadium AS T2 ON T1.stadium_id  =  T2.stadium_id WHERE T1.Year  =  2014 INTERSECT SELECT T2.name ,  T2.location FROM concert AS T1 JOIN stadium AS T2 ON T1.stadium_id  =  T2.stadium_id WHERE T1.Year  =  2015",261,True,DeepSeek,1,1,Find the name and location of the stadiums which some concerts happened in the years of both 2014 and 2015.,107,ea,spider_41,results/raw/DeepSeek_spider_ea_20260326_154813.jsonl
True,spider,[true],concert_singer,data/spider/database/concert_singer/concert_singer.sqlite,,False,,True,,SELECT COUNT(*) FROM concert WHERE Year = '2014' OR Year = '2015',True,,SELECT count(*) FROM concert WHERE YEAR  =  2014 OR YEAR  =  2015,65,True,DeepSeek,1,1,How many concerts are there in year 2014 or 2015?,49,ea,spider_20,results/raw/DeepSeek_spider_ea_20260326_154813.jsonl
True,spider,[true],concert_singer,data/spider/database/concert_singer/concert_singer.sqlite,,False,,True,,"SELECT DISTINCT s.Name, s.Location FROM stadium s JOIN concert c ON s.Stadium_ID = c.Stadium_ID WHERE c.Year IN ('2014', '2015') GROUP BY s.Stadium_ID, s.Name, s.Location HAVING COUNT(DISTINCT c.Year) = 2",True,,"SELECT T2.name ,  T2.location FROM concert AS T1 JOIN stadium AS T2 ON T1.stadium_id  =  T2.stadium_id WHERE T1.Year  =  2014 INTERSECT SELECT T2.name ,  T2.location FROM concert AS T1 JOIN stadium AS T2 ON T1.stadium_id  =  T2.stadium_id WHERE T1.Year  =  2015",261,True,DeepSeek,1,1,What are the names and locations of the stadiums that had concerts that occurred in both 2014 and 2015?,103,ea,spider_42,results/raw/DeepSeek_spider_ea_20260326_154813.jsonl
True,spider,[true],concert_singer,data/spider/database/concert_singer/concert_singer.sqlite,,False,,True,,"SELECT s.Name, s.Capacity FROM stadium s JOIN concert c ON s.Stadium_ID = c.Stadium_ID WHERE c.Year >= '2014' GROUP BY s.Stadium_ID, s.Name, s.Capacity ORDER BY COUNT(c.concert_ID) DESC LIMIT 1",True,,"SELECT T2.name ,  T2.capacity FROM concert AS T1 JOIN stadium AS T2 ON T1.stadium_id  =  T2.stadium_id WHERE T1.year  >=  2014 GROUP BY T2.stadium_id ORDER BY count(*) DESC LIMIT 1",180,True,DeepSeek,1,1,Show the stadium name and capacity with most number of concerts in year 2014 or after.,86,ea,spider_24,results/raw/DeepSeek_spider_ea_20260326_154813.jsonl
True,spider,[true],concert_singer,data/spider/database/concert_singer/concert_singer.sqlite,,False,,True,,"SELECT Location, Name FROM stadium WHERE Capacity BETWEEN 5000 AND 10000",True,,"SELECT LOCATION ,  name FROM stadium WHERE capacity BETWEEN 5000 AND 10000",74,True,DeepSeek,1,1,Show location and name for all stadiums with a capacity between 5000 and 10000.,79,ea,spider_14,results/raw/DeepSeek_spider_ea_20260326_154813.jsonl
True,spider,[true],concert_singer,data/spider/database/concert_singer/concert_singer.sqlite,,False,,True,,SELECT COUNT(*) FROM concert WHERE Stadium_ID = (SELECT Stadium_ID FROM stadium ORDER BY Capacity DESC LIMIT 1),True,,select count(*) from concert where stadium_id = (select stadium_id from stadium order by capacity desc limit 1),111,True,DeepSeek,1,1,What are the number of concerts that occurred in the stadium with the largest capacity ?,88,ea,spider_44,results/raw/DeepSeek_spider_ea_20260326_154813.jsonl
True,spider,[true],pets_1,data/spider/database/pets_1/pets_1.sqlite,,False,,True,,SELECT COUNT(*) FROM Pets WHERE weight > 10,True,,SELECT count(*) FROM pets WHERE weight  >  10,45,True,DeepSeek,1,1,Find the number of pets whose weight is heavier than 10.,56,ea,spider_45,results/raw/DeepSeek_spider_ea_20260326_154813.jsonl
True,spider,[true],pets_1,data/spider/database/pets_1/pets_1.sqlite,,False,,True,,SELECT COUNT(*) FROM Pets WHERE weight > 10,True,,SELECT count(*) FROM pets WHERE weight  >  10,45,True,DeepSeek,1,1,How many pets have a greater weight than 10?,44,ea,spider_46,results/raw/DeepSeek_spider_ea_20260326_154813.jsonl
True,spider,[true],pets_1,data/spider/database/pets_1/pets_1.sqlite,,False,,True,,SELECT weight FROM Pets WHERE PetType = 'dog' ORDER BY pet_age ASC LIMIT 1,True,,SELECT weight FROM pets ORDER BY pet_age LIMIT 1,48,True,DeepSeek,1,1,Find the weight of the youngest dog.,36,ea,spider_47,results/raw/DeepSeek_spider_ea_20260326_154813.jsonl
False,spider,[false],pets_1,data/spider/database/pets_1/pets_1.sqlite,,False,,False,,"SELECT PetType, MAX(weight) AS maximum_weight FROM Pets GROUP BY PetType",True,,"SELECT max(weight) ,  petType FROM pets GROUP BY petType",56,True,DeepSeek,1,1,Find the maximum weight for each type of pet. List the maximum weight and pet type.,83,ea,spider_49,results/raw/DeepSeek_spider_ea_20260326_154813.jsonl
True,spider,[true],pets_1,data/spider/database/pets_1/pets_1.sqlite,,False,,True,,SELECT COUNT(DISTINCT p.PetID) FROM Pets p JOIN Has_Pet hp ON p.PetID = hp.PetID JOIN Student s ON hp.StuID = s.StuID WHERE p.PetType = 'dog' AND s.Sex = 'F',True,,SELECT count(*) FROM student AS T1 JOIN has_pet AS T2 ON T1.stuid  =  T2.stuid JOIN pets AS T3 ON T2.petid  =  T3.petid WHERE T1.sex  =  'F' AND T3.pettype  =  'dog',165,True,DeepSeek,1,1,How many dog pets are raised by female students?,48,ea,spider_54,results/raw/DeepSeek_spider_ea_20260326_154813.jsonl
True,spider,[true],pets_1,data/spider/database/pets_1/pets_1.sqlite,,False,,True,,SELECT COUNT(DISTINCT p.PetID) FROM Pets p JOIN Has_Pet hp ON p.PetID = hp.PetID JOIN Student s ON hp.StuID = s.StuID WHERE p.PetType = 'dog' AND s.Sex = 'F',True,,SELECT count(*) FROM student AS T1 JOIN has_pet AS T2 ON T1.stuid  =  T2.stuid JOIN pets AS T3 ON T2.petid  =  T3.petid WHERE T1.sex  =  'F' AND T3.pettype  =  'dog',165,True,DeepSeek,1,1,Find the number of dog pets that are raised by female students (with sex F).,76,ea,spider_53,results/raw/DeepSeek_spider_ea_20260326_154813.jsonl
True,spider,[true],pets_1,data/spider/database/pets_1/pets_1.sqlite,,False,,True,,SELECT weight FROM Pets WHERE PetType = 'dog' ORDER BY pet_age ASC LIMIT 1,True,,SELECT weight FROM pets ORDER BY pet_age LIMIT 1,48,True,DeepSeek,1,1,How much does the youngest dog weigh?,37,ea,spider_48,results/raw/DeepSeek_spider_ea_20260326_154813.jsonl
False,spider,[false],pets_1,data/spider/database/pets_1/pets_1.sqlite,,False,,False,,"SELECT PetType, MAX(weight) AS max_weight FROM Pets GROUP BY PetType",True,,"SELECT max(weight) ,  petType FROM pets GROUP BY petType",56,True,DeepSeek,1,1,List the maximum weight and type for each type of pet.,54,ea,spider_50,results/raw/DeepSeek_spider_ea_20260326_154813.jsonl
True,spider,[true],pets_1,data/spider/database/pets_1/pets_1.sqlite,,False,,True,,SELECT COUNT(DISTINCT PetType) FROM Pets,True,,SELECT count(DISTINCT pettype) FROM pets,40,True,DeepSeek,1,1,How many different types of pet are there?,42,ea,spider_56,results/raw/DeepSeek_spider_ea_20260326_154813.jsonl
True,spider,[true],pets_1,data/spider/database/pets_1/pets_1.sqlite,,False,,True,,SELECT COUNT(*) FROM Has_Pet WHERE StuID IN (SELECT StuID FROM Student WHERE Age > 20),True,,SELECT count(*) FROM student AS T1 JOIN has_pet AS T2 ON T1.stuid  =  T2.stuid WHERE T1.age  >  20,98,True,DeepSeek,1,1,Find number of pets owned by students who are older than 20.,60,ea,spider_51,results/raw/DeepSeek_spider_ea_20260326_154813.jsonl
True,spider,[true],pets_1,data/spider/database/pets_1/pets_1.sqlite,,False,,True,,SELECT COUNT(DISTINCT PetType) FROM Pets,True,,SELECT count(DISTINCT pettype) FROM pets,40,True,DeepSeek,1,1,Find the number of distinct type of pets.,41,ea,spider_55,results/raw/DeepSeek_spider_ea_20260326_154813.jsonl
True,spider,[true],pets_1,data/spider/database/pets_1/pets_1.sqlite,,False,,True,,SELECT DISTINCT s.Fname FROM Student s JOIN Has_Pet hp1 ON s.StuID = hp1.StuID JOIN Pets p1 ON hp1.PetID = p1.PetID JOIN Has_Pet hp2 ON s.StuID = hp2.StuID JOIN Pets p2 ON hp2.PetID = p2.PetID WHERE p1.PetType = 'cat' AND p2.PetType = 'dog',True,,SELECT T1.Fname FROM student AS T1 JOIN has_pet AS T2 ON T1.stuid  =  T2.stuid JOIN pets AS T3 ON T3.petid  =  T2.petid WHERE T3.pettype  =  'cat' INTERSECT SELECT T1.Fname FROM student AS T1 JOIN has_pet AS T2 ON T1.stuid  =  T2.stuid JOIN pets AS T3 ON T3.petid  =  T2.petid WHERE T3.pettype  =  'dog',303,True,DeepSeek,1,1,What are the students' first names who have both cats and dogs as pets?,71,ea,spider_60,results/raw/DeepSeek_spider_ea_20260326_154813.jsonl
True,spider,[true],pets_1,data/spider/database/pets_1/pets_1.sqlite,,False,,True,,"SELECT s.Major, s.Age FROM Student s WHERE s.StuID NOT IN (SELECT hp.StuID FROM Has_Pet hp JOIN Pets p ON hp.PetID = p.PetID WHERE p.PetType = 'cat')",True,,"SELECT major ,  age FROM student WHERE stuid NOT IN (SELECT T1.stuid FROM student AS T1 JOIN has_pet AS T2 ON T1.stuid  =  T2.stuid JOIN pets AS T3 ON T3.petid  =  T2.petid WHERE T3.pettype  =  'cat')",200,True,DeepSeek,1,1,Find the major and age of students who do not have a cat pet.,61,ea,spider_61,results/raw/DeepSeek_spider_ea_20260326_154813.jsonl
True,spider,[true],pets_1,data/spider/database/pets_1/pets_1.sqlite,,False,,True,,SELECT COUNT(*) FROM Has_Pet WHERE StuID IN (SELECT StuID FROM Student WHERE Age > 20),True,,SELECT count(*) FROM student AS T1 JOIN has_pet AS T2 ON T1.stuid  =  T2.stuid WHERE T1.age  >  20,98,True,DeepSeek,1,1,How many pets are owned by students that have an age greater than 20?,69,ea,spider_52,results/raw/DeepSeek_spider_ea_20260326_154813.jsonl
True,spider,[true],pets_1,data/spider/database/pets_1/pets_1.sqlite,,False,,True,,SELECT DISTINCT s.StuID FROM Student s WHERE s.StuID NOT IN (SELECT hp.StuID FROM Has_Pet hp JOIN Pets p ON hp.PetID = p.PetID WHERE p.PetType = 'cat'),True,,SELECT stuid FROM student EXCEPT SELECT T1.stuid FROM student AS T1 JOIN has_pet AS T2 ON T1.stuid  =  T2.stuid JOIN pets AS T3 ON T3.petid  =  T2.petid WHERE T3.pettype  =  'cat',179,True,DeepSeek,1,1,What are the ids of the students who do not own cats as pets?,61,ea,spider_64,results/raw/DeepSeek_spider_ea_20260326_154813.jsonl
True,spider,[true],pets_1,data/spider/database/pets_1/pets_1.sqlite,,False,,True,,"SELECT DISTINCT s.Fname FROM Student s JOIN Has_Pet hp ON s.StuID = hp.StuID JOIN Pets p ON hp.PetID = p.PetID WHERE p.PetType IN ('cat', 'dog')",True,,SELECT DISTINCT T1.Fname FROM student AS T1 JOIN has_pet AS T2 ON T1.stuid  =  T2.stuid JOIN pets AS T3 ON T3.petid  =  T2.petid WHERE T3.pettype  =  'cat' OR T3.pettype  =  'dog',179,True,DeepSeek,1,1,Find the first name of students who have cat or dog pet.,56,ea,spider_57,results/raw/DeepSeek_spider_ea_20260326_154813.jsonl
True,spider,[true],pets_1,data/spider/database/pets_1/pets_1.sqlite,,False,,True,,SELECT DISTINCT s.Fname FROM Student s JOIN Has_Pet hp1 ON s.StuID = hp1.StuID JOIN Pets p1 ON hp1.PetID = p1.PetID JOIN Has_Pet hp2 ON s.StuID = hp2.StuID JOIN Pets p2 ON hp2.PetID = p2.PetID WHERE p1.PetType = 'cat' AND p2.PetType = 'dog',True,,select t1.fname from student as t1 join has_pet as t2 on t1.stuid  =  t2.stuid join pets as t3 on t3.petid  =  t2.petid where t3.pettype  =  'cat' intersect select t1.fname from student as t1 join has_pet as t2 on t1.stuid  =  t2.stuid join pets as t3 on t3.petid  =  t2.petid where t3.pettype  =  'dog',303,True,DeepSeek,1,1,Find the first name of students who have both cat and dog pets .,64,ea,spider_59,results/raw/DeepSeek_spider_ea_20260326_154813.jsonl
True,spider,[true],pets_1,data/spider/database/pets_1/pets_1.sqlite,,False,,True,,SELECT StuID FROM Student WHERE StuID NOT IN (SELECT StuID FROM Has_Pet WHERE PetID IN (SELECT PetID FROM Pets WHERE PetType = 'cat')),True,,SELECT stuid FROM student EXCEPT SELECT T1.stuid FROM student AS T1 JOIN has_pet AS T2 ON T1.stuid  =  T2.stuid JOIN pets AS T3 ON T3.petid  =  T2.petid WHERE T3.pettype  =  'cat',179,True,DeepSeek,1,1,Find the id of students who do not have a cat pet.,50,ea,spider_63,results/raw/DeepSeek_spider_ea_20260326_154813.jsonl
True,spider,[true],pets_1,data/spider/database/pets_1/pets_1.sqlite,,False,,True,,"SELECT DISTINCT s.Fname FROM Student s JOIN Has_Pet hp ON s.StuID = hp.StuID JOIN Pets p ON hp.PetID = p.PetID WHERE p.PetType IN ('cat', 'dog')",True,,SELECT DISTINCT T1.Fname FROM student AS T1 JOIN has_pet AS T2 ON T1.stuid  =  T2.stuid JOIN pets AS T3 ON T3.petid  =  T2.petid WHERE T3.pettype  =  'cat' OR T3.pettype  =  'dog',179,True,DeepSeek,1,1,What are the first names of every student who has a cat or dog as a pet?,72,ea,spider_58,results/raw/DeepSeek_spider_ea_20260326_154813.jsonl
True,spider,[true],pets_1,data/spider/database/pets_1/pets_1.sqlite,,False,,True,,"SELECT s.Major, s.Age FROM Student s WHERE s.StuID NOT IN (SELECT hp.StuID FROM Has_Pet hp JOIN Pets p ON hp.PetID = p.PetID WHERE p.PetType = 'cat')",True,,"SELECT major ,  age FROM student WHERE stuid NOT IN (SELECT T1.stuid FROM student AS T1 JOIN has_pet AS T2 ON T1.stuid  =  T2.stuid JOIN pets AS T3 ON T3.petid  =  T2.petid WHERE T3.pettype  =  'cat')",200,True,DeepSeek,1,1,"What major is every student who does not own a cat as a pet, and also how old are they?",87,ea,spider_62,results/raw/DeepSeek_spider_ea_20260326_154813.jsonl
False,spider,[false],pets_1,data/spider/database/pets_1/pets_1.sqlite,,False,,False,,SELECT DISTINCT s.Fname FROM Student s JOIN Has_Pet hp ON s.StuID = hp.StuID JOIN Pets p ON hp.PetID = p.PetID WHERE p.PetType = 'dog' AND s.StuID NOT IN (SELECT s2.StuID FROM Student s2 JOIN Has_Pet hp2 ON s2.StuID = hp2.StuID JOIN Pets p2 ON hp2.PetID = p2.PetID WHERE p2.PetType = 'cat'),True,,"SELECT T1.fname ,  T1.age FROM student AS T1 JOIN has_pet AS T2 ON T1.stuid  =  T2.stuid JOIN pets AS T3 ON T3.petid  =  T2.petid WHERE T3.pettype  =  'dog' AND T1.stuid NOT IN (SELECT T1.stuid FROM student AS T1 JOIN has_pet AS T2 ON T1.stuid  =  T2.stuid JOIN pets AS T3 ON T3.petid  =  T2.petid WHERE T3.pettype  =  'cat')",325,True,DeepSeek,1,1,What is the first name of every student who has a dog but does not have a cat?,78,ea,spider_66,results/raw/DeepSeek_spider_ea_20260326_154813.jsonl
False,spider,[false],pets_1,data/spider/database/pets_1/pets_1.sqlite,,False,,False,,"SELECT DISTINCT s.Fname, s.Age FROM Student s JOIN Has_Pet hp ON s.StuID = hp.StuID JOIN Pets p ON hp.PetID = p.PetID WHERE p.PetType = 'dog' AND s.StuID NOT IN (SELECT hp2.StuID FROM Has_Pet hp2 JOIN Pets p2 ON hp2.PetID = p2.PetID WHERE p2.PetType = 'cat')",True,,"SELECT T1.fname ,  T1.age FROM student AS T1 JOIN has_pet AS T2 ON T1.stuid  =  T2.stuid JOIN pets AS T3 ON T3.petid  =  T2.petid WHERE T3.pettype  =  'dog' AND T1.stuid NOT IN (SELECT T1.stuid FROM student AS T1 JOIN has_pet AS T2 ON T1.stuid  =  T2.stuid JOIN pets AS T3 ON T3.petid  =  T2.petid WHERE T3.pettype  =  'cat')",325,True,DeepSeek,1,1,Find the first name and age of students who have a dog but do not have a cat as a pet.,86,ea,spider_65,results/raw/DeepSeek_spider_ea_20260326_154813.jsonl
True,spider,[true],pets_1,data/spider/database/pets_1/pets_1.sqlite,,False,,True,,"SELECT PetType, weight FROM Pets WHERE pet_age = (SELECT MIN(pet_age) FROM Pets)",True,,"SELECT pettype ,  weight FROM pets ORDER BY pet_age LIMIT 1",59,True,DeepSeek,1,1,Find the type and weight of the youngest pet.,45,ea,spider_67,results/raw/DeepSeek_spider_ea_20260326_154813.jsonl
True,spider,[true],pets_1,data/spider/database/pets_1/pets_1.sqlite,,False,,True,,"SELECT PetType, weight FROM Pets WHERE pet_age = (SELECT MIN(pet_age) FROM Pets) LIMIT 1",True,,"SELECT pettype ,  weight FROM pets ORDER BY pet_age LIMIT 1",59,True,DeepSeek,1,1,"What type of pet is the youngest animal, and how much does it weigh?",68,ea,spider_68,results/raw/DeepSeek_spider_ea_20260326_154813.jsonl
False,spider,[false],pets_1,data/spider/database/pets_1/pets_1.sqlite,,False,,False,,"SELECT PetType, AVG(weight) AS average_weight FROM Pets GROUP BY PetType",True,,"SELECT avg(weight) ,  pettype FROM pets GROUP BY pettype",56,True,DeepSeek,1,1,Find the average weight for each pet type.,42,ea,spider_73,results/raw/DeepSeek_spider_ea_20260326_154813.jsonl
True,spider,[true],pets_1,data/spider/database/pets_1/pets_1.sqlite,,False,,True,,"SELECT PetID, weight FROM Pets WHERE pet_age > 1",True,,"SELECT petid ,  weight FROM pets WHERE pet_age  >  1",52,True,DeepSeek,1,1,Find the id and weight of all pets whose age is older than 1.,61,ea,spider_69,results/raw/DeepSeek_spider_ea_20260326_154813.jsonl
True,spider,[true],pets_1,data/spider/database/pets_1/pets_1.sqlite,,False,,True,,"SELECT DISTINCT s.Fname, s.Age FROM Student s JOIN Has_Pet hp ON s.StuID = hp.StuID JOIN Pets p ON hp.PetID = p.PetID",True,,"SELECT DISTINCT T1.fname ,  T1.age FROM student AS T1 JOIN has_pet AS T2 ON T1.stuid  =  T2.stuid",97,True,DeepSeek,1,1,Find the first name and age of students who have a pet.,55,ea,spider_75,results/raw/DeepSeek_spider_ea_20260326_154813.jsonl
True,spider,[true],pets_1,data/spider/database/pets_1/pets_1.sqlite,,False,,True,,"SELECT PetID, weight FROM Pets WHERE pet_age > 1",True,,"SELECT petid ,  weight FROM pets WHERE pet_age  >  1",52,True,DeepSeek,1,1,What is the id and weight of every pet who is older than 1?,59,ea,spider_70,results/raw/DeepSeek_spider_ea_20260326_154813.jsonl
True,spider,[true],pets_1,data/spider/database/pets_1/pets_1.sqlite,,False,,True,,"SELECT DISTINCT s.Fname, s.Age FROM Student s INNER JOIN Has_Pet hp ON s.StuID = hp.StuID",True,,"SELECT DISTINCT T1.fname ,  T1.age FROM student AS T1 JOIN has_pet AS T2 ON T1.stuid  =  T2.stuid",97,True,DeepSeek,1,1,What are the different first names and ages of the students who do have pets?,77,ea,spider_76,results/raw/DeepSeek_spider_ea_20260326_154813.jsonl
True,spider,[true],pets_1,data/spider/database/pets_1/pets_1.sqlite,,False,,True,,SELECT p.PetID FROM Student s JOIN Has_Pet hp ON s.StuID = hp.StuID JOIN Pets p ON hp.PetID = p.PetID WHERE s.LName = 'Smith',True,,SELECT T2.petid FROM student AS T1 JOIN has_pet AS T2 ON T1.stuid  =  T2.stuid WHERE T1.Lname  =  'Smith',105,True,DeepSeek,1,1,Find the id of the pet owned by student whose last name is ‘Smith’.,67,ea,spider_77,results/raw/DeepSeek_spider_ea_20260326_154813.jsonl
False,spider,[false],pets_1,data/spider/database/pets_1/pets_1.sqlite,,False,,False,,"SELECT PetType, AVG(pet_age) AS average_age, MAX(pet_age) AS maximum_age FROM Pets GROUP BY PetType",True,,"SELECT avg(pet_age) ,  max(pet_age) ,  pettype FROM pets GROUP BY pettype",73,True,DeepSeek,1,1,What is the average and maximum age for each pet type?,54,ea,spider_72,results/raw/DeepSeek_spider_ea_20260326_154813.jsonl
False,spider,[false],pets_1,data/spider/database/pets_1/pets_1.sqlite,,False,,False,,"SELECT PetType, AVG(pet_age) AS average_age, MAX(pet_age) AS maximum_age FROM Pets GROUP BY PetType",True,,"SELECT avg(pet_age) ,  max(pet_age) ,  pettype FROM pets GROUP BY pettype",73,True,DeepSeek,1,1,Find the average and maximum age for each type of pet.,54,ea,spider_71,results/raw/DeepSeek_spider_ea_20260326_154813.jsonl
True,spider,[true],pets_1,data/spider/database/pets_1/pets_1.sqlite,,False,,True,,"SELECT s.Fname, s.Sex FROM Student s JOIN Has_Pet hp ON s.StuID = hp.StuID GROUP BY s.StuID, s.Fname, s.Sex HAVING COUNT(hp.PetID) > 1",True,,"SELECT T1.fname ,  T1.sex FROM student AS T1 JOIN has_pet AS T2 ON T1.stuid  =  T2.stuid GROUP BY T1.stuid HAVING count(*)  >  1",128,True,DeepSeek,1,1,Find the first name and gender of student who have more than one pet.,69,ea,spider_81,results/raw/DeepSeek_spider_ea_20260326_154813.jsonl
False,spider,[false],pets_1,data/spider/database/pets_1/pets_1.sqlite,,False,,False,,"SELECT s.StuID, COUNT(hp.PetID) AS number_of_pets FROM Student s JOIN Has_Pet hp ON s.StuID = hp.StuID GROUP BY s.StuID",True,,"SELECT count(*) ,  T1.stuid FROM student AS T1 JOIN has_pet AS T2 ON T1.stuid  =  T2.stuid GROUP BY T1.stuid",108,True,DeepSeek,1,1,Find the number of pets for each student who has any pet and student id.,72,ea,spider_79,results/raw/DeepSeek_spider_ea_20260326_154813.jsonl
True,spider,[true],pets_1,data/spider/database/pets_1/pets_1.sqlite,,False,,True,,"SELECT s.Fname, s.Sex FROM Student s JOIN Has_Pet hp ON s.StuID = hp.StuID GROUP BY s.StuID, s.Fname, s.Sex HAVING COUNT(hp.PetID) > 1",True,,"SELECT T1.fname ,  T1.sex FROM student AS T1 JOIN has_pet AS T2 ON T1.stuid  =  T2.stuid GROUP BY T1.stuid HAVING count(*)  >  1",128,True,DeepSeek,1,1,What is the first name and gender of the all the students who have more than one pet?,85,ea,spider_82,results/raw/DeepSeek_spider_ea_20260326_154813.jsonl
True,spider,[true],pets_1,data/spider/database/pets_1/pets_1.sqlite,,False,,True,,SELECT s.LName FROM Student s JOIN Has_Pet hp ON s.StuID = hp.StuID JOIN Pets p ON hp.PetID = p.PetID WHERE p.PetType = 'cat' AND p.pet_age = 3,True,,SELECT T1.lname FROM student AS T1 JOIN has_pet AS T2 ON T1.stuid  =  T2.stuid JOIN pets AS T3 ON T3.petid  =  T2.petid WHERE T3.pet_age  =  3 AND T3.pettype  =  'cat',167,True,DeepSeek,1,1,Find the last name of the student who has a cat that is age 3.,62,ea,spider_83,results/raw/DeepSeek_spider_ea_20260326_154813.jsonl
True,spider,[true],pets_1,data/spider/database/pets_1/pets_1.sqlite,,False,,True,,SELECT s.LName FROM Student s JOIN Has_Pet hp ON s.StuID = hp.StuID JOIN Pets p ON hp.PetID = p.PetID WHERE p.PetType = 'cat' AND p.pet_age = 3,True,,SELECT T1.lname FROM student AS T1 JOIN has_pet AS T2 ON T1.stuid  =  T2.stuid JOIN pets AS T3 ON T3.petid  =  T2.petid WHERE T3.pet_age  =  3 AND T3.pettype  =  'cat',167,True,DeepSeek,1,1,What is the last name of the student who has a cat that is 3 years old?,71,ea,spider_84,results/raw/DeepSeek_spider_ea_20260326_154813.jsonl
False,spider,[false],pets_1,data/spider/database/pets_1/pets_1.sqlite,,False,,False,,"SELECT PetType, AVG(weight) AS average_weight FROM Pets GROUP BY PetType",True,,"SELECT avg(weight) ,  pettype FROM pets GROUP BY pettype",56,True,DeepSeek,1,1,What is the average weight for each type of pet?,48,ea,spider_74,results/raw/DeepSeek_spider_ea_20260326_154813.jsonl
True,spider,[true],pets_1,data/spider/database/pets_1/pets_1.sqlite,,False,,True,,SELECT AVG(Age) FROM Student WHERE StuID NOT IN (SELECT StuID FROM Has_Pet),True,,select avg(age) from student where stuid not in (select stuid from has_pet),75,True,DeepSeek,1,1,Find the average age of students who do not have any pet .,58,ea,spider_85,results/raw/DeepSeek_spider_ea_20260326_154813.jsonl
True,spider,[true],pets_1,data/spider/database/pets_1/pets_1.sqlite,,False,,True,,SELECT AVG(Age) FROM Student WHERE StuID NOT IN (SELECT StuID FROM Has_Pet),True,,select avg(age) from student where stuid not in (select stuid from has_pet),75,True,DeepSeek,1,1,What is the average age for all students who do not own any pets ?,66,ea,spider_86,results/raw/DeepSeek_spider_ea_20260326_154813.jsonl
True,spider,[true],pets_1,data/spider/database/pets_1/pets_1.sqlite,,False,,True,,SELECT p.PetID FROM Student s JOIN Has_Pet hp ON s.StuID = hp.StuID JOIN Pets p ON hp.PetID = p.PetID WHERE s.LName = 'Smith',True,,SELECT T2.petid FROM student AS T1 JOIN has_pet AS T2 ON T1.stuid  =  T2.stuid WHERE T1.Lname  =  'Smith',105,True,DeepSeek,1,1,What is the id of the pet owned by the student whose last name is 'Smith'?,74,ea,spider_78,results/raw/DeepSeek_spider_ea_20260326_154813.jsonl
True,spider,[true],car_1,data/spider/database/car_1/car_1.sqlite,,False,,True,,SELECT COUNT(DISTINCT Continent) FROM continents,True,,SELECT count(*) FROM CONTINENTS;,32,True,DeepSeek,1,1,How many continents are there?,30,ea,spider_87,results/raw/DeepSeek_spider_ea_20260326_154813.jsonl
True,spider,[true],car_1,data/spider/database/car_1/car_1.sqlite,,False,,True,,SELECT COUNT(*) FROM continents,True,,SELECT count(*) FROM CONTINENTS;,32,True,DeepSeek,1,1,What is the number of continents?,33,ea,spider_88,results/raw/DeepSeek_spider_ea_20260326_154813.jsonl
False,spider,[false],pets_1,data/spider/database/pets_1/pets_1.sqlite,,False,,False,,"SELECT Has_Pet.StuID, COUNT(Has_Pet.PetID) AS pet_count FROM Has_Pet JOIN Pets ON Has_Pet.PetID = Pets.PetID GROUP BY Has_Pet.StuID",True,,"select count(*) ,  t1.stuid from student as t1 join has_pet as t2 on t1.stuid  =  t2.stuid group by t1.stuid",108,True,DeepSeek,1,1,"For students who have pets , how many pets does each student have ? list their ids instead of names .",101,ea,spider_80,results/raw/DeepSeek_spider_ea_20260326_154813.jsonl
True,spider,[true],car_1,data/spider/database/car_1/car_1.sqlite,,False,,True,,"SELECT c.ContId, c.Continent, COUNT(co.CountryId) AS CountryCount FROM continents c LEFT JOIN countries co ON c.ContId = co.Continent GROUP BY c.ContId, c.Continent",True,,"SELECT T1.ContId ,  T1.Continent ,  count(*) FROM CONTINENTS AS T1 JOIN COUNTRIES AS T2 ON T1.ContId  =  T2.Continent GROUP BY T1.ContId;",137,True,DeepSeek,1,1,"For each continent, list its id, name, and how many countries it has?",69,ea,spider_90,results/raw/DeepSeek_spider_ea_20260326_154813.jsonl
True,spider,[true],car_1,data/spider/database/car_1/car_1.sqlite,,False,,True,,"SELECT c.ContId, c.Continent, COUNT(co.CountryId) AS NumberOfCountries FROM continents c LEFT JOIN countries co ON c.ContId = co.Continent GROUP BY c.ContId, c.Continent ORDER BY c.ContId",True,,"SELECT T1.ContId ,  T1.Continent ,  count(*) FROM CONTINENTS AS T1 JOIN COUNTRIES AS T2 ON T1.ContId  =  T2.Continent GROUP BY T1.ContId;",137,True,DeepSeek,1,1,"How many countries does each continent have? List the continent id, continent name and the number of countries.",111,ea,spider_89,results/raw/DeepSeek_spider_ea_20260326_154813.jsonl
True,spider,[true],car_1,data/spider/database/car_1/car_1.sqlite,,False,,True,,SELECT COUNT(*) FROM countries,True,,SELECT count(*) FROM COUNTRIES;,31,True,DeepSeek,1,1,How many countries are listed?,30,ea,spider_91,results/raw/DeepSeek_spider_ea_20260326_154813.jsonl
True,spider,[true],car_1,data/spider/database/car_1/car_1.sqlite,,False,,True,,SELECT COUNT(*) FROM countries,True,,SELECT count(*) FROM COUNTRIES;,31,True,DeepSeek,1,1,How many countries exist?,25,ea,spider_92,results/raw/DeepSeek_spider_ea_20260326_154813.jsonl
True,spider,[true],car_1,data/spider/database/car_1/car_1.sqlite,,False,,True,,"SELECT cm.FullName, cm.Id, COUNT(ml.ModelId) AS NumberOfModels FROM car_makers cm JOIN model_list ml ON cm.Id = ml.Maker GROUP BY cm.Id, cm.FullName ORDER BY cm.Id",True,,"SELECT T1.FullName ,  T1.Id ,  count(*) FROM CAR_MAKERS AS T1 JOIN MODEL_LIST AS T2 ON T1.Id  =  T2.Maker GROUP BY T1.Id;",121,True,DeepSeek,1,1,"How many models does each car maker produce? List maker full name, id and the number.",85,ea,spider_93,results/raw/DeepSeek_spider_ea_20260326_154813.jsonl
False,spider,[false],car_1,data/spider/database/car_1/car_1.sqlite,,False,,False,,SELECT cn.Model FROM car_names cn JOIN cars_data cd ON cn.MakeId = cd.Id WHERE cd.Horsepower = (SELECT MIN(Horsepower) FROM cars_data),True,,SELECT T1.Model FROM CAR_NAMES AS T1 JOIN CARS_DATA AS T2 ON T1.MakeId  =  T2.Id ORDER BY T2.horsepower ASC LIMIT 1;,116,True,DeepSeek,1,1,Which model of the car has the minimum horsepower?,50,ea,spider_95,results/raw/DeepSeek_spider_ea_20260326_154813.jsonl
False,spider,[false],car_1,data/spider/database/car_1/car_1.sqlite,,False,,False,,SELECT cn.Model FROM cars_data cd JOIN car_names cn ON cd.Id = cn.MakeId WHERE cd.Horsepower = (SELECT MIN(CAST(Horsepower AS INTEGER)) FROM cars_data WHERE Horsepower NOT NULL AND Horsepower != ''),True,,SELECT T1.Model FROM CAR_NAMES AS T1 JOIN CARS_DATA AS T2 ON T1.MakeId  =  T2.Id ORDER BY T2.horsepower ASC LIMIT 1;,116,True,DeepSeek,1,1,What is the model of the car with the smallest amount of horsepower?,68,ea,spider_96,results/raw/DeepSeek_spider_ea_20260326_154813.jsonl
True,spider,[true],car_1,data/spider/database/car_1/car_1.sqlite,,False,,True,,SELECT DISTINCT cm.Maker FROM car_makers cm JOIN model_list ml ON cm.Id = ml.Maker JOIN car_names cn ON ml.Model = cn.Model JOIN cars_data cd ON cn.MakeId = cd.Id WHERE cd.Year = 1970,True,,SELECT DISTINCT T1.Maker FROM CAR_MAKERS AS T1 JOIN MODEL_LIST AS T2 ON T1.Id  =  T2.Maker JOIN CAR_NAMES AS T3 ON T2.model  =  T3.model JOIN CARS_DATA AS T4 ON T3.MakeId  =  T4.id WHERE T4.year  =  '1970';,206,True,DeepSeek,1,1,Find the name of the makers that produced some cars in the year of 1970?,72,ea,spider_99,results/raw/DeepSeek_spider_ea_20260326_154813.jsonl
False,spider,[false],car_1,data/spider/database/car_1/car_1.sqlite,,False,,False,,"SELECT cm.Id, cm.FullName, COUNT(ml.ModelId) AS ModelCount FROM car_makers cm JOIN model_list ml ON cm.Id = ml.Maker GROUP BY cm.Id, cm.FullName ORDER BY cm.Id",True,,"SELECT T1.FullName ,  T1.Id ,  count(*) FROM CAR_MAKERS AS T1 JOIN MODEL_LIST AS T2 ON T1.Id  =  T2.Maker GROUP BY T1.Id;",121,True,DeepSeek,1,1,"What is the full name of each car maker, along with its id and how many models it produces?",91,ea,spider_94,results/raw/DeepSeek_spider_ea_20260326_154813.jsonl
True,spider,[true],car_1,data/spider/database/car_1/car_1.sqlite,,False,,True,,SELECT c.Model FROM car_names c JOIN cars_data d ON c.MakeId = d.Id WHERE d.Weight < (SELECT AVG(Weight) FROM cars_data),True,,SELECT T1.model FROM CAR_NAMES AS T1 JOIN CARS_DATA AS T2 ON T1.MakeId  =  T2.Id WHERE T2.Weight  <  (SELECT avg(Weight) FROM CARS_DATA),136,True,DeepSeek,1,1,What is the model for the car with a weight smaller than the average?,69,ea,spider_98,results/raw/DeepSeek_spider_ea_20260326_154813.jsonl
True,spider,[true],car_1,data/spider/database/car_1/car_1.sqlite,,False,,True,,SELECT c.Model FROM car_names c JOIN cars_data d ON c.MakeId = d.Id WHERE d.Weight < (SELECT AVG(Weight) FROM cars_data),True,,SELECT T1.model FROM CAR_NAMES AS T1 JOIN CARS_DATA AS T2 ON T1.MakeId  =  T2.Id WHERE T2.Weight  <  (SELECT avg(Weight) FROM CARS_DATA),136,True,DeepSeek,1,1,Find the model of the car whose weight is below the average weight.,67,ea,spider_97,results/raw/DeepSeek_spider_ea_20260326_154813.jsonl
False,bird,[false],california_schools,data/bird/dev_databases/california_schools/california_schools.sqlite,simple,False,Eligible free rate for K-12 = `Free Meal Count (K-12)` / `Enrollment (K-12)`,False,"near ""("": syntax error","WITH frpm_data AS (SELECT f.CDSCode, f.Percent(%) Eligible Free (K-12) FROM frpm f WHERE f.County Code = 'Alameda') SELECT MAX(fd.Percent(%) Eligible Free (K-12)) AS highest_free_rate FROM frpm_data fd",False,,SELECT `Free Meal Count (K-12)` / `Enrollment (K-12)` FROM frpm WHERE `County Name` = 'Alameda' ORDER BY (CAST(`Free Meal Count (K-12)` AS REAL) / `Enrollment (K-12)`) DESC LIMIT 1,180,True,Defog-Llama3-SQLCoder-8B,1,1,What is the highest eligible free rate for K-12 students in the schools in Alameda County?,90,ea,bird_0,results/raw/Defog-Llama3-SQLCoder-8B_bird_ea_20260326_161041.jsonl
False,bird,[false],california_schools,data/bird/dev_databases/california_schools/california_schools.sqlite,simple,False,,False,"near ""("": syntax error","WITH school_scores AS (SELECT s.CDSCode, AVG(s.AvgScrRead) AS avg_reading_score FROM schools s JOIN frpm f ON s.CDSCode = f.CDSCode WHERE s.StatusType = 'Active' GROUP BY s.CDSCode), highest_reading_score AS (SELECT sc.CDSCode, sc.avg_reading_score FROM school_scores sc ORDER BY sc.avg_reading_score DESC LIMIT 1) SELECT COUNT(f.FRPMCount(Ages 5-17)) AS frpm_count FROM frpm f JOIN highest_reading_score h ON f.CDSCode = h.CDSCode",False,,SELECT T2.`FRPM Count (Ages 5-17)` FROM satscores AS T1 INNER JOIN frpm AS T2 ON T1.cds = T2.CDSCode ORDER BY T1.AvgScrRead DESC LIMIT 1,136,True,Defog-Llama3-SQLCoder-8B,1,1,"For the school with the highest average score in Reading in the SAT test, what is its FRPM count for students aged 5-17?",120,ea,bird_10,results/raw/Defog-Llama3-SQLCoder-8B_bird_ea_20260326_161041.jsonl
False,bird,[false],california_schools,data/bird/dev_databases/california_schools/california_schools.sqlite,simple,False,,False,,"WITH HighestSAT AS (SELECT s.CDSCode FROM schools s JOIN satscores ss ON s.CDSCode = ss.cds WHERE ss.NumTstTakr > 1500 ORDER BY ss.AvgScrRead DESC, ss.AvgScrMath DESC, ss.AvgScrWrite DESC LIMIT 1) SELECT s.Phone FROM HighestSAT h JOIN schools s ON h.CDSCode = s.CDSCode",True,,SELECT T2.Phone FROM satscores AS T1 INNER JOIN schools AS T2 ON T1.cds = T2.CDSCode ORDER BY T1.NumGE1500 DESC LIMIT 1,119,True,Defog-Llama3-SQLCoder-8B,1,1,What is the phone number of the school that has the highest number of test takers with an SAT score of over 1500?,113,ea,bird_7,results/raw/Defog-Llama3-SQLCoder-8B_bird_ea_20260326_161041.jsonl
False,bird,[false],california_schools,data/bird/dev_databases/california_schools/california_schools.sqlite,simple,False,,False,no such column: f.FRPM_Count,"WITH frpm_ranked AS (SELECT f.CDSCode, f.FRPM_Count FROM frpm f ORDER BY f.FRPM_Count DESC) SELECT s.NumTstTakr FROM satscores s JOIN frpm_ranked fr ON s.cds = fr.CDSCode LIMIT 1",False,,SELECT NumTstTakr FROM satscores WHERE cds = ( SELECT CDSCode FROM frpm ORDER BY `FRPM Count (K-12)` DESC LIMIT 1 ),115,True,Defog-Llama3-SQLCoder-8B,1,1,What is the number of SAT test takers of the schools with the highest FRPM count for K-12 students?,99,ea,bird_8,results/raw/Defog-Llama3-SQLCoder-8B_bird_ea_20260326_161041.jsonl
False,bird,[false],california_schools,data/bird/dev_databases/california_schools/california_schools.sqlite,moderate,False,Eligible free rates for students aged 5-17 = `Free Meal Count (Ages 5-17)` / `Enrollment (Ages 5-17)`,False,"near ""("": syntax error","WITH eligible_free_rates AS (SELECT s.CDSCode, s.Percent_() Eligible_Free_(Ages_5-17) AS percent FROM schools s WHERE s.StatusType = 'Continuation' AND s.Percent_() Eligible_Free_(Ages_5-17) IS NOT NULL) SELECT ef.percent FROM eligible_free_rates ef ORDER BY ef.percent ASC LIMIT 3",False,,SELECT `Free Meal Count (Ages 5-17)` / `Enrollment (Ages 5-17)` FROM frpm WHERE `Educational Option Type` = 'Continuation School' AND `Free Meal Count (Ages 5-17)` / `Enrollment (Ages 5-17)` IS NOT NULL ORDER BY `Free Meal Count (Ages 5-17)` / `Enrollment (Ages 5-17)` ASC LIMIT 3,280,True,Defog-Llama3-SQLCoder-8B,1,1,Please list the lowest three eligible free rates for students aged 5-17 in continuation schools.,96,ea,bird_1,results/raw/Defog-Llama3-SQLCoder-8B_bird_ea_20260326_161041.jsonl
False,bird,[false],california_schools,data/bird/dev_databases/california_schools/california_schools.sqlite,simple,False,,False,no such column: s.AvgScrRead,"WITH school_scores AS (SELECT s.CDSCode, SUM(s.AvgScrRead + s.AvgScrMath + s.AvgScrWrite) / 3.0 AS avg_score FROM schools s JOIN frpm f ON s.CDSCode = f.CDSCode WHERE LOWER(s.County) = 'contra costa' GROUP BY s.CDSCode) SELECT ss.CDSCode, ss.avg_score FROM school_scores ss ORDER BY ss.avg_score DESC NULLS LAST LIMIT 1",False,,SELECT sname FROM satscores WHERE cname = 'Contra Costa' AND sname IS NOT NULL ORDER BY NumTstTakr DESC LIMIT 1,111,True,Defog-Llama3-SQLCoder-8B,1,1,Which school in Contra Costa has the highest number of test takers?,67,ea,bird_22,results/raw/Defog-Llama3-SQLCoder-8B_bird_ea_20260326_161041.jsonl
False,bird,[false],california_schools,data/bird/dev_databases/california_schools/california_schools.sqlite,simple,False,,False,no such column: f.Free_Meal_Count_K_12,SELECT COUNT(*) AS total_schools FROM frpm f WHERE f.CDSCode IN (SELECT s.CDSCode FROM schools s WHERE LOWER(s.County) = 'los angeles') AND f.Free_Meal_Count_K_12 > 500 AND f.Free_Meal_Count_K_12 < 700,False,,SELECT COUNT(CDSCode) FROM frpm WHERE `County Name` = 'Los Angeles' AND `Free Meal Count (K-12)` > 500 AND `FRPM Count (K-12)`< 700,131,True,Defog-Llama3-SQLCoder-8B,1,1,In Los Angeles how many schools have more than 500 free meals but less than 700 free or reduced price meals for K-12?,117,ea,bird_21,results/raw/Defog-Llama3-SQLCoder-8B_bird_ea_20260326_161041.jsonl
False,bird,[false],california_schools,data/bird/dev_databases/california_schools/california_schools.sqlite,simple,False,Charter schools refers to `Charter School (Y/N)` = 1 in the table fprm,False,,SELECT s.Zip FROM schools s JOIN frpm f ON s.CDSCode = f.CDSCode WHERE s.Charter = 1 AND LOWER(s.County) = 'fresno' ORDER BY s.Zip NULLS LAST,True,,SELECT T2.Zip FROM frpm AS T1 INNER JOIN schools AS T2 ON T1.CDSCode = T2.CDSCode WHERE T1.`District Name` = 'Fresno County Office of Education' AND T1.`Charter School (Y/N)` = 1,178,True,Defog-Llama3-SQLCoder-8B,1,1,Please list the zip code of all the charter schools in Fresno County Office of Education.,89,ea,bird_2,results/raw/Defog-Llama3-SQLCoder-8B_bird_ea_20260326_161041.jsonl
False,bird,[false],california_schools,data/bird/dev_databases/california_schools/california_schools.sqlite,moderate,False,Excellence rate = NumGE1500 / NumTstTakr; Eligible free rates for students aged 5-17 = `Free Meal Count (Ages 5-17)` / `Enrollment (Ages 5-17)`,False,"near ""("": syntax error","WITH frpm_data AS (SELECT s.CDSCode, s.School, s.Percent(%) Eligible Free (Ages 5-17) AS eligible_free_rate FROM schools s JOIN frpm f ON s.CDSCode = f.CDSCode WHERE s.Percent(%) Eligible FRPM (Ages 5-17) > 0.3), max_eligible_free AS (SELECT MAX(eligible_free_rate) AS max_rate FROM frpm_data) SELECT fd.School, fd.eligible_free_rate FROM frpm_data fd JOIN max_eligible_free m ON fd.eligible_free_rate = m.max_rate ORDER BY fd.eligible_free_rate DESC NULLS LAST LIMIT 1",False,,SELECT MAX(CAST(T1.`Free Meal Count (Ages 5-17)` AS REAL) / T1.`Enrollment (Ages 5-17)`) FROM frpm AS T1 INNER JOIN satscores AS T2 ON T1.CDSCode = T2.cds WHERE CAST(T2.NumGE1500 AS REAL) / T2.NumTstTakr > 0.3,209,True,Defog-Llama3-SQLCoder-8B,1,1,"Among the schools with an SAT excellence rate of over 0.3, what is the highest eligible free rate for students aged 5-17?",121,ea,bird_12,results/raw/Defog-Llama3-SQLCoder-8B_bird_ea_20260326_161041.jsonl
False,bird,[false],california_schools,data/bird/dev_databases/california_schools/california_schools.sqlite,simple,False,,False,no such column: f.NumTstTakr,SELECT COUNT(*) FROM schools s JOIN frpm f ON s.CDSCode = f.CDSCode WHERE s.County = 'Alameda' AND f.NumTstTakr < 100,False,,SELECT COUNT(T1.CDSCode) FROM schools AS T1 INNER JOIN satscores AS T2 ON T1.CDSCode = T2.cds WHERE T1.StatusType = 'Merged' AND T2.NumTstTakr < 100 AND T1.County = 'Lake',171,True,Defog-Llama3-SQLCoder-8B,1,1,How many schools in merged Alameda have number of test takers less than 100?,76,ea,bird_16,results/raw/Defog-Llama3-SQLCoder-8B_bird_ea_20260326_161041.jsonl
False,bird,[false],california_schools,data/bird/dev_databases/california_schools/california_schools.sqlite,simple,False,,False,no such column: f.NumTstTakr,SELECT COUNT(*) FROM schools s JOIN frpm f ON s.CDSCode = f.CDSCode WHERE LOWER(s.County) = 'fresno' AND s.FundingType = 'directly funded' AND f.NumTstTakr <= 250,False,,SELECT COUNT(T1.CDSCode) FROM frpm AS T1 INNER JOIN satscores AS T2 ON T1.CDSCode = T2.cds WHERE T1.`Charter Funding Type` = 'Directly funded' AND T1.`County Name` = 'Fresno' AND T2.NumTstTakr <= 250,199,True,Defog-Llama3-SQLCoder-8B,1,1,How many schools in Fresno (directly funded) have number of test takers not more than 250?,90,ea,bird_18,results/raw/Defog-Llama3-SQLCoder-8B_bird_ea_20260326_161041.jsonl
False,bird,[false],california_schools,data/bird/dev_databases/california_schools/california_schools.sqlite,simple,False,,False,"near ""("": syntax error","WITH frpm_rank AS (SELECT f.CDSCode, f.FRPM Count (K-12) AS FRPM_count FROM frpm f ORDER BY f.FRPM_count DESC LIMIT 1) SELECT s.MailStreet FROM schools s JOIN frpm_rank fr ON s.CDSCode = fr.CDSCode",False,,SELECT T2.MailStreet FROM frpm AS T1 INNER JOIN schools AS T2 ON T1.CDSCode = T2.CDSCode ORDER BY T1.`FRPM Count (K-12)` DESC LIMIT 1,133,True,Defog-Llama3-SQLCoder-8B,1,1,What is the unabbreviated mailing street address of the school with the highest FRPM count for K-12 students?,109,ea,bird_3,results/raw/Defog-Llama3-SQLCoder-8B_bird_ea_20260326_161041.jsonl
False,bird,[false],california_schools,data/bird/dev_databases/california_schools/california_schools.sqlite,simple,False,,False,no such column: f.county_name,SELECT COUNT(*) FROM frpm f WHERE LOWER(f.county_name) = 'amador' AND LOWER(f.low_grade) = '9' AND LOWER(f.high_grade) = '12',False,,SELECT COUNT(T1.`School Name`) FROM frpm AS T1 INNER JOIN schools AS T2 ON T1.CDSCode = T2.CDSCode WHERE T2.County = 'Amador' AND T1.`Low Grade` = 9 AND T1.`High Grade` = 12,173,True,Defog-Llama3-SQLCoder-8B,1,1,How many schools in Amador which the Low Grade is 9 and the High Grade is 12?,77,ea,bird_20,results/raw/Defog-Llama3-SQLCoder-8B_bird_ea_20260326_161041.jsonl
False,bird,[false],california_schools,data/bird/dev_databases/california_schools/california_schools.sqlite,simple,False,Valid charter number means the number is not null,False,no such column: s.AvgScrWrite,"WITH ranked_schools AS (SELECT s.CDSCode, AVG(s.AvgScrWrite) AS avg_score FROM schools s WHERE s.AvgScrWrite > 499 GROUP BY s.CDSCode) SELECT rs.CDSCode, rs.avg_score, s.CharterNum FROM ranked_schools rs JOIN schools s ON rs.CDSCode = s.CDSCode ORDER BY rs.avg_score DESC NULLS LAST",False,,"SELECT CharterNum, AvgScrWrite, RANK() OVER (ORDER BY AvgScrWrite DESC) AS WritingScoreRank FROM schools AS T1  INNER JOIN satscores AS T2 ON T1.CDSCode = T2.cds WHERE T2.AvgScrWrite > 499 AND CharterNum is not null",215,True,Defog-Llama3-SQLCoder-8B,1,1,"Rank schools by their average score in Writing where the score is greater than 499, showing their charter numbers.",114,ea,bird_17,results/raw/Defog-Llama3-SQLCoder-8B_bird_ea_20260326_161041.jsonl
False,bird,[false],california_schools,data/bird/dev_databases/california_schools/california_schools.sqlite,moderate,False,Percent eligible for free meals = Free Meal Count (K-12) / Total (Enrollment (K-12),False,"near ""("": syntax error","WITH school_frpm AS (SELECT s.CDSCode, s.School, f.Percent(%) Eligible Free (K-12) FROM schools s JOIN frpm f ON s.CDSCode = f.CDSCode WHERE f.Percent(%) Eligible Free (K-12) > 0.1), test_takers AS (SELECT st.cds, COUNT(*) AS num_test_takers FROM satscores st GROUP BY st.cds HAVING AVG(st.AvgScrRead) >= 1500 AND AVG(st.AvgScrMath) >= 1500 AND AVG(st.AvgScrWrite) >= 1500) SELECT school_frpm.School, test_takers.num_test_takers FROM school_frpm JOIN test_takers ON school_frpm.CDSCode = test_takers.cds",False,,SELECT T2.`School Name` FROM satscores AS T1 INNER JOIN frpm AS T2 ON T1.cds = T2.CDSCode WHERE CAST(T2.`Free Meal Count (K-12)` AS REAL) / T2.`Enrollment (K-12)` > 0.1 AND T1.NumGE1500 > 0,189,True,Defog-Llama3-SQLCoder-8B,1,1,Give the names of the schools with the percent eligible for free meals in K-12 is more than 0.1 and test takers whose test score is greater than or equal to 1500?,162,ea,bird_24,results/raw/Defog-Llama3-SQLCoder-8B_bird_ea_20260326_161041.jsonl
False,bird,[false],california_schools,data/bird/dev_databases/california_schools/california_schools.sqlite,moderate,False,Average of average math = sum(average math scores) / count(schools).,False,"near ""Code"": syntax error","WITH avg_math AS (SELECT s.CDSCode, AVG(s.AvgScrMath) AS avg_math FROM schools s JOIN frpm f ON s.CDSCode = f.CDSCode WHERE LOWER(f.County Code) = 'riverside' GROUP BY s.CDSCode HAVING AVG(s.AvgScrMath) > 400) SELECT s.School, s.FundingType FROM schools s JOIN avg_math am ON s.CDSCode = am.CDSCode",False,,"SELECT T1.sname, T2.`Charter Funding Type` FROM satscores AS T1 INNER JOIN frpm AS T2 ON T1.cds = T2.CDSCode WHERE T2.`District Name` LIKE 'Riverside%' GROUP BY T1.sname, T2.`Charter Funding Type` HAVING CAST(SUM(T1.AvgScrMath) AS REAL) / COUNT(T1.cds) > 400",258,True,Defog-Llama3-SQLCoder-8B,1,1,"Name schools in Riverside which the average of average math score for SAT is grater than 400, what is the funding type of these schools?",136,ea,bird_25,results/raw/Defog-Llama3-SQLCoder-8B_bird_ea_20260326_161041.jsonl
False,bird,[false],california_schools,data/bird/dev_databases/california_schools/california_schools.sqlite,moderate,False,,False,no such column: f.FREE_MEAL_COUNT_5_17,SELECT s.Website FROM frpm f JOIN schools s ON f.CDSCode = s.CDSCode WHERE f.FREE_MEAL_COUNT_5_17 BETWEEN 1900 AND 2000,False,,"SELECT T2.Website, T1.`School Name` FROM frpm AS T1 INNER JOIN schools AS T2 ON T1.CDSCode = T2.CDSCode WHERE T1.`Free Meal Count (Ages 5-17)` BETWEEN 1900 AND 2000 AND T2.Website IS NOT NULL",191,True,Defog-Llama3-SQLCoder-8B,1,1,"If there are any, what are the websites address of the schools with a free meal count of 1,900-2,000 to students aged 5-17? Include the name of the school.",155,ea,bird_33,results/raw/Defog-Llama3-SQLCoder-8B_bird_ea_20260326_161041.jsonl
False,bird,[false],california_schools,data/bird/dev_databases/california_schools/california_schools.sqlite,simple,False,,False,"near ""as"": syntax error","WITH avg_scores AS (SELECT s.CDSCode, AVG(s.AvgScrRead) AS average_reading_score FROM schools s WHERE s.StatusType = 'Active' GROUP BY s.CDSCode) SELECT d.DistrictName, as.average_reading_score FROM avg_scores as JOIN frpm f ON as.CDSCode = f.CDSCode JOIN schools s ON f.CDSCode = s.CDSCode JOIN (SELECT CDSCode FROM schools WHERE StatusType = 'Active') AS d ON s.CDSCode = d.CDSCode ORDER BY average_reading_score DESC LIMIT 1",False,,SELECT T1.District FROM schools AS T1 INNER JOIN satscores AS T2 ON T1.CDSCode = T2.cds WHERE T1.StatusType = 'Active' ORDER BY T2.AvgScrRead DESC LIMIT 1,154,True,Defog-Llama3-SQLCoder-8B,1,1,Which active district has the highest average score in Reading?,63,ea,bird_15,results/raw/Defog-Llama3-SQLCoder-8B_bird_ea_20260326_161041.jsonl
False,bird,[false],california_schools,data/bird/dev_databases/california_schools/california_schools.sqlite,simple,False,,False,,WITH math_scores AS (SELECT s.CDSCode FROM schools s JOIN satscores ss ON s.CDSCode = ss.cds WHERE ss.AvgScrMath > 560) SELECT COUNT(DISTINCT ms.CDSCode) FROM math_scores ms,True,,SELECT COUNT(T2.`School Code`) FROM satscores AS T1 INNER JOIN frpm AS T2 ON T1.cds = T2.CDSCode WHERE T1.AvgScrMath > 560 AND T2.`Charter Funding Type` = 'Directly funded',172,True,Defog-Llama3-SQLCoder-8B,1,1,"Among the schools with the average score in Math over 560 in the SAT test, how many schools are directly charter-funded?",120,ea,bird_9,results/raw/Defog-Llama3-SQLCoder-8B_bird_ea_20260326_161041.jsonl
False,bird,[false],california_schools,data/bird/dev_databases/california_schools/california_schools.sqlite,simple,False,K-12 means First-through-twelfth-grade,False,no such column: s.Enrollment,"SELECT s.CDSCode, s.OpenDate FROM schools s WHERE (s.StatusType = 'K-12' OR s.StatusType = 'Elementary') AND s.OpenDate IS NOT NULL ORDER BY s.Enrollment DESC LIMIT 1",False,,SELECT T2.OpenDate FROM frpm AS T1 INNER JOIN schools AS T2 ON T1.CDSCode = T2.CDSCode ORDER BY T1.`Enrollment (K-12)` DESC LIMIT 1,131,True,Defog-Llama3-SQLCoder-8B,1,1,When did the first-through-twelfth-grade school with the largest enrollment open?,81,ea,bird_29,results/raw/Defog-Llama3-SQLCoder-8B_bird_ea_20260326_161041.jsonl
False,bird,[false],california_schools,data/bird/dev_databases/california_schools/california_schools.sqlite,moderate,False,K-12 refers to students in grades 1 through 12; Eligible free rate for K-12 = `Free Meal Count (K-12)` / `Enrollment (K-12)`,False,"near ""("": syntax error","WITH school_enrollment AS (SELECT s.CDSCode, SUM(s.Enrollment) AS total_enrollment FROM schools s GROUP BY s.CDSCode), eligible_free_rate AS (SELECT frpm.CDSCode, AVG(frpm.Percent(%) Eligible Free (K-12)) AS avg_free_rate FROM frpm JOIN school_enrollment se ON frpm.CDSCode = se.CDSCode WHERE se.total_enrollment > 1000 GROUP BY frpm.CDSCode) SELECT efr.CDSCode, efr.avg_free_rate FROM eligible_free_rate efr ORDER BY efr.avg_free_rate DESC LIMIT 10",False,,"SELECT CAST(`Free Meal Count (K-12)` AS REAL) / `Enrollment (K-12)` FROM frpm ORDER BY `Enrollment (K-12)` DESC LIMIT 9, 2",122,True,Defog-Llama3-SQLCoder-8B,1,1,What is the eligible free rate of the 10th and 11th schools with the highest enrolment for students in grades 1 through 12?,123,ea,bird_31,results/raw/Defog-Llama3-SQLCoder-8B_bird_ea_20260326_161041.jsonl
False,bird,[false],california_schools,data/bird/dev_databases/california_schools/california_schools.sqlite,moderate,False,"Full communication address should include Street, City, State and zip code if any.",False,"near ""("": syntax error","SELECT s.School, s.MailStreet, s.MailCity, s.MailState, s.MailZip FROM schools s JOIN frpm f ON s.CDSCode = f.CDSCode WHERE s.County = 'Monterey' AND f.Percent(%) Eligible Free (Ages 15-17) > 0.8",False,,"SELECT T1.`School Name`, T2.Street, T2.City, T2.State, T2.Zip FROM frpm AS T1 INNER JOIN schools AS T2 ON T1.CDSCode = T2.CDSCode WHERE T2.County = 'Monterey' AND T1.`Free Meal Count (Ages 5-17)` > 800 AND T1.`School Type` = 'High Schools (Public)'",248,True,Defog-Llama3-SQLCoder-8B,1,1,State the names and full communication address of high schools in Monterey which has more than 800 free or reduced price meals for ages 15-17?,142,ea,bird_26,results/raw/Defog-Llama3-SQLCoder-8B_bird_ea_20260326_161041.jsonl
False,bird,[false],california_schools,data/bird/dev_databases/california_schools/california_schools.sqlite,moderate,False,"Execellence Rate = NumGE1500 / NumTstTakr; complete address has Street, City, State, Zip code",False,no such column: s.AvgScrRead,"SELECT s.Street, s.City, s.Zip, s.State FROM schools s ORDER BY s.AvgScrRead ASC LIMIT 1",False,,"SELECT T2.Street, T2.City, T2.State, T2.Zip FROM satscores AS T1 INNER JOIN schools AS T2 ON T1.cds = T2.CDSCode ORDER BY CAST(T1.NumGE1500 AS REAL) / T1.NumTstTakr ASC LIMIT 1",176,True,Defog-Llama3-SQLCoder-8B,1,1,"What is the complete address of the school with the lowest excellence rate? Indicate the Street, City, Zip and State.",117,ea,bird_37,results/raw/Defog-Llama3-SQLCoder-8B_bird_ea_20260326_161041.jsonl
False,bird,[false],california_schools,data/bird/dev_databases/california_schools/california_schools.sqlite,moderate,False,Charted school means `Charter School (Y/N)` = 1 in the table frpm; Students enrolled in grades 1 through 12 refers to `Enrollment (K-12)`,False,"near ""("": syntax error",SELECT s.AdmEmail1 FROM schools s JOIN frpm f ON s.CDSCode = f.CDSCode WHERE s.Charter = 1 ORDER BY f.Enrollment (K-12) ASC LIMIT 1,False,,SELECT T2.AdmEmail1 FROM frpm AS T1 INNER JOIN schools AS T2 ON T1.CDSCode = T2.CDSCode WHERE T1.`Charter School (Y/N)` = 1 ORDER BY T1.`Enrollment (K-12)` ASC LIMIT 1,167,True,Defog-Llama3-SQLCoder-8B,1,1,What is the administrator's email address of the chartered school with the fewest students enrolled in grades 1 through 12?,123,ea,bird_35,results/raw/Defog-Llama3-SQLCoder-8B_bird_ea_20260326_161041.jsonl
False,bird,[false],california_schools,data/bird/dev_databases/california_schools/california_schools.sqlite,simple,False,,False,no such column: s.AvgScrMath,"WITH math_scores AS (SELECT s.CDSCode, AVG(s.AvgScrMath) AS avg_math FROM schools s GROUP BY s.CDSCode), highest_avg AS (SELECT MAX(avg_math) AS max_avg FROM math_scores) SELECT m.CDSCode, m.avg_math FROM math_scores m JOIN highest_avg h ON m.avg_math = h.max_avg ORDER BY m.avg_math DESC LIMIT 1",False,,SELECT T2.EdOpsName FROM satscores AS T1 INNER JOIN schools AS T2 ON T1.cds = T2.CDSCode ORDER BY T1.AvgScrMath DESC LIMIT 1,124,True,Defog-Llama3-SQLCoder-8B,1,1,What is the type of education offered in the school who scored the highest average in Math?,91,ea,bird_42,results/raw/Defog-Llama3-SQLCoder-8B_bird_ea_20260326_161041.jsonl
False,bird,[false],california_schools,data/bird/dev_databases/california_schools/california_schools.sqlite,challenging,False,"full name means first name, last name; There are at most 3 administrators for each school; SAT Scores are greater or equal to 1500 refers to NumGE1500",False,,"WITH school_admins AS (SELECT s.CDSCode, s.AdmFName1 || ' ' || s.AdmLName1 AS admin_name FROM schools s), sat_scores AS (SELECT ss.cds, COUNT(*) AS num_students FROM satscores ss WHERE ss.NumGE1500 IS NOT NULL GROUP BY ss.cds) SELECT sa.admin_name, MAX(ss.num_students) AS max_students FROM school_admins sa JOIN sat_scores ss ON sa.CDSCode = ss.cds GROUP BY sa.admin_name ORDER BY max_students DESC LIMIT 1",True,,"SELECT T2.AdmFName1, T2.AdmLName1, T2.AdmFName2, T2.AdmLName2, T2.AdmFName3, T2.AdmLName3 FROM satscores AS T1 INNER JOIN schools AS T2 ON T1.cds = T2.CDSCode ORDER BY T1.NumGE1500 DESC LIMIT 1",193,True,Defog-Llama3-SQLCoder-8B,1,1,Under whose administration is the school with the highest number of students scoring 1500 or more on the SAT? Indicate their full names.,136,ea,bird_36,results/raw/Defog-Llama3-SQLCoder-8B_bird_ea_20260326_161041.jsonl
False,bird,[false],california_schools,data/bird/dev_databases/california_schools/california_schools.sqlite,simple,False,Total enrollment can be represented by `Enrollment (K-12)` + `Enrollment (Ages 5-17)`,False,"near ""("": syntax error",SELECT s.CDSCode FROM schools s WHERE (s.Enrollment (K-12) + s.Enrollment (Ages 5-17)) > 500,False,,SELECT T2.CDSCode FROM schools AS T1 INNER JOIN frpm AS T2 ON T1.CDSCode = T2.CDSCode WHERE T2.`Enrollment (K-12)` + T2.`Enrollment (Ages 5-17)` > 500,150,True,Defog-Llama3-SQLCoder-8B,1,1,Please list the codes of the schools with a total enrollment of over 500.,73,ea,bird_11,results/raw/Defog-Llama3-SQLCoder-8B_bird_ea_20260326_161041.jsonl
False,bird,[false],california_schools,data/bird/dev_databases/california_schools/california_schools.sqlite,moderate,False,Average score for all subjects can be computed by AvgScrMath + AvgScrRead + AvgScrWrite,False,no such column: s.AvgScrMath,"WITH avg_scores AS (SELECT s.CDSCode, AVG(s.AvgScrRead) + AVG(s.AvgScrMath) + AVG(s.AvgScrWrite) / 3 AS average_score FROM schools s GROUP BY s.CDSCode), lowest_avg AS (SELECT ac.CDSCode FROM avg_scores ac ORDER BY ac.average_score ASC LIMIT 1) SELECT s.CDSCode, s.County, s.AvgScrMath FROM schools s JOIN lowest_avg la ON s.CDSCode = la.CDSCode",False,,"SELECT T1.AvgScrMath, T2.County FROM satscores AS T1 INNER JOIN schools AS T2 ON T1.cds = T2.CDSCode WHERE T1.AvgScrMath IS NOT NULL ORDER BY T1.AvgScrMath + T1.AvgScrRead + T1.AvgScrWrite ASC LIMIT 1",200,True,Defog-Llama3-SQLCoder-8B,1,1,"What is the average math score of the school with the lowest average score for all subjects, and in which county is it located?",127,ea,bird_43,results/raw/Defog-Llama3-SQLCoder-8B_bird_ea_20260326_161041.jsonl
False,bird,[false],california_schools,data/bird/dev_databases/california_schools/california_schools.sqlite,moderate,False,Eligible free rates for students aged 5-17 = `Free Meal Count (Ages 5-17)` / `Enrollment (Ages 5-17)`,False,"near ""AS"": syntax error",SELECT sfrpm.percent_ eligible_free_ages_5_17 AS free_rate FROM frpm sfrpm JOIN schools s ON sfrpm.cdscode = s.cdscode WHERE sfrpm.age_range = 'Ages 5-17' AND s.adm_fname1 ilike '%Kacey%Gibson%',False,,SELECT CAST(T2.`Free Meal Count (Ages 5-17)` AS REAL) / T2.`Enrollment (Ages 5-17)` FROM schools AS T1 INNER JOIN frpm AS T2 ON T1.CDSCode = T2.CDSCode WHERE T1.AdmFName1 = 'Kacey' AND T1.AdmLName1 = 'Gibson',208,True,Defog-Llama3-SQLCoder-8B,1,1,What is the free rate for students between the ages of 5 and 17 at the school run by Kacey Gibson?,98,ea,bird_34,results/raw/Defog-Llama3-SQLCoder-8B_bird_ea_20260326_161041.jsonl
False,bird,[false],california_schools,data/bird/dev_databases/california_schools/california_schools.sqlite,simple,False,,False,no such column: s.AvgScrWrite,"WITH school_scores AS (SELECT s.CDSCode, AVG(s.AvgScrWrite) AS avg_write_score FROM schools s JOIN satscores ss ON s.CDSCode = ss.cds WHERE ss.NumGE1500 IS NOT NULL GROUP BY s.CDSCode), highest_test_takers AS (SELECT sc.CDSCode, COUNT(*) AS num_test_takers FROM school_scores sc JOIN satscores ss ON sc.CDSCode = ss.cds WHERE ss.NumGE1500 IS NOT NULL GROUP BY sc.CDSCode) SELECT city, avg_write_score FROM schools s JOIN highest_test_takers ht ON s.CDSCode = ht.CDSCode ORDER BY num_test_takers DESC LIMIT 1",False,,"SELECT T1.AvgScrWrite, T2.City FROM satscores AS T1 INNER JOIN schools AS T2 ON T1.cds = T2.CDSCode ORDER BY T1.NumGE1500 DESC LIMIT 1",134,True,Defog-Llama3-SQLCoder-8B,1,1,What is the average writing score of the school who has the highest number of test takers whose total SAT sscores are greater or equal to 1500? Indicate the city to where the school is situated.,194,ea,bird_44,results/raw/Defog-Llama3-SQLCoder-8B_bird_ea_20260326_161041.jsonl
False,bird,[false],california_schools,data/bird/dev_databases/california_schools/california_schools.sqlite,simple,False,Exclusively virtual refers to Virtual = 'F',False,,SELECT COUNT(*) AS total_schools FROM schools s JOIN satscores ss ON s.CDSCode = ss.cds WHERE ss.AvgScrMath > 400 AND s.Virtual IS NOT NULL,True,,SELECT COUNT(DISTINCT T2.School) FROM satscores AS T1 INNER JOIN schools AS T2 ON T1.cds = T2.CDSCode WHERE T2.Virtual = 'F' AND T1.AvgScrMath > 400,148,True,Defog-Llama3-SQLCoder-8B,1,1,How many schools with an average score in Math greater than 400 in the SAT test are exclusively virtual?,104,ea,bird_5,results/raw/Defog-Llama3-SQLCoder-8B_bird_ea_20260326_161041.jsonl
False,bird,[false],california_schools,data/bird/dev_databases/california_schools/california_schools.sqlite,simple,False,Excellence rate = NumGE1500 / NumTstTakr,False,no such column: s.AvgScrRead,"WITH school_scores AS (SELECT s.CDSCode, AVG(s.AvgScrRead) AS avg_read_score FROM schools s JOIN SATScores ss ON s.CDSCode = ss.cds GROUP BY s.CDSCode), top_schools AS (SELECT sc.CDSCode, sc.avg_read_score FROM school_scores sc ORDER BY sc.avg_read_score DESC LIMIT 3) SELECT s.Phone FROM schools s JOIN top_schools ts ON s.CDSCode = ts.CDSCode",False,,SELECT T1.Phone FROM schools AS T1 INNER JOIN satscores AS T2 ON T1.CDSCode = T2.cds ORDER BY CAST(T2.NumGE1500 AS REAL) / T2.NumTstTakr DESC LIMIT 3,149,True,Defog-Llama3-SQLCoder-8B,1,1,Please list the phone numbers of the schools with the top 3 SAT excellence rate.,80,ea,bird_13,results/raw/Defog-Llama3-SQLCoder-8B_bird_ea_20260326_161041.jsonl
False,bird,[false],california_schools,data/bird/dev_databases/california_schools/california_schools.sqlite,moderate,False,Charter schools refers to `Charter School (Y/N)` = 1 in the frpm,False,,SELECT s.Phone FROM schools s WHERE s.StatusType = 'Charter' AND s.OpenDate > '2000-01-01' ORDER BY s.Phone NULLS LAST,True,,SELECT T2.Phone FROM frpm AS T1 INNER JOIN schools AS T2 ON T1.CDSCode = T2.CDSCode WHERE T1.`Charter Funding Type` = 'Directly funded' AND T1.`Charter School (Y/N)` = 1 AND T2.OpenDate > '2000-01-01',200,True,Defog-Llama3-SQLCoder-8B,1,1,Please list the phone numbers of the direct charter-funded schools that are opened after 2000/1/1.,98,ea,bird_4,results/raw/Defog-Llama3-SQLCoder-8B_bird_ea_20260326_161041.jsonl
False,bird,[false],california_schools,data/bird/dev_databases/california_schools/california_schools.sqlite,moderate,False,Diffrence in enrollement = `Enrollment (K-12)` - `Enrollment (Ages 5-17)`,False,"near ""("": syntax error","SELECT s.School, s.Street, s.City, s.Zip FROM schools s JOIN frpm f ON s.CDSCode = f.CDSCode WHERE (f.Enrollment (K-12) - f.Enrollment (Ages 5-17)) > 30 ORDER BY (f.Enrollment (K-12) - f.Enrollment (Ages 5-17)) DESC NULLS LAST",False,,"SELECT T1.School, T1.Street FROM schools AS T1 INNER JOIN frpm AS T2 ON T1.CDSCode = T2.CDSCode WHERE T2.`Enrollment (K-12)` - T2.`Enrollment (Ages 5-17)` > 30",159,True,Defog-Llama3-SQLCoder-8B,1,1,List the names of schools with more than 30 difference in enrollements between K-12 and ages 5-17? Please also give the full street adress of the schools.,154,ea,bird_23,results/raw/Defog-Llama3-SQLCoder-8B_bird_ea_20260326_161041.jsonl
False,bird,[false],california_schools,data/bird/dev_databases/california_schools/california_schools.sqlite,moderate,False,grades 1-12 means K-12; Eligible free or reduced price meal rate for K-12 = `FRPM Count (K-12)` / `Enrollment (K-12)`,False,no such column: s.FRPM_Count,"WITH school_meals AS (SELECT s.CDSCode, SUM(s.FRPM_Count) AS total_FRPM FROM schools s WHERE s.Magnet = 66 GROUP BY s.CDSCode), ranked_schools AS (SELECT sm.CDSCode, sm.total_FRPM, RANK() OVER (ORDER BY sm.total_FRPM DESC) AS rank FROM school_meals sm) SELECT rs.CDSCode, rs.total_FRPM, rs.rank FROM ranked_schools rs WHERE rs.rank <= 5 ORDER BY rs.total_FRPM DESC NULLS LAST",False,,SELECT CAST(T1.`FRPM Count (K-12)` AS REAL) / T1.`Enrollment (K-12)` FROM frpm AS T1 INNER JOIN schools AS T2 ON T1.CDSCode = T2.CDSCode WHERE T2.SOC = 66 ORDER BY T1.`FRPM Count (K-12)` DESC LIMIT 5,199,True,Defog-Llama3-SQLCoder-8B,1,1,What is the eligible free or reduced price meal rate for the top 5 schools in grades 1-12 with the highest free or reduced price meal count of the schools with the ownership code 66?,182,ea,bird_32,results/raw/Defog-Llama3-SQLCoder-8B_bird_ea_20260326_161041.jsonl
True,bird,[true],california_schools,data/bird/dev_databases/california_schools/california_schools.sqlite,simple,False,,True,,SELECT s.Phone FROM schools s JOIN satscores ss ON s.CDSCode = ss.cds ORDER BY ss.AvgScrMath DESC LIMIT 1,True,,SELECT T1.Phone FROM schools AS T1 INNER JOIN satscores AS T2 ON T1.CDSCode = T2.cds ORDER BY T2.AvgScrMath DESC LIMIT 1,120,True,Defog-Llama3-SQLCoder-8B,1,1,What is the phone number of the school that has the highest average score in Math?,82,ea,bird_19,results/raw/Defog-Llama3-SQLCoder-8B_bird_ea_20260326_161041.jsonl
False,bird,[false],california_schools,data/bird/dev_databases/california_schools/california_schools.sqlite,simple,False,Magnet schools or offer a magnet program means that Magnet = 1,False,,SELECT s.CDSCode FROM schools s JOIN frpm f ON s.CDSCode = f.CDSCode JOIN SATscores ss ON s.CDSCode = ss.cds WHERE ss.NumTstTakr > 500 AND (s.Magnet = 1 OR s.GSoffered LIKE '%magnet%'),True,,SELECT T2.School FROM satscores AS T1 INNER JOIN schools AS T2 ON T1.cds = T2.CDSCode WHERE T2.Magnet = 1 AND T1.NumTstTakr > 500,129,True,Defog-Llama3-SQLCoder-8B,1,1,"Among the schools with the SAT test takers of over 500, please list the schools that are magnet schools or offer a magnet program.",130,ea,bird_6,results/raw/Defog-Llama3-SQLCoder-8B_bird_ea_20260326_161041.jsonl
False,bird,[false],california_schools,data/bird/dev_databases/california_schools/california_schools.sqlite,simple,False,,False,"near ""("": syntax error","WITH school_enrollment AS (SELECT s.CDSCode, SUM(s.Enrollment(Ages 5-17)) AS total_enrollment FROM schools s GROUP BY s.CDSCode) SELECT se.CDSCode, se.total_enrollment FROM school_enrollment se ORDER BY se.total_enrollment DESC LIMIT 5",False,,SELECT T1.NCESSchool FROM schools AS T1 INNER JOIN frpm AS T2 ON T1.CDSCode = T2.CDSCode ORDER BY T2.`Enrollment (Ages 5-17)` DESC LIMIT 5,138,True,Defog-Llama3-SQLCoder-8B,1,1,"List the top five schools, by descending order, from the highest to the lowest, the most number of Enrollment (Ages 5-17). Please give their NCES school identification number.",175,ea,bird_14,results/raw/Defog-Llama3-SQLCoder-8B_bird_ea_20260326_161041.jsonl
False,bird,[false],california_schools,data/bird/dev_databases/california_schools/california_schools.sqlite,challenging,False,Difference between K-12 enrollment and 15-17 enrollment can be computed by `Enrollment (K-12)` - `Enrollment (Ages 5-17)`,False,"near ""("": syntax error","WITH avg_diff AS (SELECT AVG(schools.Enrollment (K-12) - schools.Enrollment (Ages 5-17)) AS average_difference FROM schools WHERE schools.Magnet = 0), school_info AS (SELECT schools.CDSCode, schools.DOC, schools.DOCType, schools.Enrollment (K-12) - schools.Enrollment (Ages 5-17) AS enrollment_diff FROM schools JOIN avg_diff ON TRUE WHERE schools.Magnet = 0) SELECT school_info.CDSCode, school_info.DOC, school_info.DOCType FROM school_info WHERE school_info.enrollment_diff > (SELECT average_difference FROM avg_diff)",False,,"SELECT T2.School, T2.DOC FROM frpm AS T1 INNER JOIN schools AS T2 ON T1.CDSCode = T2.CDSCode WHERE T2.FundingType = 'Locally funded' AND (T1.`Enrollment (K-12)` - T1.`Enrollment (Ages 5-17)`) > (SELECT AVG(T3.`Enrollment (K-12)` - T3.`Enrollment (Ages 5-17)`) FROM frpm AS T3 INNER JOIN schools AS T4 ON T3.CDSCode = T4.CDSCode WHERE T4.FundingType = 'Locally funded')",368,True,Defog-Llama3-SQLCoder-8B,1,1,"Consider the average difference between K-12 enrollment and 15-17 enrollment of schools that are locally funded, list the names and DOC type of schools which has a difference above this average.",194,ea,bird_28,results/raw/Defog-Llama3-SQLCoder-8B_bird_ea_20260326_161041.jsonl
False,bird,[false],california_schools,data/bird/dev_databases/california_schools/california_schools.sqlite,simple,False,,False,no such column: AvgScrRead,"SELECT s.MailStreet, s.School FROM schools s JOIN frpm f ON s.CDSCode = f.CDSCode WHERE AvgScrRead IS NULL ORDER BY AvgScrRead ASC LIMIT 1",False,,"SELECT T2.MailStreet, T2.School FROM satscores AS T1 INNER JOIN schools AS T2 ON T1.cds = T2.CDSCode WHERE T1.AvgScrRead IS NOT NULL ORDER BY T1.AvgScrRead ASC LIMIT 1",167,True,Defog-Llama3-SQLCoder-8B,1,1,In which mailing street address can you find the school that has the lowest average score in reading? Also give the school's name.,130,ea,bird_51,results/raw/Defog-Llama3-SQLCoder-8B_bird_ea_20260326_161041.jsonl
False,bird,[false],california_schools,data/bird/dev_databases/california_schools/california_schools.sqlite,moderate,False,Fresno Unified is a name of district;,False,,SELECT s.Phone FROM schools s JOIN frpm f ON s.CDSCode = f.CDSCode JOIN satscores ss ON s.CDSCode = ss.cds WHERE s.County = 'Fresno Unified' AND ss.AvgScrRead IS NULL ORDER BY ss.AvgScrRead ASC LIMIT 1,True,,SELECT T2.Phone FROM satscores AS T1 INNER JOIN schools AS T2 ON T1.cds = T2.CDSCode WHERE T2.District = 'Fresno Unified' AND T1.AvgScrRead IS NOT NULL ORDER BY T1.AvgScrRead ASC LIMIT 1,186,True,Defog-Llama3-SQLCoder-8B,1,1,What is the telephone number for the school with the lowest average score in reading in Fresno Unified?,103,ea,bird_40,results/raw/Defog-Llama3-SQLCoder-8B_bird_ea_20260326_161041.jsonl
False,bird,[false],california_schools,data/bird/dev_databases/california_schools/california_schools.sqlite,simple,False,,False,no such column: f.NumTstTakr,SELECT s.Website FROM schools s JOIN frpm f ON s.CDSCode = f.CDSCode WHERE s.County = 'Los Angeles County' AND f.NumTstTakr BETWEEN 2000 AND 3000,False,,SELECT T2.Website FROM satscores AS T1 INNER JOIN schools AS T2 ON T1.cds = T2.CDSCode WHERE T1.NumTstTakr BETWEEN 2000 AND 3000 AND T2.County = 'Los Angeles',158,True,Defog-Llama3-SQLCoder-8B,1,1,"What are the webpages for the Los Angeles County school that has between 2,000 and 3,000 test takers?",101,ea,bird_38,results/raw/Defog-Llama3-SQLCoder-8B_bird_ea_20260326_161041.jsonl
False,bird,[false],california_schools,data/bird/dev_databases/california_schools/california_schools.sqlite,simple,False,Postal street and mailing street are synonyms.,False,,SELECT s.Street FROM schools s JOIN satscores ss ON s.CDSCode = ss.cds ORDER BY ss.AvgScrMath DESC LIMIT 1,True,,"SELECT T2.MailStreet, T2.School FROM satscores AS T1 INNER JOIN schools AS T2 ON T1.cds = T2.CDSCode ORDER BY T1.AvgScrMath DESC LIMIT 6, 1",139,True,Defog-Llama3-SQLCoder-8B,1,1,What is the postal street address for the school with the 7th highest Math average? Indicate the school's name.,111,ea,bird_50,results/raw/Defog-Llama3-SQLCoder-8B_bird_ea_20260326_161041.jsonl
False,bird,[false],california_schools,data/bird/dev_databases/california_schools/california_schools.sqlite,simple,False,State Special Schools refers to DOC = 31; Grades 1 through 12 means K-12,False,no such column: s.Enrollment,"WITH state_enrollment AS (SELECT s.State, SUM(s.Enrollment) AS total_enrollment FROM schools s WHERE s.StatusType = 'Special' GROUP BY s.State), highest_enrollment AS (SELECT se.State, MAX(se.total_enrollment) AS max_total_enrollment FROM state_enrollment se GROUP BY se.State) SELECT he.State, he.max_total_enrollment FROM highest_enrollment he ORDER BY he.max_total_enrollment DESC NULLS LAST LIMIT 1",False,,SELECT T2.School FROM frpm AS T1 INNER JOIN schools AS T2 ON T1.CDSCode = T2.CDSCode WHERE T2.DOC = 31 ORDER BY T1.`Enrollment (K-12)` DESC LIMIT 1,147,True,Defog-Llama3-SQLCoder-8B,1,1,Which state special schools have the highest number of enrollees from grades 1 through 12?,90,ea,bird_46,results/raw/Defog-Llama3-SQLCoder-8B_bird_ea_20260326_161041.jsonl
False,bird,[false],california_schools,data/bird/dev_databases/california_schools/california_schools.sqlite,moderate,False,Elementary School District refers to DOC = 52; Monthly average number of schools that opened in 1980 = count(schools that opened in 1980) / 12,False,"near ""FROM"": syntax error",SELECT COUNT(s.CDSCode) / 12 AS avg_openings_per_month FROM schools s WHERE s.County = 'Alameda' AND s.StatusType = 'Elementary School District' AND EXTRACT(YEAR FROM s.OpenDate) = 1980,False,,"SELECT CAST(COUNT(School) AS REAL) / 12 FROM schools WHERE DOC = 52 AND County = 'Alameda' AND strftime('%Y', OpenDate) = '1980'",128,True,Defog-Llama3-SQLCoder-8B,1,1,What is the monthly average number of schools that opened in Alameda County under the jurisdiction of the Elementary School District in 1980?,141,ea,bird_47,results/raw/Defog-Llama3-SQLCoder-8B_bird_ea_20260326_161041.jsonl
False,bird,[false],california_schools,data/bird/dev_databases/california_schools/california_schools.sqlite,simple,False,Exclusively virtual refers to Virtual = 'F'; respective counties means PARTITION BY County,False,no such column: s.AvgScrRead,"WITH county_scores AS (SELECT s.CDSCode, AVG(s.AvgScrRead) AS avg_read_score FROM schools s WHERE s.Virtual = 'Y' GROUP BY s.CDSCode), top_5 AS (SELECT cs.CDSCode, cs.avg_read_score FROM county_scores cs ORDER BY cs.avg_read_score DESC LIMIT 5) SELECT s.School, s.County FROM schools s JOIN top_5 t ON s.CDSCode = t.CDSCode WHERE s.Virtual = 'Y'",False,,"SELECT School FROM (SELECT T2.School,T1.AvgScrRead, RANK() OVER (PARTITION BY T2.County ORDER BY T1.AvgScrRead DESC) AS rnk FROM satscores AS T1 INNER JOIN schools AS T2 ON T1.cds = T2.CDSCode WHERE T2.Virtual = 'F' ) ranked_schools WHERE rnk <= 5",247,True,Defog-Llama3-SQLCoder-8B,1,1,List the names of virtual schools that are among the top 5 in their respective counties based on average reading scores.,120,ea,bird_41,results/raw/Defog-Llama3-SQLCoder-8B_bird_ea_20260326_161041.jsonl
False,bird,[false],california_schools,data/bird/dev_databases/california_schools/california_schools.sqlite,simple,False,,False,no such column: s.AvgScrWrite,"WITH school_scores AS (SELECT s.CDSCode, AVG(s.AvgScrWrite) AS avg_write_score FROM schools s JOIN frpm f ON s.CDSCode = f.CDSCode GROUP BY s.CDSCode), ranked_schools AS (SELECT row_number() OVER (ORDER BY ss.avg_write_score DESC) AS rank, ss.* FROM school_scores ss) SELECT rs.Phone, rs.Ext FROM ranked_schools rs WHERE rs.rank = 333",False,,"SELECT T2.Phone, T2.Ext FROM satscores AS T1 INNER JOIN schools AS T2 ON T1.cds = T2.CDSCode ORDER BY T1.AvgScrWrite DESC LIMIT 332, 1",134,True,Defog-Llama3-SQLCoder-8B,1,1,What is the phone number and extension number for the school that had the 333rd highest average writing score?,110,ea,bird_57,results/raw/Defog-Llama3-SQLCoder-8B_bird_ea_20260326_161041.jsonl
False,bird,[false],california_schools,data/bird/dev_databases/california_schools/california_schools.sqlite,moderate,False,"Usually, administrators manage the school stuff.",False,no such column: s.AvgScrWrite,"SELECT s.School, AVG(s.AvgScrWrite) AS Avg_Writing_Score FROM schools s WHERE LOWER(s.AdmFName1) = 'ricci' AND LOWER(s.AdmLName1) = 'ulrich' GROUP BY s.School ORDER BY Avg_Writing_Score DESC NULLS LAST",False,,"SELECT T2.School, T1.AvgScrWrite FROM satscores AS T1 INNER JOIN schools AS T2 ON T1.cds = T2.CDSCode WHERE T2.AdmFName1 = 'Ricci' AND T2.AdmLName1 = 'Ulrich'",158,True,Defog-Llama3-SQLCoder-8B,1,1,What is the average writing score of each of the schools managed by Ricci Ulrich? List the schools and the corresponding average writing scores.,144,ea,bird_45,results/raw/Defog-Llama3-SQLCoder-8B_bird_ea_20260326_161041.jsonl
False,bird,[false],california_schools,data/bird/dev_databases/california_schools/california_schools.sqlite,simple,False,K-12 refers to students in grades 1 through 12.,False,no such column: s.Enrollment,"WITH city_enrollment AS (SELECT s.City, SUM(s.Enrollment) AS total_enrollment FROM schools s WHERE s.StatusType = 'Open' GROUP BY s.City) SELECT ce.City, ce.total_enrollment FROM city_enrollment ce ORDER BY ce.total_enrollment ASC LIMIT 5",False,,SELECT T2.City FROM frpm AS T1 INNER JOIN schools AS T2 ON T1.CDSCode = T2.CDSCode GROUP BY T2.City ORDER BY SUM(T1.`Enrollment (K-12)`) ASC LIMIT 5,148,True,Defog-Llama3-SQLCoder-8B,1,1,Which cities have the top 5 lowest enrollment number for students in grades 1 through 12?,89,ea,bird_30,results/raw/Defog-Llama3-SQLCoder-8B_bird_ea_20260326_161041.jsonl
False,bird,[false],california_schools,data/bird/dev_databases/california_schools/california_schools.sqlite,simple,False,,False,,SELECT COUNT(s.NumTstTakr) AS total_test_takers FROM satscores s WHERE LOWER(s.cname) = 'fresno',True,,SELECT T1.NumTstTakr FROM satscores AS T1 INNER JOIN schools AS T2 ON T1.cds = T2.CDSCode WHERE T2.MailCity = 'Fresno',118,True,Defog-Llama3-SQLCoder-8B,1,1,How many test takers are there at the school/s whose mailing city address is in Fresno?,87,ea,bird_53,results/raw/Defog-Llama3-SQLCoder-8B_bird_ea_20260326_161041.jsonl
False,bird,[false],california_schools,data/bird/dev_databases/california_schools/california_schools.sqlite,moderate,False,Ratio = count(schools in Colusa) / count(schools in Humboldt),False,no such column: County,"WITH ca_schools AS (SELECT CDSCode FROM schools WHERE MailState = 'California'), colusa_schools AS (SELECT COUNT(*) AS num_colusa FROM ca_schools JOIN frpm ON ca_schools.CDSCode = frpm.CDSCode WHERE County = 'Colusa'), humboldt_schools AS (SELECT COUNT(*) AS num_humboldt FROM ca_schools JOIN frpm ON ca_schools.CDSCode = frpm.CDSCode WHERE County = 'Humboldt') SELECT CAST(num_colusa AS FLOAT) / NULLIF(num_humboldt, 0) AS ratio FROM colusa_schools, humboldt_schools",False,,SELECT CAST(SUM(CASE WHEN County = 'Colusa' THEN 1 ELSE 0 END) AS REAL) / SUM(CASE WHEN County = 'Humboldt' THEN 1 ELSE 0 END) FROM schools WHERE MailState = 'CA',162,True,Defog-Llama3-SQLCoder-8B,1,1,"Of the schools with a mailing state address in California, what is the ratio of the schools located in the county of Colusa against the school located in the county of Humboldt?",177,ea,bird_55,results/raw/Defog-Llama3-SQLCoder-8B_bird_ea_20260326_161041.jsonl
False,bird,[false],california_schools,data/bird/dev_databases/california_schools/california_schools.sqlite,simple,False,"Chartered schools refer to Charter = 1 in the table schools; Full name refers to first name, last name",False,no such column: f.CharterSchoolNumber,"SELECT s.School, s.City FROM schools s JOIN frpm f ON s.CDSCode = f.CDSCode WHERE f.CharterSchoolNumber = '00D2' AND s.StatusType = 'Charter' ORDER BY s.School NULLS LAST",False,,"SELECT AdmFName1, AdmLName1, School, City FROM schools WHERE Charter = 1 AND CharterNum = '00D2'",96,True,Defog-Llama3-SQLCoder-8B,1,1,"In chartered schools with charter number 00D2, what are the names of all the administrators? Include the name of the school and the city to which it belongs",156,ea,bird_63,results/raw/Defog-Llama3-SQLCoder-8B_bird_ea_20260326_161041.jsonl
False,bird,[false],california_schools,data/bird/dev_databases/california_schools/california_schools.sqlite,challenging,False,non-chartered schools refer to schools whose Charter = 0; K-12 means grades 1 through 12; percent of eligible free rate for K-12 = `Free Meal Count (K-12)` * 100 / `Enrollment (K-12)`,False,"near ""("": syntax error",SELECT COUNT(*) AS total_schools FROM schools s JOIN frpm f ON s.CDSCode = f.CDSCode WHERE s.County = 'Los Angeles' AND f.Percent(%) Eligible Free (K-12) < 0.0018,False,,SELECT COUNT(T2.School) FROM frpm AS T1 INNER JOIN schools AS T2 ON T1.CDSCode = T2.CDSCode WHERE T2.County = 'Los Angeles' AND T2.Charter = 0 AND CAST(T1.`Free Meal Count (K-12)` AS REAL) * 100 / T1.`Enrollment (K-12)` < 0.18,226,True,Defog-Llama3-SQLCoder-8B,1,1,What is the total number of non-chartered schools in the county of Los Angeles with a percent (%) of eligible free meals for grades 1 through 12 that is less than 0.18%?,169,ea,bird_62,results/raw/Defog-Llama3-SQLCoder-8B_bird_ea_20260326_161041.jsonl
False,bird,[false],california_schools,data/bird/dev_databases/california_schools/california_schools.sqlite,simple,False,Total SAT scores can be computed by AvgScrRead + AvgScrMath + AvgScrWrite,False,,SELECT COUNT(*) AS total_schools FROM schools s JOIN frpm f ON s.CDSCode = f.CDSCode JOIN satscores ss ON s.CDSCode = ss.cds WHERE ss.AvgScrRead >= 1500 AND ss.AvgScrMath >= 1500 AND ss.AvgScrWrite >= 1500 AND LOWER(s.MailCity) = 'lakeport',True,,SELECT COUNT(T1.cds) FROM satscores AS T1 INNER JOIN schools AS T2 ON T1.cds = T2.CDSCode WHERE T2.MailCity = 'Lakeport' AND (T1.AvgScrRead + T1.AvgScrMath + T1.AvgScrWrite) >= 1500,181,True,Defog-Llama3-SQLCoder-8B,1,1,What is the total number of schools whose total SAT scores are greater or equal to 1500 whose mailing city is Lakeport?,119,ea,bird_52,results/raw/Defog-Llama3-SQLCoder-8B_bird_ea_20260326_161041.jsonl
False,bird,[false],california_schools,data/bird/dev_databases/california_schools/california_schools.sqlite,moderate,False,Elementary School District refers to DOC = 52; Unified School District refers to DOC = 54.,False,,"WITH merged_districts AS (SELECT s.CDSCode FROM schools s WHERE s.StatusType = 'Merged' AND s.County = 'Orange County'), merged_elementary AS (SELECT s.CDSCode FROM schools s WHERE s.StatusType = 'Merged' AND s.District = 'Elementary School District') SELECT CAST(COUNT(DISTINCT md.CDSCode) AS FLOAT) / NULLIF(COUNT(DISTINCT me.CDSCode), 0) AS ratio FROM merged_districts md, merged_elementary me",True,,SELECT CAST(SUM(CASE WHEN DOC = 54 THEN 1 ELSE 0 END) AS REAL) / SUM(CASE WHEN DOC = 52 THEN 1 ELSE 0 END) FROM schools WHERE StatusType = 'Merged' AND County = 'Orange',169,True,Defog-Llama3-SQLCoder-8B,1,1,What is the ratio of merged Unified School District schools in Orange County to merged Elementary School District schools?,122,ea,bird_48,results/raw/Defog-Llama3-SQLCoder-8B_bird_ea_20260326_161041.jsonl
True,bird,[true],california_schools,data/bird/dev_databases/california_schools/california_schools.sqlite,simple,False,between 1/1/1980 and 12/31/1980 means the year = 1980,True,,SELECT AVG(satscores.NumTstTakr) AS average_test_takers FROM satscores JOIN schools ON satscores.cds = schools.CDSCode WHERE schools.County = 'Fresno' AND schools.OpenDate BETWEEN '1980-01-01' AND '1980-12-31',True,,"SELECT AVG(T1.NumTstTakr) FROM satscores AS T1 INNER JOIN schools AS T2 ON T1.cds = T2.CDSCode WHERE strftime('%Y', T2.OpenDate) = '1980' AND T2.County = 'Fresno'",162,True,Defog-Llama3-SQLCoder-8B,1,1,What is the average number of test takers from Fresno schools that opened between 1/1/1980 and 12/31/1980?,106,ea,bird_39,results/raw/Defog-Llama3-SQLCoder-8B_bird_ea_20260326_161041.jsonl
False,bird,[false],california_schools,data/bird/dev_databases/california_schools/california_schools.sqlite,simple,False,,False,,SELECT COUNT(*) FROM schools s WHERE LOWER(s.MailState) = 'california' AND LOWER(s.City) = 'san joaquin' AND s.StatusType = 'active',True,,SELECT COUNT(CDSCode) FROM schools WHERE City = 'San Joaquin' AND MailState = 'CA' AND StatusType = 'Active',108,True,Defog-Llama3-SQLCoder-8B,1,1,"Of all the schools with a mailing state address in California, how many are active in San Joaquin city?",103,ea,bird_56,results/raw/Defog-Llama3-SQLCoder-8B_bird_ea_20260326_161041.jsonl
False,bird,[false],california_schools,data/bird/dev_databases/california_schools/california_schools.sqlite,simple,False,,False,,"SELECT s.CDSCode, s.MailZip FROM schools s WHERE (s.AdmFName1 = 'Avetik' AND s.AdmLName1 = 'Atoian') OR (s.AdmFName2 = 'Avetik' AND s.AdmLName2 = 'Atoian') OR (s.AdmFName3 = 'Avetik' AND s.AdmLName3 = 'Atoian')",True,,"SELECT School, MailZip FROM schools WHERE AdmFName1 = 'Avetik' AND AdmLName1 = 'Atoian'",87,True,Defog-Llama3-SQLCoder-8B,1,1,Please specify all of the schools and their related mailing zip codes that are under Avetik Atoian's administration.,116,ea,bird_54,results/raw/Defog-Llama3-SQLCoder-8B_bird_ea_20260326_161041.jsonl
False,bird,[false],california_schools,data/bird/dev_databases/california_schools/california_schools.sqlite,simple,False,,False,"near ""FROM"": syntax error",SELECT SUM(s.FundingType) AS total_funding FROM schools s WHERE s.City = 'San Francisco' AND s.StatusType = 'Closed' AND EXTRACT(YEAR FROM s.LastUpdate) = 1989,False,,"SELECT COUNT(School) FROM schools WHERE strftime('%Y', ClosedDate) = '1989' AND City = 'San Francisco' AND DOCType = 'Community College District'",145,True,Defog-Llama3-SQLCoder-8B,1,1,What is the total amount of Community College District closure in 1989 in the city of San Francisco?,100,ea,bird_67,results/raw/Defog-Llama3-SQLCoder-8B_bird_ea_20260326_161041.jsonl
False,bird,[false],california_schools,data/bird/dev_databases/california_schools/california_schools.sqlite,moderate,False,Closure date and closed date are synonyms; 'Closed' was mentioned in schools.StatusType.,False,no such column: c.County,"WITH closed_schools AS (SELECT s.CDSCode, s.School, s.ClosedDate FROM schools s WHERE s.StatusType = 'Closed') SELECT COUNT(*) AS number_of_closed_schools, c.County, c.School, c.ClosedDate FROM closed_schools c GROUP BY c.County, c.School, c.ClosedDate ORDER BY number_of_closed_schools DESC LIMIT 1",False,,"SELECT DISTINCT County, School, ClosedDate FROM schools WHERE County = ( SELECT County FROM schools WHERE StatusType = 'Closed' GROUP BY County ORDER BY COUNT(School) DESC LIMIT 1 ) AND StatusType = 'Closed' AND school IS NOT NULL",230,True,Defog-Llama3-SQLCoder-8B,1,1,Which different county has the most number of closed schools? Please provide the name of each school as well as the closure date.,129,ea,bird_49,results/raw/Defog-Llama3-SQLCoder-8B_bird_ea_20260326_161041.jsonl
False,bird,[false],california_schools,data/bird/dev_databases/california_schools/california_schools.sqlite,simple,False,,False,,SELECT s.School FROM schools s JOIN frpm f ON s.CDSCode = f.CDSCode WHERE LOWER(f.`County Code`) = '37' AND LOWER(f.`NSLP Provision Status`) = 'breakfast provision 2',True,,"SELECT T2.EILName, T2.School FROM frpm AS T1 INNER JOIN schools AS T2 ON T1.CDSCode = T2.CDSCode WHERE T1.`NSLP Provision Status` = 'Breakfast Provision 2' AND T1.`County Code` = 37",181,True,Defog-Llama3-SQLCoder-8B,1,1,What is the educational level name for the schools with Breakfast Provision 2 in county code 37? Indicate the name of the school.,129,ea,bird_75,results/raw/Defog-Llama3-SQLCoder-8B_bird_ea_20260326_161041.jsonl
False,bird,[false],california_schools,data/bird/dev_databases/california_schools/california_schools.sqlite,moderate,False,Communication number refers to phone number.,False,no such column: s.AvgScrWrite,"SELECT s.School, AVG(s.AvgScrWrite) AS avg_score FROM schools s WHERE (s.OpenDate > '1991-01-01' OR s.ClosedDate < '2000-01-01') GROUP BY s.School ORDER BY avg_score DESC NULLS LAST",False,,"SELECT T2.School, T1.AvgScrWrite, T2.Phone FROM schools AS T2 LEFT JOIN satscores AS T1 ON T2.CDSCode = T1.cds WHERE strftime('%Y', T2.OpenDate) > '1991' OR strftime('%Y', T2.ClosedDate) < '2000'",195,True,Defog-Llama3-SQLCoder-8B,1,1,"What is the average score in writing for the schools that were opened after 1991 or closed before 2000? List the school names along with the score. Also, list the communication number of the schools if there is any.",215,ea,bird_27,results/raw/Defog-Llama3-SQLCoder-8B_bird_ea_20260326_161041.jsonl
False,bird,[false],california_schools,data/bird/dev_databases/california_schools/california_schools.sqlite,moderate,False,Youth Authority Facilities (CEA) refers to SOC = 11; 1980s = years between 1980 and 1989,False,no such column: f.EducationalOptionType,"WITH county_closures AS (SELECT s.County, COUNT(s.CDSCode) AS num_closures FROM schools s WHERE s.ClosedDate BETWEEN '1980' AND '1999' GROUP BY s.County), ya_facilities AS (SELECT s.County, COUNT(s.CDSCode) AS num_ya_facilities FROM schools s JOIN frpm f ON s.CDSCode = f.CDSCode WHERE LOWER(f.EducationalOptionType) = 'cea' GROUP BY s.County) SELECT cc.County, cc.num_closures, yaf.num_ya_facilities FROM county_closures cc LEFT JOIN ya_facilities yaf ON cc.County = yaf.County ORDER BY cc.num_closures DESC NULLS LAST LIMIT 1",False,,"SELECT County FROM schools WHERE strftime('%Y', ClosedDate) BETWEEN '1980' AND '1989' AND StatusType = 'Closed' AND SOC = 11 GROUP BY County ORDER BY COUNT(School) DESC LIMIT 1",176,True,Defog-Llama3-SQLCoder-8B,1,1,Which county reported the most number of school closure in the 1980s with school wonership code belonging to Youth Authority Facilities (CEA)?,142,ea,bird_68,results/raw/Defog-Llama3-SQLCoder-8B_bird_ea_20260326_161041.jsonl
False,bird,[false],california_schools,data/bird/dev_databases/california_schools/california_schools.sqlite,moderate,False,District Special Education Consortia School refers to EdOpsCode = 'SPECON'.,False,"near ""Code"": syntax error",SELECT s.Low Grade FROM frpm s WHERE s.District Code = '0613360' ORDER BY s.Low Grade ASC LIMIT 1,False,,SELECT MIN(T1.`Low Grade`) FROM frpm AS T1 INNER JOIN schools AS T2 ON T1.CDSCode = T2.CDSCode WHERE T2.NCESDist = '0613360' AND T2.EdOpsCode = 'SPECON',152,True,Defog-Llama3-SQLCoder-8B,1,1,What is the lowest grade for the District Special Education Consortia School with National Center for Educational Statistics school district identification number of 0613360?,174,ea,bird_74,results/raw/Defog-Llama3-SQLCoder-8B_bird_ea_20260326_161041.jsonl
False,bird,[false],california_schools,data/bird/dev_databases/california_schools/california_schools.sqlite,moderate,False,Percent (%) Eligible FRPM (Ages 5-17) can be acquired by `FRPM Count (Ages 5-17)` / `Enrollment (Ages 5-17)` * 100,False,"near ""Count"": syntax error","SELECT s.CDSCode, CAST(s.FRPM Count (Ages 5-17) AS FLOAT) / NULLIF(s.Enrollment (Ages 5-17), 0) * 100 AS Percent Eligible FRPM FROM schools s WHERE s.Latitude IS NOT NULL AND s.Longitude IS NOT NULL AND s.County = 'Los Angeles' AND s.Low Grade <= '9th' AND s.High Grade >= 'K'",False,,"SELECT T2.School, T1.`FRPM Count (Ages 5-17)` * 100 / T1.`Enrollment (Ages 5-17)` FROM frpm AS T1 INNER JOIN schools AS T2 ON T1.CDSCode = T2.CDSCode WHERE T2.County = 'Los Angeles' AND T2.GSserved = 'K-9'",205,True,Defog-Llama3-SQLCoder-8B,1,1,Which schools served a grade span of Kindergarten to 9th grade in the county of Los Angeles and what is its Percent (%) Eligible FRPM (Ages 5-17)?,146,ea,bird_77,results/raw/Defog-Llama3-SQLCoder-8B_bird_ea_20260326_161041.jsonl
False,bird,[false],california_schools,data/bird/dev_databases/california_schools/california_schools.sqlite,simple,False,,False,,SELECT s.Website FROM schools s WHERE (s.AdmFName1 = 'Mike' AND s.AdmLName1 = 'Larson') OR (s.AdmFName2 = 'Dante' AND s.AdmLName2 = 'Alvarez'),True,,SELECT Website FROM schools WHERE (AdmFName1 = 'Mike' AND AdmLName1 = 'Larson') OR (AdmFName1 = 'Dante' AND AdmLName1 = 'Alvarez'),130,True,Defog-Llama3-SQLCoder-8B,1,1,What is the website for the schools under the administrations of Mike Larson and Dante Alvarez?,95,ea,bird_59,results/raw/Defog-Llama3-SQLCoder-8B_bird_ea_20260326_161041.jsonl
False,bird,[false],california_schools,data/bird/dev_databases/california_schools/california_schools.sqlite,simple,False,,False,no such column: f.FRPMAges517,SELECT SUM(f.FRPMAges517) AS FRPMCount FROM frpm f WHERE LOWER(f.CDSCode) = 'youth authority school' AND LOWER(f.MailStreet) = 'po box 1040',False,,SELECT T1.`FRPM Count (Ages 5-17)` FROM frpm AS T1 INNER JOIN schools AS T2 ON T1.CDSCode = T2.CDSCode WHERE T2.MailStreet = 'PO Box 1040' AND T2.SOCType = 'Youth Authority Facilities',184,True,Defog-Llama3-SQLCoder-8B,1,1,What is the free or reduced price meal count for ages 5 to 17 in the Youth Authority School with a mailing street address of PO Box 1040?,137,ea,bird_73,results/raw/Defog-Llama3-SQLCoder-8B_bird_ea_20260326_161041.jsonl
True,bird,[true],california_schools,data/bird/dev_databases/california_schools/california_schools.sqlite,simple,False,,True,,SELECT COUNT(*) FROM schools s WHERE LOWER(s.MailCity) = 'hickman' AND s.CharterNum = '00D4',True,,SELECT COUNT(*) FROM schools WHERE CharterNum = '00D4' AND MailCity = 'Hickman',79,True,Defog-Llama3-SQLCoder-8B,1,1,What is the total number of schools with a mailing city in Hickman belonging to the charter number 00D4?,104,ea,bird_64,results/raw/Defog-Llama3-SQLCoder-8B_bird_ea_20260326_161041.jsonl
False,bird,[false],california_schools,data/bird/dev_databases/california_schools/california_schools.sqlite,moderate,False,High school can be represented as EILCode = 'HS',False,no such column: f.Low_Grade,SELECT s.City FROM schools s JOIN frpm f ON s.CDSCode = f.CDSCode WHERE f.Low_Grade = '9' AND f.High_Grade = '12' AND LOWER(f.County_Name) = 'merced' AND f.NSLP_Provision_Status = '2',False,,SELECT T2.City FROM frpm AS T1 INNER JOIN schools AS T2 ON T1.CDSCode = T2.CDSCode WHERE T1.`NSLP Provision Status` = 'Lunch Provision 2' AND T2.County = 'Merced' AND T1.`Low Grade` = 9 AND T1.`High Grade` = 12 AND T2.EILCode = 'HS',232,True,Defog-Llama3-SQLCoder-8B,1,1,What is the city location of the high school level school with Lunch Provision 2 whose lowest grade is 9 and the highest grade is 12 in the county of Merced?,157,ea,bird_76,results/raw/Defog-Llama3-SQLCoder-8B_bird_ea_20260326_161041.jsonl
False,bird,[false],california_schools,data/bird/dev_databases/california_schools/california_schools.sqlite,simple,False,State Special Schools means that SOC = 31.,False,,SELECT s.NCESDist FROM schools s JOIN frpm f ON s.CDSCode = f.CDSCode WHERE LOWER(s.SOC) LIKE '%state%special%schools%' AND s.Magnet IS NOT NULL,True,,SELECT NCESDist FROM schools WHERE SOC = 31,43,True,Defog-Llama3-SQLCoder-8B,1,1,Please provide the National Center for Educational Statistics school district identification number for all schools with a School Ownership Code that are part of the State Special Schools.,188,ea,bird_69,results/raw/Defog-Llama3-SQLCoder-8B_bird_ea_20260326_161041.jsonl
False,bird,[false],california_schools,data/bird/dev_databases/california_schools/california_schools.sqlite,moderate,False,'Does not offer physical building' means Virtual = F in the database.,False,no such column: sc.County,"WITH school_counts AS (SELECT s.CDSCode, COUNT(*) AS num_schools FROM schools s WHERE s.Virtual = 'Y' GROUP BY s.CDSCode) SELECT sc.County, SUM(sc.num_schools) AS total_num_schools FROM school_counts sc JOIN frpm f ON sc.CDSCode = f.CDSCode WHERE sc.County BETWEEN 'San Diego' AND 'Santa Barbara' GROUP BY sc.County ORDER BY total_num_schools DESC NULLS LAST LIMIT 1",False,,"SELECT County, COUNT(Virtual) FROM schools WHERE (County = 'San Diego' OR County = 'Santa Barbara') AND Virtual = 'F' GROUP BY County ORDER BY COUNT(Virtual) DESC LIMIT 1",170,True,Defog-Llama3-SQLCoder-8B,1,1,"Between San Diego and Santa Barbara, which county offers the most number of schools that does not offer physical building? Indicate the amount.",143,ea,bird_79,results/raw/Defog-Llama3-SQLCoder-8B_bird_ea_20260326_161041.jsonl
False,bird,[false],california_schools,data/bird/dev_databases/california_schools/california_schools.sqlite,moderate,False,State Special School means EdOpsCode = 'SSS',False,no such column: sfrpm_count_ages_5_17,SELECT SUM(sfrpm_count_ages_5_17) AS total_students FROM frpm s WHERE s.cdscode = 'CDSCode' AND s.academic_year = '2014-2015',False,,SELECT T1.`Enrollment (Ages 5-17)` FROM frpm AS T1 INNER JOIN schools AS T2 ON T1.CDSCode = T2.CDSCode WHERE T2.EdOpsCode = 'SSS' AND T2.City = 'Fremont' AND T1.`Academic Year` BETWEEN 2014 AND 2015,198,True,Defog-Llama3-SQLCoder-8B,1,1,How many students from the ages of 5 to 17 are enrolled at the State Special School school in Fremont for the 2014-2015 academic year?,134,ea,bird_72,results/raw/Defog-Llama3-SQLCoder-8B_bird_ea_20260326_161041.jsonl
False,bird,[false],financial,data/bird/dev_databases/financial/financial.sqlite,moderate,False,A3 contains the data of region; 'POPLATEK PO OBRATU' represents for 'issuance after transaction'.,False,,SELECT COUNT(*) FROM account a JOIN disp d ON a.account_id = d.account_id WHERE a.frequency = 'after transaction' AND d.type = 'East Bohemia region',True,,SELECT COUNT(T2.account_id) FROM district AS T1 INNER JOIN account AS T2 ON T1.district_id = T2.district_id WHERE T1.A3 = 'east Bohemia' AND T2.frequency = 'POPLATEK PO OBRATU',176,True,Defog-Llama3-SQLCoder-8B,1,1,How many accounts who choose issuance after transaction are staying in East Bohemia region?,91,ea,bird_89,results/raw/Defog-Llama3-SQLCoder-8B_bird_ea_20260326_161041.jsonl
False,bird,[false],financial,data/bird/dev_databases/financial/financial.sqlite,simple,False,A3 contains the data of region,False,no such column: c.A2,SELECT COUNT(*) FROM account a JOIN client c ON a.district_id = c.district_id WHERE LOWER(c.A2) LIKE '%prague%' AND a.frequency = 'monthly' AND EXISTS (SELECT 1 FROM loan l WHERE l.account_id = a.account_id AND l.status = 'active'),False,,SELECT COUNT(T1.account_id) FROM account AS T1 INNER JOIN loan AS T2 ON T1.account_id = T2.account_id INNER JOIN district AS T3 ON T1.district_id = T3.district_id WHERE T3.A3 = 'Prague',185,True,Defog-Llama3-SQLCoder-8B,1,1,How many accounts who have region in Prague are eligible for loans?,67,ea,bird_90,results/raw/Defog-Llama3-SQLCoder-8B_bird_ea_20260326_161041.jsonl
False,bird,[false],california_schools,data/bird/dev_databases/california_schools/california_schools.sqlite,simple,False,Virtual = 'P' means partially virtual; Charter schools refers to Charter = 1 in the table schools,False,,SELECT s.Website FROM schools s JOIN frpm f ON s.CDSCode = f.CDSCode WHERE s.Virtual IS NOT NULL AND s.Charter IS NOT NULL AND LOWER(s.County) = 'san joaquin' GROUP BY s.Website,True,,SELECT Website FROM schools WHERE County = 'San Joaquin' AND Virtual = 'P' AND Charter = 1,90,True,Defog-Llama3-SQLCoder-8B,1,1,What are the websites for all the partially virtual chartered schools located in San Joaquin?,93,ea,bird_60,results/raw/Defog-Llama3-SQLCoder-8B_bird_ea_20260326_161041.jsonl
False,bird,[false],california_schools,data/bird/dev_databases/california_schools/california_schools.sqlite,simple,False,,False,,SELECT COUNT(DISTINCT s.CDSCode) AS total_schools FROM schools s WHERE (s.StatusType = 'Active' OR s.StatusType = 'Closed') AND LOWER(s.County) = 'alpine',True,,SELECT COUNT(School) FROM schools WHERE (StatusType = 'Closed' OR StatusType = 'Active') AND SOC = 69 AND County = 'Alpine',123,True,Defog-Llama3-SQLCoder-8B,1,1,How many active and closed District Community Day Schools are there in the county of Alpine?,92,ea,bird_70,results/raw/Defog-Llama3-SQLCoder-8B_bird_ea_20260326_161041.jsonl
True,bird,[true],financial,data/bird/dev_databases/financial/financial.sqlite,simple,False,A12 refers to unemploymant rate 1995; A13 refers to unemploymant rate 1996,True,,"WITH ratio_1995 AS (SELECT AVG(A11) AS avg_ratio FROM district WHERE A2 = '1995'), ratio_1996 AS (SELECT AVG(A11) AS avg_ratio FROM district WHERE A2 = '1996') SELECT CASE WHEN ratio_1995.avg_ratio > ratio_1996.avg_ratio THEN '1995' ELSE '1996' END AS year_with_higher_ratio FROM ratio_1995, ratio_1996",True,,"SELECT DISTINCT IIF(AVG(A13) > AVG(A12), '1996', '1995') FROM district",70,True,Defog-Llama3-SQLCoder-8B,1,1,"The average unemployment ratio of 1995 and 1996, which one has higher percentage?",81,ea,bird_91,results/raw/Defog-Llama3-SQLCoder-8B_bird_ea_20260326_161041.jsonl
False,bird,[false],california_schools,data/bird/dev_databases/california_schools/california_schools.sqlite,simple,False,Elementary School District refers to DOC = 52; Chartered schools refer to Charter = 1 in the table schools,False,,SELECT COUNT(*) FROM schools s JOIN frpm f ON s.CDSCode = f.CDSCode WHERE s.Virtual IS NULL AND s.Magnet IS NOT NULL AND LOWER(s.City) = 'hickman' AND LOWER(f.`County Name`) = 'elementary school district',True,,SELECT COUNT(School) FROM schools WHERE DOC = 52 AND Charter = 1 AND City = 'Hickman',85,True,Defog-Llama3-SQLCoder-8B,1,1,How many chartered schools located in the city of Hickman are owned by the Elementary School District?,102,ea,bird_61,results/raw/Defog-Llama3-SQLCoder-8B_bird_ea_20260326_161041.jsonl
False,bird,[false],financial,data/bird/dev_databases/financial/financial.sqlite,simple,False,A11 refers to average salary; Female mapps to gender = 'F',False,no such column: c.frequency,"WITH district_avg AS (SELECT d.district_id, AVG(c.frequency) AS avg_frequency FROM account a JOIN client c ON a.account_id = c.client_id JOIN district d ON a.district_id = d.district_id GROUP BY d.district_id), filtered_districts AS (SELECT da.district_id, da.avg_frequency FROM district_avg da WHERE da.avg_frequency > 6000 AND da.avg_frequency < 10000) SELECT COUNT(*) FROM filtered_districts fd",False,,SELECT COUNT(DISTINCT T2.district_id)  FROM client AS T1 INNER JOIN district AS T2 ON T1.district_id = T2.district_id WHERE T1.gender = 'F' AND T2.A11 BETWEEN 6000 AND 10000,173,True,Defog-Llama3-SQLCoder-8B,1,1,List out the no. of districts that have female average salary is more than 6000 but less than 10000?,100,ea,bird_92,results/raw/Defog-Llama3-SQLCoder-8B_bird_ea_20260326_161041.jsonl
False,bird,[false],california_schools,data/bird/dev_databases/california_schools/california_schools.sqlite,moderate,False,Ratio in percentage = (count(locally funded schools in Santa Clara) / count(all funding type schools in Santa Clara) * 100%,False,no such column: locally_funded.count,"WITH locally_funded AS (SELECT COUNT(*) FROM schools s WHERE s.FundingType = 'Locally Funded' AND s.County = 'Santa Clara'), other_funding AS (SELECT COUNT(*) FROM schools s WHERE s.FundingType != 'Locally Funded' AND s.County = 'Santa Clara') SELECT ((locally_funded.count - 0.0) / NULLIF(other_funding.count, 0)) * 100 AS percentage_difference FROM locally_funded, other_funding",False,,SELECT CAST(SUM(CASE WHEN FundingType = 'Locally funded' THEN 1 ELSE 0 END) AS REAL) * 100 / SUM(CASE WHEN FundingType != 'Locally funded' THEN 1 ELSE 0 END) FROM schools WHERE County = 'Santa Clara' AND Charter = 1,215,True,Defog-Llama3-SQLCoder-8B,1,1,What is the ratio in percentage of Santa Clara County schools that are locally funded compared to all other types of charter school funding?,140,ea,bird_65,results/raw/Defog-Llama3-SQLCoder-8B_bird_ea_20260326_161041.jsonl
False,bird,[false],financial,data/bird/dev_databases/financial/financial.sqlite,moderate,False,Male means that gender = 'M'; A3 refers to region; A11 pertains to average salary.,False,,SELECT COUNT(*) AS total_customers FROM client c JOIN account a ON c.client_id = a.account_id WHERE c.gender = 'male' AND a.district_id IN (SELECT district_id FROM district d WHERE d.A2 LIKE '%North Bohemia%') AND a.frequency > 8000,True,,SELECT COUNT(T1.client_id) FROM client AS T1 INNER JOIN district AS T2 ON T1.district_id = T2.district_id WHERE T1.gender = 'M' AND T2.A3 = 'north Bohemia' AND T2.A11 > 8000,173,True,Defog-Llama3-SQLCoder-8B,1,1,How many male customers who are living in North Bohemia have average salary greater than 8000?,94,ea,bird_93,results/raw/Defog-Llama3-SQLCoder-8B_bird_ea_20260326_161041.jsonl
False,bird,[false],california_schools,data/bird/dev_databases/california_schools/california_schools.sqlite,simple,False,,False,no such column: s.AvgScrRead,"WITH school_scores AS (SELECT s.CDSCode, SUM(s.AvgScrRead + s.AvgScrMath + s.AvgScrWrite) / 3.0 AS avg_score FROM schools s JOIN SATScores ss ON s.CDSCode = ss.cds WHERE ss.NumTstTakr > 100 AND ss.NumGE1500 IS NOT NULL GROUP BY s.CDSCode), top_school AS (SELECT ss.sname, MAX(ss.AvgScrRead + ss.AvgScrMath + ss.AvgScrWrite) / 3.0 AS max_avg_score FROM schools ss JOIN SATScores ss2 ON ss.CDSCode = ss2.cds WHERE ss.NumTstTakr > 100 AND ss.NumGE1500 IS NOT NULL GROUP BY ss.sname), top_admin AS (SELECT s.AdmEmail1, s.AdmFName1, s.AdmLName1 FROM schools s JOIN school_scores sc ON s.CDSCode = sc.CDSCode WHERE sc.avg_score = (SELECT max_avg_score FROM top_school) ORDER BY s.LastUpdate DESC LIMIT 1), top_admin_email AS (SELECT ta.Email FROM top_admin ta) SELECT tae.Email, ts.sname FROM top_admin_email tae JOIN top_admin ta ON tae.Email = ta.Email JOIN top_school ts ON ta.FName = ts.sname",False,,"SELECT T2.AdmEmail1, T2.School FROM satscores AS T1 INNER JOIN schools AS T2 ON T1.cds = T2.CDSCode ORDER BY T1.NumGE1500 DESC LIMIT 1",134,True,Defog-Llama3-SQLCoder-8B,1,1,What is the administrator's email address for the school with the highest number of test takers who received SAT scores of at least 1500?Provide the name of the school.,168,ea,bird_88,results/raw/Defog-Llama3-SQLCoder-8B_bird_ea_20260326_161041.jsonl
False,bird,[false],financial,data/bird/dev_databases/financial/financial.sqlite,moderate,False,'POPLATEK TYDNE' stands for weekly issuance,False,"near ""FROM"": syntax error","WITH min_amount AS (SELECT MIN(loan.amount) FROM loan WHERE EXTRACT(YEAR FROM loan.date) = 1997), weekly_statement AS (SELECT account.account_id, account.frequency FROM account JOIN disp ON account.account_id = disp.account_id WHERE account.frequency = 'weekly' AND account.date >= '1997-01-01' AND account.date < '1998-01-01') SELECT ms.account_id, ms.frequency FROM weekly_statement ms JOIN min_amount ma ON ms.account_id = ma.account_id ORDER BY ms.account_id NULLS LAST",False,,"SELECT T2.account_id FROM loan AS T1 INNER JOIN account AS T2 ON T1.account_id = T2.account_id WHERE STRFTIME('%Y', T1.date) = '1997' AND T2.frequency = 'POPLATEK TYDNE' ORDER BY T1.amount LIMIT 1",196,True,Defog-Llama3-SQLCoder-8B,1,1,"Among the accounts who have approved loan date in 1997, list out the accounts that have the lowest approved amount and choose weekly issuance statement.",152,ea,bird_98,results/raw/Defog-Llama3-SQLCoder-8B_bird_ea_20260326_161041.jsonl
False,bird,[false],financial,data/bird/dev_databases/financial/financial.sqlite,simple,False,'POPLATEK TYDNE' stands for weekly issuance,False,,SELECT COUNT(DISTINCT c.client_id) AS total_customers FROM client c JOIN account a ON c.district_id = a.district_id WHERE LOWER(a.frequency) = 'weekly' AND LOWER(c.gender) = 'owner',True,,SELECT COUNT(T1.account_id) FROM account AS T1 INNER JOIN disp AS T2 ON T1.account_id = T2.account_id WHERE T2.type = 'OWNER' AND T1.frequency = 'POPLATEK TYDNE',161,True,Defog-Llama3-SQLCoder-8B,1,1,How many customers who choose statement of weekly issuance are Owner?,69,ea,bird_96,results/raw/Defog-Llama3-SQLCoder-8B_bird_ea_20260326_161041.jsonl
False,bird,[false],financial,data/bird/dev_databases/financial/financial.sqlite,moderate,False,Loan validity more than 12 months refers to duration > 12,False,"near ""FROM"": syntax error","WITH loan_accounts AS (SELECT a.account_id FROM account a JOIN loan l ON a.account_id = l.account_id WHERE l.duration > 12), max_amount_accounts AS (SELECT la.account_id, MAX(l.amount) AS max_amount FROM loan_accounts la GROUP BY la.account_id), date_1993_accounts AS (SELECT da.account_id FROM account da WHERE EXTRACT(YEAR FROM da.date) = 1993) SELECT ma.max_amount, da.account_id FROM max_amount_accounts ma JOIN date_1993_accounts da ON ma.account_id = da.account_id ORDER BY ma.max_amount DESC NULLS LAST LIMIT 1",False,,"SELECT T1.account_id FROM loan AS T1 INNER JOIN account AS T2 ON T1.account_id = T2.account_id WHERE STRFTIME('%Y', T2.date) = '1993' AND T1.duration > 12 ORDER BY T1.amount DESC LIMIT 1",186,True,Defog-Llama3-SQLCoder-8B,1,1,"Among the accounts who have loan validity more than 12 months, list out the accounts that have the highest approved amount and have account opening date in 1993.",161,ea,bird_99,results/raw/Defog-Llama3-SQLCoder-8B_bird_ea_20260326_161041.jsonl
False,bird,[false],california_schools,data/bird/dev_databases/california_schools/california_schools.sqlite,simple,False,"When magent is equal to 0 in the database, it means ths school doesn't offer a magnet program.",False,"near ""Code"": syntax error",SELECT d.District Code FROM schools s JOIN frpm f ON s.CDSCode = f.CDSCode WHERE s.Magnet IS NULL AND LOWER(s.City) = 'fresno' ORDER BY d.District Code LIMIT 1,False,,SELECT T1.`District Code` FROM frpm AS T1 INNER JOIN schools AS T2 ON T1.CDSCode = T2.CDSCode WHERE T2.City = 'Fresno' AND T2.Magnet = 0,136,True,Defog-Llama3-SQLCoder-8B,1,1,What is the district code for the School that does not offer a magnet program in the city of Fresno?,100,ea,bird_71,results/raw/Defog-Llama3-SQLCoder-8B_bird_ea_20260326_161041.jsonl
False,bird,[false],financial,data/bird/dev_databases/financial/financial.sqlite,moderate,False,"If the person A's birthdate < B's birthdate, it means that person B is younger than person A; A11 refers to average salary",False,no such column: d.A11,"WITH client_info AS (SELECT c.client_id, AVG(d.A11) AS avg_salary FROM client c JOIN disp d ON c.client_id = d.client_id GROUP BY c.client_id), account_info AS (SELECT a.account_id, MIN(a.date) AS birth_date FROM account a GROUP BY a.account_id) SELECT ai.account_id, ci.birth_date, ci.avg_salary FROM account_info ai JOIN client_info ci ON ai.account_id = ci.client_id ORDER BY ci.birth_date ASC NULLS LAST LIMIT 1",False,,"SELECT T1.account_id  FROM account AS T1 INNER JOIN disp AS T2 ON T1.account_id = T2.account_id INNER JOIN client AS T3 ON T2.client_id = T3.client_id INNER JOIN district AS T4 on T4.district_id = T1.district_id WHERE T2.client_id = ( SELECT client_id FROM client ORDER BY birth_date DESC LIMIT 1) GROUP BY T4.A11, T1.account_id",328,True,Defog-Llama3-SQLCoder-8B,1,1,List out the account numbers of clients who are youngest and have highest average salary?,89,ea,bird_95,results/raw/Defog-Llama3-SQLCoder-8B_bird_ea_20260326_161041.jsonl
False,bird,[false],california_schools,data/bird/dev_databases/california_schools/california_schools.sqlite,simple,False,Directly funded schools refers to FundingType = 'Directly Funded',False,,SELECT COUNT(*) AS number_of_schools FROM schools s WHERE s.OpenDate BETWEEN '2000-01-01' AND '2005-12-31' AND s.County = 'Stanislaus' AND s.FundingType = 'Directly Funded',True,,"SELECT COUNT(School) FROM schools WHERE strftime('%Y', OpenDate) BETWEEN '2000' AND '2005' AND County = 'Stanislaus' AND FundingType = 'Directly funded'",152,True,Defog-Llama3-SQLCoder-8B,1,1,"Between 1/1/2000 to 12/31/2005, how many directly funded schools opened in the county of Stanislaus?",100,ea,bird_66,results/raw/Defog-Llama3-SQLCoder-8B_bird_ea_20260326_161041.jsonl
False,bird,[false],california_schools,data/bird/dev_databases/california_schools/california_schools.sqlite,challenging,False,Intermediate/Middle Schools refers to SOC = 62; Unified School refers to DOC = 54; years between 2009 and 2010 can refer to 'between 1/1/2009 to 12/31/2010',False,no such column: s.SchoolType,SELECT s.AdmEmail1 AS admin_email FROM schools s WHERE s.County = 'San Bernardino' AND s.City = 'San Bernardino' AND s.School LIKE '%City Unified%' AND s.OpenDate BETWEEN '2009-01-01' AND '2010-12-31' AND (s.SchoolType = 'Public Intermediate/Middle School' OR s.SchoolType = 'Unified School'),False,,"SELECT T2.AdmEmail1, T2.AdmEmail2 FROM frpm AS T1 INNER JOIN schools AS T2 ON T1.CDSCode = T2.CDSCode WHERE T2.County = 'San Bernardino' AND T2.City = 'San Bernardino' AND T2.DOC = 54 AND strftime('%Y', T2.OpenDate) BETWEEN '2009' AND '2010' AND T2.SOC = 62",257,True,Defog-Llama3-SQLCoder-8B,1,1,"What are the valid e-mail addresses of the administrator of the school located in the San Bernardino county, City of San Bernardino City Unified that opened between 1/1/2009 to 12/31/2010 whose school types are public Intermediate/Middle Schools and Unified Schools?",266,ea,bird_87,results/raw/Defog-Llama3-SQLCoder-8B_bird_ea_20260326_161041.jsonl
False,bird,[false],california_schools,data/bird/dev_databases/california_schools/california_schools.sqlite,moderate,False,State of California refers to state = 'CA',False,no such column: s.Low_Grade,"SELECT s.City, s.School, MIN(s.Latitude) AS lowest_latitude, MIN(s.Low_Grade) AS lowest_grade FROM schools s WHERE s.State = 'California' GROUP BY s.City, s.School ORDER BY lowest_latitude ASC NULLS LAST LIMIT 1",False,,"SELECT T2.City, T1.`Low Grade`, T1.`School Name` FROM frpm AS T1 INNER JOIN schools AS T2 ON T1.CDSCode = T2.CDSCode WHERE T2.State = 'CA' ORDER BY T2.Latitude ASC LIMIT 1",171,True,Defog-Llama3-SQLCoder-8B,1,1,In which city can you find the school in the state of California with the lowest latitude coordinates and what is its lowest grade? Indicate the school name.,157,ea,bird_81,results/raw/Defog-Llama3-SQLCoder-8B_bird_ea_20260326_161041.jsonl
False,bird,[false],california_schools,data/bird/dev_databases/california_schools/california_schools.sqlite,moderate,False,Percent (%) Eligible Free (K-12) = `Free Meal Count (K-12)` / `Enrollment (K-12)` * 100%,False,"near ""("": syntax error","SELECT sfrpm.CDSCode, sfrpm.Percent_() Eligible Free (K-12) FROM frpm AS sfrpm JOIN schools AS s ON sfrpm.CDSCode = s.CDSCode WHERE LOWER(s.AdmFName1) = 'alusine' AND sfrpm.Percent_() Eligible Free (K-12) IS NOT NULL",False,,"SELECT T1.`Free Meal Count (K-12)` * 100 / T1.`Enrollment (K-12)`, T1.`District Code` FROM frpm AS T1 INNER JOIN schools AS T2 ON T1.CDSCode = T2.CDSCode WHERE T2.AdmFName1 = 'Alusine'",184,True,Defog-Llama3-SQLCoder-8B,1,1,What is the Percent (%) Eligible Free (K-12) in the school administered by an administrator whose first name is Alusine. List the district code of the school.,158,ea,bird_85,results/raw/Defog-Llama3-SQLCoder-8B_bird_ea_20260326_161041.jsonl
False,bird,[false],financial,data/bird/dev_databases/financial/financial.sqlite,challenging,False,"Female means gender = 'F'; A11 refers to average salary; Gap = highest average salary - lowest average salary; If the person A's birthdate > B's birthdate, it means that person B is order than person A.",False,,"WITH female_clients AS (SELECT c.client_id FROM client c WHERE LOWER(c.gender) = 'female'), lowest_avg_salary AS (SELECT AVG(d.A11) AS avg_salary FROM district d JOIN account a ON d.district_id = a.district_id JOIN disp d2 ON a.account_id = d2.account_id JOIN client c ON d2.client_id = c.client_id WHERE c.client_id IN (SELECT fc.client_id FROM female_clients fc)), highest_avg_salary AS (SELECT AVG(d.A11) AS avg_salary FROM district d JOIN account a ON d.district_id = a.district_id JOIN disp d2 ON a.account_id = d2.account_id JOIN client c ON d2.client_id = c.client_id WHERE c.client_id IN (SELECT fc.client_id FROM female_clients fc)) SELECT a.account_id, lcs.avg_salary - hcs.avg_salary AS salary_gap FROM account a JOIN lowest_avg_salary lcs ON TRUE JOIN highest_avg_salary hcs ON TRUE WHERE a.account_id IN (SELECT fc.client_id FROM female_clients fc) ORDER BY salary_gap ASC NULLS LAST LIMIT 1",True,,"SELECT T1.account_id , ( SELECT MAX(A11) - MIN(A11) FROM district ) FROM account AS T1 INNER JOIN district AS T2 ON T1.district_id = T2.district_id INNER JOIN disp AS T3 ON T1.account_id = T3.account_id INNER JOIN client AS T4 ON T3.client_id = T4.client_id WHERE T2.district_id = ( SELECT district_id FROM client WHERE gender = 'F' ORDER BY birth_date ASC LIMIT 1 ) ORDER BY T2.A11 DESC LIMIT 1",395,True,Defog-Llama3-SQLCoder-8B,1,1,"List out the account numbers of female clients who are oldest and has lowest average salary, calculate the gap between this lowest average salary with the highest average salary?",178,ea,bird_94,results/raw/Defog-Llama3-SQLCoder-8B_bird_ea_20260326_161041.jsonl
False,bird,[false],california_schools,data/bird/dev_databases/california_schools/california_schools.sqlite,simple,False,,False,,"SELECT s.Phone, s.Ext FROM schools s WHERE LOWER(s.Zip) = '95203-3704' ORDER BY s.School NULLS LAST LIMIT 1",True,,"SELECT Phone, Ext, School FROM schools WHERE Zip = '95203-3704'",63,True,Defog-Llama3-SQLCoder-8B,1,1,What is the phone number and extension number for the school with the zip code 95203-3704? Indicate the school's name.,118,ea,bird_58,results/raw/Defog-Llama3-SQLCoder-8B_bird_ea_20260326_161041.jsonl
False,bird,[false],california_schools,data/bird/dev_databases/california_schools/california_schools.sqlite,simple,False,the highest longitude refers to the school with the maximum absolute longitude value.,False,,"WITH school_info AS (SELECT s.CDSCode, s.School, s.Latitude, s.Longitude FROM schools s ORDER BY s.Longitude DESC LIMIT 1) SELECT si.School, si.Latitude, si.Longitude FROM school_info si",True,,SELECT GSoffered FROM schools ORDER BY ABS(longitude) DESC LIMIT 1,66,True,Defog-Llama3-SQLCoder-8B,1,1,What is the grade span offered in the school with the highest longitude?,72,ea,bird_82,results/raw/Defog-Llama3-SQLCoder-8B_bird_ea_20260326_161041.jsonl
False,bird,[false],california_schools,data/bird/dev_databases/california_schools/california_schools.sqlite,simple,False,,False,,"SELECT s.School, COUNT(*) AS num_schools FROM schools s WHERE LOWER(s.City) = 'adelanto' GROUP BY s.School ORDER BY num_schools DESC LIMIT 1",True,,SELECT GSserved FROM schools WHERE City = 'Adelanto' GROUP BY GSserved ORDER BY COUNT(GSserved) DESC LIMIT 1,108,True,Defog-Llama3-SQLCoder-8B,1,1,What is the most common type of grade span served in the city of Adelanto?,74,ea,bird_78,results/raw/Defog-Llama3-SQLCoder-8B_bird_ea_20260326_161041.jsonl
False,bird,[false],financial,data/bird/dev_databases/financial/financial.sqlite,simple,False,'POPLATEK PO OBRATU' stands for issuance after transaction,False,,SELECT c.client_id FROM client c JOIN disp d ON c.client_id = d.client_id WHERE LOWER(d.type) LIKE '%disponent%' ORDER BY c.client_id NULLS LAST,True,,SELECT T2.client_id FROM account AS T1 INNER JOIN disp AS T2 ON T1.account_id = T2.account_id WHERE T1.frequency = 'POPLATEK PO OBRATU' AND T2.type = 'DISPONENT',161,True,Defog-Llama3-SQLCoder-8B,1,1,List out the id number of client who choose statement of issuance after transaction are Disponent?,98,ea,bird_97,results/raw/Defog-Llama3-SQLCoder-8B_bird_ea_20260326_161041.jsonl
False,bird,[false],california_schools,data/bird/dev_databases/california_schools/california_schools.sqlite,simple,False,,False,,SELECT s.AdmLName3 FROM schools s WHERE s.CharterNum = '40' ORDER BY s.LastUpdate DESC LIMIT 1,True,,"SELECT AdmLName1, District, County, School FROM schools WHERE CharterNum = '0040'",81,True,Defog-Llama3-SQLCoder-8B,1,1,"What is the administrator's last name that oversees the school with Charter number 40? Indicate the district, the county where the school is situated, and the name of the school.",178,ea,bird_86,results/raw/Defog-Llama3-SQLCoder-8B_bird_ea_20260326_161041.jsonl
False,bird,[false],california_schools,data/bird/dev_databases/california_schools/california_schools.sqlite,challenging,False,Kindergarten to 8th grade refers to K-8; 'Offers a magnet program' means Magnet = 1; Multiple Provision Types refers to `NSLP Provision Status` = 'Multiple Provision Types',False,,"WITH magnet_schools AS (SELECT s.CDSCode FROM schools s JOIN frpm f ON s.CDSCode = f.CDSCode WHERE s.Magnet = 1 AND f.`Low Grade` = 'K' AND f.`High Grade` = '8'), multiple_provision_types AS (SELECT COUNT(DISTINCT m.CDSCode) AS num_schools FROM magnet_schools m JOIN frpm f ON m.CDSCode = f.CDSCode WHERE f.`NSLP Provision Status` IS NOT NULL), cities_with_k_to_8th_grade_span AS (SELECT s.City, COUNT(s.CDSCode) AS num_schools FROM schools s JOIN frpm f ON s.CDSCode = f.CDSCode WHERE f.`Low Grade` = 'K' AND f.`High Grade` = '8' GROUP BY s.City), cities_with_multiple_provision_types AS (SELECT c.City, mp.num_schools FROM cities_with_k_to_8th_grade_span c JOIN multiple_provision_types mp ON c.num_schools = mp.num_schools) SELECT cp.City, cp.num_schools, mp.num_schools FROM cities_with_multiple_provision_types cp LEFT JOIN multiple_provision_types mp ON cp.num_schools = mp.num_schools ORDER BY cp.num_schools DESC NULLS LAST",True,,"SELECT T2.City, COUNT(T2.CDSCode) FROM frpm AS T1 INNER JOIN schools AS T2 ON T1.CDSCode = T2.CDSCode WHERE T2.Magnet = 1 AND T2.GSoffered = 'K-8' AND T1.`NSLP Provision Status` = 'Multiple Provision Types' GROUP BY T2.City",223,True,Defog-Llama3-SQLCoder-8B,1,1,"Of the schools that offers a magnet program serving a grade span of Kindergarten to 8th grade, how many offers Multiple Provision Types? List the number of cities that offers a Kindergarten to 8th grade span and indicate how many schools are there serving such grade span for each city.",286,ea,bird_83,results/raw/Defog-Llama3-SQLCoder-8B_bird_ea_20260326_161041.jsonl
False,bird,[false],california_schools,data/bird/dev_databases/california_schools/california_schools.sqlite,simple,False,,False,,"SELECT s.School, s.Latitude FROM schools s ORDER BY s.Latitude DESC NULLS LAST LIMIT 1",True,,"SELECT T1.`School Type`, T1.`School Name`, T2.Latitude FROM frpm AS T1 INNER JOIN schools AS T2 ON T1.CDSCode = T2.CDSCode ORDER BY T2.Latitude DESC LIMIT 1",156,True,Defog-Llama3-SQLCoder-8B,1,1,What is the school type of the school with the highest latitude? Indicate the name of the school as well as the latitude coordinates.,133,ea,bird_80,results/raw/Defog-Llama3-SQLCoder-8B_bird_ea_20260326_161041.jsonl
False,bird,[false],california_schools,data/bird/dev_databases/california_schools/california_schools.sqlite,simple,False,,False,,"WITH admin_names AS (SELECT s.CDSCode, s.School, s.District, s.AdmFName1, s.AdmLName1 FROM schools s WHERE s.AdmEmail1 IS NOT NULL), name_counts AS (SELECT an.CDSCode, an.School, an.District, an.AdmFName1, COUNT(*) AS count FROM admin_names an GROUP BY an.CDSCode, an.School, an.District, an.AdmFName1) SELECT nc.District, nc.AdmFName1, nc.count FROM name_counts nc ORDER BY nc.count DESC NULLS LAST LIMIT 2",True,,"SELECT DISTINCT T1.AdmFName1, T1.District FROM schools AS T1 INNER JOIN ( SELECT admfname1 FROM schools GROUP BY admfname1 ORDER BY COUNT(admfname1) DESC LIMIT 2 ) AS T2 ON T1.AdmFName1 = T2.admfname1",200,True,Defog-Llama3-SQLCoder-8B,1,1,What are the two most common first names among the school administrators? Indicate the district to which they administer.,121,ea,bird_84,results/raw/Defog-Llama3-SQLCoder-8B_bird_ea_20260326_161041.jsonl
True,spider,[true],concert_singer,data/spider/database/concert_singer/concert_singer.sqlite,,False,,True,,SELECT COUNT(DISTINCT s.Singer_ID) AS singer_count FROM singer s,True,,SELECT count(*) FROM singer,27,True,Defog-Llama3-SQLCoder-8B,1,1,How many singers do we have?,28,ea,spider_0,results/raw/Defog-Llama3-SQLCoder-8B_spider_ea_20260326_160816.jsonl
True,spider,[true],concert_singer,data/spider/database/concert_singer/concert_singer.sqlite,,False,,True,,SELECT COUNT(DISTINCT s.Singer_ID) AS total_singers FROM singer s,True,,SELECT count(*) FROM singer,27,True,Defog-Llama3-SQLCoder-8B,1,1,What is the total number of singers?,36,ea,spider_1,results/raw/Defog-Llama3-SQLCoder-8B_spider_ea_20260326_160816.jsonl
True,spider,[true],concert_singer,data/spider/database/concert_singer/concert_singer.sqlite,,False,,True,,"SELECT s.Name AS name, s.Country AS country, s.Age AS age FROM singer s ORDER BY age DESC",True,,"SELECT name ,  country ,  age FROM singer ORDER BY age DESC",59,True,Defog-Llama3-SQLCoder-8B,1,1,"Show name, country, age for all singers ordered by age from the oldest to the youngest.",87,ea,spider_2,results/raw/Defog-Llama3-SQLCoder-8B_spider_ea_20260326_160816.jsonl
True,spider,[true],concert_singer,data/spider/database/concert_singer/concert_singer.sqlite,,False,,True,,"SELECT s.Country, COUNT(*) AS singer_count FROM singer s GROUP BY s.Country ORDER BY singer_count DESC NULLS LAST",True,,"SELECT country ,  count(*) FROM singer GROUP BY country",55,True,Defog-Llama3-SQLCoder-8B,1,1,How many singers are from each country?,39,ea,spider_11,results/raw/Defog-Llama3-SQLCoder-8B_spider_ea_20260326_160816.jsonl
True,spider,[true],concert_singer,data/spider/database/concert_singer/concert_singer.sqlite,,False,,True,,"SELECT s.Name, s.Country, s.Age FROM singer s ORDER BY s.Age DESC",True,,"SELECT name ,  country ,  age FROM singer ORDER BY age DESC",59,True,Defog-Llama3-SQLCoder-8B,1,1,"What are the names, countries, and ages for every singer in descending order of age?",84,ea,spider_3,results/raw/Defog-Llama3-SQLCoder-8B_spider_ea_20260326_160816.jsonl
True,spider,[true],concert_singer,data/spider/database/concert_singer/concert_singer.sqlite,,False,,True,,"SELECT AVG(s.Age) AS average_age, MIN(s.Age) AS minimum_age, MAX(s.Age) AS maximum_age FROM singer s WHERE LOWER(s.Country) = 'france'",True,,"SELECT avg(age) ,  min(age) ,  max(age) FROM singer WHERE country  =  'France'",78,True,Defog-Llama3-SQLCoder-8B,1,1,"What is the average, minimum, and maximum age of all singers from France?",73,ea,spider_4,results/raw/Defog-Llama3-SQLCoder-8B_spider_ea_20260326_160816.jsonl
True,spider,[true],concert_singer,data/spider/database/concert_singer/concert_singer.sqlite,,False,,True,,"SELECT s.Name AS Stadium_Name, s.Location FROM stadium s WHERE 5000 <= s.Capacity AND s.Capacity <= 10000 ORDER BY s.Capacity NULLS LAST",True,,"SELECT LOCATION ,  name FROM stadium WHERE capacity BETWEEN 5000 AND 10000",74,True,Defog-Llama3-SQLCoder-8B,1,1,Show location and name for all stadiums with a capacity between 5000 and 10000.,79,ea,spider_14,results/raw/Defog-Llama3-SQLCoder-8B_spider_ea_20260326_160816.jsonl
True,spider,[true],concert_singer,data/spider/database/concert_singer/concert_singer.sqlite,,False,,True,,"SELECT AVG(s.Age) AS average_age, MIN(s.Age) AS minimum_age, MAX(s.Age) AS maximum_age FROM singer s WHERE LOWER(s.Country) = 'france'",True,,"SELECT avg(age) ,  min(age) ,  max(age) FROM singer WHERE country  =  'France'",78,True,Defog-Llama3-SQLCoder-8B,1,1,"What is the average, minimum, and maximum age for all French singers?",69,ea,spider_5,results/raw/Defog-Llama3-SQLCoder-8B_spider_ea_20260326_160816.jsonl
False,spider,[false],concert_singer,data/spider/database/concert_singer/concert_singer.sqlite,,False,,False,,"SELECT s.Name, s.Song_release_year FROM singer s JOIN (SELECT sc.Singer_ID FROM singer_in_concert sc WHERE sc.concert_ID IN (SELECT c.concert_ID FROM concert c ORDER BY c.Year DESC LIMIT 1)) AS youngest_singer ON s.Singer_ID = youngest_singer.Singer_ID ORDER BY s.Age ASC NULLS LAST LIMIT 1",True,,"SELECT song_name ,  song_release_year FROM singer ORDER BY age LIMIT 1",70,True,Defog-Llama3-SQLCoder-8B,1,1,Show the name and the release year of the song by the youngest singer.,70,ea,spider_6,results/raw/Defog-Llama3-SQLCoder-8B_spider_ea_20260326_160816.jsonl
False,spider,[false],concert_singer,data/spider/database/concert_singer/concert_singer.sqlite,,False,,False,,"SELECT s.Name AS singer_name, s.Song_Name AS song_name, s.Song_release_year AS release_year FROM singer s ORDER BY s.Age ASC LIMIT 1",True,,"SELECT song_name ,  song_release_year FROM singer ORDER BY age LIMIT 1",70,True,Defog-Llama3-SQLCoder-8B,1,1,What are the names and release years for all the songs of the youngest singer?,78,ea,spider_7,results/raw/Defog-Llama3-SQLCoder-8B_spider_ea_20260326_160816.jsonl
True,spider,[true],concert_singer,data/spider/database/concert_singer/concert_singer.sqlite,,False,,True,,SELECT DISTINCT s.Country FROM singer s WHERE s.Age > 20,True,,SELECT DISTINCT country FROM singer WHERE age  >  20,52,True,Defog-Llama3-SQLCoder-8B,1,1,What are all distinct countries where singers above age 20 are from?,68,ea,spider_8,results/raw/Defog-Llama3-SQLCoder-8B_spider_ea_20260326_160816.jsonl
False,spider,[false],concert_singer,data/spider/database/concert_singer/concert_singer.sqlite,,False,,False,,"WITH stadium_rank AS (SELECT s.Stadium_ID, AVG(s.Average) AS average_attendance FROM stadium s GROUP BY s.Stadium_ID) SELECT s.Name, s.Capacity, sr.average_attendance FROM stadium s JOIN stadium_rank sr ON s.Stadium_ID = sr.Stadium_ID ORDER BY sr.average_attendance DESC NULLS LAST LIMIT 1",True,,"SELECT name ,  capacity FROM stadium ORDER BY average DESC LIMIT 1",66,True,Defog-Llama3-SQLCoder-8B,1,1,What is the name and capacity for the stadium with the highest average attendance?,82,ea,spider_19,results/raw/Defog-Llama3-SQLCoder-8B_spider_ea_20260326_160816.jsonl
False,spider,[false],concert_singer,data/spider/database/concert_singer/concert_singer.sqlite,,False,,False,,"SELECT MAX(s.capacity) AS max_capacity, AVG(s.average) AS average FROM stadium s",True,,"select max(capacity), average from stadium",42,True,Defog-Llama3-SQLCoder-8B,1,1,What is the maximum capacity and the average of all stadiums ?,62,ea,spider_16,results/raw/Defog-Llama3-SQLCoder-8B_spider_ea_20260326_160816.jsonl
True,spider,[true],concert_singer,data/spider/database/concert_singer/concert_singer.sqlite,,False,,True,,"SELECT COUNT(*) AS total_concerts FROM concert c WHERE c.year IN ('2014', '2015')",True,,SELECT count(*) FROM concert WHERE YEAR  =  2014 OR YEAR  =  2015,65,True,Defog-Llama3-SQLCoder-8B,1,1,How many concerts occurred in 2014 or 2015?,43,ea,spider_21,results/raw/Defog-Llama3-SQLCoder-8B_spider_ea_20260326_160816.jsonl
True,spider,[true],concert_singer,data/spider/database/concert_singer/concert_singer.sqlite,,False,,True,,SELECT DISTINCT s.Country FROM singer s WHERE s.Age > 20 ORDER BY s.Country NULLS LAST,True,,SELECT DISTINCT country FROM singer WHERE age  >  20,52,True,Defog-Llama3-SQLCoder-8B,1,1,What are  the different countries with singers above age 20?,60,ea,spider_9,results/raw/Defog-Llama3-SQLCoder-8B_spider_ea_20260326_160816.jsonl
True,spider,[true],concert_singer,data/spider/database/concert_singer/concert_singer.sqlite,,False,,True,,"SELECT s.Country, COUNT(s.Singer_ID) AS singer_count FROM singer s GROUP BY s.Country ORDER BY singer_count DESC NULLS LAST",True,,"SELECT country ,  count(*) FROM singer GROUP BY country",55,True,Defog-Llama3-SQLCoder-8B,1,1,Show all countries and the number of singers in each country.,61,ea,spider_10,results/raw/Defog-Llama3-SQLCoder-8B_spider_ea_20260326_160816.jsonl
True,spider,[true],concert_singer,data/spider/database/concert_singer/concert_singer.sqlite,,False,,True,,SELECT s.Song_Name FROM singer s WHERE s.Age > (SELECT AVG(s2.Age) FROM singer s2),True,,SELECT song_name FROM singer WHERE age  >  (SELECT avg(age) FROM singer),72,True,Defog-Llama3-SQLCoder-8B,1,1,List all song names by singers above the average age.,53,ea,spider_12,results/raw/Defog-Llama3-SQLCoder-8B_spider_ea_20260326_160816.jsonl
True,spider,[true],concert_singer,data/spider/database/concert_singer/concert_singer.sqlite,,False,,True,,SELECT s.Song_Name FROM singer s WHERE s.Age > (SELECT AVG(s2.Age) FROM singer s2),True,,SELECT song_name FROM singer WHERE age  >  (SELECT avg(age) FROM singer),72,True,Defog-Llama3-SQLCoder-8B,1,1,What are all the song names by singers who are older than average?,66,ea,spider_13,results/raw/Defog-Llama3-SQLCoder-8B_spider_ea_20260326_160816.jsonl
True,spider,[true],concert_singer,data/spider/database/concert_singer/concert_singer.sqlite,,False,,True,,"SELECT s.Name AS Stadium_Name, COUNT(c.concert_ID) AS Number_of_Concerts FROM concert c JOIN stadium s ON c.Stadium_ID = s.Stadium_ID GROUP BY s.Name",True,,"SELECT T2.name ,  count(*) FROM concert AS T1 JOIN stadium AS T2 ON T1.stadium_id  =  T2.stadium_id GROUP BY T1.stadium_id",122,True,Defog-Llama3-SQLCoder-8B,1,1,"For each stadium, how many concerts play there?",47,ea,spider_23,results/raw/Defog-Llama3-SQLCoder-8B_spider_ea_20260326_160816.jsonl
False,spider,[false],concert_singer,data/spider/database/concert_singer/concert_singer.sqlite,,False,,False,,"SELECT s.Name AS stadium_name, COUNT(c.concert_ID) AS number_of_concerts FROM concert c JOIN singer_in_concert sic ON c.concert_ID = sic.concert_ID JOIN stadium s ON c.Stadium_ID = s.Stadium_ID GROUP BY s.Name ORDER BY number_of_concerts DESC NULLS LAST",True,,"SELECT T2.name ,  count(*) FROM concert AS T1 JOIN stadium AS T2 ON T1.stadium_id  =  T2.stadium_id GROUP BY T1.stadium_id",122,True,Defog-Llama3-SQLCoder-8B,1,1,Show the stadium name and the number of concerts in each stadium.,65,ea,spider_22,results/raw/Defog-Llama3-SQLCoder-8B_spider_ea_20260326_160816.jsonl
True,spider,[true],concert_singer,data/spider/database/concert_singer/concert_singer.sqlite,,False,,True,,"SELECT AVG(s.Capacity) AS average_capacity, MAX(s.Capacity) AS max_capacity FROM stadium s",True,,"select avg(capacity) ,  max(capacity) from stadium",50,True,Defog-Llama3-SQLCoder-8B,1,1,What is the average and maximum capacities for all stadiums ?,61,ea,spider_17,results/raw/Defog-Llama3-SQLCoder-8B_spider_ea_20260326_160816.jsonl
True,spider,[true],concert_singer,data/spider/database/concert_singer/concert_singer.sqlite,,False,,True,,"SELECT s.Name AS Stadium_Name, s.Location FROM stadium s WHERE s.Capacity BETWEEN 5000 AND 10000",True,,"SELECT LOCATION ,  name FROM stadium WHERE capacity BETWEEN 5000 AND 10000",74,True,Defog-Llama3-SQLCoder-8B,1,1,What are the locations and names of all stations with capacity between 5000 and 10000?,86,ea,spider_15,results/raw/Defog-Llama3-SQLCoder-8B_spider_ea_20260326_160816.jsonl
False,spider,[false],concert_singer,data/spider/database/concert_singer/concert_singer.sqlite,,False,,False,,"WITH StadiumAttendance AS (SELECT s.Stadium_ID, AVG(s.Highest) AS average_attendance FROM stadium s GROUP BY s.Stadium_ID) SELECT s.Name, sa.average_attendance FROM StadiumAttendance sa JOIN stadium s ON sa.Stadium_ID = s.Stadium_ID ORDER BY sa.average_attendance DESC NULLS LAST LIMIT 1",True,,"SELECT name ,  capacity FROM stadium ORDER BY average DESC LIMIT 1",66,True,Defog-Llama3-SQLCoder-8B,1,1,What is the name and capacity for the stadium with highest average attendance?,78,ea,spider_18,results/raw/Defog-Llama3-SQLCoder-8B_spider_ea_20260326_160816.jsonl
True,spider,[true],concert_singer,data/spider/database/concert_singer/concert_singer.sqlite,,False,,True,,"SELECT COUNT(*) AS total_concerts FROM concert c WHERE c.year IN ('2014', '2015')",True,,SELECT count(*) FROM concert WHERE YEAR  =  2014 OR YEAR  =  2015,65,True,Defog-Llama3-SQLCoder-8B,1,1,How many concerts are there in year 2014 or 2015?,49,ea,spider_20,results/raw/Defog-Llama3-SQLCoder-8B_spider_ea_20260326_160816.jsonl
False,spider,[false],concert_singer,data/spider/database/concert_singer/concert_singer.sqlite,,False,,False,,"WITH concert_counts AS (SELECT c.Stadium_ID, COUNT(*) AS num_concerts FROM concert c WHERE c.Year >= '2014' GROUP BY c.Stadium_ID) SELECT s.Name, cc.num_concerts FROM stadium s JOIN concert_counts cc ON s.Stadium_ID = cc.Stadium_ID ORDER BY cc.num_concerts DESC LIMIT 1",True,,"SELECT T2.name ,  T2.capacity FROM concert AS T1 JOIN stadium AS T2 ON T1.stadium_id  =  T2.stadium_id WHERE T1.year  >=  2014 GROUP BY T2.stadium_id ORDER BY count(*) DESC LIMIT 1",180,True,Defog-Llama3-SQLCoder-8B,1,1,Show the stadium name and capacity with most number of concerts in year 2014 or after.,86,ea,spider_24,results/raw/Defog-Llama3-SQLCoder-8B_spider_ea_20260326_160816.jsonl
False,spider,[false],concert_singer,data/spider/database/concert_singer/concert_singer.sqlite,,False,,False,,"SELECT c.Year, COUNT(c.concert_ID) AS concert_count FROM concert c GROUP BY c.Year ORDER BY concert_count DESC LIMIT 1",True,,SELECT YEAR FROM concert GROUP BY YEAR ORDER BY count(*) DESC LIMIT 1,69,True,Defog-Llama3-SQLCoder-8B,1,1,Which year has most number of concerts?,39,ea,spider_26,results/raw/Defog-Llama3-SQLCoder-8B_spider_ea_20260326_160816.jsonl
False,spider,[false],concert_singer,data/spider/database/concert_singer/concert_singer.sqlite,,False,,False,,"WITH concert_stadiums AS (SELECT c.concert_ID, s.Stadium_ID FROM concert c JOIN singer_in_concert sic ON c.concert_ID = sic.concert_ID JOIN stadium s ON c.Stadium_ID = s.Stadium_ID WHERE c.Year > '2013' ) SELECT cs.Stadium_ID, s.Name, s.Capacity FROM concert_stadiums cs JOIN stadium s ON cs.Stadium_ID = s.Stadium_ID GROUP BY cs.Stadium_ID, s.Name, s.Capacity ORDER BY COUNT(cs.concert_ID) DESC LIMIT 1",True,,"select t2.name ,  t2.capacity from concert as t1 join stadium as t2 on t1.stadium_id  =  t2.stadium_id where t1.year  >  2013 group by t2.stadium_id order by count(*) desc limit 1",179,True,Defog-Llama3-SQLCoder-8B,1,1,What is the name and capacity of the stadium with the most concerts after 2013 ?,80,ea,spider_25,results/raw/Defog-Llama3-SQLCoder-8B_spider_ea_20260326_160816.jsonl
True,spider,[true],concert_singer,data/spider/database/concert_singer/concert_singer.sqlite,,False,,True,,SELECT s.Name FROM stadium s WHERE NOT EXISTS (SELECT 1 FROM concert c WHERE c.Stadium_ID = s.Stadium_ID),True,,SELECT name FROM stadium WHERE stadium_id NOT IN (SELECT stadium_id FROM concert),81,True,Defog-Llama3-SQLCoder-8B,1,1,What are the names of the stadiums without any concerts?,56,ea,spider_29,results/raw/Defog-Llama3-SQLCoder-8B_spider_ea_20260326_160816.jsonl
False,spider,[false],concert_singer,data/spider/database/concert_singer/concert_singer.sqlite,,False,,False,,SELECT s.Country FROM singer s WHERE s.Age > 40 AND s.Age < 30 ORDER BY s.Country NULLS LAST,True,,SELECT country FROM singer WHERE age  >  40 INTERSECT SELECT country FROM singer WHERE age  <  30,97,True,Defog-Llama3-SQLCoder-8B,1,1,Show countries where a singer above age 40 and a singer below 30 are from.,74,ea,spider_30,results/raw/Defog-Llama3-SQLCoder-8B_spider_ea_20260326_160816.jsonl
False,spider,[false],concert_singer,data/spider/database/concert_singer/concert_singer.sqlite,,False,,False,,SELECT s.Name FROM stadium s WHERE NOT EXISTS (SELECT 1 FROM concert c JOIN singer_in_concert sic ON c.concert_ID = sic.concert_ID WHERE c.Year = '2014' AND sic.Singer_ID = s.Stadium_ID),True,,SELECT name FROM stadium EXCEPT SELECT T2.name FROM concert AS T1 JOIN stadium AS T2 ON T1.stadium_id  =  T2.stadium_id WHERE T1.year  =  2014,142,True,Defog-Llama3-SQLCoder-8B,1,1,What are the names of all stadiums that did not have a concert in 2014?,71,ea,spider_32,results/raw/Defog-Llama3-SQLCoder-8B_spider_ea_20260326_160816.jsonl
True,spider,[true],concert_singer,data/spider/database/concert_singer/concert_singer.sqlite,,False,,True,,"SELECT s.Name AS singer_name, COUNT(sic.concert_ID) AS concert_count FROM singer s JOIN singer_in_concert sic ON s.Singer_ID = sic.Singer_ID GROUP BY s.Name ORDER BY concert_count DESC NULLS LAST",True,,"SELECT T2.name ,  count(*) FROM singer_in_concert AS T1 JOIN singer AS T2 ON T1.singer_id  =  T2.singer_id GROUP BY T2.singer_id",128,True,Defog-Llama3-SQLCoder-8B,1,1,List singer names and number of concerts for each singer.,57,ea,spider_35,results/raw/Defog-Llama3-SQLCoder-8B_spider_ea_20260326_160816.jsonl
True,spider,[true],concert_singer,data/spider/database/concert_singer/concert_singer.sqlite,,False,,True,,SELECT s.Name FROM singer s JOIN singer_in_concert sic ON s.Singer_ID = sic.Singer_ID JOIN concert c ON sic.concert_ID = c.concert_ID WHERE c.Year = '2014' ORDER BY s.Name NULLS LAST,True,,SELECT T2.name FROM singer_in_concert AS T1 JOIN singer AS T2 ON T1.singer_id  =  T2.singer_id JOIN concert AS T3 ON T1.concert_id  =  T3.concert_id WHERE T3.year  =  2014,171,True,Defog-Llama3-SQLCoder-8B,1,1,List all singer names in concerts in year 2014.,47,ea,spider_37,results/raw/Defog-Llama3-SQLCoder-8B_spider_ea_20260326_160816.jsonl
False,spider,[false],concert_singer,data/spider/database/concert_singer/concert_singer.sqlite,,False,,False,,SELECT s.Name FROM singer s JOIN singer_in_concert sic ON s.Singer_ID = sic.Singer_ID JOIN concert c ON sic.concert_ID = c.concert_ID WHERE NOT EXISTS (SELECT 1 FROM concert WHERE Year = '2014') ORDER BY s.Name NULLS LAST,True,,SELECT name FROM stadium EXCEPT SELECT T2.name FROM concert AS T1 JOIN stadium AS T2 ON T1.stadium_id  =  T2.stadium_id WHERE T1.year  =  2014,142,True,Defog-Llama3-SQLCoder-8B,1,1,Show names for all stadiums except for stadiums having a concert in year 2014.,78,ea,spider_31,results/raw/Defog-Llama3-SQLCoder-8B_spider_ea_20260326_160816.jsonl
True,spider,[true],concert_singer,data/spider/database/concert_singer/concert_singer.sqlite,,False,,True,,SELECT s.Name FROM singer s JOIN singer_in_concert sic ON s.Singer_ID = sic.Singer_ID JOIN concert c ON sic.concert_ID = c.concert_ID WHERE LOWER(c.Year) = '2014' ORDER BY s.Name NULLS LAST,True,,SELECT T2.name FROM singer_in_concert AS T1 JOIN singer AS T2 ON T1.singer_id  =  T2.singer_id JOIN concert AS T3 ON T1.concert_id  =  T3.concert_id WHERE T3.year  =  2014,171,True,Defog-Llama3-SQLCoder-8B,1,1,What are the names of the singers who performed in a concert in 2014?,69,ea,spider_38,results/raw/Defog-Llama3-SQLCoder-8B_spider_ea_20260326_160816.jsonl
False,spider,[false],concert_singer,data/spider/database/concert_singer/concert_singer.sqlite,,False,,False,,"SELECT s.Name AS singer_name, s.Country AS country FROM singer s JOIN singer_in_concert sic ON s.Singer_ID = sic.Singer_ID JOIN concert c ON sic.concert_ID = c.concert_ID WHERE LOWER(c.Theme) LIKE '%hey%' GROUP BY s.Name, s.Country",True,,"SELECT name ,  country FROM singer WHERE song_name LIKE '%Hey%'",63,True,Defog-Llama3-SQLCoder-8B,1,1,what is the name and nation of the singer who have a song having 'Hey' in its name?,83,ea,spider_39,results/raw/Defog-Llama3-SQLCoder-8B_spider_ea_20260326_160816.jsonl
True,spider,[true],concert_singer,data/spider/database/concert_singer/concert_singer.sqlite,,False,,True,,"SELECT c.concert_Name, c.Theme, COUNT(s.Singer_ID) AS singer_count FROM concert c JOIN singer_in_concert sic ON c.concert_ID = sic.concert_ID JOIN singer s ON sic.Singer_ID = s.Singer_ID GROUP BY c.concert_Name, c.Theme",True,,"SELECT T2.concert_name ,  T2.theme ,  count(*) FROM singer_in_concert AS T1 JOIN concert AS T2 ON T1.concert_id  =  T2.concert_id GROUP BY T2.concert_id",152,True,Defog-Llama3-SQLCoder-8B,1,1,Show the name and theme for all concerts and the number of singers in each concert.,83,ea,spider_33,results/raw/Defog-Llama3-SQLCoder-8B_spider_ea_20260326_160816.jsonl
True,spider,[true],concert_singer,data/spider/database/concert_singer/concert_singer.sqlite,,False,,True,,SELECT COUNT(*) AS number_of_concerts FROM concert c JOIN stadium s ON c.Stadium_ID = s.Stadium_ID WHERE s.Capacity = (SELECT MAX(s2.Capacity) FROM stadium s2),True,,select count(*) from concert where stadium_id = (select stadium_id from stadium order by capacity desc limit 1),111,True,Defog-Llama3-SQLCoder-8B,1,1,Find the number of concerts happened in the stadium with the highest capacity .,79,ea,spider_43,results/raw/Defog-Llama3-SQLCoder-8B_spider_ea_20260326_160816.jsonl
True,spider,[true],concert_singer,data/spider/database/concert_singer/concert_singer.sqlite,,False,,True,,"SELECT s.Name AS singer_name, COUNT(s.Singer_ID) AS number_of_concerts FROM singer_in_concert sic JOIN singer s ON sic.Singer_ID = s.Singer_ID GROUP BY s.Name ORDER BY number_of_concerts DESC NULLS LAST",True,,"SELECT T2.name ,  count(*) FROM singer_in_concert AS T1 JOIN singer AS T2 ON T1.singer_id  =  T2.singer_id GROUP BY T2.singer_id",128,True,Defog-Llama3-SQLCoder-8B,1,1,What are the names of the singers and number of concerts for each person?,73,ea,spider_36,results/raw/Defog-Llama3-SQLCoder-8B_spider_ea_20260326_160816.jsonl
False,spider,[false],concert_singer,data/spider/database/concert_singer/concert_singer.sqlite,,False,,False,no such column: s.Name,"SELECT s.Name AS Stadium_Name, st.Location FROM concert c JOIN singer_in_concert sic ON c.concert_ID = sic.concert_ID JOIN stadium st ON c.Stadium_ID = st.Stadium_ID WHERE (c.Year = '2014' OR c.Year = '2015') GROUP BY s.Name, st.Location HAVING COUNT(DISTINCT c.Year) = 2",False,,"SELECT T2.name ,  T2.location FROM concert AS T1 JOIN stadium AS T2 ON T1.stadium_id  =  T2.stadium_id WHERE T1.Year  =  2014 INTERSECT SELECT T2.name ,  T2.location FROM concert AS T1 JOIN stadium AS T2 ON T1.stadium_id  =  T2.stadium_id WHERE T1.Year  =  2015",261,True,Defog-Llama3-SQLCoder-8B,1,1,What are the names and locations of the stadiums that had concerts that occurred in both 2014 and 2015?,103,ea,spider_42,results/raw/Defog-Llama3-SQLCoder-8B_spider_ea_20260326_160816.jsonl
True,spider,[true],concert_singer,data/spider/database/concert_singer/concert_singer.sqlite,,False,,True,,WITH max_capacity_stadium AS (SELECT s.Stadium_ID FROM stadium s ORDER BY s.Capacity DESC LIMIT 1) SELECT COUNT(c.concert_ID) AS number_of_concerts FROM concert c JOIN max_capacity_stadium mcs ON c.Stadium_ID = mcs.Stadium_ID,True,,select count(*) from concert where stadium_id = (select stadium_id from stadium order by capacity desc limit 1),111,True,Defog-Llama3-SQLCoder-8B,1,1,What are the number of concerts that occurred in the stadium with the largest capacity ?,88,ea,spider_44,results/raw/Defog-Llama3-SQLCoder-8B_spider_ea_20260326_160816.jsonl
False,spider,[false],concert_singer,data/spider/database/concert_singer/concert_singer.sqlite,,False,,False,,"SELECT s.Name AS singer_name, s.Country AS country_of_origin FROM singer s JOIN singer_in_concert sic ON s.Singer_ID = sic.Singer_ID JOIN concert c ON sic.concert_ID = c.concert_ID WHERE LOWER(sic.Singer_ID) IN (SELECT Singer_ID FROM singer WHERE LOWER(Song_Name) LIKE '%hey%')",True,,"SELECT name ,  country FROM singer WHERE song_name LIKE '%Hey%'",63,True,Defog-Llama3-SQLCoder-8B,1,1,What is the name and country of origin of every singer who has a song with the word 'Hey' in its title?,103,ea,spider_40,results/raw/Defog-Llama3-SQLCoder-8B_spider_ea_20260326_160816.jsonl
True,spider,[true],pets_1,data/spider/database/pets_1/pets_1.sqlite,,False,,True,,SELECT COUNT(*) AS total_pets FROM Pets p WHERE p.weight > 10,True,,SELECT count(*) FROM pets WHERE weight  >  10,45,True,Defog-Llama3-SQLCoder-8B,1,1,Find the number of pets whose weight is heavier than 10.,56,ea,spider_45,results/raw/Defog-Llama3-SQLCoder-8B_spider_ea_20260326_160816.jsonl
False,spider,[false],concert_singer,data/spider/database/concert_singer/concert_singer.sqlite,,False,,False,,"SELECT c.Year, COUNT(c.concert_ID) AS concert_count FROM concert c GROUP BY c.Year ORDER BY concert_count DESC LIMIT 1",True,,SELECT YEAR FROM concert GROUP BY YEAR ORDER BY count(*) DESC LIMIT 1,69,True,Defog-Llama3-SQLCoder-8B,1,1,What is the year that had the most concerts?,44,ea,spider_27,results/raw/Defog-Llama3-SQLCoder-8B_spider_ea_20260326_160816.jsonl
False,spider,[false],pets_1,data/spider/database/pets_1/pets_1.sqlite,,False,,False,no such column: p2.pet_type,SELECT p.weight FROM Pets p WHERE p.pet_age = (SELECT MIN(pet_age) FROM Pets p2 WHERE p2.pet_type = 'dog'),False,,SELECT weight FROM pets ORDER BY pet_age LIMIT 1,48,True,Defog-Llama3-SQLCoder-8B,1,1,How much does the youngest dog weigh?,37,ea,spider_48,results/raw/Defog-Llama3-SQLCoder-8B_spider_ea_20260326_160816.jsonl
True,spider,[true],concert_singer,data/spider/database/concert_singer/concert_singer.sqlite,,False,,True,,SELECT s.Name FROM stadium s WHERE NOT EXISTS (SELECT 1 FROM concert c WHERE c.Stadium_ID = s.Stadium_ID) ORDER BY s.Name NULLS LAST,True,,SELECT name FROM stadium WHERE stadium_id NOT IN (SELECT stadium_id FROM concert),81,True,Defog-Llama3-SQLCoder-8B,1,1,Show the stadium names without any concert.,43,ea,spider_28,results/raw/Defog-Llama3-SQLCoder-8B_spider_ea_20260326_160816.jsonl
True,spider,[true],pets_1,data/spider/database/pets_1/pets_1.sqlite,,False,,True,,SELECT COUNT(*) AS total_pets FROM Pets p WHERE p.weight > 10,True,,SELECT count(*) FROM pets WHERE weight  >  10,45,True,Defog-Llama3-SQLCoder-8B,1,1,How many pets have a greater weight than 10?,44,ea,spider_46,results/raw/Defog-Llama3-SQLCoder-8B_spider_ea_20260326_160816.jsonl
True,spider,[true],pets_1,data/spider/database/pets_1/pets_1.sqlite,,False,,True,,SELECT COUNT(*) AS total_pets FROM Student s JOIN Has_Pet hp ON s.StuID = hp.StuID WHERE s.Age > 20,True,,SELECT count(*) FROM student AS T1 JOIN has_pet AS T2 ON T1.stuid  =  T2.stuid WHERE T1.age  >  20,98,True,Defog-Llama3-SQLCoder-8B,1,1,How many pets are owned by students that have an age greater than 20?,69,ea,spider_52,results/raw/Defog-Llama3-SQLCoder-8B_spider_ea_20260326_160816.jsonl
False,spider,[false],pets_1,data/spider/database/pets_1/pets_1.sqlite,,False,,False,,"SELECT s.Fname FROM Student s JOIN Has_Pet h ON s.StuID = h.StuID WHERE h.PetID IN (SELECT p.PetID FROM Pets p WHERE LOWER(p.petType) IN ('cat', 'dog')) ORDER BY s.Fname LIMIT 1",True,,select t1.fname from student as t1 join has_pet as t2 on t1.stuid  =  t2.stuid join pets as t3 on t3.petid  =  t2.petid where t3.pettype  =  'cat' intersect select t1.fname from student as t1 join has_pet as t2 on t1.stuid  =  t2.stuid join pets as t3 on t3.petid  =  t2.petid where t3.pettype  =  'dog',303,True,Defog-Llama3-SQLCoder-8B,1,1,Find the first name of students who have both cat and dog pets .,64,ea,spider_59,results/raw/Defog-Llama3-SQLCoder-8B_spider_ea_20260326_160816.jsonl
True,spider,[true],pets_1,data/spider/database/pets_1/pets_1.sqlite,,False,,True,,SELECT COUNT(*) AS total_pets FROM Student s JOIN Has_Pet hp ON s.StuID = hp.StuID WHERE s.Age > 20,True,,SELECT count(*) FROM student AS T1 JOIN has_pet AS T2 ON T1.stuid  =  T2.stuid WHERE T1.age  >  20,98,True,Defog-Llama3-SQLCoder-8B,1,1,Find number of pets owned by students who are older than 20.,60,ea,spider_51,results/raw/Defog-Llama3-SQLCoder-8B_spider_ea_20260326_160816.jsonl
False,spider,[false],pets_1,data/spider/database/pets_1/pets_1.sqlite,,False,,False,no such column: p2.pet_type,SELECT p.weight FROM Pets p WHERE p.pet_age = (SELECT MIN(pet_age) FROM Pets p2 WHERE p2.pet_type = 'dog'),False,,SELECT weight FROM pets ORDER BY pet_age LIMIT 1,48,True,Defog-Llama3-SQLCoder-8B,1,1,Find the weight of the youngest dog.,36,ea,spider_47,results/raw/Defog-Llama3-SQLCoder-8B_spider_ea_20260326_160816.jsonl
True,spider,[true],concert_singer,data/spider/database/concert_singer/concert_singer.sqlite,,False,,True,,"SELECT s.Name AS Stadium_Name, s.Location FROM stadium s JOIN concert c ON s.Stadium_ID = c.Stadium_ID WHERE c.Year IN ('2014', '2015') GROUP BY s.Name, s.Location HAVING COUNT(DISTINCT c.Year) = 2",True,,"SELECT T2.name ,  T2.location FROM concert AS T1 JOIN stadium AS T2 ON T1.stadium_id  =  T2.stadium_id WHERE T1.Year  =  2014 INTERSECT SELECT T2.name ,  T2.location FROM concert AS T1 JOIN stadium AS T2 ON T1.stadium_id  =  T2.stadium_id WHERE T1.Year  =  2015",261,True,Defog-Llama3-SQLCoder-8B,1,1,Find the name and location of the stadiums which some concerts happened in the years of both 2014 and 2015.,107,ea,spider_41,results/raw/Defog-Llama3-SQLCoder-8B_spider_ea_20260326_160816.jsonl
False,spider,[false],pets_1,data/spider/database/pets_1/pets_1.sqlite,,False,,False,no such column: p.pet_type,"SELECT s.Fname FROM Student s JOIN Has_Pet h ON s.StuID = h.StuID JOIN Pets p ON h.PetID = p.PetID WHERE LOWER(p.pet_type) IN ('cat', 'dog') ORDER BY s.stuid LIMIT 1",False,,SELECT DISTINCT T1.Fname FROM student AS T1 JOIN has_pet AS T2 ON T1.stuid  =  T2.stuid JOIN pets AS T3 ON T3.petid  =  T2.petid WHERE T3.pettype  =  'cat' OR T3.pettype  =  'dog',179,True,Defog-Llama3-SQLCoder-8B,1,1,Find the first name of students who have cat or dog pet.,56,ea,spider_57,results/raw/Defog-Llama3-SQLCoder-8B_spider_ea_20260326_160816.jsonl
False,spider,[false],pets_1,data/spider/database/pets_1/pets_1.sqlite,,False,,False,,"WITH MaxWeight AS (SELECT PetType, MAX(weight) AS max_weight FROM Pets GROUP BY PetType), WeightedPets AS (SELECT p.PetID, p.PetType, w.max_weight FROM Pets p JOIN MaxWeight w ON p.PetType = w.PetType) SELECT wp.PetType, wp.max_weight FROM WeightedPets wp ORDER BY wp.max_weight DESC NULLS LAST",True,,"SELECT max(weight) ,  petType FROM pets GROUP BY petType",56,True,Defog-Llama3-SQLCoder-8B,1,1,Find the maximum weight for each type of pet. List the maximum weight and pet type.,83,ea,spider_49,results/raw/Defog-Llama3-SQLCoder-8B_spider_ea_20260326_160816.jsonl
False,spider,[false],pets_1,data/spider/database/pets_1/pets_1.sqlite,,False,,False,,"SELECT s.Major AS major, s.Age AS age FROM Student s LEFT JOIN Has_Pet hp ON s.StuID = hp.StuID LEFT JOIN Pets p ON hp.PetID = p.PetID WHERE p.pet_age IS NULL AND p.weight IS NOT NULL GROUP BY s.Major, s.Age",True,,"SELECT major ,  age FROM student WHERE stuid NOT IN (SELECT T1.stuid FROM student AS T1 JOIN has_pet AS T2 ON T1.stuid  =  T2.stuid JOIN pets AS T3 ON T3.petid  =  T2.petid WHERE T3.pettype  =  'cat')",200,True,Defog-Llama3-SQLCoder-8B,1,1,"What major is every student who does not own a cat as a pet, and also how old are they?",87,ea,spider_62,results/raw/Defog-Llama3-SQLCoder-8B_spider_ea_20260326_160816.jsonl
False,spider,[false],pets_1,data/spider/database/pets_1/pets_1.sqlite,,False,,False,no such column: p.pet_type,"SELECT s.Fname FROM Student s JOIN Has_Pet h ON s.StuID = h.StuID JOIN Pets p ON h.PetID = p.PetID WHERE LOWER(p.pet_type) IN ('cat', 'dog') ORDER BY s.fname NULLS LAST",False,,SELECT DISTINCT T1.Fname FROM student AS T1 JOIN has_pet AS T2 ON T1.stuid  =  T2.stuid JOIN pets AS T3 ON T3.petid  =  T2.petid WHERE T3.pettype  =  'cat' OR T3.pettype  =  'dog',179,True,Defog-Llama3-SQLCoder-8B,1,1,What are the first names of every student who has a cat or dog as a pet?,72,ea,spider_58,results/raw/Defog-Llama3-SQLCoder-8B_spider_ea_20260326_160816.jsonl
False,spider,[false],pets_1,data/spider/database/pets_1/pets_1.sqlite,,False,,False,,"SELECT s.Fname, s.Age FROM Student s JOIN Has_Pet hp ON s.StuID = hp.StuID JOIN Pets p ON hp.PetID = p.PetID WHERE p.pet_age > 0 AND NOT EXISTS (SELECT 1 FROM Pets p2 WHERE p2.PetType = 'cat' AND p2.PetID = p.PetID) ORDER BY s.Fname NULLS LAST LIMIT 1",True,,"SELECT T1.fname ,  T1.age FROM student AS T1 JOIN has_pet AS T2 ON T1.stuid  =  T2.stuid JOIN pets AS T3 ON T3.petid  =  T2.petid WHERE T3.pettype  =  'dog' AND T1.stuid NOT IN (SELECT T1.stuid FROM student AS T1 JOIN has_pet AS T2 ON T1.stuid  =  T2.stuid JOIN pets AS T3 ON T3.petid  =  T2.petid WHERE T3.pettype  =  'cat')",325,True,Defog-Llama3-SQLCoder-8B,1,1,Find the first name and age of students who have a dog but do not have a cat as a pet.,86,ea,spider_65,results/raw/Defog-Llama3-SQLCoder-8B_spider_ea_20260326_160816.jsonl
True,spider,[true],concert_singer,data/spider/database/concert_singer/concert_singer.sqlite,,False,,True,,"SELECT c.concert_Name, c.Theme, COUNT(s.Singer_ID) AS num_singers FROM concert c JOIN singer_in_concert sic ON c.concert_ID = sic.concert_ID JOIN singer s ON sic.Singer_ID = s.Singer_ID GROUP BY c.concert_Name, c.Theme",True,,"select t2.concert_name ,  t2.theme ,  count(*) from singer_in_concert as t1 join concert as t2 on t1.concert_id  =  t2.concert_id group by t2.concert_id",152,True,Defog-Llama3-SQLCoder-8B,1,1,"What are the names , themes , and number of singers for every concert ?",71,ea,spider_34,results/raw/Defog-Llama3-SQLCoder-8B_spider_ea_20260326_160816.jsonl
True,spider,[true],pets_1,data/spider/database/pets_1/pets_1.sqlite,,False,,True,,SELECT COUNT(DISTINCT PetType) AS num_pet_types FROM Pets,True,,SELECT count(DISTINCT pettype) FROM pets,40,True,Defog-Llama3-SQLCoder-8B,1,1,How many different types of pet are there?,42,ea,spider_56,results/raw/Defog-Llama3-SQLCoder-8B_spider_ea_20260326_160816.jsonl
False,spider,[false],pets_1,data/spider/database/pets_1/pets_1.sqlite,,False,,False,no such column: p.pet_type,"SELECT p.pet_type, MIN(p.pet_age) AS youngest_pet_age FROM Pets p GROUP BY p.pet_type",False,,"SELECT pettype ,  weight FROM pets ORDER BY pet_age LIMIT 1",59,True,Defog-Llama3-SQLCoder-8B,1,1,Find the type and weight of the youngest pet.,45,ea,spider_67,results/raw/Defog-Llama3-SQLCoder-8B_spider_ea_20260326_160816.jsonl
True,spider,[true],pets_1,data/spider/database/pets_1/pets_1.sqlite,,False,,True,,SELECT COUNT(*) AS total_dog_pets FROM Student s JOIN Has_Pet h ON s.StuID = h.StuID JOIN Pets p ON h.PetID = p.PetID WHERE LOWER(s.Sex) = 'f' AND LOWER(p.petType) = 'dog',True,,SELECT count(*) FROM student AS T1 JOIN has_pet AS T2 ON T1.stuid  =  T2.stuid JOIN pets AS T3 ON T2.petid  =  T3.petid WHERE T1.sex  =  'F' AND T3.pettype  =  'dog',165,True,Defog-Llama3-SQLCoder-8B,1,1,How many dog pets are raised by female students?,48,ea,spider_54,results/raw/Defog-Llama3-SQLCoder-8B_spider_ea_20260326_160816.jsonl
False,spider,[false],pets_1,data/spider/database/pets_1/pets_1.sqlite,,False,,False,no such column: p.max_weight,"WITH MaxWeight AS (SELECT PetType, MAX(weight) AS max_weight FROM Pets GROUP BY PetType), TypeAndMaxWeight AS (SELECT p.PetType, p.max_weight, pt.pet_age, pt.weight FROM Pets p JOIN MaxWeight m ON p.PetType = m.PetType AND p.weight = m.max_weight LEFT JOIN Pets pt ON pt.PetID = p.PetID) SELECT t.PetType, t.max_weight, t.pet_age, t.weight FROM TypeAndMaxWeight t ORDER BY t.PetType NULLS LAST",False,,"SELECT max(weight) ,  petType FROM pets GROUP BY petType",56,True,Defog-Llama3-SQLCoder-8B,1,1,List the maximum weight and type for each type of pet.,54,ea,spider_50,results/raw/Defog-Llama3-SQLCoder-8B_spider_ea_20260326_160816.jsonl
False,spider,[false],pets_1,data/spider/database/pets_1/pets_1.sqlite,,False,,False,,SELECT s.Fname FROM Student s JOIN Has_Pet h ON s.StuID = h.StuID WHERE h.PetID IN (SELECT p.PetID FROM Pets p WHERE LOWER(p.petType) = 'dog') AND NOT EXISTS (SELECT 1 FROM Has_Pet hp2 JOIN Pets p2 ON hp2.PetID = p2.PetID WHERE hp2.StuID = s.StuID AND LOWER(p2.petType) = 'cat'),True,,"SELECT T1.fname ,  T1.age FROM student AS T1 JOIN has_pet AS T2 ON T1.stuid  =  T2.stuid JOIN pets AS T3 ON T3.petid  =  T2.petid WHERE T3.pettype  =  'dog' AND T1.stuid NOT IN (SELECT T1.stuid FROM student AS T1 JOIN has_pet AS T2 ON T1.stuid  =  T2.stuid JOIN pets AS T3 ON T3.petid  =  T2.petid WHERE T3.pettype  =  'cat')",325,True,Defog-Llama3-SQLCoder-8B,1,1,What is the first name of every student who has a dog but does not have a cat?,78,ea,spider_66,results/raw/Defog-Llama3-SQLCoder-8B_spider_ea_20260326_160816.jsonl
False,spider,[false],pets_1,data/spider/database/pets_1/pets_1.sqlite,,False,,False,,"SELECT s.Major, s.Age FROM Student s LEFT JOIN Has_Pet hp ON s.StuID = hp.StuID WHERE hp.PetID NOT IN (SELECT PetID FROM Pets p WHERE LOWER(p.petType) = 'cat') ORDER BY s.Major NULLS LAST",True,,"SELECT major ,  age FROM student WHERE stuid NOT IN (SELECT T1.stuid FROM student AS T1 JOIN has_pet AS T2 ON T1.stuid  =  T2.stuid JOIN pets AS T3 ON T3.petid  =  T2.petid WHERE T3.pettype  =  'cat')",200,True,Defog-Llama3-SQLCoder-8B,1,1,Find the major and age of students who do not have a cat pet.,61,ea,spider_61,results/raw/Defog-Llama3-SQLCoder-8B_spider_ea_20260326_160816.jsonl
False,spider,[false],pets_1,data/spider/database/pets_1/pets_1.sqlite,,False,,False,,"SELECT s.Fname FROM Student s JOIN Has_Pet h ON s.StuID = h.StuID WHERE h.PetID IN (SELECT PetID FROM Pets p WHERE LOWER(p.petType) IN ('cat', 'dog')) GROUP BY s.Fname HAVING COUNT(DISTINCT h.PetID) >= 2",True,,SELECT T1.Fname FROM student AS T1 JOIN has_pet AS T2 ON T1.stuid  =  T2.stuid JOIN pets AS T3 ON T3.petid  =  T2.petid WHERE T3.pettype  =  'cat' INTERSECT SELECT T1.Fname FROM student AS T1 JOIN has_pet AS T2 ON T1.stuid  =  T2.stuid JOIN pets AS T3 ON T3.petid  =  T2.petid WHERE T3.pettype  =  'dog',303,True,Defog-Llama3-SQLCoder-8B,1,1,What are the students' first names who have both cats and dogs as pets?,71,ea,spider_60,results/raw/Defog-Llama3-SQLCoder-8B_spider_ea_20260326_160816.jsonl
False,spider,[false],pets_1,data/spider/database/pets_1/pets_1.sqlite,,False,,False,no such column: p.pet_type,"SELECT p.pet_type, MIN(p.pet_age) AS youngest_age, AVG(p.weight) AS average_weight FROM Pets p GROUP BY p.pet_type ORDER BY youngest_age ASC LIMIT 1",False,,"SELECT pettype ,  weight FROM pets ORDER BY pet_age LIMIT 1",59,True,Defog-Llama3-SQLCoder-8B,1,1,"What type of pet is the youngest animal, and how much does it weigh?",68,ea,spider_68,results/raw/Defog-Llama3-SQLCoder-8B_spider_ea_20260326_160816.jsonl
False,spider,[false],pets_1,data/spider/database/pets_1/pets_1.sqlite,,False,,False,,SELECT s.StuID FROM Student s LEFT JOIN Has_Pet h ON s.StuID = h.StuID WHERE NOT EXISTS (SELECT 1 FROM Pets p WHERE p.PetType = 'cat' AND p.PetID = h.PetID),True,,SELECT stuid FROM student EXCEPT SELECT T1.stuid FROM student AS T1 JOIN has_pet AS T2 ON T1.stuid  =  T2.stuid JOIN pets AS T3 ON T3.petid  =  T2.petid WHERE T3.pettype  =  'cat',179,True,Defog-Llama3-SQLCoder-8B,1,1,What are the ids of the students who do not own cats as pets?,61,ea,spider_64,results/raw/Defog-Llama3-SQLCoder-8B_spider_ea_20260326_160816.jsonl
False,spider,[false],pets_1,data/spider/database/pets_1/pets_1.sqlite,,False,,False,no such column: p.pet_type,SELECT COUNT(*) AS total_dogs FROM Pets p JOIN Has_Pet h ON p.PetID = h.PetID JOIN Student s ON h.StuID = s.StuID WHERE LOWER(p.pet_type) = 'dog' AND LOWER(s.sex) = 'f',False,,SELECT count(*) FROM student AS T1 JOIN has_pet AS T2 ON T1.stuid  =  T2.stuid JOIN pets AS T3 ON T2.petid  =  T3.petid WHERE T1.sex  =  'F' AND T3.pettype  =  'dog',165,True,Defog-Llama3-SQLCoder-8B,1,1,Find the number of dog pets that are raised by female students (with sex F).,76,ea,spider_53,results/raw/Defog-Llama3-SQLCoder-8B_spider_ea_20260326_160816.jsonl
False,spider,[false],pets_1,data/spider/database/pets_1/pets_1.sqlite,,False,,False,,SELECT s.StuID FROM Student s LEFT JOIN Has_Pet h ON s.StuID = h.StuID WHERE h.PetID IS NULL AND LOWER(s.Fname) NOT LIKE '%cat%',True,,SELECT stuid FROM student EXCEPT SELECT T1.stuid FROM student AS T1 JOIN has_pet AS T2 ON T1.stuid  =  T2.stuid JOIN pets AS T3 ON T3.petid  =  T2.petid WHERE T3.pettype  =  'cat',179,True,Defog-Llama3-SQLCoder-8B,1,1,Find the id of students who do not have a cat pet.,50,ea,spider_63,results/raw/Defog-Llama3-SQLCoder-8B_spider_ea_20260326_160816.jsonl
False,spider,[false],pets_1,data/spider/database/pets_1/pets_1.sqlite,,False,,False,no such column: p.pet_id,"SELECT p.pet_id, p.weight FROM Pets p WHERE p.pet_age > 1",False,,"SELECT petid ,  weight FROM pets WHERE pet_age  >  1",52,True,Defog-Llama3-SQLCoder-8B,1,1,What is the id and weight of every pet who is older than 1?,59,ea,spider_70,results/raw/Defog-Llama3-SQLCoder-8B_spider_ea_20260326_160816.jsonl
False,spider,[false],pets_1,data/spider/database/pets_1/pets_1.sqlite,,False,,False,no such column: p.pet_type,"SELECT p.pet_type, AVG(p.weight) AS average_weight FROM Pets p GROUP BY p.pet_type",False,,"SELECT avg(weight) ,  pettype FROM pets GROUP BY pettype",56,True,Defog-Llama3-SQLCoder-8B,1,1,What is the average weight for each type of pet?,48,ea,spider_74,results/raw/Defog-Llama3-SQLCoder-8B_spider_ea_20260326_160816.jsonl
True,spider,[true],pets_1,data/spider/database/pets_1/pets_1.sqlite,,False,,True,,SELECT COUNT(DISTINCT p.PetType) AS num_pet_types FROM Pets p,True,,SELECT count(DISTINCT pettype) FROM pets,40,True,Defog-Llama3-SQLCoder-8B,1,1,Find the number of distinct type of pets.,41,ea,spider_55,results/raw/Defog-Llama3-SQLCoder-8B_spider_ea_20260326_160816.jsonl
False,spider,[false],pets_1,data/spider/database/pets_1/pets_1.sqlite,,False,,False,no such column: pt.pet_age,"SELECT p.pet_age AS average_age, MAX(p.pet_age) AS max_age, pt.PetType FROM Pets p JOIN Has_Pet hp ON p.PetID = hp.PetID JOIN Student s ON hp.StuID = s.StuID LEFT JOIN (SELECT PetID, PetType FROM Pets GROUP BY PetID, PetType HAVING COUNT(*) > 1) AS pt ON p.PetID = pt.PetID AND p.pet_age = pt.pet_age GROUP BY p.pet_age, pt.PetType ORDER BY average_age NULLS LAST",False,,"SELECT avg(pet_age) ,  max(pet_age) ,  pettype FROM pets GROUP BY pettype",73,True,Defog-Llama3-SQLCoder-8B,1,1,What is the average and maximum age for each pet type?,54,ea,spider_72,results/raw/Defog-Llama3-SQLCoder-8B_spider_ea_20260326_160816.jsonl
True,spider,[true],pets_1,data/spider/database/pets_1/pets_1.sqlite,,False,,True,,SELECT p.PetID FROM Student s JOIN Has_Pet h ON s.StuID = h.StuID JOIN Pets p ON h.PetID = p.PetID WHERE LOWER(s.LName) = 'smith',True,,SELECT T2.petid FROM student AS T1 JOIN has_pet AS T2 ON T1.stuid  =  T2.stuid WHERE T1.Lname  =  'Smith',105,True,Defog-Llama3-SQLCoder-8B,1,1,Find the id of the pet owned by student whose last name is ‘Smith’.,67,ea,spider_77,results/raw/Defog-Llama3-SQLCoder-8B_spider_ea_20260326_160816.jsonl
True,spider,[true],pets_1,data/spider/database/pets_1/pets_1.sqlite,,False,,True,,"SELECT p.PetID, p.weight FROM Pets p WHERE p.pet_age > 1",True,,"SELECT petid ,  weight FROM pets WHERE pet_age  >  1",52,True,Defog-Llama3-SQLCoder-8B,1,1,Find the id and weight of all pets whose age is older than 1.,61,ea,spider_69,results/raw/Defog-Llama3-SQLCoder-8B_spider_ea_20260326_160816.jsonl
True,spider,[true],pets_1,data/spider/database/pets_1/pets_1.sqlite,,False,,True,,SELECT p.PetID FROM Student s JOIN Has_Pet hp ON s.StuID = hp.StuID JOIN Pets p ON hp.PetID = p.PetID WHERE LOWER(s.LName) = 'smith',True,,SELECT T2.petid FROM student AS T1 JOIN has_pet AS T2 ON T1.stuid  =  T2.stuid WHERE T1.Lname  =  'Smith',105,True,Defog-Llama3-SQLCoder-8B,1,1,What is the id of the pet owned by the student whose last name is 'Smith'?,74,ea,spider_78,results/raw/Defog-Llama3-SQLCoder-8B_spider_ea_20260326_160816.jsonl
False,spider,[false],pets_1,data/spider/database/pets_1/pets_1.sqlite,,False,,False,no such column: p.pet_type,"SELECT p.pet_age AS average_age, MAX(p.pet_age) AS max_age FROM Pets p GROUP BY p.pet_type",False,,"SELECT avg(pet_age) ,  max(pet_age) ,  pettype FROM pets GROUP BY pettype",73,True,Defog-Llama3-SQLCoder-8B,1,1,Find the average and maximum age for each type of pet.,54,ea,spider_71,results/raw/Defog-Llama3-SQLCoder-8B_spider_ea_20260326_160816.jsonl
False,spider,[false],pets_1,data/spider/database/pets_1/pets_1.sqlite,,False,,False,,"SELECT s.StuID, COUNT(h.PetID) AS num_pets FROM Student s JOIN Has_Pet h ON s.StuID = h.StuID WHERE h.PetID IS NOT NULL GROUP BY s.StuID",True,,"SELECT count(*) ,  T1.stuid FROM student AS T1 JOIN has_pet AS T2 ON T1.stuid  =  T2.stuid GROUP BY T1.stuid",108,True,Defog-Llama3-SQLCoder-8B,1,1,Find the number of pets for each student who has any pet and student id.,72,ea,spider_79,results/raw/Defog-Llama3-SQLCoder-8B_spider_ea_20260326_160816.jsonl
False,spider,[false],pets_1,data/spider/database/pets_1/pets_1.sqlite,,False,,False,,"SELECT s.Fname, s.Age FROM Student s JOIN Has_Pet hp ON s.StuID = hp.StuID ORDER BY s.Age LIMIT 1",True,,"SELECT DISTINCT T1.fname ,  T1.age FROM student AS T1 JOIN has_pet AS T2 ON T1.stuid  =  T2.stuid",97,True,Defog-Llama3-SQLCoder-8B,1,1,Find the first name and age of students who have a pet.,55,ea,spider_75,results/raw/Defog-Llama3-SQLCoder-8B_spider_ea_20260326_160816.jsonl
False,spider,[false],pets_1,data/spider/database/pets_1/pets_1.sqlite,,False,,False,no such column: p.pet_type,"SELECT p.pet_type, AVG(p.weight) AS average_weight FROM Pets p GROUP BY p.pet_type",False,,"SELECT avg(weight) ,  pettype FROM pets GROUP BY pettype",56,True,Defog-Llama3-SQLCoder-8B,1,1,Find the average weight for each pet type.,42,ea,spider_73,results/raw/Defog-Llama3-SQLCoder-8B_spider_ea_20260326_160816.jsonl
False,spider,[false],pets_1,data/spider/database/pets_1/pets_1.sqlite,,False,,False,,"SELECT s.Fname, s.Sex FROM Student s JOIN Has_Pet h ON s.StuID = h.StuID WHERE (SELECT COUNT(*) FROM Pets p WHERE p.PetID = h.PetID) > 1 ORDER BY s.Fname NULLS LAST",True,,"SELECT T1.fname ,  T1.sex FROM student AS T1 JOIN has_pet AS T2 ON T1.stuid  =  T2.stuid GROUP BY T1.stuid HAVING count(*)  >  1",128,True,Defog-Llama3-SQLCoder-8B,1,1,What is the first name and gender of the all the students who have more than one pet?,85,ea,spider_82,results/raw/Defog-Llama3-SQLCoder-8B_spider_ea_20260326_160816.jsonl
False,spider,[false],pets_1,data/spider/database/pets_1/pets_1.sqlite,,False,,False,,"SELECT s.StuID, COUNT(h.PetID) AS pet_count FROM Student s JOIN Has_Pet h ON s.StuID = h.StuID GROUP BY s.StuID",True,,"select count(*) ,  t1.stuid from student as t1 join has_pet as t2 on t1.stuid  =  t2.stuid group by t1.stuid",108,True,Defog-Llama3-SQLCoder-8B,1,1,"For students who have pets , how many pets does each student have ? list their ids instead of names .",101,ea,spider_80,results/raw/Defog-Llama3-SQLCoder-8B_spider_ea_20260326_160816.jsonl
True,spider,[true],pets_1,data/spider/database/pets_1/pets_1.sqlite,,False,,True,,SELECT s.LName FROM Student s JOIN Has_Pet h ON s.StuID = h.StuID JOIN Pets p ON h.PetID = p.PetID WHERE p.pet_age = 3 AND p.PetType = 'cat' ORDER BY s.LName DESC LIMIT 1,True,,SELECT T1.lname FROM student AS T1 JOIN has_pet AS T2 ON T1.stuid  =  T2.stuid JOIN pets AS T3 ON T3.petid  =  T2.petid WHERE T3.pet_age  =  3 AND T3.pettype  =  'cat',167,True,Defog-Llama3-SQLCoder-8B,1,1,What is the last name of the student who has a cat that is 3 years old?,71,ea,spider_84,results/raw/Defog-Llama3-SQLCoder-8B_spider_ea_20260326_160816.jsonl
True,spider,[true],pets_1,data/spider/database/pets_1/pets_1.sqlite,,False,,True,,"SELECT s.Fname, s.Sex FROM Student s JOIN Has_Pet h ON s.StuID = h.StuID GROUP BY s.Fname, s.Sex HAVING COUNT(h.PetID) > 1 ORDER BY s.Fname NULLS LAST",True,,"SELECT T1.fname ,  T1.sex FROM student AS T1 JOIN has_pet AS T2 ON T1.stuid  =  T2.stuid GROUP BY T1.stuid HAVING count(*)  >  1",128,True,Defog-Llama3-SQLCoder-8B,1,1,Find the first name and gender of student who have more than one pet.,69,ea,spider_81,results/raw/Defog-Llama3-SQLCoder-8B_spider_ea_20260326_160816.jsonl
True,spider,[true],pets_1,data/spider/database/pets_1/pets_1.sqlite,,False,,True,,"SELECT s.Fname, s.Age FROM Student s JOIN Has_Pet h ON s.StuID = h.StuID GROUP BY s.Fname, s.Age",True,,"SELECT DISTINCT T1.fname ,  T1.age FROM student AS T1 JOIN has_pet AS T2 ON T1.stuid  =  T2.stuid",97,True,Defog-Llama3-SQLCoder-8B,1,1,What are the different first names and ages of the students who do have pets?,77,ea,spider_76,results/raw/Defog-Llama3-SQLCoder-8B_spider_ea_20260326_160816.jsonl
True,spider,[true],pets_1,data/spider/database/pets_1/pets_1.sqlite,,False,,True,,SELECT AVG(s.Age) AS average_age FROM Student s LEFT JOIN Has_Pet h ON s.StuID = h.StuID WHERE h.StuID IS NULL,True,,select avg(age) from student where stuid not in (select stuid from has_pet),75,True,Defog-Llama3-SQLCoder-8B,1,1,What is the average age for all students who do not own any pets ?,66,ea,spider_86,results/raw/Defog-Llama3-SQLCoder-8B_spider_ea_20260326_160816.jsonl
True,spider,[true],pets_1,data/spider/database/pets_1/pets_1.sqlite,,False,,True,,SELECT s.LName FROM Student s JOIN Has_Pet hp ON s.StuID = hp.StuID JOIN Pets p ON hp.PetID = p.PetID WHERE p.pet_age = 3 AND p.PetType = 'cat' ORDER BY s.StuID DESC LIMIT 1,True,,SELECT T1.lname FROM student AS T1 JOIN has_pet AS T2 ON T1.stuid  =  T2.stuid JOIN pets AS T3 ON T3.petid  =  T2.petid WHERE T3.pet_age  =  3 AND T3.pettype  =  'cat',167,True,Defog-Llama3-SQLCoder-8B,1,1,Find the last name of the student who has a cat that is age 3.,62,ea,spider_83,results/raw/Defog-Llama3-SQLCoder-8B_spider_ea_20260326_160816.jsonl
True,spider,[true],pets_1,data/spider/database/pets_1/pets_1.sqlite,,False,,True,,SELECT AVG(s.Age) AS average_age FROM Student s LEFT JOIN Has_Pet hp ON s.StuID = hp.StuID WHERE hp.StuID IS NULL,True,,select avg(age) from student where stuid not in (select stuid from has_pet),75,True,Defog-Llama3-SQLCoder-8B,1,1,Find the average age of students who do not have any pet .,58,ea,spider_85,results/raw/Defog-Llama3-SQLCoder-8B_spider_ea_20260326_160816.jsonl
False,spider,[false],car_1,data/spider/database/car_1/car_1.sqlite,,False,,False,,"WITH country_continent AS (SELECT c.CountryId, c.CountryName, co.Continent FROM countries c JOIN car_makers cm ON c.CountryId = cm.Id JOIN continents co ON c.Continent = co.ContId) SELECT cc.Continent, COUNT(cc.CountryId) AS num_countries FROM country_continent cc GROUP BY cc.Continent",True,,"SELECT T1.ContId ,  T1.Continent ,  count(*) FROM CONTINENTS AS T1 JOIN COUNTRIES AS T2 ON T1.ContId  =  T2.Continent GROUP BY T1.ContId;",137,True,Defog-Llama3-SQLCoder-8B,1,1,"How many countries does each continent have? List the continent id, continent name and the number of countries.",111,ea,spider_89,results/raw/Defog-Llama3-SQLCoder-8B_spider_ea_20260326_160816.jsonl
True,spider,[true],car_1,data/spider/database/car_1/car_1.sqlite,,False,,True,,SELECT COUNT(DISTINCT c.Continent) AS number_of_continents FROM countries c,True,,SELECT count(*) FROM CONTINENTS;,32,True,Defog-Llama3-SQLCoder-8B,1,1,How many continents are there?,30,ea,spider_87,results/raw/Defog-Llama3-SQLCoder-8B_spider_ea_20260326_160816.jsonl
True,spider,[true],car_1,data/spider/database/car_1/car_1.sqlite,,False,,True,,SELECT COUNT(DISTINCT c.Continent) AS number_of_continents FROM countries c,True,,SELECT count(*) FROM CONTINENTS;,32,True,Defog-Llama3-SQLCoder-8B,1,1,What is the number of continents?,33,ea,spider_88,results/raw/Defog-Llama3-SQLCoder-8B_spider_ea_20260326_160816.jsonl
False,spider,[false],car_1,data/spider/database/car_1/car_1.sqlite,,False,,False,,"WITH continent_countries AS (SELECT c.Continent, COUNT(*) AS country_count FROM countries c GROUP BY c.Continent) SELECT cc.Continent, cc.country_count FROM continent_countries cc ORDER BY cc.country_count DESC NULLS LAST",True,,"SELECT T1.ContId ,  T1.Continent ,  count(*) FROM CONTINENTS AS T1 JOIN COUNTRIES AS T2 ON T1.ContId  =  T2.Continent GROUP BY T1.ContId;",137,True,Defog-Llama3-SQLCoder-8B,1,1,"For each continent, list its id, name, and how many countries it has?",69,ea,spider_90,results/raw/Defog-Llama3-SQLCoder-8B_spider_ea_20260326_160816.jsonl
True,spider,[true],car_1,data/spider/database/car_1/car_1.sqlite,,False,,True,,SELECT COUNT(DISTINCT c.CountryName) AS country_count FROM countries c,True,,SELECT count(*) FROM COUNTRIES;,31,True,Defog-Llama3-SQLCoder-8B,1,1,How many countries are listed?,30,ea,spider_91,results/raw/Defog-Llama3-SQLCoder-8B_spider_ea_20260326_160816.jsonl
True,spider,[true],car_1,data/spider/database/car_1/car_1.sqlite,,False,,True,,SELECT COUNT(DISTINCT c.CountryName) AS country_count FROM countries c,True,,SELECT count(*) FROM COUNTRIES;,31,True,Defog-Llama3-SQLCoder-8B,1,1,How many countries exist?,25,ea,spider_92,results/raw/Defog-Llama3-SQLCoder-8B_spider_ea_20260326_160816.jsonl
False,spider,[false],car_1,data/spider/database/car_1/car_1.sqlite,,False,,False,,"SELECT cm.Maker, COUNT(*) AS model_count FROM car_names cn JOIN car_makers cm ON cn.MakeId = cm.Id GROUP BY cm.Maker",True,,"SELECT T1.FullName ,  T1.Id ,  count(*) FROM CAR_MAKERS AS T1 JOIN MODEL_LIST AS T2 ON T1.Id  =  T2.Maker GROUP BY T1.Id;",121,True,Defog-Llama3-SQLCoder-8B,1,1,"How many models does each car maker produce? List maker full name, id and the number.",85,ea,spider_93,results/raw/Defog-Llama3-SQLCoder-8B_spider_ea_20260326_160816.jsonl
False,spider,[false],car_1,data/spider/database/car_1/car_1.sqlite,,False,,False,,"SELECT cm.Id AS car_maker_id, cm.Maker, COUNT(m.Model) AS number_of_models FROM car_makers cm JOIN model_list m ON cm.Id = m.Maker GROUP BY cm.Id, cm.Maker",True,,"SELECT T1.FullName ,  T1.Id ,  count(*) FROM CAR_MAKERS AS T1 JOIN MODEL_LIST AS T2 ON T1.Id  =  T2.Maker GROUP BY T1.Id;",121,True,Defog-Llama3-SQLCoder-8B,1,1,"What is the full name of each car maker, along with its id and how many models it produces?",91,ea,spider_94,results/raw/Defog-Llama3-SQLCoder-8B_spider_ea_20260326_160816.jsonl
False,spider,[false],car_1,data/spider/database/car_1/car_1.sqlite,,False,,False,no such column: c.Model,SELECT c.Model FROM cars_data c ORDER BY c.Horsepower ASC LIMIT 1,False,,SELECT T1.Model FROM CAR_NAMES AS T1 JOIN CARS_DATA AS T2 ON T1.MakeId  =  T2.Id ORDER BY T2.horsepower ASC LIMIT 1;,116,True,Defog-Llama3-SQLCoder-8B,1,1,Which model of the car has the minimum horsepower?,50,ea,spider_95,results/raw/Defog-Llama3-SQLCoder-8B_spider_ea_20260326_160816.jsonl
True,spider,[true],car_1,data/spider/database/car_1/car_1.sqlite,,False,,True,,SELECT cn.Model FROM cars_data cd JOIN car_names cn ON cd.Id = cn.MakeId ORDER BY cd.Horsepower ASC LIMIT 1,True,,SELECT T1.Model FROM CAR_NAMES AS T1 JOIN CARS_DATA AS T2 ON T1.MakeId  =  T2.Id ORDER BY T2.horsepower ASC LIMIT 1;,116,True,Defog-Llama3-SQLCoder-8B,1,1,What is the model of the car with the smallest amount of horsepower?,68,ea,spider_96,results/raw/Defog-Llama3-SQLCoder-8B_spider_ea_20260326_160816.jsonl
False,spider,[false],car_1,data/spider/database/car_1/car_1.sqlite,,False,,False,,SELECT cm.Maker FROM car_names cn JOIN cars_data cd ON cn.MakeId = cd.Id JOIN car_makers cm ON cn.MakeId = cm.Id WHERE cd.Year = 1970 GROUP BY cm.Maker,True,,SELECT DISTINCT T1.Maker FROM CAR_MAKERS AS T1 JOIN MODEL_LIST AS T2 ON T1.Id  =  T2.Maker JOIN CAR_NAMES AS T3 ON T2.model  =  T3.model JOIN CARS_DATA AS T4 ON T3.MakeId  =  T4.id WHERE T4.year  =  '1970';,206,True,Defog-Llama3-SQLCoder-8B,1,1,Find the name of the makers that produced some cars in the year of 1970?,72,ea,spider_99,results/raw/Defog-Llama3-SQLCoder-8B_spider_ea_20260326_160816.jsonl
False,spider,[false],car_1,data/spider/database/car_1/car_1.sqlite,,False,,False,no such column: cars_data.Model,"WITH avg_weight AS (SELECT AVG(cars_data.Weight) FROM cars_data), light_cars AS (SELECT cars_data.Model FROM cars_data JOIN car_names ON cars_data.Id = car_names.MakeId WHERE cars_data.Weight < (SELECT weight FROM avg_weight)) SELECT model FROM light_cars",False,,SELECT T1.model FROM CAR_NAMES AS T1 JOIN CARS_DATA AS T2 ON T1.MakeId  =  T2.Id WHERE T2.Weight  <  (SELECT avg(Weight) FROM CARS_DATA),136,True,Defog-Llama3-SQLCoder-8B,1,1,What is the model for the car with a weight smaller than the average?,69,ea,spider_98,results/raw/Defog-Llama3-SQLCoder-8B_spider_ea_20260326_160816.jsonl
False,spider,[false],car_1,data/spider/database/car_1/car_1.sqlite,,False,,False,,"WITH avg_weight AS (SELECT AVG(cars_data.Weight) FROM cars_data), light_cars AS (SELECT car_names.Model FROM cars_data JOIN car_names ON cars_data.Id = car_names.MakeId WHERE cars_data.Weight < (SELECT weight FROM avg_weight)) SELECT model FROM light_cars",True,,SELECT T1.model FROM CAR_NAMES AS T1 JOIN CARS_DATA AS T2 ON T1.MakeId  =  T2.Id WHERE T2.Weight  <  (SELECT avg(Weight) FROM CARS_DATA),136,True,Defog-Llama3-SQLCoder-8B,1,1,Find the model of the car whose weight is below the average weight.,67,ea,spider_97,results/raw/Defog-Llama3-SQLCoder-8B_spider_ea_20260326_160816.jsonl
False,bird,[false],california_schools,data/bird/dev_databases/california_schools/california_schools.sqlite,simple,False,Eligible free rate for K-12 = `Free Meal Count (K-12)` / `Enrollment (K-12)`,False,no such column: FRPMCountK12,SELECT MAX(FRPMCountK12) FROM frpm WHERE County = 'Alameda' AND SchoolType = 'Public' GROUP BY CDSCode,False,,SELECT `Free Meal Count (K-12)` / `Enrollment (K-12)` FROM frpm WHERE `County Name` = 'Alameda' ORDER BY (CAST(`Free Meal Count (K-12)` AS REAL) / `Enrollment (K-12)`) DESC LIMIT 1,180,True,Hrida-T2SQL,1,1,What is the highest eligible free rate for K-12 students in the schools in Alameda County?,90,ea,bird_0,results/raw/Hrida-T2SQL_bird_ea_20260326_161551.jsonl
False,bird,[false],california_schools,data/bird/dev_databases/california_schools/california_schools.sqlite,moderate,False,Eligible free rates for students aged 5-17 = `Free Meal Count (Ages 5-17)` / `Enrollment (Ages 5-17)`,False,no such column: schools.StatusType,"SELECT satscores.AvgScrRead AS 'Free Meal Count (Ages 5-17)', schools.StatusType AS 'School Type' FROM satscores JOIN frpm ON satscores.cds = frpm.CDSCode WHERE frpm.CharterNum IS NULL AND frpm.LowGrade >= 5 AND frpm.HighGrade <= 17 ORDER BY AvgScrRead ASC LIMIT 3",False,,SELECT `Free Meal Count (Ages 5-17)` / `Enrollment (Ages 5-17)` FROM frpm WHERE `Educational Option Type` = 'Continuation School' AND `Free Meal Count (Ages 5-17)` / `Enrollment (Ages 5-17)` IS NOT NULL ORDER BY `Free Meal Count (Ages 5-17)` / `Enrollment (Ages 5-17)` ASC LIMIT 3,280,True,Hrida-T2SQL,1,1,Please list the lowest three eligible free rates for students aged 5-17 in continuation schools.,96,ea,bird_1,results/raw/Hrida-T2SQL_bird_ea_20260326_161551.jsonl
False,bird,[false],california_schools,data/bird/dev_databases/california_schools/california_schools.sqlite,simple,False,Charter schools refers to `Charter School (Y/N)` = 1 in the table fprm,False,no such table: charter_schools,SELECT s.Zip FROM schools s JOIN charter_schools cs ON s.CDSCode = cs.CDSCode WHERE s.County = 'Fresno' AND s.CharterSchool = 1,False,,SELECT T2.Zip FROM frpm AS T1 INNER JOIN schools AS T2 ON T1.CDSCode = T2.CDSCode WHERE T1.`District Name` = 'Fresno County Office of Education' AND T1.`Charter School (Y/N)` = 1,178,True,Hrida-T2SQL,1,1,Please list the zip code of all the charter schools in Fresno County Office of Education.,89,ea,bird_2,results/raw/Hrida-T2SQL_bird_ea_20260326_161551.jsonl
False,bird,[false],california_schools,data/bird/dev_databases/california_schools/california_schools.sqlite,simple,False,,False,no such column: satscores.FRPMCount,SELECT satscores.FRPMCount FROM schools JOIN satscores ON schools.CDSCode = satscores.cds WHERE satscores.rtype = 'Reading' AND satscores.AvgScrRead = (SELECT MAX(AvgScrRead) FROM satscores),False,,SELECT T2.`FRPM Count (Ages 5-17)` FROM satscores AS T1 INNER JOIN frpm AS T2 ON T1.cds = T2.CDSCode ORDER BY T1.AvgScrRead DESC LIMIT 1,136,True,Hrida-T2SQL,1,1,"For the school with the highest average score in Reading in the SAT test, what is its FRPM count for students aged 5-17?",120,ea,bird_10,results/raw/Hrida-T2SQL_bird_ea_20260326_161551.jsonl
False,bird,[false],california_schools,data/bird/dev_databases/california_schools/california_schools.sqlite,simple,False,,False,no such column: Enroll12,SELECT COUNT(*) FROM schools WHERE County = 'Fresno' AND CharterNum IS NOT NULL GROUP BY SchoolName HAVING SUM(Enroll12) <= 250,False,,SELECT COUNT(T1.CDSCode) FROM frpm AS T1 INNER JOIN satscores AS T2 ON T1.CDSCode = T2.cds WHERE T1.`Charter Funding Type` = 'Directly funded' AND T1.`County Name` = 'Fresno' AND T2.NumTstTakr <= 250,199,True,Hrida-T2SQL,1,1,How many schools in Fresno (directly funded) have number of test takers not more than 250?,90,ea,bird_18,results/raw/Hrida-T2SQL_bird_ea_20260326_161551.jsonl
False,bird,[false],california_schools,data/bird/dev_databases/california_schools/california_schools.sqlite,simple,False,,False,,"SELECT s.Phone FROM schools s JOIN (SELECT cds, MAX(NumTstTakr) as MaxTesters FROM satscores WHERE rtype = 'SAT' AND NumTstTakr > 1500 GROUP BY cds) t ON s.CDSCode = t.cds",True,,SELECT T2.Phone FROM satscores AS T1 INNER JOIN schools AS T2 ON T1.cds = T2.CDSCode ORDER BY T1.NumGE1500 DESC LIMIT 1,119,True,Hrida-T2SQL,1,1,What is the phone number of the school that has the highest number of test takers with an SAT score of over 1500?,113,ea,bird_7,results/raw/Hrida-T2SQL_bird_ea_20260326_161551.jsonl
False,bird,[false],california_schools,data/bird/dev_databases/california_schools/california_schools.sqlite,simple,False,,False,no such column: FreeMealCountK12,SELECT COUNT(*) FROM frpm WHERE FreeMealCountK12 > 500 AND FreeMealCountK12 < 700 AND CountyName = 'Los Angeles' GROUP BY SchoolCode,False,,SELECT COUNT(CDSCode) FROM frpm WHERE `County Name` = 'Los Angeles' AND `Free Meal Count (K-12)` > 500 AND `FRPM Count (K-12)`< 700,131,True,Hrida-T2SQL,1,1,In Los Angeles how many schools have more than 500 free meals but less than 700 free or reduced price meals for K-12?,117,ea,bird_21,results/raw/Hrida-T2SQL_bird_ea_20260326_161551.jsonl
False,bird,[false],california_schools,data/bird/dev_databases/california_schools/california_schools.sqlite,moderate,False,Charter schools refers to `Charter School (Y/N)` = 1 in the frpm,False,no such column: CharterSchool,SELECT schools.Phone FROM schools INNER JOIN frpm ON schools.CDSCode = frpm.CDSCode WHERE CharterSchool = 1 AND OpenDate > '2000-01-01' AND SchoolType = 'Charter' AND FundingType = 'Direct',False,,SELECT T2.Phone FROM frpm AS T1 INNER JOIN schools AS T2 ON T1.CDSCode = T2.CDSCode WHERE T1.`Charter Funding Type` = 'Directly funded' AND T1.`Charter School (Y/N)` = 1 AND T2.OpenDate > '2000-01-01',200,True,Hrida-T2SQL,1,1,Please list the phone numbers of the direct charter-funded schools that are opened after 2000/1/1.,98,ea,bird_4,results/raw/Hrida-T2SQL_bird_ea_20260326_161551.jsonl
False,bird,[false],california_schools,data/bird/dev_databases/california_schools/california_schools.sqlite,simple,False,Magnet schools or offer a magnet program means that Magnet = 1,False,no such column: s.MagnetProgram,SELECT s.* FROM schools s JOIN satscores sc ON s.CDSCode = sc.cds WHERE sc.NumTstTakr > 500 AND (s.Magnet IS TRUE OR s.MagnetProgram IS NOT NULL),False,,SELECT T2.School FROM satscores AS T1 INNER JOIN schools AS T2 ON T1.cds = T2.CDSCode WHERE T2.Magnet = 1 AND T1.NumTstTakr > 500,129,True,Hrida-T2SQL,1,1,"Among the schools with the SAT test takers of over 500, please list the schools that are magnet schools or offer a magnet program.",130,ea,bird_6,results/raw/Hrida-T2SQL_bird_ea_20260326_161551.jsonl
False,bird,[false],california_schools,data/bird/dev_databases/california_schools/california_schools.sqlite,simple,False,,False,no such column: s.SchoolName,SELECT s.SchoolName FROM schools s JOIN satscores sc ON s.CDSCode = sc.cds WHERE s.County = 'Contra Costa' GROUP BY s.SchoolName ORDER BY SUM(sc.NumTstTakr) DESC LIMIT 1,False,,SELECT sname FROM satscores WHERE cname = 'Contra Costa' AND sname IS NOT NULL ORDER BY NumTstTakr DESC LIMIT 1,111,True,Hrida-T2SQL,1,1,Which school in Contra Costa has the highest number of test takers?,67,ea,bird_22,results/raw/Hrida-T2SQL_bird_ea_20260326_161551.jsonl
False,bird,[false],california_schools,data/bird/dev_databases/california_schools/california_schools.sqlite,simple,False,,False,"near ""("": syntax error",SELECT s.Street FROM frpm f JOIN schools s ON f.CDSCode = s.CDSCode WHERE f.FRPMCount (K-12) = (SELECT MAX(f.FRPMCount (K-12)) FROM frpm f),False,,SELECT T2.MailStreet FROM frpm AS T1 INNER JOIN schools AS T2 ON T1.CDSCode = T2.CDSCode ORDER BY T1.`FRPM Count (K-12)` DESC LIMIT 1,133,True,Hrida-T2SQL,1,1,What is the unabbreviated mailing street address of the school with the highest FRPM count for K-12 students?,109,ea,bird_3,results/raw/Hrida-T2SQL_bird_ea_20260326_161551.jsonl
False,bird,[false],california_schools,data/bird/dev_databases/california_schools/california_schools.sqlite,simple,False,,False,"near ""Count"": syntax error",SELECT satscores.NumTstTakr FROM schools INNER JOIN frpm ON schools.CDSCode = frpm.CDSCode WHERE frpm.FRPM Count (K-12) = (SELECT MAX(frpm.FRPM Count (K-12)) FROM frpm),False,,SELECT NumTstTakr FROM satscores WHERE cds = ( SELECT CDSCode FROM frpm ORDER BY `FRPM Count (K-12)` DESC LIMIT 1 ),115,True,Hrida-T2SQL,1,1,What is the number of SAT test takers of the schools with the highest FRPM count for K-12 students?,99,ea,bird_8,results/raw/Hrida-T2SQL_bird_ea_20260326_161551.jsonl
False,bird,[false],california_schools,data/bird/dev_databases/california_schools/california_schools.sqlite,moderate,False,Excellence rate = NumGE1500 / NumTstTakr; Eligible free rates for students aged 5-17 = `Free Meal Count (Ages 5-17)` / `Enrollment (Ages 5-17)`,False,no such column: FRPM_Count_Ages_5_17,SELECT MAX(FRPM_Count_Ages_5_17) FROM schools INNER JOIN satscores ON schools.CDSCode = satscores.cds WHERE AvgScrRead > 0.3 AND AvgScrMath > 0.3 AND AvgScrWrite > 0.3 AND NumTstTakr > 1500 GROUP BY schools.CDSCode,False,,SELECT MAX(CAST(T1.`Free Meal Count (Ages 5-17)` AS REAL) / T1.`Enrollment (Ages 5-17)`) FROM frpm AS T1 INNER JOIN satscores AS T2 ON T1.CDSCode = T2.cds WHERE CAST(T2.NumGE1500 AS REAL) / T2.NumTstTakr > 0.3,209,True,Hrida-T2SQL,1,1,"Among the schools with an SAT excellence rate of over 0.3, what is the highest eligible free rate for students aged 5-17?",121,ea,bird_12,results/raw/Hrida-T2SQL_bird_ea_20260326_161551.jsonl
False,bird,[false],california_schools,data/bird/dev_databases/california_schools/california_schools.sqlite,simple,False,,False,no such column: NumTstTakr,SELECT COUNT(*) FROM schools WHERE County = 'Alameda' AND NumTstTakr < 100,False,,SELECT COUNT(T1.CDSCode) FROM schools AS T1 INNER JOIN satscores AS T2 ON T1.CDSCode = T2.cds WHERE T1.StatusType = 'Merged' AND T2.NumTstTakr < 100 AND T1.County = 'Lake',171,True,Hrida-T2SQL,1,1,How many schools in merged Alameda have number of test takers less than 100?,76,ea,bird_16,results/raw/Hrida-T2SQL_bird_ea_20260326_161551.jsonl
False,bird,[false],california_schools,data/bird/dev_databases/california_schools/california_schools.sqlite,simple,False,,False,no such column: LowGrade,SELECT COUNT(*) FROM schools WHERE County = 'Amador' AND LowGrade = 9 AND HighGrade = 12,False,,SELECT COUNT(T1.`School Name`) FROM frpm AS T1 INNER JOIN schools AS T2 ON T1.CDSCode = T2.CDSCode WHERE T2.County = 'Amador' AND T1.`Low Grade` = 9 AND T1.`High Grade` = 12,173,True,Hrida-T2SQL,1,1,How many schools in Amador which the Low Grade is 9 and the High Grade is 12?,77,ea,bird_20,results/raw/Hrida-T2SQL_bird_ea_20260326_161551.jsonl
False,bird,[false],california_schools,data/bird/dev_databases/california_schools/california_schools.sqlite,moderate,False,Average of average math = sum(average math scores) / count(schools).,False,,"SELECT s.School, s.FundingType FROM schools s JOIN satscores sc ON s.CDSCode = sc.cds WHERE s.County = 'Riverside' AND sc.AvgScrMath > 400",True,,"SELECT T1.sname, T2.`Charter Funding Type` FROM satscores AS T1 INNER JOIN frpm AS T2 ON T1.cds = T2.CDSCode WHERE T2.`District Name` LIKE 'Riverside%' GROUP BY T1.sname, T2.`Charter Funding Type` HAVING CAST(SUM(T1.AvgScrMath) AS REAL) / COUNT(T1.cds) > 400",258,True,Hrida-T2SQL,1,1,"Name schools in Riverside which the average of average math score for SAT is grater than 400, what is the funding type of these schools?",136,ea,bird_25,results/raw/Hrida-T2SQL_bird_ea_20260326_161551.jsonl
False,bird,[false],california_schools,data/bird/dev_databases/california_schools/california_schools.sqlite,moderate,False,K-12 refers to students in grades 1 through 12; Eligible free rate for K-12 = `Free Meal Count (K-12)` / `Enrollment (K-12)`,False,"near ""ALL"": syntax error","SELECT s.CDSCode, AVG(s.PercentFRPM) FROM schools s JOIN frpm f ON s.CDSCode = f.CDSCode WHERE s.Enroll12 >= ALL (SELECT Enroll12 FROM schools ORDER BY Enroll12 DESC LIMIT 10) GROUP BY s.CDSCode HAVING AVG(s.PercentFRPM) IS NOT NULL",False,,"SELECT CAST(`Free Meal Count (K-12)` AS REAL) / `Enrollment (K-12)` FROM frpm ORDER BY `Enrollment (K-12)` DESC LIMIT 9, 2",122,True,Hrida-T2SQL,1,1,What is the eligible free rate of the 10th and 11th schools with the highest enrolment for students in grades 1 through 12?,123,ea,bird_31,results/raw/Hrida-T2SQL_bird_ea_20260326_161551.jsonl
False,bird,[false],california_schools,data/bird/dev_databases/california_schools/california_schools.sqlite,moderate,False,Percent eligible for free meals = Free Meal Count (K-12) / Total (Enrollment (K-12),False,"near ""("": syntax error",SELECT s.School FROM schools s JOIN frpm p ON s.CDSCode = p.CDSCode WHERE p.Percent (%) Eligible Free (K-12) > 0.1 AND EXISTS (SELECT * FROM satscores st WHERE st.cds = s.CDSCode AND NumTstTakr >= 1500),False,,SELECT T2.`School Name` FROM satscores AS T1 INNER JOIN frpm AS T2 ON T1.cds = T2.CDSCode WHERE CAST(T2.`Free Meal Count (K-12)` AS REAL) / T2.`Enrollment (K-12)` > 0.1 AND T1.NumGE1500 > 0,189,True,Hrida-T2SQL,1,1,Give the names of the schools with the percent eligible for free meals in K-12 is more than 0.1 and test takers whose test score is greater than or equal to 1500?,162,ea,bird_24,results/raw/Hrida-T2SQL_bird_ea_20260326_161551.jsonl
False,bird,[false],california_schools,data/bird/dev_databases/california_schools/california_schools.sqlite,simple,False,,False,no such column: s.Enroll12,"SELECT s.NCESDist as SchoolID, COUNT(s.Enroll12) AS Enrollment FROM schools s GROUP BY s.NCESDist ORDER BY Enrollment DESC LIMIT 5",False,,SELECT T1.NCESSchool FROM schools AS T1 INNER JOIN frpm AS T2 ON T1.CDSCode = T2.CDSCode ORDER BY T2.`Enrollment (Ages 5-17)` DESC LIMIT 5,138,True,Hrida-T2SQL,1,1,"List the top five schools, by descending order, from the highest to the lowest, the most number of Enrollment (Ages 5-17). Please give their NCES school identification number.",175,ea,bird_14,results/raw/Hrida-T2SQL_bird_ea_20260326_161551.jsonl
False,bird,[false],california_schools,data/bird/dev_databases/california_schools/california_schools.sqlite,moderate,False,,False,,"SELECT s.School, s.Website FROM schools s JOIN satscores sc ON s.CDSCode = sc.cds WHERE sc.Enroll12 BETWEEN 1900 AND 2000 AND sc.rtype LIKE 'Ages 5-17' GROUP BY s.School, s.Website",True,,"SELECT T2.Website, T1.`School Name` FROM frpm AS T1 INNER JOIN schools AS T2 ON T1.CDSCode = T2.CDSCode WHERE T1.`Free Meal Count (Ages 5-17)` BETWEEN 1900 AND 2000 AND T2.Website IS NOT NULL",191,True,Hrida-T2SQL,1,1,"If there are any, what are the websites address of the schools with a free meal count of 1,900-2,000 to students aged 5-17? Include the name of the school.",155,ea,bird_33,results/raw/Hrida-T2SQL_bird_ea_20260326_161551.jsonl
False,bird,[false],california_schools,data/bird/dev_databases/california_schools/california_schools.sqlite,simple,False,Valid charter number means the number is not null,False,,"SELECT s.School, AVG(scores.AvgScrWrite) as AvgWritingScore FROM schools s JOIN satscores scores ON s.CDSCode = scores.cds WHERE scores.Rtype = 'WR' AND scores.NumTstTakr > 499 GROUP BY s.School ORDER BY AvgWritingScore DESC",True,,"SELECT CharterNum, AvgScrWrite, RANK() OVER (ORDER BY AvgScrWrite DESC) AS WritingScoreRank FROM schools AS T1  INNER JOIN satscores AS T2 ON T1.CDSCode = T2.cds WHERE T2.AvgScrWrite > 499 AND CharterNum is not null",215,True,Hrida-T2SQL,1,1,"Rank schools by their average score in Writing where the score is greater than 499, showing their charter numbers.",114,ea,bird_17,results/raw/Hrida-T2SQL_bird_ea_20260326_161551.jsonl
False,bird,[false],california_schools,data/bird/dev_databases/california_schools/california_schools.sqlite,moderate,False,"Execellence Rate = NumGE1500 / NumTstTakr; complete address has Street, City, State, Zip code",False,"near ""?"": syntax error","?>   SELECT s.Street, s.City, s.Zip, s.State FROM schools AS s INNER JOIN (SELECT MIN(AvgScrRead) as MinScore FROM satscores) AS min_score ON s.NCESDist = '06' AND s.StatusType = 'Public School' AND s.County = 'Los Angeles County' AND s.District = 'LAUSD' INNER JOIN schools_addresses sa ON s.CDSCode = sa.SchoolID WHERE s.AvgScrRead = min_score.MinScore;   ?<",False,,"SELECT T2.Street, T2.City, T2.State, T2.Zip FROM satscores AS T1 INNER JOIN schools AS T2 ON T1.cds = T2.CDSCode ORDER BY CAST(T1.NumGE1500 AS REAL) / T1.NumTstTakr ASC LIMIT 1",176,True,Hrida-T2SQL,1,1,"What is the complete address of the school with the lowest excellence rate? Indicate the Street, City, Zip and State.",117,ea,bird_37,results/raw/Hrida-T2SQL_bird_ea_20260326_161551.jsonl
False,bird,[false],california_schools,data/bird/dev_databases/california_schools/california_schools.sqlite,moderate,False,"Full communication address should include Street, City, State and zip code if any.",False,"unrecognized token: ""{""","{""sql"": ""?>   SELECT s.SchoolName, s.Street, s.City, s.State FROM schools s JOIN frpm p ON s.CDSCode = p.CDSCode WHERE s.County = 'Monterey' AND (p.FRPM Count (Ages 5-17) > 800 OR p.Free Meal Count (Ages 5-17) > 800) AND s.StatusType = 'Public High School'",False,,"SELECT T1.`School Name`, T2.Street, T2.City, T2.State, T2.Zip FROM frpm AS T1 INNER JOIN schools AS T2 ON T1.CDSCode = T2.CDSCode WHERE T2.County = 'Monterey' AND T1.`Free Meal Count (Ages 5-17)` > 800 AND T1.`School Type` = 'High Schools (Public)'",248,True,Hrida-T2SQL,1,1,State the names and full communication address of high schools in Monterey which has more than 800 free or reduced price meals for ages 15-17?,142,ea,bird_26,results/raw/Hrida-T2SQL_bird_ea_20260326_161551.jsonl
False,bird,[false],california_schools,data/bird/dev_databases/california_schools/california_schools.sqlite,simple,False,K-12 means First-through-twelfth-grade,False,"near ""("": syntax error",SELECT s.OpenDate FROM schools s WHERE s.Enrollment (K-12) = (SELECT MAX(s2.Enrollment (K-12)) FROM schools s2),False,,SELECT T2.OpenDate FROM frpm AS T1 INNER JOIN schools AS T2 ON T1.CDSCode = T2.CDSCode ORDER BY T1.`Enrollment (K-12)` DESC LIMIT 1,131,True,Hrida-T2SQL,1,1,When did the first-through-twelfth-grade school with the largest enrollment open?,81,ea,bird_29,results/raw/Hrida-T2SQL_bird_ea_20260326_161551.jsonl
False,bird,[false],california_schools,data/bird/dev_databases/california_schools/california_schools.sqlite,challenging,False,"full name means first name, last name; There are at most 3 administrators for each school; SAT Scores are greater or equal to 1500 refers to NumGE1500",False,no such column: School,"SELECT s.FullName FROM schools s JOIN (SELECT School, MAX(NumGE1500) as MaxScore FROM satscores GROUP BY School) sc ON s.School = sc.School WHERE NumGE1500 IS NOT NULL AND NumGE1500 >= 1500",False,,"SELECT T2.AdmFName1, T2.AdmLName1, T2.AdmFName2, T2.AdmLName2, T2.AdmFName3, T2.AdmLName3 FROM satscores AS T1 INNER JOIN schools AS T2 ON T1.cds = T2.CDSCode ORDER BY T1.NumGE1500 DESC LIMIT 1",193,True,Hrida-T2SQL,1,1,Under whose administration is the school with the highest number of students scoring 1500 or more on the SAT? Indicate their full names.,136,ea,bird_36,results/raw/Hrida-T2SQL_bird_ea_20260326_161551.jsonl
False,bird,[false],california_schools,data/bird/dev_databases/california_schools/california_schools.sqlite,simple,False,,False,no such column: school_name,"SELECT s.Phone FROM schools s JOIN (SELECT school_name, MAX(AvgScrMath) as MaxScore FROM satscores GROUP BY school_name) sc ON s.School = sc.school_name WHERE s.Phone IS NOT NULL AND s.StatusType = 'Public'",False,,SELECT T1.Phone FROM schools AS T1 INNER JOIN satscores AS T2 ON T1.CDSCode = T2.cds ORDER BY T2.AvgScrMath DESC LIMIT 1,120,True,Hrida-T2SQL,1,1,What is the phone number of the school that has the highest average score in Math?,82,ea,bird_19,results/raw/Hrida-T2SQL_bird_ea_20260326_161551.jsonl
False,bird,[false],california_schools,data/bird/dev_databases/california_schools/california_schools.sqlite,moderate,False,Average score for all subjects can be computed by AvgScrMath + AvgScrRead + AvgScrWrite,False,"near ""?"": syntax error","?>   SELECT s.County, AVG(scores.AvgScrMath) as AvgMathScore FROM schools s JOIN satscores scores ON s.CDSCode = scores.cds GROUP BY s.County ORDER BY AvgMathScore ASC LIMIT 1; ?<@",False,,"SELECT T1.AvgScrMath, T2.County FROM satscores AS T1 INNER JOIN schools AS T2 ON T1.cds = T2.CDSCode WHERE T1.AvgScrMath IS NOT NULL ORDER BY T1.AvgScrMath + T1.AvgScrRead + T1.AvgScrWrite ASC LIMIT 1",200,True,Hrida-T2SQL,1,1,"What is the average math score of the school with the lowest average score for all subjects, and in which county is it located?",127,ea,bird_43,results/raw/Hrida-T2SQL_bird_ea_20260326_161551.jsonl
False,bird,[false],california_schools,data/bird/dev_databases/california_schools/california_schools.sqlite,simple,False,,False,,SELECT COUNT(*) FROM schools s JOIN satscores sc ON s.CDSCode = sc.cds WHERE sc.AvgScrMath > 560 AND s.Charter = 1,True,,SELECT COUNT(T2.`School Code`) FROM satscores AS T1 INNER JOIN frpm AS T2 ON T1.cds = T2.CDSCode WHERE T1.AvgScrMath > 560 AND T2.`Charter Funding Type` = 'Directly funded',172,True,Hrida-T2SQL,1,1,"Among the schools with the average score in Math over 560 in the SAT test, how many schools are directly charter-funded?",120,ea,bird_9,results/raw/Hrida-T2SQL_bird_ea_20260326_161551.jsonl
False,bird,[false],california_schools,data/bird/dev_databases/california_schools/california_schools.sqlite,simple,False,Exclusively virtual refers to Virtual = 'F',False,,SELECT COUNT(*) FROM schools s JOIN satscores sc ON s.CDSCode = sc.cds WHERE sc.AvgScrMath > 400 AND s.Virtual = 'Y' GROUP BY s.CDSCode,True,,SELECT COUNT(DISTINCT T2.School) FROM satscores AS T1 INNER JOIN schools AS T2 ON T1.cds = T2.CDSCode WHERE T2.Virtual = 'F' AND T1.AvgScrMath > 400,148,True,Hrida-T2SQL,1,1,How many schools with an average score in Math greater than 400 in the SAT test are exclusively virtual?,104,ea,bird_5,results/raw/Hrida-T2SQL_bird_ea_20260326_161551.jsonl
False,bird,[false],california_schools,data/bird/dev_databases/california_schools/california_schools.sqlite,simple,False,,False,no such column: AvgScrWrite,"SELECT s.City FROM schools s JOIN (SELECT cds, MAX(NumTstTakr) as MaxTesters FROM satscores GROUP BY cds) t ON s.CDSCode = t.cds WHERE AvgScrWrite > 1500 AND NumTstTakr >= 1500",False,,"SELECT T1.AvgScrWrite, T2.City FROM satscores AS T1 INNER JOIN schools AS T2 ON T1.cds = T2.CDSCode ORDER BY T1.NumGE1500 DESC LIMIT 1",134,True,Hrida-T2SQL,1,1,What is the average writing score of the school who has the highest number of test takers whose total SAT sscores are greater or equal to 1500? Indicate the city to where the school is situated.,194,ea,bird_44,results/raw/Hrida-T2SQL_bird_ea_20260326_161551.jsonl
False,bird,[false],california_schools,data/bird/dev_databases/california_schools/california_schools.sqlite,simple,False,,False,no such column: s.SchoolType,SELECT s.SchoolType FROM schools s JOIN (SELECT MAX(AvgScrMath) AS MaxScore FROM satscores) max_scores ON s.AvgScrMath = max_scores.MaxScore,False,,SELECT T2.EdOpsName FROM satscores AS T1 INNER JOIN schools AS T2 ON T1.cds = T2.CDSCode ORDER BY T1.AvgScrMath DESC LIMIT 1,124,True,Hrida-T2SQL,1,1,What is the type of education offered in the school who scored the highest average in Math?,91,ea,bird_42,results/raw/Hrida-T2SQL_bird_ea_20260326_161551.jsonl
False,bird,[false],california_schools,data/bird/dev_databases/california_schools/california_schools.sqlite,simple,False,Excellence rate = NumGE1500 / NumTstTakr,False,no such column: SchoolName,"SELECT s.Phone FROM schools s JOIN (SELECT SchoolName, MAX(AvgScrRead) as MaxScore FROM satscores GROUP BY SchoolName ORDER BY MaxScore DESC LIMIT 3) top_scores ON s.School = top_scores.SchoolName",False,,SELECT T1.Phone FROM schools AS T1 INNER JOIN satscores AS T2 ON T1.CDSCode = T2.cds ORDER BY CAST(T2.NumGE1500 AS REAL) / T2.NumTstTakr DESC LIMIT 3,149,True,Hrida-T2SQL,1,1,Please list the phone numbers of the schools with the top 3 SAT excellence rate.,80,ea,bird_13,results/raw/Hrida-T2SQL_bird_ea_20260326_161551.jsonl
False,bird,[false],california_schools,data/bird/dev_databases/california_schools/california_schools.sqlite,moderate,False,Charted school means `Charter School (Y/N)` = 1 in the table frpm; Students enrolled in grades 1 through 12 refers to `Enrollment (K-12)`,False,"near ""ALL"": syntax error",SELECT s.AdmEmail FROM schools s JOIN frpm f ON s.CDSCode = f.CDSCode WHERE f.CharterSchool = 1 AND (s.Enrollment_K-12 < ALL (SELECT Enrollment_K-12 FROM schools)) GROUP BY s.AdmEmail LIMIT 1,False,,SELECT T2.AdmEmail1 FROM frpm AS T1 INNER JOIN schools AS T2 ON T1.CDSCode = T2.CDSCode WHERE T1.`Charter School (Y/N)` = 1 ORDER BY T1.`Enrollment (K-12)` ASC LIMIT 1,167,True,Hrida-T2SQL,1,1,What is the administrator's email address of the chartered school with the fewest students enrolled in grades 1 through 12?,123,ea,bird_35,results/raw/Hrida-T2SQL_bird_ea_20260326_161551.jsonl
False,bird,[false],california_schools,data/bird/dev_databases/california_schools/california_schools.sqlite,simple,False,,False,no such column: s.DistrictName,SELECT s.DistrictName FROM schools s JOIN satscores sc ON s.CDSCode = sc.cds WHERE s.StatusType = 'Active' AND sc.rtype = 'Reading' GROUP BY s.DistrictName ORDER BY AVG(sc.AvgScrRead) DESC LIMIT 1,False,,SELECT T1.District FROM schools AS T1 INNER JOIN satscores AS T2 ON T1.CDSCode = T2.cds WHERE T1.StatusType = 'Active' ORDER BY T2.AvgScrRead DESC LIMIT 1,154,True,Hrida-T2SQL,1,1,Which active district has the highest average score in Reading?,63,ea,bird_15,results/raw/Hrida-T2SQL_bird_ea_20260326_161551.jsonl
False,bird,[false],california_schools,data/bird/dev_databases/california_schools/california_schools.sqlite,moderate,False,Eligible free rates for students aged 5-17 = `Free Meal Count (Ages 5-17)` / `Enrollment (Ages 5-17)`,False,no such column: schools.AgeRange,SELECT satscores.AvgScrRead FROM schools INNER JOIN satscores ON schools.CDSCode = satscores.cds WHERE schools.AdmFName1 = 'Kacey Gibson' AND schools.AdmLName1 = 'Gibson' AND schools.AgeRange BETWEEN 5 AND 17,False,,SELECT CAST(T2.`Free Meal Count (Ages 5-17)` AS REAL) / T2.`Enrollment (Ages 5-17)` FROM schools AS T1 INNER JOIN frpm AS T2 ON T1.CDSCode = T2.CDSCode WHERE T1.AdmFName1 = 'Kacey' AND T1.AdmLName1 = 'Gibson',208,True,Hrida-T2SQL,1,1,What is the free rate for students between the ages of 5 and 17 at the school run by Kacey Gibson?,98,ea,bird_34,results/raw/Hrida-T2SQL_bird_ea_20260326_161551.jsonl
False,bird,[false],california_schools,data/bird/dev_databases/california_schools/california_schools.sqlite,moderate,False,grades 1-12 means K-12; Eligible free or reduced price meal rate for K-12 = `FRPM Count (K-12)` / `Enrollment (K-12)`,False,no such column: s.HighGrade,"SELECT s.CDSCode AS School_Code, AVG(satscores.AvgScrRead) AS Avg_Reading_Score FROM schools s JOIN satscores ON s.CDSCode = s.cds WHERE s.County = '66' AND (s.LowGrade IS NOT NULL OR s.HighGrade IS NOT NULL) GROUP BY s.CDSCode ORDER BY Avg_Reading_Score DESC LIMIT 5",False,,SELECT CAST(T1.`FRPM Count (K-12)` AS REAL) / T1.`Enrollment (K-12)` FROM frpm AS T1 INNER JOIN schools AS T2 ON T1.CDSCode = T2.CDSCode WHERE T2.SOC = 66 ORDER BY T1.`FRPM Count (K-12)` DESC LIMIT 5,199,True,Hrida-T2SQL,1,1,What is the eligible free or reduced price meal rate for the top 5 schools in grades 1-12 with the highest free or reduced price meal count of the schools with the ownership code 66?,182,ea,bird_32,results/raw/Hrida-T2SQL_bird_ea_20260326_161551.jsonl
False,bird,[false],california_schools,data/bird/dev_databases/california_schools/california_schools.sqlite,moderate,False,Fresno Unified is a name of district;,False,no such column: school_name,"SELECT s.Telephone FROM schools s JOIN (SELECT school_name, MIN(AvgScrRead) AS MinScore FROM satscores GROUP BY school_name) sc ON s.School = sc.school_name WHERE s.County = 'Fresno' AND s.DistrictType = 'Unified'",False,,SELECT T2.Phone FROM satscores AS T1 INNER JOIN schools AS T2 ON T1.cds = T2.CDSCode WHERE T2.District = 'Fresno Unified' AND T1.AvgScrRead IS NOT NULL ORDER BY T1.AvgScrRead ASC LIMIT 1,186,True,Hrida-T2SQL,1,1,What is the telephone number for the school with the lowest average score in reading in Fresno Unified?,103,ea,bird_40,results/raw/Hrida-T2SQL_bird_ea_20260326_161551.jsonl
False,bird,[false],california_schools,data/bird/dev_databases/california_schools/california_schools.sqlite,simple,False,Exclusively virtual refers to Virtual = 'F'; respective counties means PARTITION BY County,False,no such column: SchoolCode,"SELECT s.SchoolName FROM schools s JOIN (SELECT SchoolCode, AVG(AvgScrRead) as AvgScore FROM satscores GROUP BY SchoolCode ORDER BY AvgScore DESC LIMIT 5) top_scores ON s.CDSCode = top_scores.SchoolCode WHERE s.Virtual = 'Y' AND s.County IS NOT NULL",False,,"SELECT School FROM (SELECT T2.School,T1.AvgScrRead, RANK() OVER (PARTITION BY T2.County ORDER BY T1.AvgScrRead DESC) AS rnk FROM satscores AS T1 INNER JOIN schools AS T2 ON T1.cds = T2.CDSCode WHERE T2.Virtual = 'F' ) ranked_schools WHERE rnk <= 5",247,True,Hrida-T2SQL,1,1,List the names of virtual schools that are among the top 5 in their respective counties based on average reading scores.,120,ea,bird_41,results/raw/Hrida-T2SQL_bird_ea_20260326_161551.jsonl
False,bird,[false],california_schools,data/bird/dev_databases/california_schools/california_schools.sqlite,moderate,False,Diffrence in enrollement = `Enrollment (K-12)` - `Enrollment (Ages 5-17)`,False,"unrecognized token: ""{""","{""sql"": ""?>   SELECT s.SchoolName, s.Street FROM schools s INNER JOIN (SELECT SchoolCode, ABS(MAX(EnrollmentK12) - MAX(Enrollment56)) AS EnrollementDifference FROM satscores GROUP BY SchoolCode HAVING EnrollementDifference > 30) as sd ON s.CDSCode = sd.SchoolCode;   ?</syntaxhighlight>",False,,"SELECT T1.School, T1.Street FROM schools AS T1 INNER JOIN frpm AS T2 ON T1.CDSCode = T2.CDSCode WHERE T2.`Enrollment (K-12)` - T2.`Enrollment (Ages 5-17)` > 30",159,True,Hrida-T2SQL,1,1,List the names of schools with more than 30 difference in enrollements between K-12 and ages 5-17? Please also give the full street adress of the schools.,154,ea,bird_23,results/raw/Hrida-T2SQL_bird_ea_20260326_161551.jsonl
False,bird,[false],california_schools,data/bird/dev_databases/california_schools/california_schools.sqlite,challenging,False,Difference between K-12 enrollment and 15-17 enrollment can be computed by `Enrollment (K-12)` - `Enrollment (Ages 5-17)`,False,no such column: s12.Enrollment,"SELECT s.School, s.DOCType FROM schools s JOIN (SELECT AVG(s12.Enrollment - s17.NumTstTakr) AS AvgDiff FROM schools s12 JOIN schools s17 ON s12.CDSCode = s17.CDSCode WHERE s12.FundingType = 'Local' AND s17.FundingType = 'Local') avg_diff ON (s.Enrollment - s.NumTstTakr) > avg_diff.AvgDiff",False,,"SELECT T2.School, T2.DOC FROM frpm AS T1 INNER JOIN schools AS T2 ON T1.CDSCode = T2.CDSCode WHERE T2.FundingType = 'Locally funded' AND (T1.`Enrollment (K-12)` - T1.`Enrollment (Ages 5-17)`) > (SELECT AVG(T3.`Enrollment (K-12)` - T3.`Enrollment (Ages 5-17)`) FROM frpm AS T3 INNER JOIN schools AS T4 ON T3.CDSCode = T4.CDSCode WHERE T4.FundingType = 'Locally funded')",368,True,Hrida-T2SQL,1,1,"Consider the average difference between K-12 enrollment and 15-17 enrollment of schools that are locally funded, list the names and DOC type of schools which has a difference above this average.",194,ea,bird_28,results/raw/Hrida-T2SQL_bird_ea_20260326_161551.jsonl
False,bird,[false],california_schools,data/bird/dev_databases/california_schools/california_schools.sqlite,simple,False,Total enrollment can be represented by `Enrollment (K-12)` + `Enrollment (Ages 5-17)`,False,no such column: s.Enroll12,SELECT s.CDSCode FROM schools s WHERE s.Enroll12 > 500,False,,SELECT T2.CDSCode FROM schools AS T1 INNER JOIN frpm AS T2 ON T1.CDSCode = T2.CDSCode WHERE T2.`Enrollment (K-12)` + T2.`Enrollment (Ages 5-17)` > 500,150,True,Hrida-T2SQL,1,1,Please list the codes of the schools with a total enrollment of over 500.,73,ea,bird_11,results/raw/Hrida-T2SQL_bird_ea_20260326_161551.jsonl
False,bird,[false],california_schools,data/bird/dev_databases/california_schools/california_schools.sqlite,simple,False,between 1/1/1980 and 12/31/1980 means the year = 1980,False,no such column: schools.CountyName,SELECT AVG(satscores.NumTstTakr) FROM satscores JOIN schools ON satscores.cds = schools.CDSCode WHERE schools.CountyName = 'Fresno' AND schools.OpenDate BETWEEN '1980-01-01' AND '1980-12-31' GROUP BY schools.School,False,,"SELECT AVG(T1.NumTstTakr) FROM satscores AS T1 INNER JOIN schools AS T2 ON T1.cds = T2.CDSCode WHERE strftime('%Y', T2.OpenDate) = '1980' AND T2.County = 'Fresno'",162,True,Hrida-T2SQL,1,1,What is the average number of test takers from Fresno schools that opened between 1/1/1980 and 12/31/1980?,106,ea,bird_39,results/raw/Hrida-T2SQL_bird_ea_20260326_161551.jsonl
False,bird,[false],california_schools,data/bird/dev_databases/california_schools/california_schools.sqlite,simple,False,K-12 refers to students in grades 1 through 12.,False,no such column: f.LowGrade,SELECT s.City FROM schools s JOIN frpm f ON s.CDSCode = f.CDSCode WHERE f.LowGrade <= 12 AND f.HighGrade >= 5 GROUP BY s.City ORDER BY SUM(f.Enrollment) ASC LIMIT 5,False,,SELECT T2.City FROM frpm AS T1 INNER JOIN schools AS T2 ON T1.CDSCode = T2.CDSCode GROUP BY T2.City ORDER BY SUM(T1.`Enrollment (K-12)`) ASC LIMIT 5,148,True,Hrida-T2SQL,1,1,Which cities have the top 5 lowest enrollment number for students in grades 1 through 12?,89,ea,bird_30,results/raw/Hrida-T2SQL_bird_ea_20260326_161551.jsonl
True,bird,[true],california_schools,data/bird/dev_databases/california_schools/california_schools.sqlite,simple,False,,True,,SELECT s.Website FROM schools s JOIN satscores sc ON s.CDSCode = sc.cds WHERE s.County = 'Los Angeles' AND sc.NumTstTakr BETWEEN 2000 AND 3000,True,,SELECT T2.Website FROM satscores AS T1 INNER JOIN schools AS T2 ON T1.cds = T2.CDSCode WHERE T1.NumTstTakr BETWEEN 2000 AND 3000 AND T2.County = 'Los Angeles',158,True,Hrida-T2SQL,1,1,"What are the webpages for the Los Angeles County school that has between 2,000 and 3,000 test takers?",101,ea,bird_38,results/raw/Hrida-T2SQL_bird_ea_20260326_161551.jsonl
False,bird,[false],california_schools,data/bird/dev_databases/california_schools/california_schools.sqlite,simple,False,Postal street and mailing street are synonyms.,False,no such column: School,"SELECT s.School FROM schools s JOIN (SELECT School, ROW_NUMBER() OVER (ORDER BY AvgScrMath DESC) AS rn FROM satscores WHERE rtype = 'Math') t ON s.CDSCode = t.School ORDER BY t.rn LIMIT 1",False,,"SELECT T2.MailStreet, T2.School FROM satscores AS T1 INNER JOIN schools AS T2 ON T1.cds = T2.CDSCode ORDER BY T1.AvgScrMath DESC LIMIT 6, 1",139,True,Hrida-T2SQL,1,1,What is the postal street address for the school with the 7th highest Math average? Indicate the school's name.,111,ea,bird_50,results/raw/Hrida-T2SQL_bird_ea_20260326_161551.jsonl
False,bird,[false],california_schools,data/bird/dev_databases/california_schools/california_schools.sqlite,simple,False,,False,no such column: school_name,"SELECT s.School, s.Street FROM schools s INNER JOIN (SELECT school_name, MIN(AvgScrRead) as min_avg_score FROM satscores GROUP BY school_name) sc ON s.school_name = sc.school_name WHERE AvgScrRead = sc.min_avg_score",False,,"SELECT T2.MailStreet, T2.School FROM satscores AS T1 INNER JOIN schools AS T2 ON T1.cds = T2.CDSCode WHERE T1.AvgScrRead IS NOT NULL ORDER BY T1.AvgScrRead ASC LIMIT 1",167,True,Hrida-T2SQL,1,1,In which mailing street address can you find the school that has the lowest average score in reading? Also give the school's name.,130,ea,bird_51,results/raw/Hrida-T2SQL_bird_ea_20260326_161551.jsonl
False,bird,[false],california_schools,data/bird/dev_databases/california_schools/california_schools.sqlite,simple,False,,False,,"SELECT s.Phone, s.Ext FROM schools s INNER JOIN (SELECT cds, ROW_NUMBER() OVER (ORDER BY AvgScrWrite DESC) as rn FROM satscores WHERE rtype = 'Writing') t ON s.CDSCode = t.cds WHERE t.rn = 333",True,,"SELECT T2.Phone, T2.Ext FROM satscores AS T1 INNER JOIN schools AS T2 ON T1.cds = T2.CDSCode ORDER BY T1.AvgScrWrite DESC LIMIT 332, 1",134,True,Hrida-T2SQL,1,1,What is the phone number and extension number for the school that had the 333rd highest average writing score?,110,ea,bird_57,results/raw/Hrida-T2SQL_bird_ea_20260326_161551.jsonl
False,bird,[false],california_schools,data/bird/dev_databases/california_schools/california_schools.sqlite,moderate,False,Elementary School District refers to DOC = 52; Unified School District refers to DOC = 54.,False,no such column: DistrictType,"SELECT COUNT(*) FROM schools WHERE County = 'Orange' AND DistrictType IN ('Unified School District', 'Elementary School District') GROUP BY DistrictType; WITH a AS (SELECT * FROM schools WHERE County = 'Orange' AND DistrictType = 'Unified School District'), b AS (SELECT * FROM schools WHERE County = 'Orange' AND DistrictType = 'Elementary School District') SELECT COUNT(*) / NULLIF((SELECT COUNT(*) FROM a), 0) as ratio FROM b",False,,SELECT CAST(SUM(CASE WHEN DOC = 54 THEN 1 ELSE 0 END) AS REAL) / SUM(CASE WHEN DOC = 52 THEN 1 ELSE 0 END) FROM schools WHERE StatusType = 'Merged' AND County = 'Orange',169,True,Hrida-T2SQL,1,1,What is the ratio of merged Unified School District schools in Orange County to merged Elementary School District schools?,122,ea,bird_48,results/raw/Hrida-T2SQL_bird_ea_20260326_161551.jsonl
False,bird,[false],california_schools,data/bird/dev_databases/california_schools/california_schools.sqlite,challenging,False,non-chartered schools refer to schools whose Charter = 0; K-12 means grades 1 through 12; percent of eligible free rate for K-12 = `Free Meal Count (K-12)` * 100 / `Enrollment (K-12)`,False,"near ""%"": syntax error",SELECT COUNT(*) FROM frpm WHERE County = 'Los Angeles' AND Percent (%) Eligible Free (K-12) < 0.18,False,,SELECT COUNT(T2.School) FROM frpm AS T1 INNER JOIN schools AS T2 ON T1.CDSCode = T2.CDSCode WHERE T2.County = 'Los Angeles' AND T2.Charter = 0 AND CAST(T1.`Free Meal Count (K-12)` AS REAL) * 100 / T1.`Enrollment (K-12)` < 0.18,226,True,Hrida-T2SQL,1,1,What is the total number of non-chartered schools in the county of Los Angeles with a percent (%) of eligible free meals for grades 1 through 12 that is less than 0.18%?,169,ea,bird_62,results/raw/Hrida-T2SQL_bird_ea_20260326_161551.jsonl
False,bird,[false],california_schools,data/bird/dev_databases/california_schools/california_schools.sqlite,moderate,False,Elementary School District refers to DOC = 52; Monthly average number of schools that opened in 1980 = count(schools that opened in 1980) / 12,False,no such column: Enrollment,SELECT AVG(Enrollment) FROM schools WHERE County = 'Alameda' AND DistrictType = 'Elementary School District' AND OpenDate BETWEEN '1980-01-01' AND '1980-12-31' GROUP BY MONTH(OpenDate),False,,"SELECT CAST(COUNT(School) AS REAL) / 12 FROM schools WHERE DOC = 52 AND County = 'Alameda' AND strftime('%Y', OpenDate) = '1980'",128,True,Hrida-T2SQL,1,1,What is the monthly average number of schools that opened in Alameda County under the jurisdiction of the Elementary School District in 1980?,141,ea,bird_47,results/raw/Hrida-T2SQL_bird_ea_20260326_161551.jsonl
False,bird,[false],california_schools,data/bird/dev_databases/california_schools/california_schools.sqlite,simple,False,State Special Schools refers to DOC = 31; Grades 1 through 12 means K-12,False,no such column: f.LowGrade,SELECT s.State FROM schools s JOIN frpm f ON s.CDSCode = f.CDSCode WHERE f.LowGrade <= 12 AND f.HighGrade >= 1 GROUP BY s.State ORDER BY SUM(f.Enrollment) DESC LIMIT 5,False,,SELECT T2.School FROM frpm AS T1 INNER JOIN schools AS T2 ON T1.CDSCode = T2.CDSCode WHERE T2.DOC = 31 ORDER BY T1.`Enrollment (K-12)` DESC LIMIT 1,147,True,Hrida-T2SQL,1,1,Which state special schools have the highest number of enrollees from grades 1 through 12?,90,ea,bird_46,results/raw/Hrida-T2SQL_bird_ea_20260326_161551.jsonl
False,bird,[false],california_schools,data/bird/dev_databases/california_schools/california_schools.sqlite,simple,False,"Chartered schools refer to Charter = 1 in the table schools; Full name refers to first name, last name",False,no such table: charter_schools,"SELECT s.SchoolName, s.City FROM schools s JOIN charter_schools cs ON s.CDSCode = cs.CDSCode WHERE cs.CharterNum = '00D2' AND cs.CharterType = 1",False,,"SELECT AdmFName1, AdmLName1, School, City FROM schools WHERE Charter = 1 AND CharterNum = '00D2'",96,True,Hrida-T2SQL,1,1,"In chartered schools with charter number 00D2, what are the names of all the administrators? Include the name of the school and the city to which it belongs",156,ea,bird_63,results/raw/Hrida-T2SQL_bird_ea_20260326_161551.jsonl
False,bird,[false],california_schools,data/bird/dev_databases/california_schools/california_schools.sqlite,moderate,False,Communication number refers to phone number.,False,no such column: s.SchoolName,"SELECT s.SchoolName, AVG(scs.AvgScrWrite) as AvgWritingScore FROM schools s JOIN satscores scs ON s.CDSCode = scs.cds WHERE (s.OpenDate > '1991-01-01' OR s.ClosedDate < '2000-01-01') GROUP BY s.SchoolName",False,,"SELECT T2.School, T1.AvgScrWrite, T2.Phone FROM schools AS T2 LEFT JOIN satscores AS T1 ON T2.CDSCode = T1.cds WHERE strftime('%Y', T2.OpenDate) > '1991' OR strftime('%Y', T2.ClosedDate) < '2000'",195,True,Hrida-T2SQL,1,1,"What is the average score in writing for the schools that were opened after 1991 or closed before 2000? List the school names along with the score. Also, list the communication number of the schools if there is any.",215,ea,bird_27,results/raw/Hrida-T2SQL_bird_ea_20260326_161551.jsonl
False,bird,[false],california_schools,data/bird/dev_databases/california_schools/california_schools.sqlite,simple,False,,False,,SELECT COUNT(*) FROM satscores WHERE dname = 'Fresno' GROUP BY cds,True,,SELECT T1.NumTstTakr FROM satscores AS T1 INNER JOIN schools AS T2 ON T1.cds = T2.CDSCode WHERE T2.MailCity = 'Fresno',118,True,Hrida-T2SQL,1,1,How many test takers are there at the school/s whose mailing city address is in Fresno?,87,ea,bird_53,results/raw/Hrida-T2SQL_bird_ea_20260326_161551.jsonl
False,bird,[false],california_schools,data/bird/dev_databases/california_schools/california_schools.sqlite,moderate,False,"Usually, administrators manage the school stuff.",False,no such column: s.SchoolName,"SELECT s.SchoolName, AVG(satscores.AvgScrWrite) as AvgWritingScore FROM schools s JOIN satscores ON s.CDSCode = satscores.cds WHERE s.StatusType = 'Ricci Ulrich' GROUP BY s.SchoolName",False,,"SELECT T2.School, T1.AvgScrWrite FROM satscores AS T1 INNER JOIN schools AS T2 ON T1.cds = T2.CDSCode WHERE T2.AdmFName1 = 'Ricci' AND T2.AdmLName1 = 'Ulrich'",158,True,Hrida-T2SQL,1,1,What is the average writing score of each of the schools managed by Ricci Ulrich? List the schools and the corresponding average writing scores.,144,ea,bird_45,results/raw/Hrida-T2SQL_bird_ea_20260326_161551.jsonl
False,bird,[false],california_schools,data/bird/dev_databases/california_schools/california_schools.sqlite,moderate,False,Ratio in percentage = (count(locally funded schools in Santa Clara) / count(all funding type schools in Santa Clara) * 100%,False,,SELECT (COUNT(*) FILTER (WHERE FundingType = 'Local') * 100.0 / COUNT(*)) AS ratio FROM schools WHERE County = 'Santa Clara' AND CharterNum IS NULL,True,,SELECT CAST(SUM(CASE WHEN FundingType = 'Locally funded' THEN 1 ELSE 0 END) AS REAL) * 100 / SUM(CASE WHEN FundingType != 'Locally funded' THEN 1 ELSE 0 END) FROM schools WHERE County = 'Santa Clara' AND Charter = 1,215,True,Hrida-T2SQL,1,1,What is the ratio in percentage of Santa Clara County schools that are locally funded compared to all other types of charter school funding?,140,ea,bird_65,results/raw/Hrida-T2SQL_bird_ea_20260326_161551.jsonl
False,bird,[false],california_schools,data/bird/dev_databases/california_schools/california_schools.sqlite,simple,False,,False,no such column: SchoolName,SELECT COUNT(*) FROM schools WHERE City = 'San Francisco' AND ClosedDate BETWEEN '1989-01-01' AND '1989-12-31' AND StatusType = 'Community College District' GROUP BY SchoolName,False,,"SELECT COUNT(School) FROM schools WHERE strftime('%Y', ClosedDate) = '1989' AND City = 'San Francisco' AND DOCType = 'Community College District'",145,True,Hrida-T2SQL,1,1,What is the total amount of Community College District closure in 1989 in the city of San Francisco?,100,ea,bird_67,results/raw/Hrida-T2SQL_bird_ea_20260326_161551.jsonl
False,bird,[false],california_schools,data/bird/dev_databases/california_schools/california_schools.sqlite,simple,False,,False,,SELECT COUNT(*) FROM schools WHERE State = 'CA' AND City = 'San Joaquin' AND OpenDate IS NOT NULL AND ClosedDate IS NULL,True,,SELECT COUNT(CDSCode) FROM schools WHERE City = 'San Joaquin' AND MailState = 'CA' AND StatusType = 'Active',108,True,Hrida-T2SQL,1,1,"Of all the schools with a mailing state address in California, how many are active in San Joaquin city?",103,ea,bird_56,results/raw/Hrida-T2SQL_bird_ea_20260326_161551.jsonl
False,bird,[false],california_schools,data/bird/dev_databases/california_schools/california_schools.sqlite,simple,False,,False,no such column: s.SchoolName,SELECT s.SchoolName FROM frpm p JOIN schools s ON p.CDSCode = s.CDSCode WHERE p.FreeMealCount >= 2 AND p.CountyCode = '37' GROUP BY s.SchoolName,False,,"SELECT T2.EILName, T2.School FROM frpm AS T1 INNER JOIN schools AS T2 ON T1.CDSCode = T2.CDSCode WHERE T1.`NSLP Provision Status` = 'Breakfast Provision 2' AND T1.`County Code` = 37",181,True,Hrida-T2SQL,1,1,What is the educational level name for the schools with Breakfast Provision 2 in county code 37? Indicate the name of the school.,129,ea,bird_75,results/raw/Hrida-T2SQL_bird_ea_20260326_161551.jsonl
False,bird,[false],california_schools,data/bird/dev_databases/california_schools/california_schools.sqlite,simple,False,Elementary School District refers to DOC = 52; Chartered schools refer to Charter = 1 in the table schools,False,,SELECT COUNT(*) FROM schools WHERE Charter = 1 AND City = 'Hickman' AND StatusType = 'Elementary School District' GROUP BY CDSCode,True,,SELECT COUNT(School) FROM schools WHERE DOC = 52 AND Charter = 1 AND City = 'Hickman',85,True,Hrida-T2SQL,1,1,How many chartered schools located in the city of Hickman are owned by the Elementary School District?,102,ea,bird_61,results/raw/Hrida-T2SQL_bird_ea_20260326_161551.jsonl
False,bird,[false],california_schools,data/bird/dev_databases/california_schools/california_schools.sqlite,moderate,False,Closure date and closed date are synonyms; 'Closed' was mentioned in schools.StatusType.,False,"unrecognized token: ""{""","{""sql"": ""?>   SELECT s.County, COUNT(*) as ClosedSchoolsCount, GROUP_CONCAT(s.SchoolName ORDER BY s.ClosedDate DESC) as SchoolNames FROM schools s WHERE s.ClosedDate IS NOT NULL GROUP BY s.County ORDER BY ClosedSchoolsCount DESC;   <?",False,,"SELECT DISTINCT County, School, ClosedDate FROM schools WHERE County = ( SELECT County FROM schools WHERE StatusType = 'Closed' GROUP BY County ORDER BY COUNT(School) DESC LIMIT 1 ) AND StatusType = 'Closed' AND school IS NOT NULL",230,True,Hrida-T2SQL,1,1,Which different county has the most number of closed schools? Please provide the name of each school as well as the closure date.,129,ea,bird_49,results/raw/Hrida-T2SQL_bird_ea_20260326_161551.jsonl
False,bird,[false],california_schools,data/bird/dev_databases/california_schools/california_schools.sqlite,moderate,False,High school can be represented as EILCode = 'HS',False,"unrecognized token: ""}""",SELECT s.City FROM schools s JOIN frpm f ON s.CDSCode = f.CDSCode WHERE f.LowGrade = 9 AND f.HighGrade = 12 AND f.NSLPProvisionStatus = 'Yes' AND f.CountyName = 'Merced'},False,,SELECT T2.City FROM frpm AS T1 INNER JOIN schools AS T2 ON T1.CDSCode = T2.CDSCode WHERE T1.`NSLP Provision Status` = 'Lunch Provision 2' AND T2.County = 'Merced' AND T1.`Low Grade` = 9 AND T1.`High Grade` = 12 AND T2.EILCode = 'HS',232,True,Hrida-T2SQL,1,1,What is the city location of the high school level school with Lunch Provision 2 whose lowest grade is 9 and the highest grade is 12 in the county of Merced?,157,ea,bird_76,results/raw/Hrida-T2SQL_bird_ea_20260326_161551.jsonl
False,bird,[false],california_schools,data/bird/dev_databases/california_schools/california_schools.sqlite,simple,False,,False,no such column: sc.Zip,"SELECT s.CDSCode AS School, sc.Zip FROM schools s JOIN satscores sc ON s.CDSCode = sc.cds WHERE s.AdministratorName = 'Avetik Atoian' AND s.StatusType = 'Public' GROUP BY s.CDSCode, sc.Zip",False,,"SELECT School, MailZip FROM schools WHERE AdmFName1 = 'Avetik' AND AdmLName1 = 'Atoian'",87,True,Hrida-T2SQL,1,1,Please specify all of the schools and their related mailing zip codes that are under Avetik Atoian's administration.,116,ea,bird_54,results/raw/Hrida-T2SQL_bird_ea_20260326_161551.jsonl
False,bird,[false],california_schools,data/bird/dev_databases/california_schools/california_schools.sqlite,simple,False,,False,no such column: SchoolName,SELECT COUNT(*) FROM schools WHERE MailCity = 'Hickman' AND CharterNum = '00D4' GROUP BY SchoolName,False,,SELECT COUNT(*) FROM schools WHERE CharterNum = '00D4' AND MailCity = 'Hickman',79,True,Hrida-T2SQL,1,1,What is the total number of schools with a mailing city in Hickman belonging to the charter number 00D4?,104,ea,bird_64,results/raw/Hrida-T2SQL_bird_ea_20260326_161551.jsonl
False,bird,[false],california_schools,data/bird/dev_databases/california_schools/california_schools.sqlite,moderate,False,Percent (%) Eligible FRPM (Ages 5-17) can be acquired by `FRPM Count (Ages 5-17)` / `Enrollment (Ages 5-17)` * 100,False,no such column: scs.PercentFRPM5to17,"SELECT s.CDSCode AS School, scs.PercentFRPM5to17 AS PercentEligibleFRPM FROM schools s JOIN satscores scs ON s.CDSCode = scs.cds WHERE s.CountyName = 'Los Angeles' AND (s.LowGrade = 'Kindergarten' OR s.HighGrade = '9th Grade') GROUP BY School HAVING PercentEligibleFRPM IS NOT NULL",False,,"SELECT T2.School, T1.`FRPM Count (Ages 5-17)` * 100 / T1.`Enrollment (Ages 5-17)` FROM frpm AS T1 INNER JOIN schools AS T2 ON T1.CDSCode = T2.CDSCode WHERE T2.County = 'Los Angeles' AND T2.GSserved = 'K-9'",205,True,Hrida-T2SQL,1,1,Which schools served a grade span of Kindergarten to 9th grade in the county of Los Angeles and what is its Percent (%) Eligible FRPM (Ages 5-17)?,146,ea,bird_77,results/raw/Hrida-T2SQL_bird_ea_20260326_161551.jsonl
False,bird,[false],california_schools,data/bird/dev_databases/california_schools/california_schools.sqlite,moderate,False,State Special School means EdOpsCode = 'SSS',False,no such column: OpenDate,SELECT COUNT(*) FROM satscores WHERE cname = 'State Special School' AND dname = 'Fremont' AND enroll12 BETWEEN 5 AND 17 AND rtype = 'Ages 5-17' AND YEAR(OpenDate) = 2014 AND MONTH(OpenDate) <= 6,False,,SELECT T1.`Enrollment (Ages 5-17)` FROM frpm AS T1 INNER JOIN schools AS T2 ON T1.CDSCode = T2.CDSCode WHERE T2.EdOpsCode = 'SSS' AND T2.City = 'Fremont' AND T1.`Academic Year` BETWEEN 2014 AND 2015,198,True,Hrida-T2SQL,1,1,How many students from the ages of 5 to 17 are enrolled at the State Special School school in Fremont for the 2014-2015 academic year?,134,ea,bird_72,results/raw/Hrida-T2SQL_bird_ea_20260326_161551.jsonl
False,bird,[false],california_schools,data/bird/dev_databases/california_schools/california_schools.sqlite,simple,False,,False,no such table: youthauthorityschools,SELECT yt.FRPMCount_Ages5to17 FROM youthauthorityschools ys JOIN satscores yt ON ys.CDSCode = yt.cds WHERE ys.MailStreet LIKE 'PO Box 1040' AND ys.StatusType = 'Youth Authority School',False,,SELECT T1.`FRPM Count (Ages 5-17)` FROM frpm AS T1 INNER JOIN schools AS T2 ON T1.CDSCode = T2.CDSCode WHERE T2.MailStreet = 'PO Box 1040' AND T2.SOCType = 'Youth Authority Facilities',184,True,Hrida-T2SQL,1,1,What is the free or reduced price meal count for ages 5 to 17 in the Youth Authority School with a mailing street address of PO Box 1040?,137,ea,bird_73,results/raw/Hrida-T2SQL_bird_ea_20260326_161551.jsonl
False,bird,[false],california_schools,data/bird/dev_databases/california_schools/california_schools.sqlite,simple,False,,False,,SELECT s.Website FROM schools s WHERE (s.AdmFName1 = 'Mike Larson' AND s.AdmLName1 = 'Larson') OR (s.AdmFName2 = 'Dante Alvarez' AND s.AdmLName2 = 'Alvarez'),True,,SELECT Website FROM schools WHERE (AdmFName1 = 'Mike' AND AdmLName1 = 'Larson') OR (AdmFName1 = 'Dante' AND AdmLName1 = 'Alvarez'),130,True,Hrida-T2SQL,1,1,What is the website for the schools under the administrations of Mike Larson and Dante Alvarez?,95,ea,bird_59,results/raw/Hrida-T2SQL_bird_ea_20260326_161551.jsonl
False,bird,[false],california_schools,data/bird/dev_databases/california_schools/california_schools.sqlite,simple,False,,False,,"SELECT Schools.Phone, Schools.Ext FROM schools WHERE Zip = '95203-3704' AND City = 'Phoenix' LIMIT 1",True,,"SELECT Phone, Ext, School FROM schools WHERE Zip = '95203-3704'",63,True,Hrida-T2SQL,1,1,What is the phone number and extension number for the school with the zip code 95203-3704? Indicate the school's name.,118,ea,bird_58,results/raw/Hrida-T2SQL_bird_ea_20260326_161551.jsonl
False,bird,[false],california_schools,data/bird/dev_databases/california_schools/california_schools.sqlite,simple,False,Total SAT scores can be computed by AvgScrRead + AvgScrMath + AvgScrWrite,False,,SELECT COUNT(*) FROM schools s JOIN satscores sc ON s.CDSCode = sc.cds WHERE sc.NumTstTakr >= 1500 AND s.City = 'Lakeport' GROUP BY s.CDSCode,True,,SELECT COUNT(T1.cds) FROM satscores AS T1 INNER JOIN schools AS T2 ON T1.cds = T2.CDSCode WHERE T2.MailCity = 'Lakeport' AND (T1.AvgScrRead + T1.AvgScrMath + T1.AvgScrWrite) >= 1500,181,True,Hrida-T2SQL,1,1,What is the total number of schools whose total SAT scores are greater or equal to 1500 whose mailing city is Lakeport?,119,ea,bird_52,results/raw/Hrida-T2SQL_bird_ea_20260326_161551.jsonl
False,bird,[false],california_schools,data/bird/dev_databases/california_schools/california_schools.sqlite,moderate,False,Ratio = count(schools in Colusa) / count(schools in Humboldt),False,,"SELECT COUNT(*) FROM schools WHERE State = 'CA' AND County IN ('Colusa', 'Humboldt') GROUP BY School",True,,SELECT CAST(SUM(CASE WHEN County = 'Colusa' THEN 1 ELSE 0 END) AS REAL) / SUM(CASE WHEN County = 'Humboldt' THEN 1 ELSE 0 END) FROM schools WHERE MailState = 'CA',162,True,Hrida-T2SQL,1,1,"Of the schools with a mailing state address in California, what is the ratio of the schools located in the county of Colusa against the school located in the county of Humboldt?",177,ea,bird_55,results/raw/Hrida-T2SQL_bird_ea_20260326_161551.jsonl
False,bird,[false],california_schools,data/bird/dev_databases/california_schools/california_schools.sqlite,simple,False,Virtual = 'P' means partially virtual; Charter schools refers to Charter = 1 in the table schools,False,no such column: f.CharterSchool,SELECT s.Website FROM schools s JOIN frpm f ON s.CDSCode = f.CDSCode WHERE f.CharterSchool = 1 AND f.CountyName LIKE 'San Joaquin%' GROUP BY s.Website,False,,SELECT Website FROM schools WHERE County = 'San Joaquin' AND Virtual = 'P' AND Charter = 1,90,True,Hrida-T2SQL,1,1,What are the websites for all the partially virtual chartered schools located in San Joaquin?,93,ea,bird_60,results/raw/Hrida-T2SQL_bird_ea_20260326_161551.jsonl
False,bird,[false],california_schools,data/bird/dev_databases/california_schools/california_schools.sqlite,moderate,False,District Special Education Consortia School refers to EdOpsCode = 'SPECON'.,False,no such column: s.LowGrade,SELECT s.LowGrade FROM schools s JOIN frpm f ON s.CDSCode = f.CDSCode WHERE f.DistrictType = 'Special Education Consortia' AND f.NCESDist = 0613360 LIMIT 1,False,,SELECT MIN(T1.`Low Grade`) FROM frpm AS T1 INNER JOIN schools AS T2 ON T1.CDSCode = T2.CDSCode WHERE T2.NCESDist = '0613360' AND T2.EdOpsCode = 'SPECON',152,True,Hrida-T2SQL,1,1,What is the lowest grade for the District Special Education Consortia School with National Center for Educational Statistics school district identification number of 0613360?,174,ea,bird_74,results/raw/Hrida-T2SQL_bird_ea_20260326_161551.jsonl
False,bird,[false],financial,data/bird/dev_databases/financial/financial.sqlite,simple,False,A3 contains the data of region,False,no such column: id,SELECT COUNT(*) FROM account WHERE district_id IN (SELECT id FROM district WHERE A2 = 'Prague') AND EXISTS (SELECT 1 FROM loan l JOIN account a ON l.account_id = a.account_id) GROUP BY account_id,False,,SELECT COUNT(T1.account_id) FROM account AS T1 INNER JOIN loan AS T2 ON T1.account_id = T2.account_id INNER JOIN district AS T3 ON T1.district_id = T3.district_id WHERE T3.A3 = 'Prague',185,True,Hrida-T2SQL,1,1,How many accounts who have region in Prague are eligible for loans?,67,ea,bird_90,results/raw/Hrida-T2SQL_bird_ea_20260326_161551.jsonl
False,bird,[false],california_schools,data/bird/dev_databases/california_schools/california_schools.sqlite,simple,False,,False,no such column: s.Name,"SELECT s.Name FROM schools s JOIN (SELECT cds, MAX(NumTstTakr) as MaxTesters FROM satscores GROUP BY cds) sc ON s.CDSCode = sc.cds WHERE s.StatusType = 'Public' AND s.NCESDist IS NOT NULL AND s.NCESSchool IS NOT NULL AND s.County IS NOT NULL AND s.District IS NOT NULL AND s.School IS NOT NULL AND s.Street IS NOT NULL AND sc.MaxTesters >= 1500",False,,"SELECT T2.AdmEmail1, T2.School FROM satscores AS T1 INNER JOIN schools AS T2 ON T1.cds = T2.CDSCode ORDER BY T1.NumGE1500 DESC LIMIT 1",134,True,Hrida-T2SQL,1,1,What is the administrator's email address for the school with the highest number of test takers who received SAT scores of at least 1500?Provide the name of the school.,168,ea,bird_88,results/raw/Hrida-T2SQL_bird_ea_20260326_161551.jsonl
False,bird,[false],financial,data/bird/dev_databases/financial/financial.sqlite,simple,False,A12 refers to unemploymant rate 1995; A13 refers to unemploymant rate 1996,False,no such function: YEAR,"SELECT AVG(unemployment_ratio) as avg_ratio FROM (SELECT district_id, YEAR(date), COUNT(*) / SUM(COUNT(*)) OVER () AS unemployment_ratio FROM account GROUP BY district_id, YEAR(date)) subquery WHERE YEAR(subquery.date) IN (1995, 1996)",False,,"SELECT DISTINCT IIF(AVG(A13) > AVG(A12), '1996', '1995') FROM district",70,True,Hrida-T2SQL,1,1,"The average unemployment ratio of 1995 and 1996, which one has higher percentage?",81,ea,bird_91,results/raw/Hrida-T2SQL_bird_ea_20260326_161551.jsonl
False,bird,[false],california_schools,data/bird/dev_databases/california_schools/california_schools.sqlite,moderate,False,Youth Authority Facilities (CEA) refers to SOC = 11; 1980s = years between 1980 and 1989,False,no such column: f.CharterNum,"SELECT s.County, COUNT(*) as ClosureCount FROM schools s JOIN frpm f ON s.CDSCode = f.CDSCode WHERE f.CharterNum IS NULL AND f.EILName LIKE '%Youth Authority Facilities (CEA)%' AND s.ClosedDate BETWEEN '1980-01-01' AND '1989-12-31' GROUP BY s.County ORDER BY ClosureCount DESC LIMIT 1",False,,"SELECT County FROM schools WHERE strftime('%Y', ClosedDate) BETWEEN '1980' AND '1989' AND StatusType = 'Closed' AND SOC = 11 GROUP BY County ORDER BY COUNT(School) DESC LIMIT 1",176,True,Hrida-T2SQL,1,1,Which county reported the most number of school closure in the 1980s with school wonership code belonging to Youth Authority Facilities (CEA)?,142,ea,bird_68,results/raw/Hrida-T2SQL_bird_ea_20260326_161551.jsonl
False,bird,[false],financial,data/bird/dev_databases/financial/financial.sqlite,moderate,False,Male means that gender = 'M'; A3 refers to region; A11 pertains to average salary.,False,no such column: id,SELECT COUNT(*) FROM client WHERE gender = 'male' AND district_id IN (SELECT id FROM district WHERE A13 > 8000) GROUP BY district_id,False,,SELECT COUNT(T1.client_id) FROM client AS T1 INNER JOIN district AS T2 ON T1.district_id = T2.district_id WHERE T1.gender = 'M' AND T2.A3 = 'north Bohemia' AND T2.A11 > 8000,173,True,Hrida-T2SQL,1,1,How many male customers who are living in North Bohemia have average salary greater than 8000?,94,ea,bird_93,results/raw/Hrida-T2SQL_bird_ea_20260326_161551.jsonl
False,bird,[false],california_schools,data/bird/dev_databases/california_schools/california_schools.sqlite,moderate,False,'Does not offer physical building' means Virtual = F in the database.,False,no such column: SchoolType,"SELECT COUNT(*) FROM schools WHERE County IN ('San Diego', 'Santa Barbara') AND SchoolType = 'Virtual' GROUP BY County ORDER BY COUNT(*) DESC LIMIT 1",False,,"SELECT County, COUNT(Virtual) FROM schools WHERE (County = 'San Diego' OR County = 'Santa Barbara') AND Virtual = 'F' GROUP BY County ORDER BY COUNT(Virtual) DESC LIMIT 1",170,True,Hrida-T2SQL,1,1,"Between San Diego and Santa Barbara, which county offers the most number of schools that does not offer physical building? Indicate the amount.",143,ea,bird_79,results/raw/Hrida-T2SQL_bird_ea_20260326_161551.jsonl
False,bird,[false],california_schools,data/bird/dev_databases/california_schools/california_schools.sqlite,challenging,False,Kindergarten to 8th grade refers to K-8; 'Offers a magnet program' means Magnet = 1; Multiple Provision Types refers to `NSLP Provision Status` = 'Multiple Provision Types',False,"near ""?"": syntax error","?>   SELECT COUNT(DISTINCT s.CDSCode) as num_schools, c.City FROM schools s JOIN cities c ON s.City = c.City WHERE s.Magnet = 1 AND (s.LowGrade <= '8' OR s.HighGrade >= '5') GROUP BY c.City;   ?<",False,,"SELECT T2.City, COUNT(T2.CDSCode) FROM frpm AS T1 INNER JOIN schools AS T2 ON T1.CDSCode = T2.CDSCode WHERE T2.Magnet = 1 AND T2.GSoffered = 'K-8' AND T1.`NSLP Provision Status` = 'Multiple Provision Types' GROUP BY T2.City",223,True,Hrida-T2SQL,1,1,"Of the schools that offers a magnet program serving a grade span of Kindergarten to 8th grade, how many offers Multiple Provision Types? List the number of cities that offers a Kindergarten to 8th grade span and indicate how many schools are there serving such grade span for each city.",286,ea,bird_83,results/raw/Hrida-T2SQL_bird_ea_20260326_161551.jsonl
False,bird,[false],financial,data/bird/dev_databases/financial/financial.sqlite,challenging,False,"Female means gender = 'F'; A11 refers to average salary; Gap = highest average salary - lowest average salary; If the person A's birthdate > B's birthdate, it means that person B is order than person A.",False,"near ""?"": syntax error","?>   SELECT a.account_id, AVG(c.salary) as avg_salary FROM account a JOIN client c ON a.district_id = c.district_id WHERE c.gender = 'Female' GROUP BY a.account_id ORDER BY avg_salary ASC LIMIT 1;   SELECT (SELECT MAX(avg_salary) FROM (SELECT AVG(c.salary) as avg_salary FROM account a JOIN client c ON a.district_id = c.district_id WHERE c.gender = 'Female' GROUP BY a.account_id ORDER BY avg_salary DESC LIMIT 1)) - (SELECT MIN(avg_salary) FROM (SELECT AVG(c.salary) as avg_salary FROM account a JOIN client c ON a.district_id = c.district_id WHERE c.gender = 'Female' GROUP BY a.account_id ORDER BY avg_salary ASC LIMIT 1))",False,,"SELECT T1.account_id , ( SELECT MAX(A11) - MIN(A11) FROM district ) FROM account AS T1 INNER JOIN district AS T2 ON T1.district_id = T2.district_id INNER JOIN disp AS T3 ON T1.account_id = T3.account_id INNER JOIN client AS T4 ON T3.client_id = T4.client_id WHERE T2.district_id = ( SELECT district_id FROM client WHERE gender = 'F' ORDER BY birth_date ASC LIMIT 1 ) ORDER BY T2.A11 DESC LIMIT 1",395,True,Hrida-T2SQL,1,1,"List out the account numbers of female clients who are oldest and has lowest average salary, calculate the gap between this lowest average salary with the highest average salary?",178,ea,bird_94,results/raw/Hrida-T2SQL_bird_ea_20260326_161551.jsonl
False,bird,[false],financial,data/bird/dev_databases/financial/financial.sqlite,simple,False,A11 refers to average salary; Female mapps to gender = 'F',False,no such column: a.salary,SELECT d.district_id FROM district d JOIN client c ON d.district_id = c.district_id WHERE c.gender = 'Female' GROUP BY d.district_id HAVING AVG(a.salary) > 6000 AND AVG(a.salary) < 10000,False,,SELECT COUNT(DISTINCT T2.district_id)  FROM client AS T1 INNER JOIN district AS T2 ON T1.district_id = T2.district_id WHERE T1.gender = 'F' AND T2.A11 BETWEEN 6000 AND 10000,173,True,Hrida-T2SQL,1,1,List out the no. of districts that have female average salary is more than 6000 but less than 10000?,100,ea,bird_92,results/raw/Hrida-T2SQL_bird_ea_20260326_161551.jsonl
False,bird,[false],california_schools,data/bird/dev_databases/california_schools/california_schools.sqlite,simple,False,"When magent is equal to 0 in the database, it means ths school doesn't offer a magnet program.",False,no such table: magnets,SELECT s.DistrictCode FROM schools s WHERE s.City = 'Fresno' AND NOT EXISTS (SELECT 1 FROM magnets m WHERE m.SchoolID = s.CDSCode) LIMIT 1,False,,SELECT T1.`District Code` FROM frpm AS T1 INNER JOIN schools AS T2 ON T1.CDSCode = T2.CDSCode WHERE T2.City = 'Fresno' AND T2.Magnet = 0,136,True,Hrida-T2SQL,1,1,What is the district code for the School that does not offer a magnet program in the city of Fresno?,100,ea,bird_71,results/raw/Hrida-T2SQL_bird_ea_20260326_161551.jsonl
False,bird,[false],financial,data/bird/dev_databases/financial/financial.sqlite,moderate,False,"If the person A's birthdate < B's birthdate, it means that person B is younger than person A; A11 refers to average salary",False,no such column: account_id,SELECT account_id FROM client WHERE birth_date = (SELECT MIN(birth_date) FROM client) AND account_id IN (SELECT account_id FROM loan GROUP BY account_id ORDER BY AVG(amount) DESC LIMIT 1),False,,"SELECT T1.account_id  FROM account AS T1 INNER JOIN disp AS T2 ON T1.account_id = T2.account_id INNER JOIN client AS T3 ON T2.client_id = T3.client_id INNER JOIN district AS T4 on T4.district_id = T1.district_id WHERE T2.client_id = ( SELECT client_id FROM client ORDER BY birth_date DESC LIMIT 1) GROUP BY T4.A11, T1.account_id",328,True,Hrida-T2SQL,1,1,List out the account numbers of clients who are youngest and have highest average salary?,89,ea,bird_95,results/raw/Hrida-T2SQL_bird_ea_20260326_161551.jsonl
False,bird,[false],financial,data/bird/dev_databases/financial/financial.sqlite,simple,False,'POPLATEK PO OBRATU' stands for issuance after transaction,False,ambiguous column name: type,SELECT client_id FROM client WHERE district_id IN (SELECT disp_id FROM disp JOIN trans ON disp.client_id = trans.account_id AND type = 'statement of issuance') GROUP BY client_id HAVING COUNT(*) > 1,False,,SELECT T2.client_id FROM account AS T1 INNER JOIN disp AS T2 ON T1.account_id = T2.account_id WHERE T1.frequency = 'POPLATEK PO OBRATU' AND T2.type = 'DISPONENT',161,True,Hrida-T2SQL,1,1,List out the id number of client who choose statement of issuance after transaction are Disponent?,98,ea,bird_97,results/raw/Hrida-T2SQL_bird_ea_20260326_161551.jsonl
False,bird,[false],financial,data/bird/dev_databases/financial/financial.sqlite,simple,False,'POPLATEK TYDNE' stands for weekly issuance,False,no such column: type,SELECT COUNT(*) FROM client WHERE gender = 'Owner' AND type = 'Statement of Weekly Issuance' GROUP BY district_id,False,,SELECT COUNT(T1.account_id) FROM account AS T1 INNER JOIN disp AS T2 ON T1.account_id = T2.account_id WHERE T2.type = 'OWNER' AND T1.frequency = 'POPLATEK TYDNE',161,True,Hrida-T2SQL,1,1,How many customers who choose statement of weekly issuance are Owner?,69,ea,bird_96,results/raw/Hrida-T2SQL_bird_ea_20260326_161551.jsonl
False,bird,[false],california_schools,data/bird/dev_databases/california_schools/california_schools.sqlite,simple,False,State Special Schools means that SOC = 31.,False,,SELECT s.CDSCode FROM schools s WHERE s.DOC = 'State Special Schools' AND s.EdOpsCode IS NOT NULL,True,,SELECT NCESDist FROM schools WHERE SOC = 31,43,True,Hrida-T2SQL,1,1,Please provide the National Center for Educational Statistics school district identification number for all schools with a School Ownership Code that are part of the State Special Schools.,188,ea,bird_69,results/raw/Hrida-T2SQL_bird_ea_20260326_161551.jsonl
False,bird,[false],financial,data/bird/dev_databases/financial/financial.sqlite,moderate,False,'POPLATEK TYDNE' stands for weekly issuance,False,,SELECT account_id FROM loan WHERE date BETWEEN '1997-01-01' AND '1997-12-31' GROUP BY account_id ORDER BY amount ASC LIMIT 1,True,,"SELECT T2.account_id FROM loan AS T1 INNER JOIN account AS T2 ON T1.account_id = T2.account_id WHERE STRFTIME('%Y', T1.date) = '1997' AND T2.frequency = 'POPLATEK TYDNE' ORDER BY T1.amount LIMIT 1",196,True,Hrida-T2SQL,1,1,"Among the accounts who have approved loan date in 1997, list out the accounts that have the lowest approved amount and choose weekly issuance statement.",152,ea,bird_98,results/raw/Hrida-T2SQL_bird_ea_20260326_161551.jsonl
False,bird,[false],financial,data/bird/dev_databases/financial/financial.sqlite,moderate,False,Loan validity more than 12 months refers to duration > 12,False,no such column: month,"SELECT a.account_id, MAX(l.amount) FROM account a JOIN loan l ON a.account_id = l.account_id WHERE DATEDIFF(month, a.date, GETDATE()) > 12 AND YEAR(a.date) = 1993 GROUP BY a.account_id",False,,"SELECT T1.account_id FROM loan AS T1 INNER JOIN account AS T2 ON T1.account_id = T2.account_id WHERE STRFTIME('%Y', T2.date) = '1993' AND T1.duration > 12 ORDER BY T1.amount DESC LIMIT 1",186,True,Hrida-T2SQL,1,1,"Among the accounts who have loan validity more than 12 months, list out the accounts that have the highest approved amount and have account opening date in 1993.",161,ea,bird_99,results/raw/Hrida-T2SQL_bird_ea_20260326_161551.jsonl
False,bird,[false],california_schools,data/bird/dev_databases/california_schools/california_schools.sqlite,simple,False,,False,,SELECT COUNT(*) FROM schools WHERE StatusType = 'District Community Day School' AND County = 'Alpine' GROUP BY StatusType,True,,SELECT COUNT(School) FROM schools WHERE (StatusType = 'Closed' OR StatusType = 'Active') AND SOC = 69 AND County = 'Alpine',123,True,Hrida-T2SQL,1,1,How many active and closed District Community Day Schools are there in the county of Alpine?,92,ea,bird_70,results/raw/Hrida-T2SQL_bird_ea_20260326_161551.jsonl
False,bird,[false],california_schools,data/bird/dev_databases/california_schools/california_schools.sqlite,simple,False,,False,no such table: districts,"SELECT s.LastUpdate, d.DistrictName, c.CountyName FROM schools s JOIN districts d ON s.CDSCode = d.CDSCode JOIN counties c ON d.CountyCode = c.CountyCode WHERE s.CharterNum = 40",False,,"SELECT AdmLName1, District, County, School FROM schools WHERE CharterNum = '0040'",81,True,Hrida-T2SQL,1,1,"What is the administrator's last name that oversees the school with Charter number 40? Indicate the district, the county where the school is situated, and the name of the school.",178,ea,bird_86,results/raw/Hrida-T2SQL_bird_ea_20260326_161551.jsonl
False,bird,[false],california_schools,data/bird/dev_databases/california_schools/california_schools.sqlite,challenging,False,Intermediate/Middle Schools refers to SOC = 62; Unified School refers to DOC = 54; years between 2009 and 2010 can refer to 'between 1/1/2009 to 12/31/2010',False,no such column: f.CountyName,"SELECT s.AdmEmail1 FROM schools s JOIN frpm f ON s.CDSCode = f.CDSCode WHERE f.CountyName = 'San Bernardino' AND f.SchoolType IN ('Public Intermediate/Middle School', 'Unified') AND f.OpenDate BETWEEN '2009-01-01' AND '2010-12-31' AND s.AdmEmail IS NOT NULL",False,,"SELECT T2.AdmEmail1, T2.AdmEmail2 FROM frpm AS T1 INNER JOIN schools AS T2 ON T1.CDSCode = T2.CDSCode WHERE T2.County = 'San Bernardino' AND T2.City = 'San Bernardino' AND T2.DOC = 54 AND strftime('%Y', T2.OpenDate) BETWEEN '2009' AND '2010' AND T2.SOC = 62",257,True,Hrida-T2SQL,1,1,"What are the valid e-mail addresses of the administrator of the school located in the San Bernardino county, City of San Bernardino City Unified that opened between 1/1/2009 to 12/31/2010 whose school types are public Intermediate/Middle Schools and Unified Schools?",266,ea,bird_87,results/raw/Hrida-T2SQL_bird_ea_20260326_161551.jsonl
False,bird,[false],california_schools,data/bird/dev_databases/california_schools/california_schools.sqlite,moderate,False,Percent (%) Eligible Free (K-12) = `Free Meal Count (K-12)` / `Enrollment (K-12)` * 100%,False,no such column: satscores.Percent_Eligible_Free_K12,SELECT satscores.Percent_Eligible_Free_K12 FROM schools INNER JOIN satscores ON schools.CDSCode = satscores.cds WHERE AdmFName1 = 'Alusine' AND (AdmLName1 IS NULL OR AdmLName1 = ''),False,,"SELECT T1.`Free Meal Count (K-12)` * 100 / T1.`Enrollment (K-12)`, T1.`District Code` FROM frpm AS T1 INNER JOIN schools AS T2 ON T1.CDSCode = T2.CDSCode WHERE T2.AdmFName1 = 'Alusine'",184,True,Hrida-T2SQL,1,1,What is the Percent (%) Eligible Free (K-12) in the school administered by an administrator whose first name is Alusine. List the district code of the school.,158,ea,bird_85,results/raw/Hrida-T2SQL_bird_ea_20260326_161551.jsonl
False,bird,[false],california_schools,data/bird/dev_databases/california_schools/california_schools.sqlite,moderate,False,State of California refers to state = 'CA',False,no such column: s.SchoolName,SELECT s.SchoolName FROM schools s JOIN frpm f ON s.CDSCode = f.CDSCode WHERE f.Latitude = (SELECT MIN(f2.Latitude) FROM frpm f2 JOIN schools s2 ON f2.CDSCode = s2.CDSCode) AND f.State = 'California' GROUP BY s.SchoolName ORDER BY f.LowGrade ASC LIMIT 1,False,,"SELECT T2.City, T1.`Low Grade`, T1.`School Name` FROM frpm AS T1 INNER JOIN schools AS T2 ON T1.CDSCode = T2.CDSCode WHERE T2.State = 'CA' ORDER BY T2.Latitude ASC LIMIT 1",171,True,Hrida-T2SQL,1,1,In which city can you find the school in the state of California with the lowest latitude coordinates and what is its lowest grade? Indicate the school name.,157,ea,bird_81,results/raw/Hrida-T2SQL_bird_ea_20260326_161551.jsonl
False,bird,[false],california_schools,data/bird/dev_databases/california_schools/california_schools.sqlite,simple,False,Directly funded schools refers to FundingType = 'Directly Funded',False,,SELECT COUNT(*) FROM schools WHERE OpenDate BETWEEN '2000-01-01' AND '2005-12-31' AND County = 'Stanislaus' AND FundingType = 'Directly Funded' GROUP BY School,True,,"SELECT COUNT(School) FROM schools WHERE strftime('%Y', OpenDate) BETWEEN '2000' AND '2005' AND County = 'Stanislaus' AND FundingType = 'Directly funded'",152,True,Hrida-T2SQL,1,1,"Between 1/1/2000 to 12/31/2005, how many directly funded schools opened in the county of Stanislaus?",100,ea,bird_66,results/raw/Hrida-T2SQL_bird_ea_20260326_161551.jsonl
False,bird,[false],california_schools,data/bird/dev_databases/california_schools/california_schools.sqlite,simple,False,,False,no such column: s.SchoolType,"SELECT s.SchoolType, s.Latitude FROM schools s WHERE s.Latitude = (SELECT MAX(s2.Latitude) FROM schools s2)",False,,"SELECT T1.`School Type`, T1.`School Name`, T2.Latitude FROM frpm AS T1 INNER JOIN schools AS T2 ON T1.CDSCode = T2.CDSCode ORDER BY T2.Latitude DESC LIMIT 1",156,True,Hrida-T2SQL,1,1,What is the school type of the school with the highest latitude? Indicate the name of the school as well as the latitude coordinates.,133,ea,bird_80,results/raw/Hrida-T2SQL_bird_ea_20260326_161551.jsonl
False,bird,[false],california_schools,data/bird/dev_databases/california_schools/california_schools.sqlite,simple,False,,False,,SELECT DISTINCT satscores.dname FROM schools INNER JOIN satscores ON schools.CDSCode = satscores.cds WHERE schools.City = 'Adelanto' GROUP BY satscores.dname ORDER BY COUNT(*) DESC LIMIT 1,True,,SELECT GSserved FROM schools WHERE City = 'Adelanto' GROUP BY GSserved ORDER BY COUNT(GSserved) DESC LIMIT 1,108,True,Hrida-T2SQL,1,1,What is the most common type of grade span served in the city of Adelanto?,74,ea,bird_78,results/raw/Hrida-T2SQL_bird_ea_20260326_161551.jsonl
False,bird,[false],california_schools,data/bird/dev_databases/california_schools/california_schools.sqlite,simple,False,the highest longitude refers to the school with the maximum absolute longitude value.,False,,SELECT MAX(Longitude) FROM schools WHERE Latitude IS NOT NULL GROUP BY School ORDER BY Longitude DESC LIMIT 1,True,,SELECT GSoffered FROM schools ORDER BY ABS(longitude) DESC LIMIT 1,66,True,Hrida-T2SQL,1,1,What is the grade span offered in the school with the highest longitude?,72,ea,bird_82,results/raw/Hrida-T2SQL_bird_ea_20260326_161551.jsonl
False,bird,[false],california_schools,data/bird/dev_databases/california_schools/california_schools.sqlite,simple,False,,False,"near ""?"": syntax error","?>   SELECT AdmFName1 AS FirstName, satscores.dname FROM schools INNER JOIN satscores ON schools.CDSCode = satscores.cds WHERE (schools.AdmFName1 IS NOT NULL OR schools.AdmFName2 IS NOT NULL) GROUP BY FirstName ORDER BY COUNT(*) DESC LIMIT 2;   ?<",False,,"SELECT DISTINCT T1.AdmFName1, T1.District FROM schools AS T1 INNER JOIN ( SELECT admfname1 FROM schools GROUP BY admfname1 ORDER BY COUNT(admfname1) DESC LIMIT 2 ) AS T2 ON T1.AdmFName1 = T2.admfname1",200,True,Hrida-T2SQL,1,1,What are the two most common first names among the school administrators? Indicate the district to which they administer.,121,ea,bird_84,results/raw/Hrida-T2SQL_bird_ea_20260326_161551.jsonl
False,bird,[false],financial,data/bird/dev_databases/financial/financial.sqlite,moderate,False,A3 contains the data of region; 'POPLATEK PO OBRATU' represents for 'issuance after transaction'.,False,,SELECT COUNT(*) FROM account a JOIN trans t ON a.account_id = t.account_id WHERE a.district_id IN (SELECT district_id FROM district WHERE A2 LIKE '%East Bohemia%') AND t.type IS NOT NULL AND t.operation IS NOT NULL,True,,SELECT COUNT(T2.account_id) FROM district AS T1 INNER JOIN account AS T2 ON T1.district_id = T2.district_id WHERE T1.A3 = 'east Bohemia' AND T2.frequency = 'POPLATEK PO OBRATU',176,True,Hrida-T2SQL,1,1,How many accounts who choose issuance after transaction are staying in East Bohemia region?,91,ea,bird_89,results/raw/Hrida-T2SQL_bird_ea_20260326_161551.jsonl
True,spider,[true],concert_singer,data/spider/database/concert_singer/concert_singer.sqlite,,False,,True,,SELECT COUNT(*) FROM singer,True,,SELECT count(*) FROM singer,27,True,Hrida-T2SQL,1,1,How many singers do we have?,28,ea,spider_0,results/raw/Hrida-T2SQL_spider_ea_20260326_161424.jsonl
False,spider,[false],concert_singer,data/spider/database/concert_singer/concert_singer.sqlite,,False,,False,,SELECT COUNT(*) FROM singer_in_concert,True,,SELECT count(*) FROM singer,27,True,Hrida-T2SQL,1,1,What is the total number of singers?,36,ea,spider_1,results/raw/Hrida-T2SQL_spider_ea_20260326_161424.jsonl
False,spider,[false],concert_singer,data/spider/database/concert_singer/concert_singer.sqlite,,False,,False,,SELECT DISTINCT s.Country FROM singer s INNER JOIN singer_in_concert sic ON s.Singer_ID = sic.Singer_ID INNER JOIN concert c ON sic.concert_ID = c.concert_ID WHERE s.Age > 20 AND c.Year >= '2015' GROUP BY s.Country,True,,SELECT DISTINCT country FROM singer WHERE age  >  20,52,True,Hrida-T2SQL,1,1,What are  the different countries with singers above age 20?,60,ea,spider_9,results/raw/Hrida-T2SQL_spider_ea_20260326_161424.jsonl
True,spider,[true],concert_singer,data/spider/database/concert_singer/concert_singer.sqlite,,False,,True,,"SELECT s.Name, s.Country, s.Age FROM singer s ORDER BY s.Age DESC",True,,"SELECT name ,  country ,  age FROM singer ORDER BY age DESC",59,True,Hrida-T2SQL,1,1,"Show name, country, age for all singers ordered by age from the oldest to the youngest.",87,ea,spider_2,results/raw/Hrida-T2SQL_spider_ea_20260326_161424.jsonl
False,spider,[false],concert_singer,data/spider/database/concert_singer/concert_singer.sqlite,,False,,False,no such column: singer_in_concert.Age,"SELECT AVG(singer_in_concert.Age) as Average_Age, MIN(singer_in_concert.Age) as Minimum_Age, MAX(singer_in_concert.Age) as Maximum_Age FROM singer INNER JOIN singer_in_concert ON singer.Singer_ID = singer_in_concert.Singer_ID WHERE singer.Country = 'France' GROUP BY singer.Name",False,,"SELECT avg(age) ,  min(age) ,  max(age) FROM singer WHERE country  =  'France'",78,True,Hrida-T2SQL,1,1,"What is the average, minimum, and maximum age of all singers from France?",73,ea,spider_4,results/raw/Hrida-T2SQL_spider_ea_20260326_161424.jsonl
False,spider,[false],concert_singer,data/spider/database/concert_singer/concert_singer.sqlite,,False,,False,,"SELECT singer.Name, singer.Country, singer.Age FROM singer INNER JOIN singer_in_concert ON singer.Singer_ID = singer_in_concert.Singer_ID ORDER BY singer.Age DESC",True,,"SELECT name ,  country ,  age FROM singer ORDER BY age DESC",59,True,Hrida-T2SQL,1,1,"What are the names, countries, and ages for every singer in descending order of age?",84,ea,spider_3,results/raw/Hrida-T2SQL_spider_ea_20260326_161424.jsonl
False,spider,[false],concert_singer,data/spider/database/concert_singer/concert_singer.sqlite,,False,,False,no such column: singer_in_concert.Age,"SELECT AVG(singer_in_concert.Age) as AvgAge, MIN(singer_in_concert.Age) as MinAge, MAX(singer_in_concert.Age) as MaxAge FROM singer INNER JOIN singer_in_concert ON singer.Singer_ID = singer_in_concert.Singer_ID WHERE singer.Country = 'France' GROUP BY singer.Name",False,,"SELECT avg(age) ,  min(age) ,  max(age) FROM singer WHERE country  =  'France'",78,True,Hrida-T2SQL,1,1,"What is the average, minimum, and maximum age for all French singers?",69,ea,spider_5,results/raw/Hrida-T2SQL_spider_ea_20260326_161424.jsonl
True,spider,[true],concert_singer,data/spider/database/concert_singer/concert_singer.sqlite,,False,,True,,"SELECT s.Country, COUNT(*) as num_singers FROM singer s GROUP BY s.Country",True,,"SELECT country ,  count(*) FROM singer GROUP BY country",55,True,Hrida-T2SQL,1,1,Show all countries and the number of singers in each country.,61,ea,spider_10,results/raw/Hrida-T2SQL_spider_ea_20260326_161424.jsonl
False,spider,[false],concert_singer,data/spider/database/concert_singer/concert_singer.sqlite,,False,,False,no such column: c.Singer_ID,SELECT DISTINCT s.Country FROM singer s INNER JOIN concert c ON s.Singer_ID = c.Singer_ID WHERE s.Age > 20 AND EXISTS (SELECT * FROM stadium st WHERE st.Stadium_ID = c.Stadium_ID),False,,SELECT DISTINCT country FROM singer WHERE age  >  20,52,True,Hrida-T2SQL,1,1,What are all distinct countries where singers above age 20 are from?,68,ea,spider_8,results/raw/Hrida-T2SQL_spider_ea_20260326_161424.jsonl
False,spider,[false],concert_singer,data/spider/database/concert_singer/concert_singer.sqlite,,False,,False,,"SELECT s.Name, s.Song_release_year FROM singer s INNER JOIN (SELECT MIN(Age) as MinAge FROM singer) min_age ON s.Age = min_age.MinAge",True,,"SELECT song_name ,  song_release_year FROM singer ORDER BY age LIMIT 1",70,True,Hrida-T2SQL,1,1,Show the name and the release year of the song by the youngest singer.,70,ea,spider_6,results/raw/Hrida-T2SQL_spider_ea_20260326_161424.jsonl
True,spider,[true],concert_singer,data/spider/database/concert_singer/concert_singer.sqlite,,False,,True,,"SELECT s.Country, COUNT(*) as num_singers FROM singer s GROUP BY s.Country",True,,"SELECT country ,  count(*) FROM singer GROUP BY country",55,True,Hrida-T2SQL,1,1,How many singers are from each country?,39,ea,spider_11,results/raw/Hrida-T2SQL_spider_ea_20260326_161424.jsonl
False,spider,[false],concert_singer,data/spider/database/concert_singer/concert_singer.sqlite,,False,,False,,"SELECT s.Name, s.Song_release_year FROM singer s INNER JOIN (SELECT MIN(Age) as MinAge FROM singer) min_age ON s.Age = min_age.MinAge",True,,"SELECT song_name ,  song_release_year FROM singer ORDER BY age LIMIT 1",70,True,Hrida-T2SQL,1,1,What are the names and release years for all the songs of the youngest singer?,78,ea,spider_7,results/raw/Hrida-T2SQL_spider_ea_20260326_161424.jsonl
False,spider,[false],concert_singer,data/spider/database/concert_singer/concert_singer.sqlite,,False,,False,,SELECT s.Name FROM singer s JOIN (SELECT AVG(Age) as avg_age FROM singer) t ON s.Age > t.avg_age GROUP BY s.Name,True,,SELECT song_name FROM singer WHERE age  >  (SELECT avg(age) FROM singer),72,True,Hrida-T2SQL,1,1,List all song names by singers above the average age.,53,ea,spider_12,results/raw/Hrida-T2SQL_spider_ea_20260326_161424.jsonl
True,spider,[true],concert_singer,data/spider/database/concert_singer/concert_singer.sqlite,,False,,True,,"SELECT s.Location, s.Name FROM stadium s WHERE s.Capacity BETWEEN 5000 AND 10000",True,,"SELECT LOCATION ,  name FROM stadium WHERE capacity BETWEEN 5000 AND 10000",74,True,Hrida-T2SQL,1,1,Show location and name for all stadiums with a capacity between 5000 and 10000.,79,ea,spider_14,results/raw/Hrida-T2SQL_spider_ea_20260326_161424.jsonl
False,spider,[false],concert_singer,data/spider/database/concert_singer/concert_singer.sqlite,,False,,False,,SELECT s.Song_Name FROM singer s JOIN (SELECT AVG(Age) as AvgAge FROM singer GROUP BY Singer_ID) avg ON s.Age > avg.AvgAge,True,,SELECT song_name FROM singer WHERE age  >  (SELECT avg(age) FROM singer),72,True,Hrida-T2SQL,1,1,What are all the song names by singers who are older than average?,66,ea,spider_13,results/raw/Hrida-T2SQL_spider_ea_20260326_161424.jsonl
True,spider,[true],concert_singer,data/spider/database/concert_singer/concert_singer.sqlite,,False,,True,,"SELECT COUNT(*) FROM concert WHERE Year IN ('2014', '2015')",True,,SELECT count(*) FROM concert WHERE YEAR  =  2014 OR YEAR  =  2015,65,True,Hrida-T2SQL,1,1,How many concerts are there in year 2014 or 2015?,49,ea,spider_20,results/raw/Hrida-T2SQL_spider_ea_20260326_161424.jsonl
True,spider,[true],concert_singer,data/spider/database/concert_singer/concert_singer.sqlite,,False,,True,,"SELECT s.Location, s.Name FROM stadium s WHERE s.Capacity BETWEEN 5000 AND 10000",True,,"SELECT LOCATION ,  name FROM stadium WHERE capacity BETWEEN 5000 AND 10000",74,True,Hrida-T2SQL,1,1,What are the locations and names of all stations with capacity between 5000 and 10000?,86,ea,spider_15,results/raw/Hrida-T2SQL_spider_ea_20260326_161424.jsonl
True,spider,[true],concert_singer,data/spider/database/concert_singer/concert_singer.sqlite,,False,,True,,"SELECT s.Name as Stadium_Name, COUNT(c.concert_ID) as NumberOfConcerts FROM stadium s JOIN concert c ON s.Stadium_ID = c.Stadium_ID GROUP BY s.Name",True,,"SELECT T2.name ,  count(*) FROM concert AS T1 JOIN stadium AS T2 ON T1.stadium_id  =  T2.stadium_id GROUP BY T1.stadium_id",122,True,Hrida-T2SQL,1,1,Show the stadium name and the number of concerts in each stadium.,65,ea,spider_22,results/raw/Hrida-T2SQL_spider_ea_20260326_161424.jsonl
True,spider,[true],concert_singer,data/spider/database/concert_singer/concert_singer.sqlite,,False,,True,,"SELECT s.Name as Stadium_Name, s.Capacity FROM stadium s INNER JOIN concert c ON s.Stadium_ID = c.Stadium_ID WHERE (c.Year >= '2014' OR c.Year IS NULL) GROUP BY s.Name, s.Capacity ORDER BY COUNT(*) DESC LIMIT 1",True,,"SELECT T2.name ,  T2.capacity FROM concert AS T1 JOIN stadium AS T2 ON T1.stadium_id  =  T2.stadium_id WHERE T1.year  >=  2014 GROUP BY T2.stadium_id ORDER BY count(*) DESC LIMIT 1",180,True,Hrida-T2SQL,1,1,Show the stadium name and capacity with most number of concerts in year 2014 or after.,86,ea,spider_24,results/raw/Hrida-T2SQL_spider_ea_20260326_161424.jsonl
True,spider,[true],concert_singer,data/spider/database/concert_singer/concert_singer.sqlite,,False,,True,,"SELECT s.Name as Stadium_Name, COUNT(c.concert_ID) as Concerts FROM stadium s JOIN concert c ON s.Stadium_ID = c.Stadium_ID GROUP BY s.Name",True,,"SELECT T2.name ,  count(*) FROM concert AS T1 JOIN stadium AS T2 ON T1.stadium_id  =  T2.stadium_id GROUP BY T1.stadium_id",122,True,Hrida-T2SQL,1,1,"For each stadium, how many concerts play there?",47,ea,spider_23,results/raw/Hrida-T2SQL_spider_ea_20260326_161424.jsonl
True,spider,[true],concert_singer,data/spider/database/concert_singer/concert_singer.sqlite,,False,,True,,SELECT Year FROM concert GROUP BY Year ORDER BY COUNT(*) DESC LIMIT 1,True,,SELECT YEAR FROM concert GROUP BY YEAR ORDER BY count(*) DESC LIMIT 1,69,True,Hrida-T2SQL,1,1,Which year has most number of concerts?,39,ea,spider_26,results/raw/Hrida-T2SQL_spider_ea_20260326_161424.jsonl
True,spider,[true],concert_singer,data/spider/database/concert_singer/concert_singer.sqlite,,False,,True,,"SELECT s.Name as Stadium_Name, MAX(s.Capacity) as Capacity FROM stadium s INNER JOIN (SELECT c.Stadium_ID, COUNT(*) as ConcertCount FROM concert c WHERE Year > '2013' GROUP BY c.Stadium_ID) sc ON s.Stadium_ID = sc.Stadium_ID GROUP BY s.Name ORDER BY Capacity DESC LIMIT 1",True,,"select t2.name ,  t2.capacity from concert as t1 join stadium as t2 on t1.stadium_id  =  t2.stadium_id where t1.year  >  2013 group by t2.stadium_id order by count(*) desc limit 1",179,True,Hrida-T2SQL,1,1,What is the name and capacity of the stadium with the most concerts after 2013 ?,80,ea,spider_25,results/raw/Hrida-T2SQL_spider_ea_20260326_161424.jsonl
False,spider,[false],concert_singer,data/spider/database/concert_singer/concert_singer.sqlite,,False,,False,,SELECT s.Name FROM stadium s WHERE NOT EXISTS (SELECT * FROM concert c JOIN singer_in_concert si ON c.concert_ID = si.concert_ID AND s.Stadium_ID = c.Stadium_ID) GROUP BY s.Name HAVING COUNT(*) = 0,True,,SELECT name FROM stadium WHERE stadium_id NOT IN (SELECT stadium_id FROM concert),81,True,Hrida-T2SQL,1,1,What are the names of the stadiums without any concerts?,56,ea,spider_29,results/raw/Hrida-T2SQL_spider_ea_20260326_161424.jsonl
False,spider,[false],concert_singer,data/spider/database/concert_singer/concert_singer.sqlite,,False,,False,,"SELECT MAX(Capacity), AVG(Average) FROM stadium",True,,"select max(capacity), average from stadium",42,True,Hrida-T2SQL,1,1,What is the maximum capacity and the average of all stadiums ?,62,ea,spider_16,results/raw/Hrida-T2SQL_spider_ea_20260326_161424.jsonl
True,spider,[true],concert_singer,data/spider/database/concert_singer/concert_singer.sqlite,,False,,True,,SELECT s.Name FROM stadium s WHERE NOT EXISTS (SELECT * FROM concert c JOIN singer_in_concert si ON c.concert_ID = si.concert_ID AND s.Stadium_ID = c.Stadium_ID) GROUP BY s.Name,True,,SELECT name FROM stadium WHERE stadium_id NOT IN (SELECT stadium_id FROM concert),81,True,Hrida-T2SQL,1,1,Show the stadium names without any concert.,43,ea,spider_28,results/raw/Hrida-T2SQL_spider_ea_20260326_161424.jsonl
False,spider,[false],concert_singer,data/spider/database/concert_singer/concert_singer.sqlite,,False,,False,,SELECT s.Name FROM stadium s WHERE NOT EXISTS (SELECT * FROM concert c JOIN singer_in_concert si ON c.concert_ID = si.concert_ID AND c.Year = '2014'),True,,SELECT name FROM stadium EXCEPT SELECT T2.name FROM concert AS T1 JOIN stadium AS T2 ON T1.stadium_id  =  T2.stadium_id WHERE T1.year  =  2014,142,True,Hrida-T2SQL,1,1,Show names for all stadiums except for stadiums having a concert in year 2014.,78,ea,spider_31,results/raw/Hrida-T2SQL_spider_ea_20260326_161424.jsonl
True,spider,[true],concert_singer,data/spider/database/concert_singer/concert_singer.sqlite,,False,,True,,SELECT Year FROM concert GROUP BY Year ORDER BY COUNT(*) DESC LIMIT 1,True,,SELECT YEAR FROM concert GROUP BY YEAR ORDER BY count(*) DESC LIMIT 1,69,True,Hrida-T2SQL,1,1,What is the year that had the most concerts?,44,ea,spider_27,results/raw/Hrida-T2SQL_spider_ea_20260326_161424.jsonl
False,spider,[false],concert_singer,data/spider/database/concert_singer/concert_singer.sqlite,,False,,False,,"SELECT AVG(Capacity) as Avg_Capacity, MAX(Highest) as Max_Capacity FROM stadium",True,,"select avg(capacity) ,  max(capacity) from stadium",50,True,Hrida-T2SQL,1,1,What is the average and maximum capacities for all stadiums ?,61,ea,spider_17,results/raw/Hrida-T2SQL_spider_ea_20260326_161424.jsonl
True,spider,[true],concert_singer,data/spider/database/concert_singer/concert_singer.sqlite,,False,,True,,"SELECT concert_Name, Theme, COUNT(Singer_ID) FROM concert JOIN singer_in_concert ON concert.concert_ID = singer_in_concert.concert_ID GROUP BY concert_Name, Theme",True,,"select t2.concert_name ,  t2.theme ,  count(*) from singer_in_concert as t1 join concert as t2 on t1.concert_id  =  t2.concert_id group by t2.concert_id",152,True,Hrida-T2SQL,1,1,"What are the names , themes , and number of singers for every concert ?",71,ea,spider_34,results/raw/Hrida-T2SQL_spider_ea_20260326_161424.jsonl
False,spider,[false],concert_singer,data/spider/database/concert_singer/concert_singer.sqlite,,False,,False,,SELECT DISTINCT s.Country FROM singer s INNER JOIN (SELECT * FROM singer WHERE Age > 40) as older_singers ON s.Singer_ID = older_singers.Singer_ID UNION SELECT DISTINCT s.Country FROM singer s INNER JOIN (SELECT * FROM singer WHERE Age < 30) as younger_singers ON s.Singer_ID = younger_singers.Singer_ID,True,,SELECT country FROM singer WHERE age  >  40 INTERSECT SELECT country FROM singer WHERE age  <  30,97,True,Hrida-T2SQL,1,1,Show countries where a singer above age 40 and a singer below 30 are from.,74,ea,spider_30,results/raw/Hrida-T2SQL_spider_ea_20260326_161424.jsonl
True,spider,[true],concert_singer,data/spider/database/concert_singer/concert_singer.sqlite,,False,,True,,SELECT s.Name FROM stadium s WHERE NOT EXISTS (SELECT * FROM concert c WHERE c.Stadium_ID = s.Stadium_ID AND c.Year = '2014'),True,,SELECT name FROM stadium EXCEPT SELECT T2.name FROM concert AS T1 JOIN stadium AS T2 ON T1.stadium_id  =  T2.stadium_id WHERE T1.year  =  2014,142,True,Hrida-T2SQL,1,1,What are the names of all stadiums that did not have a concert in 2014?,71,ea,spider_32,results/raw/Hrida-T2SQL_spider_ea_20260326_161424.jsonl
False,spider,[false],concert_singer,data/spider/database/concert_singer/concert_singer.sqlite,,False,,False,no such column: singer_in_concert.Name,"SELECT singer_in_concert.Name AS Singer_Name, COUNT(concert_ID) AS Number_of_Concerts FROM concert INNER JOIN singer_in_concert ON concert.concert_ID = singer_in_concert.concert_ID GROUP BY Singer_Name",False,,"SELECT T2.name ,  count(*) FROM singer_in_concert AS T1 JOIN singer AS T2 ON T1.singer_id  =  T2.singer_id GROUP BY T2.singer_id",128,True,Hrida-T2SQL,1,1,What are the names of the singers and number of concerts for each person?,73,ea,spider_36,results/raw/Hrida-T2SQL_spider_ea_20260326_161424.jsonl
True,spider,[true],concert_singer,data/spider/database/concert_singer/concert_singer.sqlite,,False,,True,,"SELECT c.concert_Name, c.Theme, COUNT(sic.Singer_ID) as num_singers FROM concert c JOIN singer_in_concert sic ON c.concert_ID = sic.concert_ID GROUP BY c.concert_Name, c.Theme",True,,"SELECT T2.concert_name ,  T2.theme ,  count(*) FROM singer_in_concert AS T1 JOIN concert AS T2 ON T1.concert_id  =  T2.concert_id GROUP BY T2.concert_id",152,True,Hrida-T2SQL,1,1,Show the name and theme for all concerts and the number of singers in each concert.,83,ea,spider_33,results/raw/Hrida-T2SQL_spider_ea_20260326_161424.jsonl
False,spider,[false],concert_singer,data/spider/database/concert_singer/concert_singer.sqlite,,False,,False,no such column: c.concert_ID,"SELECT s.Name, COUNT(c.concert_ID) FROM singer s JOIN singer_in_concert si ON s.Singer_ID = si.Singer_ID GROUP BY s.Name",False,,"SELECT T2.name ,  count(*) FROM singer_in_concert AS T1 JOIN singer AS T2 ON T1.singer_id  =  T2.singer_id GROUP BY T2.singer_id",128,True,Hrida-T2SQL,1,1,List singer names and number of concerts for each singer.,57,ea,spider_35,results/raw/Hrida-T2SQL_spider_ea_20260326_161424.jsonl
True,spider,[true],concert_singer,data/spider/database/concert_singer/concert_singer.sqlite,,False,,True,,"SELECT s.Name, s.Capacity FROM stadium s WHERE s.Average = (SELECT MAX(s2.Average) FROM stadium s2)",True,,"SELECT name ,  capacity FROM stadium ORDER BY average DESC LIMIT 1",66,True,Hrida-T2SQL,1,1,What is the name and capacity for the stadium with highest average attendance?,78,ea,spider_18,results/raw/Hrida-T2SQL_spider_ea_20260326_161424.jsonl
True,spider,[true],concert_singer,data/spider/database/concert_singer/concert_singer.sqlite,,False,,True,,"SELECT s.Name, s.Capacity FROM stadium s WHERE s.Average = (SELECT MAX(s2.Average) FROM stadium s2)",True,,"SELECT name ,  capacity FROM stadium ORDER BY average DESC LIMIT 1",66,True,Hrida-T2SQL,1,1,What is the name and capacity for the stadium with the highest average attendance?,82,ea,spider_19,results/raw/Hrida-T2SQL_spider_ea_20260326_161424.jsonl
True,spider,[true],concert_singer,data/spider/database/concert_singer/concert_singer.sqlite,,False,,True,,"SELECT COUNT(*) FROM concert WHERE Year IN ('2014', '2015')",True,,SELECT count(*) FROM concert WHERE YEAR  =  2014 OR YEAR  =  2015,65,True,Hrida-T2SQL,1,1,How many concerts occurred in 2014 or 2015?,43,ea,spider_21,results/raw/Hrida-T2SQL_spider_ea_20260326_161424.jsonl
False,spider,[false],concert_singer,data/spider/database/concert_singer/concert_singer.sqlite,,False,,False,no such column: singer.Name,SELECT singer.Name FROM concert INNER JOIN singer_in_concert ON concert.concert_ID = singer_in_concert.concert_ID WHERE concert.Year = '2014' GROUP BY singer.Name,False,,SELECT T2.name FROM singer_in_concert AS T1 JOIN singer AS T2 ON T1.singer_id  =  T2.singer_id JOIN concert AS T3 ON T1.concert_id  =  T3.concert_id WHERE T3.year  =  2014,171,True,Hrida-T2SQL,1,1,List all singer names in concerts in year 2014.,47,ea,spider_37,results/raw/Hrida-T2SQL_spider_ea_20260326_161424.jsonl
True,spider,[true],concert_singer,data/spider/database/concert_singer/concert_singer.sqlite,,False,,True,,"SELECT s.Name, s.Country FROM singer s JOIN (SELECT song_name FROM singer WHERE song_name LIKE '%Hey%') as songs ON s.Song_Name = songs.song_name",True,,"SELECT name ,  country FROM singer WHERE song_name LIKE '%Hey%'",63,True,Hrida-T2SQL,1,1,what is the name and nation of the singer who have a song having 'Hey' in its name?,83,ea,spider_39,results/raw/Hrida-T2SQL_spider_ea_20260326_161424.jsonl
False,spider,[false],concert_singer,data/spider/database/concert_singer/concert_singer.sqlite,,False,,False,no such column: singer_in_concert.Name,SELECT singer_in_concert.Name FROM concert INNER JOIN singer_in_concert ON concert.concert_ID = singer_in_concert.concert_ID WHERE concert.Year = '2014' GROUP BY singer_in_concert.Name,False,,SELECT T2.name FROM singer_in_concert AS T1 JOIN singer AS T2 ON T1.singer_id  =  T2.singer_id JOIN concert AS T3 ON T1.concert_id  =  T3.concert_id WHERE T3.year  =  2014,171,True,Hrida-T2SQL,1,1,What are the names of the singers who performed in a concert in 2014?,69,ea,spider_38,results/raw/Hrida-T2SQL_spider_ea_20260326_161424.jsonl
False,spider,[false],concert_singer,data/spider/database/concert_singer/concert_singer.sqlite,,False,,False,no such table: concert_in_song,"SELECT singer.Name, singer.Country FROM singer INNER JOIN concert_in_song ON singer.Singer_ID = concert_in_song.Singer_ID WHERE song_title LIKE '%Hey%' GROUP BY singer.Name, singer.Country",False,,"SELECT name ,  country FROM singer WHERE song_name LIKE '%Hey%'",63,True,Hrida-T2SQL,1,1,What is the name and country of origin of every singer who has a song with the word 'Hey' in its title?,103,ea,spider_40,results/raw/Hrida-T2SQL_spider_ea_20260326_161424.jsonl
False,spider,[false],concert_singer,data/spider/database/concert_singer/concert_singer.sqlite,,False,,False,"near ""ALL"": syntax error",SELECT COUNT(*) FROM concert INNER JOIN stadium ON concert.Stadium_ID = stadium.Stadium_ID WHERE stadium.Highest >= ALL (SELECT Highest FROM stadium),False,,select count(*) from concert where stadium_id = (select stadium_id from stadium order by capacity desc limit 1),111,True,Hrida-T2SQL,1,1,Find the number of concerts happened in the stadium with the highest capacity .,79,ea,spider_43,results/raw/Hrida-T2SQL_spider_ea_20260326_161424.jsonl
False,spider,[false],concert_singer,data/spider/database/concert_singer/concert_singer.sqlite,,False,,False,,"SELECT s.Location FROM stadium s INNER JOIN concert c ON s.Stadium_ID = c.Stadium_ID WHERE c.Year IN ('2014', '2015') GROUP BY s.Location HAVING COUNT(DISTINCT c.concert_ID) > 1",True,,"SELECT T2.name ,  T2.location FROM concert AS T1 JOIN stadium AS T2 ON T1.stadium_id  =  T2.stadium_id WHERE T1.Year  =  2014 INTERSECT SELECT T2.name ,  T2.location FROM concert AS T1 JOIN stadium AS T2 ON T1.stadium_id  =  T2.stadium_id WHERE T1.Year  =  2015",261,True,Hrida-T2SQL,1,1,Find the name and location of the stadiums which some concerts happened in the years of both 2014 and 2015.,107,ea,spider_41,results/raw/Hrida-T2SQL_spider_ea_20260326_161424.jsonl
True,spider,[true],concert_singer,data/spider/database/concert_singer/concert_singer.sqlite,,False,,True,,SELECT COUNT(*) FROM concert INNER JOIN stadium ON concert.Stadium_ID = stadium.Stadium_ID WHERE stadium.Capacity = (SELECT MAX(Capacity) FROM stadium),True,,select count(*) from concert where stadium_id = (select stadium_id from stadium order by capacity desc limit 1),111,True,Hrida-T2SQL,1,1,What are the number of concerts that occurred in the stadium with the largest capacity ?,88,ea,spider_44,results/raw/Hrida-T2SQL_spider_ea_20260326_161424.jsonl
True,spider,[true],pets_1,data/spider/database/pets_1/pets_1.sqlite,,False,,True,,SELECT COUNT(*) FROM Pets WHERE weight > 10,True,,SELECT count(*) FROM pets WHERE weight  >  10,45,True,Hrida-T2SQL,1,1,Find the number of pets whose weight is heavier than 10.,56,ea,spider_45,results/raw/Hrida-T2SQL_spider_ea_20260326_161424.jsonl
True,spider,[true],pets_1,data/spider/database/pets_1/pets_1.sqlite,,False,,True,,SELECT COUNT(*) FROM Pets WHERE weight > 10,True,,SELECT count(*) FROM pets WHERE weight  >  10,45,True,Hrida-T2SQL,1,1,How many pets have a greater weight than 10?,44,ea,spider_46,results/raw/Hrida-T2SQL_spider_ea_20260326_161424.jsonl
False,spider,[false],pets_1,data/spider/database/pets_1/pets_1.sqlite,,False,,False,,SELECT Pets.weight FROM Pets INNER JOIN Has_Pet ON Pets.PetID = Has_Pet.PetID WHERE PetType = 'Dog' ORDER BY pet_age ASC LIMIT 1,True,,SELECT weight FROM pets ORDER BY pet_age LIMIT 1,48,True,Hrida-T2SQL,1,1,Find the weight of the youngest dog.,36,ea,spider_47,results/raw/Hrida-T2SQL_spider_ea_20260326_161424.jsonl
False,spider,[false],pets_1,data/spider/database/pets_1/pets_1.sqlite,,False,,False,,SELECT COUNT(*) FROM Has_Pet hp JOIN Student s ON hp.StuID = s.StuID WHERE s.Age > 20 GROUP BY s.StuID,True,,SELECT count(*) FROM student AS T1 JOIN has_pet AS T2 ON T1.stuid  =  T2.stuid WHERE T1.age  >  20,98,True,Hrida-T2SQL,1,1,Find number of pets owned by students who are older than 20.,60,ea,spider_51,results/raw/Hrida-T2SQL_spider_ea_20260326_161424.jsonl
False,spider,[false],pets_1,data/spider/database/pets_1/pets_1.sqlite,,False,,False,,SELECT Pets.weight FROM Pets INNER JOIN Has_Pet ON Pets.PetID = Has_Pet.PetID WHERE PetType = 'Dog' AND pet_age = (SELECT MIN(pet_age) FROM Pets WHERE PetType = 'Dog'),True,,SELECT weight FROM pets ORDER BY pet_age LIMIT 1,48,True,Hrida-T2SQL,1,1,How much does the youngest dog weigh?,37,ea,spider_48,results/raw/Hrida-T2SQL_spider_ea_20260326_161424.jsonl
True,spider,[true],pets_1,data/spider/database/pets_1/pets_1.sqlite,,False,,True,,SELECT COUNT(DISTINCT PetType) FROM Pets,True,,SELECT count(DISTINCT pettype) FROM pets,40,True,Hrida-T2SQL,1,1,Find the number of distinct type of pets.,41,ea,spider_55,results/raw/Hrida-T2SQL_spider_ea_20260326_161424.jsonl
True,spider,[true],pets_1,data/spider/database/pets_1/pets_1.sqlite,,False,,True,,SELECT COUNT(DISTINCT PetType) FROM Pets,True,,SELECT count(DISTINCT pettype) FROM pets,40,True,Hrida-T2SQL,1,1,How many different types of pet are there?,42,ea,spider_56,results/raw/Hrida-T2SQL_spider_ea_20260326_161424.jsonl
False,spider,[false],concert_singer,data/spider/database/concert_singer/concert_singer.sqlite,,False,,False,,"SELECT s.Location FROM stadium s INNER JOIN concert c ON s.Stadium_ID = c.Stadium_ID WHERE c.Year IN ('2014', '2015') GROUP BY s.Location HAVING COUNT(DISTINCT c.Year) = 2",True,,"SELECT T2.name ,  T2.location FROM concert AS T1 JOIN stadium AS T2 ON T1.stadium_id  =  T2.stadium_id WHERE T1.Year  =  2014 INTERSECT SELECT T2.name ,  T2.location FROM concert AS T1 JOIN stadium AS T2 ON T1.stadium_id  =  T2.stadium_id WHERE T1.Year  =  2015",261,True,Hrida-T2SQL,1,1,What are the names and locations of the stadiums that had concerts that occurred in both 2014 and 2015?,103,ea,spider_42,results/raw/Hrida-T2SQL_spider_ea_20260326_161424.jsonl
False,spider,[false],pets_1,data/spider/database/pets_1/pets_1.sqlite,,False,,False,,"SELECT PetType, MAX(weight) FROM Pets GROUP BY PetType",True,,"SELECT max(weight) ,  petType FROM pets GROUP BY petType",56,True,Hrida-T2SQL,1,1,Find the maximum weight for each type of pet. List the maximum weight and pet type.,83,ea,spider_49,results/raw/Hrida-T2SQL_spider_ea_20260326_161424.jsonl
False,spider,[false],pets_1,data/spider/database/pets_1/pets_1.sqlite,,False,,False,,"SELECT PetType, MAX(weight) FROM Pets GROUP BY PetType",True,,"SELECT max(weight) ,  petType FROM pets GROUP BY petType",56,True,Hrida-T2SQL,1,1,List the maximum weight and type for each type of pet.,54,ea,spider_50,results/raw/Hrida-T2SQL_spider_ea_20260326_161424.jsonl
False,spider,[false],pets_1,data/spider/database/pets_1/pets_1.sqlite,,False,,False,"unrecognized token: ""{""","{""sql"": ""SELECT COUNT(*) FROM Has_Pet HP JOIN Student S ON HP.StuID = S.StuID WHERE PetType = 'Dog' AND S.Sex = 'F'}",False,,SELECT count(*) FROM student AS T1 JOIN has_pet AS T2 ON T1.stuid  =  T2.stuid JOIN pets AS T3 ON T2.petid  =  T3.petid WHERE T1.sex  =  'F' AND T3.pettype  =  'dog',165,True,Hrida-T2SQL,1,1,Find the number of dog pets that are raised by female students (with sex F).,76,ea,spider_53,results/raw/Hrida-T2SQL_spider_ea_20260326_161424.jsonl
False,spider,[false],pets_1,data/spider/database/pets_1/pets_1.sqlite,,False,,False,"unrecognized token: ""{""","{""sql"": ""SELECT COUNT(*) FROM Has_Pet hp JOIN Student s ON hp.StuID = s.StuID WHERE PetType = 'Dog' AND s.Sex = 'F'}",False,,SELECT count(*) FROM student AS T1 JOIN has_pet AS T2 ON T1.stuid  =  T2.stuid JOIN pets AS T3 ON T2.petid  =  T3.petid WHERE T1.sex  =  'F' AND T3.pettype  =  'dog',165,True,Hrida-T2SQL,1,1,How many dog pets are raised by female students?,48,ea,spider_54,results/raw/Hrida-T2SQL_spider_ea_20260326_161424.jsonl
False,spider,[false],pets_1,data/spider/database/pets_1/pets_1.sqlite,,False,,False,no such column: PetType,SELECT COUNT(*) FROM Has_Pet HP JOIN Student S ON HP.StuID = S.StuID WHERE S.Age > 20 GROUP BY PetType,False,,SELECT count(*) FROM student AS T1 JOIN has_pet AS T2 ON T1.stuid  =  T2.stuid WHERE T1.age  >  20,98,True,Hrida-T2SQL,1,1,How many pets are owned by students that have an age greater than 20?,69,ea,spider_52,results/raw/Hrida-T2SQL_spider_ea_20260326_161424.jsonl
False,spider,[false],pets_1,data/spider/database/pets_1/pets_1.sqlite,,False,,False,,"SELECT s.Fname FROM Student s JOIN Has_Pet hp ON s.StuID = hp.StuID JOIN Pets p ON hp.PetID = p.PetID WHERE p.PetType IN ('Cat', 'Dog') GROUP BY s.Fname",True,,SELECT DISTINCT T1.Fname FROM student AS T1 JOIN has_pet AS T2 ON T1.stuid  =  T2.stuid JOIN pets AS T3 ON T3.petid  =  T2.petid WHERE T3.pettype  =  'cat' OR T3.pettype  =  'dog',179,True,Hrida-T2SQL,1,1,Find the first name of students who have cat or dog pet.,56,ea,spider_57,results/raw/Hrida-T2SQL_spider_ea_20260326_161424.jsonl
False,spider,[false],pets_1,data/spider/database/pets_1/pets_1.sqlite,,False,,False,,"SELECT s.Fname FROM Student s JOIN Has_Pet hp ON s.StuID = hp.StuID JOIN Pets p ON hp.PetID = p.PetID WHERE p.PetType IN ('Cat', 'Dog') GROUP BY s.Fname",True,,SELECT DISTINCT T1.Fname FROM student AS T1 JOIN has_pet AS T2 ON T1.stuid  =  T2.stuid JOIN pets AS T3 ON T3.petid  =  T2.petid WHERE T3.pettype  =  'cat' OR T3.pettype  =  'dog',179,True,Hrida-T2SQL,1,1,What are the first names of every student who has a cat or dog as a pet?,72,ea,spider_58,results/raw/Hrida-T2SQL_spider_ea_20260326_161424.jsonl
True,spider,[true],pets_1,data/spider/database/pets_1/pets_1.sqlite,,False,,True,,SELECT s.Fname FROM Student s JOIN Has_Pet hp ON s.StuID = hp.StuID JOIN Pets p1 ON hp.PetID = p1.PetID WHERE p1.PetType = 'Cat' AND EXISTS (SELECT 1 FROM Has_Pet hp2 JOIN Pets p2 ON hp2.PetID = p2.PetID WHERE s.StuID = hp2.StuID AND p2.PetType = 'Dog'),True,,select t1.fname from student as t1 join has_pet as t2 on t1.stuid  =  t2.stuid join pets as t3 on t3.petid  =  t2.petid where t3.pettype  =  'cat' intersect select t1.fname from student as t1 join has_pet as t2 on t1.stuid  =  t2.stuid join pets as t3 on t3.petid  =  t2.petid where t3.pettype  =  'dog',303,True,Hrida-T2SQL,1,1,Find the first name of students who have both cat and dog pets .,64,ea,spider_59,results/raw/Hrida-T2SQL_spider_ea_20260326_161424.jsonl
True,spider,[true],pets_1,data/spider/database/pets_1/pets_1.sqlite,,False,,True,,"SELECT Pets.PetType, Pets.weight FROM Pets INNER JOIN Has_Pet ON Pets.PetID = Has_Pet.PetID WHERE Pets.pet_age = (SELECT MIN(pet_age) FROM Pets)",True,,"SELECT pettype ,  weight FROM pets ORDER BY pet_age LIMIT 1",59,True,Hrida-T2SQL,1,1,"What type of pet is the youngest animal, and how much does it weigh?",68,ea,spider_68,results/raw/Hrida-T2SQL_spider_ea_20260326_161424.jsonl
False,spider,[false],pets_1,data/spider/database/pets_1/pets_1.sqlite,,False,,False,,"SELECT s.Fname, s.Age FROM Student s JOIN Has_Pet hp ON s.StuID = hp.StuID JOIN Pets p ON hp.PetID = p.PetID WHERE p.PetType = 'Dog' AND NOT EXISTS (SELECT 1 FROM Has_Pet hp2 JOIN Pets p2 ON hp2.PetID = p2.PetID WHERE s.StuID = hp2.StuID AND p2.PetType = 'Cat')",True,,"SELECT T1.fname ,  T1.age FROM student AS T1 JOIN has_pet AS T2 ON T1.stuid  =  T2.stuid JOIN pets AS T3 ON T3.petid  =  T2.petid WHERE T3.pettype  =  'dog' AND T1.stuid NOT IN (SELECT T1.stuid FROM student AS T1 JOIN has_pet AS T2 ON T1.stuid  =  T2.stuid JOIN pets AS T3 ON T3.petid  =  T2.petid WHERE T3.pettype  =  'cat')",325,True,Hrida-T2SQL,1,1,Find the first name and age of students who have a dog but do not have a cat as a pet.,86,ea,spider_65,results/raw/Hrida-T2SQL_spider_ea_20260326_161424.jsonl
False,spider,[false],pets_1,data/spider/database/pets_1/pets_1.sqlite,,False,,False,,"SELECT PetType, AVG(pet_age) as avg_age, MAX(pet_age) as max_age FROM Pets GROUP BY PetType",True,,"SELECT avg(pet_age) ,  max(pet_age) ,  pettype FROM pets GROUP BY pettype",73,True,Hrida-T2SQL,1,1,Find the average and maximum age for each type of pet.,54,ea,spider_71,results/raw/Hrida-T2SQL_spider_ea_20260326_161424.jsonl
False,spider,[false],pets_1,data/spider/database/pets_1/pets_1.sqlite,,False,,False,no such column: pets.PetID,"SELECT pets.PetID, pets.weight FROM Pets p INNER JOIN Has_Pet hp ON p.PetID = hp.PetID WHERE pets.pet_age > 1",False,,"SELECT petid ,  weight FROM pets WHERE pet_age  >  1",52,True,Hrida-T2SQL,1,1,What is the id and weight of every pet who is older than 1?,59,ea,spider_70,results/raw/Hrida-T2SQL_spider_ea_20260326_161424.jsonl
False,spider,[false],pets_1,data/spider/database/pets_1/pets_1.sqlite,,False,,False,no such column: PetType,"SELECT Student.Major, Student.Age FROM Student LEFT JOIN Has_Pet ON Student.StuID = Has_Pet.StuID WHERE PetType != 'Cat' GROUP BY Student.StuID HAVING COUNT(Has_Pet.PetID) > 0",False,,"SELECT major ,  age FROM student WHERE stuid NOT IN (SELECT T1.stuid FROM student AS T1 JOIN has_pet AS T2 ON T1.stuid  =  T2.stuid JOIN pets AS T3 ON T3.petid  =  T2.petid WHERE T3.pettype  =  'cat')",200,True,Hrida-T2SQL,1,1,"What major is every student who does not own a cat as a pet, and also how old are they?",87,ea,spider_62,results/raw/Hrida-T2SQL_spider_ea_20260326_161424.jsonl
True,spider,[true],pets_1,data/spider/database/pets_1/pets_1.sqlite,,False,,True,,SELECT s.Fname FROM Student s JOIN Has_Pet hp ON s.StuID = hp.StuID JOIN Pets p1 ON hp.PetID = p1.PetID WHERE p1.PetType = 'Cat' AND EXISTS (SELECT 1 FROM Has_Pet hp2 JOIN Pets p2 ON hp2.PetID = p2.PetID WHERE s.StuID = hp2.StuID AND p2.PetType = 'Dog'),True,,SELECT T1.Fname FROM student AS T1 JOIN has_pet AS T2 ON T1.stuid  =  T2.stuid JOIN pets AS T3 ON T3.petid  =  T2.petid WHERE T3.pettype  =  'cat' INTERSECT SELECT T1.Fname FROM student AS T1 JOIN has_pet AS T2 ON T1.stuid  =  T2.stuid JOIN pets AS T3 ON T3.petid  =  T2.petid WHERE T3.pettype  =  'dog',303,True,Hrida-T2SQL,1,1,What are the students' first names who have both cats and dogs as pets?,71,ea,spider_60,results/raw/Hrida-T2SQL_spider_ea_20260326_161424.jsonl
True,spider,[true],pets_1,data/spider/database/pets_1/pets_1.sqlite,,False,,True,,"SELECT pets.PetID, pets.weight FROM Pets as pets INNER JOIN Has_Pet ON pets.PetID = Has_Pet.PetID WHERE pets.pet_age > 1",True,,"SELECT petid ,  weight FROM pets WHERE pet_age  >  1",52,True,Hrida-T2SQL,1,1,Find the id and weight of all pets whose age is older than 1.,61,ea,spider_69,results/raw/Hrida-T2SQL_spider_ea_20260326_161424.jsonl
False,spider,[false],pets_1,data/spider/database/pets_1/pets_1.sqlite,,False,,False,,"SELECT PetType, AVG(weight) FROM Pets GROUP BY PetType",True,,"SELECT avg(weight) ,  pettype FROM pets GROUP BY pettype",56,True,Hrida-T2SQL,1,1,Find the average weight for each pet type.,42,ea,spider_73,results/raw/Hrida-T2SQL_spider_ea_20260326_161424.jsonl
True,spider,[true],pets_1,data/spider/database/pets_1/pets_1.sqlite,,False,,True,,"SELECT Pets.PetType, Pets.weight FROM Pets INNER JOIN Has_Pet ON Pets.PetID = Has_Pet.PetID WHERE Pets.pet_age = (SELECT MIN(pet_age) FROM Pets)",True,,"SELECT pettype ,  weight FROM pets ORDER BY pet_age LIMIT 1",59,True,Hrida-T2SQL,1,1,Find the type and weight of the youngest pet.,45,ea,spider_67,results/raw/Hrida-T2SQL_spider_ea_20260326_161424.jsonl
False,spider,[false],pets_1,data/spider/database/pets_1/pets_1.sqlite,,False,,False,,SELECT DISTINCT Has_Pet.StuID FROM Has_Pet LEFT JOIN Pets ON Has_Pet.PetID = Pets.PetID WHERE Pets.PetType != 'Cat' AND Has_Pet.PetID IS NOT NULL,True,,SELECT stuid FROM student EXCEPT SELECT T1.stuid FROM student AS T1 JOIN has_pet AS T2 ON T1.stuid  =  T2.stuid JOIN pets AS T3 ON T3.petid  =  T2.petid WHERE T3.pettype  =  'cat',179,True,Hrida-T2SQL,1,1,What are the ids of the students who do not own cats as pets?,61,ea,spider_64,results/raw/Hrida-T2SQL_spider_ea_20260326_161424.jsonl
False,spider,[false],pets_1,data/spider/database/pets_1/pets_1.sqlite,,False,,False,,"SELECT PetType, AVG(pet_age) as avg_age, MAX(pet_age) as max_age FROM Pets JOIN Has_Pet ON Pets.PetID = Has_Pet.PetID GROUP BY PetType",True,,"SELECT avg(pet_age) ,  max(pet_age) ,  pettype FROM pets GROUP BY pettype",73,True,Hrida-T2SQL,1,1,What is the average and maximum age for each pet type?,54,ea,spider_72,results/raw/Hrida-T2SQL_spider_ea_20260326_161424.jsonl
False,spider,[false],pets_1,data/spider/database/pets_1/pets_1.sqlite,,False,,False,,SELECT s.Fname FROM Student s JOIN Has_Pet hp ON s.StuID = hp.StuID JOIN Pets p ON hp.PetID = p.PetID WHERE p.PetType = 'Dog' AND NOT EXISTS (SELECT 1 FROM Has_Pet hp2 JOIN Pets p2 ON hp2.PetID = p2.PetID WHERE s.StuID = hp2.StuID AND p2.PetType = 'Cat'),True,,"SELECT T1.fname ,  T1.age FROM student AS T1 JOIN has_pet AS T2 ON T1.stuid  =  T2.stuid JOIN pets AS T3 ON T3.petid  =  T2.petid WHERE T3.pettype  =  'dog' AND T1.stuid NOT IN (SELECT T1.stuid FROM student AS T1 JOIN has_pet AS T2 ON T1.stuid  =  T2.stuid JOIN pets AS T3 ON T3.petid  =  T2.petid WHERE T3.pettype  =  'cat')",325,True,Hrida-T2SQL,1,1,What is the first name of every student who has a dog but does not have a cat?,78,ea,spider_66,results/raw/Hrida-T2SQL_spider_ea_20260326_161424.jsonl
False,spider,[false],pets_1,data/spider/database/pets_1/pets_1.sqlite,,False,,False,,"SELECT PetType, AVG(weight) FROM Pets GROUP BY PetType",True,,"SELECT avg(weight) ,  pettype FROM pets GROUP BY pettype",56,True,Hrida-T2SQL,1,1,What is the average weight for each type of pet?,48,ea,spider_74,results/raw/Hrida-T2SQL_spider_ea_20260326_161424.jsonl
False,spider,[false],pets_1,data/spider/database/pets_1/pets_1.sqlite,,False,,False,no such column: PetType,SELECT Has_Pet.StuID FROM Student JOIN Has_Pet ON Student.StuID = Has_Pet.StuID WHERE Student.LName = 'Smith' AND PetType IS NOT NULL LIMIT 1,False,,SELECT T2.petid FROM student AS T1 JOIN has_pet AS T2 ON T1.stuid  =  T2.stuid WHERE T1.Lname  =  'Smith',105,True,Hrida-T2SQL,1,1,What is the id of the pet owned by the student whose last name is 'Smith'?,74,ea,spider_78,results/raw/Hrida-T2SQL_spider_ea_20260326_161424.jsonl
False,spider,[false],pets_1,data/spider/database/pets_1/pets_1.sqlite,,False,,False,no such column: PetType,"SELECT Student.Major, Student.Age FROM Student LEFT JOIN Has_Pet ON Student.StuID = Has_Pet.StuID WHERE PetType != 'Cat' AND Has_Pet.PetID IS NULL GROUP BY Student.StuID",False,,"SELECT major ,  age FROM student WHERE stuid NOT IN (SELECT T1.stuid FROM student AS T1 JOIN has_pet AS T2 ON T1.stuid  =  T2.stuid JOIN pets AS T3 ON T3.petid  =  T2.petid WHERE T3.pettype  =  'cat')",200,True,Hrida-T2SQL,1,1,Find the major and age of students who do not have a cat pet.,61,ea,spider_61,results/raw/Hrida-T2SQL_spider_ea_20260326_161424.jsonl
False,spider,[false],pets_1,data/spider/database/pets_1/pets_1.sqlite,,False,,False,no such column: PetType,SELECT Has_Pet.StuID FROM Student JOIN Has_Pet ON Student.StuID = Has_Pet.StuID WHERE Student.LName = 'Smith' AND PetType IS NOT NULL,False,,SELECT T2.petid FROM student AS T1 JOIN has_pet AS T2 ON T1.stuid  =  T2.stuid WHERE T1.Lname  =  'Smith',105,True,Hrida-T2SQL,1,1,Find the id of the pet owned by student whose last name is ‘Smith’.,67,ea,spider_77,results/raw/Hrida-T2SQL_spider_ea_20260326_161424.jsonl
False,spider,[false],pets_1,data/spider/database/pets_1/pets_1.sqlite,,False,,False,,"SELECT s.Fname, s.Age FROM Student s INNER JOIN Has_Pet hp ON s.StuID = hp.StuID WHERE EXISTS (SELECT 1 FROM Pets p WHERE p.PetID = hp.PetID)",True,,"SELECT DISTINCT T1.fname ,  T1.age FROM student AS T1 JOIN has_pet AS T2 ON T1.stuid  =  T2.stuid",97,True,Hrida-T2SQL,1,1,Find the first name and age of students who have a pet.,55,ea,spider_75,results/raw/Hrida-T2SQL_spider_ea_20260326_161424.jsonl
True,spider,[true],pets_1,data/spider/database/pets_1/pets_1.sqlite,,False,,True,,"SELECT s.Fname, s.Age FROM Student s INNER JOIN Has_Pet hp ON s.StuID = hp.StuID GROUP BY s.Fname, s.Age",True,,"SELECT DISTINCT T1.fname ,  T1.age FROM student AS T1 JOIN has_pet AS T2 ON T1.stuid  =  T2.stuid",97,True,Hrida-T2SQL,1,1,What are the different first names and ages of the students who do have pets?,77,ea,spider_76,results/raw/Hrida-T2SQL_spider_ea_20260326_161424.jsonl
False,spider,[false],pets_1,data/spider/database/pets_1/pets_1.sqlite,,False,,False,no such column: PetType,SELECT StuID FROM Has_Pet WHERE PetType != 'Cat' GROUP BY StuID HAVING COUNT(*) = 1,False,,SELECT stuid FROM student EXCEPT SELECT T1.stuid FROM student AS T1 JOIN has_pet AS T2 ON T1.stuid  =  T2.stuid JOIN pets AS T3 ON T3.petid  =  T2.petid WHERE T3.pettype  =  'cat',179,True,Hrida-T2SQL,1,1,Find the id of students who do not have a cat pet.,50,ea,spider_63,results/raw/Hrida-T2SQL_spider_ea_20260326_161424.jsonl
False,spider,[false],pets_1,data/spider/database/pets_1/pets_1.sqlite,,False,,False,,"SELECT Has_Pet.StuID, COUNT(Has_Pet.PetID) FROM Has_Pet GROUP BY Has_Pet.StuID HAVING COUNT(Has_Pet.PetID) > 0",True,,"SELECT count(*) ,  T1.stuid FROM student AS T1 JOIN has_pet AS T2 ON T1.stuid  =  T2.stuid GROUP BY T1.stuid",108,True,Hrida-T2SQL,1,1,Find the number of pets for each student who has any pet and student id.,72,ea,spider_79,results/raw/Hrida-T2SQL_spider_ea_20260326_161424.jsonl
False,spider,[false],pets_1,data/spider/database/pets_1/pets_1.sqlite,,False,,False,,"SELECT Has_Pet.StuID, COUNT(Has_Pet.PetID) FROM Has_Pet GROUP BY Has_Pet.StuID",True,,"select count(*) ,  t1.stuid from student as t1 join has_pet as t2 on t1.stuid  =  t2.stuid group by t1.stuid",108,True,Hrida-T2SQL,1,1,"For students who have pets , how many pets does each student have ? list their ids instead of names .",101,ea,spider_80,results/raw/Hrida-T2SQL_spider_ea_20260326_161424.jsonl
True,spider,[true],pets_1,data/spider/database/pets_1/pets_1.sqlite,,False,,True,,"SELECT s.Fname, s.Sex FROM Student s INNER JOIN Has_Pet hp ON s.StuID = hp.StuID GROUP BY s.StuID HAVING COUNT(hp.PetID) > 1",True,,"SELECT T1.fname ,  T1.sex FROM student AS T1 JOIN has_pet AS T2 ON T1.stuid  =  T2.stuid GROUP BY T1.stuid HAVING count(*)  >  1",128,True,Hrida-T2SQL,1,1,Find the first name and gender of student who have more than one pet.,69,ea,spider_81,results/raw/Hrida-T2SQL_spider_ea_20260326_161424.jsonl
True,spider,[true],pets_1,data/spider/database/pets_1/pets_1.sqlite,,False,,True,,"SELECT s.Fname, s.Sex FROM Student s INNER JOIN Has_Pet hp ON s.StuID = hp.StuID GROUP BY s.StuID HAVING COUNT(hp.PetID) > 1",True,,"SELECT T1.fname ,  T1.sex FROM student AS T1 JOIN has_pet AS T2 ON T1.stuid  =  T2.stuid GROUP BY T1.stuid HAVING count(*)  >  1",128,True,Hrida-T2SQL,1,1,What is the first name and gender of the all the students who have more than one pet?,85,ea,spider_82,results/raw/Hrida-T2SQL_spider_ea_20260326_161424.jsonl
False,spider,[false],pets_1,data/spider/database/pets_1/pets_1.sqlite,,False,,False,,SELECT s.LName FROM Student s JOIN Has_Pet hp ON s.StuID = hp.StuID JOIN Pets p ON hp.PetID = p.PetID WHERE p.PetType = 'Cat' AND p.pet_age = 3 LIMIT 1,True,,SELECT T1.lname FROM student AS T1 JOIN has_pet AS T2 ON T1.stuid  =  T2.stuid JOIN pets AS T3 ON T3.petid  =  T2.petid WHERE T3.pet_age  =  3 AND T3.pettype  =  'cat',167,True,Hrida-T2SQL,1,1,What is the last name of the student who has a cat that is 3 years old?,71,ea,spider_84,results/raw/Hrida-T2SQL_spider_ea_20260326_161424.jsonl
True,spider,[true],pets_1,data/spider/database/pets_1/pets_1.sqlite,,False,,True,,SELECT AVG(Age) FROM Student WHERE StuID NOT IN (SELECT DISTINCT StuID FROM Has_Pet),True,,select avg(age) from student where stuid not in (select stuid from has_pet),75,True,Hrida-T2SQL,1,1,What is the average age for all students who do not own any pets ?,66,ea,spider_86,results/raw/Hrida-T2SQL_spider_ea_20260326_161424.jsonl
False,spider,[false],pets_1,data/spider/database/pets_1/pets_1.sqlite,,False,,False,,SELECT s.LName FROM Student s JOIN Has_Pet hp ON s.StuID = hp.StuID JOIN Pets p ON hp.PetID = p.PetID WHERE p.PetType = 'Cat' AND p.pet_age = 3,True,,SELECT T1.lname FROM student AS T1 JOIN has_pet AS T2 ON T1.stuid  =  T2.stuid JOIN pets AS T3 ON T3.petid  =  T2.petid WHERE T3.pet_age  =  3 AND T3.pettype  =  'cat',167,True,Hrida-T2SQL,1,1,Find the last name of the student who has a cat that is age 3.,62,ea,spider_83,results/raw/Hrida-T2SQL_spider_ea_20260326_161424.jsonl
True,spider,[true],car_1,data/spider/database/car_1/car_1.sqlite,,False,,True,,SELECT COUNT(*) FROM continents,True,,SELECT count(*) FROM CONTINENTS;,32,True,Hrida-T2SQL,1,1,What is the number of continents?,33,ea,spider_88,results/raw/Hrida-T2SQL_spider_ea_20260326_161424.jsonl
True,spider,[true],car_1,data/spider/database/car_1/car_1.sqlite,,False,,True,,SELECT COUNT(*) FROM continents,True,,SELECT count(*) FROM CONTINENTS;,32,True,Hrida-T2SQL,1,1,How many continents are there?,30,ea,spider_87,results/raw/Hrida-T2SQL_spider_ea_20260326_161424.jsonl
True,spider,[true],car_1,data/spider/database/car_1/car_1.sqlite,,False,,True,,SELECT COUNT(*) FROM countries,True,,SELECT count(*) FROM COUNTRIES;,31,True,Hrida-T2SQL,1,1,How many countries are listed?,30,ea,spider_91,results/raw/Hrida-T2SQL_spider_ea_20260326_161424.jsonl
True,spider,[true],car_1,data/spider/database/car_1/car_1.sqlite,,False,,True,,"SELECT c.ContId AS ContinentID, c.Continent AS ContinentName, COUNT(co.CountryId) AS CountryCount FROM continents c JOIN countries co ON c.ContId = co.Continent GROUP BY c.ContId, c.Continent",True,,"SELECT T1.ContId ,  T1.Continent ,  count(*) FROM CONTINENTS AS T1 JOIN COUNTRIES AS T2 ON T1.ContId  =  T2.Continent GROUP BY T1.ContId;",137,True,Hrida-T2SQL,1,1,"For each continent, list its id, name, and how many countries it has?",69,ea,spider_90,results/raw/Hrida-T2SQL_spider_ea_20260326_161424.jsonl
True,spider,[true],pets_1,data/spider/database/pets_1/pets_1.sqlite,,False,,True,,SELECT AVG(Age) FROM Student WHERE StuID NOT IN (SELECT DISTINCT StuID FROM Has_Pet),True,,select avg(age) from student where stuid not in (select stuid from has_pet),75,True,Hrida-T2SQL,1,1,Find the average age of students who do not have any pet .,58,ea,spider_85,results/raw/Hrida-T2SQL_spider_ea_20260326_161424.jsonl
True,spider,[true],car_1,data/spider/database/car_1/car_1.sqlite,,False,,True,,"SELECT c.ContId AS ContinentID, c.Continent AS ContinentName, COUNT(DISTINCT co.CountryId) AS CountryCount FROM continents c JOIN countries co ON c.ContId = co.Continent GROUP BY c.ContId, c.Continent",True,,"SELECT T1.ContId ,  T1.Continent ,  count(*) FROM CONTINENTS AS T1 JOIN COUNTRIES AS T2 ON T1.ContId  =  T2.Continent GROUP BY T1.ContId;",137,True,Hrida-T2SQL,1,1,"How many countries does each continent have? List the continent id, continent name and the number of countries.",111,ea,spider_89,results/raw/Hrida-T2SQL_spider_ea_20260326_161424.jsonl
True,spider,[true],car_1,data/spider/database/car_1/car_1.sqlite,,False,,True,,SELECT COUNT(*) FROM countries,True,,SELECT count(*) FROM COUNTRIES;,31,True,Hrida-T2SQL,1,1,How many countries exist?,25,ea,spider_92,results/raw/Hrida-T2SQL_spider_ea_20260326_161424.jsonl
False,spider,[false],car_1,data/spider/database/car_1/car_1.sqlite,,False,,False,no such column: cn.Model,SELECT cn.Model FROM cars_data cd JOIN model_list ml ON cd.Id = ml.MakeId JOIN car_makers cm ON ml.Maker = cm.Id WHERE cd.Horsepower = (SELECT MIN(cd2.Horsepower) FROM cars_data cd2 JOIN model_list ml2 ON cd2.Id = ml2.MakeId JOIN car_makers cm2 ON ml2.Maker = cm2.Id),False,,SELECT T1.Model FROM CAR_NAMES AS T1 JOIN CARS_DATA AS T2 ON T1.MakeId  =  T2.Id ORDER BY T2.horsepower ASC LIMIT 1;,116,True,Hrida-T2SQL,1,1,Which model of the car has the minimum horsepower?,50,ea,spider_95,results/raw/Hrida-T2SQL_spider_ea_20260326_161424.jsonl
False,spider,[false],car_1,data/spider/database/car_1/car_1.sqlite,,False,,False,no such column: cn.Model,SELECT cn.Model FROM cars_data cd JOIN model_list ml ON cd.Id = ml.MakeId JOIN car_makers cm ON ml.Maker = cm.Id WHERE cd.Horsepower = (SELECT MIN(cd2.Horsepower) FROM cars_data cd2) LIMIT 1,False,,SELECT T1.Model FROM CAR_NAMES AS T1 JOIN CARS_DATA AS T2 ON T1.MakeId  =  T2.Id ORDER BY T2.horsepower ASC LIMIT 1;,116,True,Hrida-T2SQL,1,1,What is the model of the car with the smallest amount of horsepower?,68,ea,spider_96,results/raw/Hrida-T2SQL_spider_ea_20260326_161424.jsonl
True,spider,[true],car_1,data/spider/database/car_1/car_1.sqlite,,False,,True,,"SELECT cm.FullName, cm.Id, COUNT(ml.Model) FROM car_makers cm JOIN model_list ml ON cm.Id = ml.Maker GROUP BY cm.FullName, cm.Id",True,,"SELECT T1.FullName ,  T1.Id ,  count(*) FROM CAR_MAKERS AS T1 JOIN MODEL_LIST AS T2 ON T1.Id  =  T2.Maker GROUP BY T1.Id;",121,True,Hrida-T2SQL,1,1,"What is the full name of each car maker, along with its id and how many models it produces?",91,ea,spider_94,results/raw/Hrida-T2SQL_spider_ea_20260326_161424.jsonl
False,spider,[false],car_1,data/spider/database/car_1/car_1.sqlite,,False,,False,no such column: cd.Model,"SELECT cm.FullName, cm.Id, COUNT(cd.Model) FROM car_makers cm JOIN model_list ml ON cm.Id = ml.Maker GROUP BY cm.FullName, cm.Id",False,,"SELECT T1.FullName ,  T1.Id ,  count(*) FROM CAR_MAKERS AS T1 JOIN MODEL_LIST AS T2 ON T1.Id  =  T2.Maker GROUP BY T1.Id;",121,True,Hrida-T2SQL,1,1,"How many models does each car maker produce? List maker full name, id and the number.",85,ea,spider_93,results/raw/Hrida-T2SQL_spider_ea_20260326_161424.jsonl
False,spider,[false],car_1,data/spider/database/car_1/car_1.sqlite,,False,,False,no such column: cd.MakeId,SELECT c.Maker FROM car_makers c INNER JOIN cars_data cd ON c.Id = cd.MakeId WHERE cd.Year = 1970 GROUP BY c.Maker HAVING COUNT(*) > 1,False,,SELECT DISTINCT T1.Maker FROM CAR_MAKERS AS T1 JOIN MODEL_LIST AS T2 ON T1.Id  =  T2.Maker JOIN CAR_NAMES AS T3 ON T2.model  =  T3.model JOIN CARS_DATA AS T4 ON T3.MakeId  =  T4.id WHERE T4.year  =  '1970';,206,True,Hrida-T2SQL,1,1,Find the name of the makers that produced some cars in the year of 1970?,72,ea,spider_99,results/raw/Hrida-T2SQL_spider_ea_20260326_161424.jsonl
False,spider,[false],car_1,data/spider/database/car_1/car_1.sqlite,,False,,False,no such column: cn.Model,SELECT cn.Model FROM cars_data cd JOIN model_list ml ON cd.Id = ml.MakeId JOIN car_makers cm ON ml.Maker = cm.Id WHERE cd.Weight < (SELECT AVG(cd2.Weight) FROM cars_data cd2) LIMIT 1,False,,SELECT T1.model FROM CAR_NAMES AS T1 JOIN CARS_DATA AS T2 ON T1.MakeId  =  T2.Id WHERE T2.Weight  <  (SELECT avg(Weight) FROM CARS_DATA),136,True,Hrida-T2SQL,1,1,What is the model for the car with a weight smaller than the average?,69,ea,spider_98,results/raw/Hrida-T2SQL_spider_ea_20260326_161424.jsonl
False,spider,[false],car_1,data/spider/database/car_1/car_1.sqlite,,False,,False,no such column: cn.Model,SELECT cn.Model FROM cars_data cd JOIN model_list ml ON cd.Id = ml.MakeId JOIN car_makers cm ON ml.Maker = cm.Id WHERE cd.Weight < (SELECT AVG(cd2.Weight) FROM cars_data cd2) LIMIT 1,False,,SELECT T1.model FROM CAR_NAMES AS T1 JOIN CARS_DATA AS T2 ON T1.MakeId  =  T2.Id WHERE T2.Weight  <  (SELECT avg(Weight) FROM CARS_DATA),136,True,Hrida-T2SQL,1,1,Find the model of the car whose weight is below the average weight.,67,ea,spider_97,results/raw/Hrida-T2SQL_spider_ea_20260326_161424.jsonl
