sample_id,model_name,benchmark,completeness,efficiency,readability
bird_0,DeepSeek-V3.2,bird,,,
bird_1,DeepSeek-V3.2,bird,,,
bird_2,DeepSeek-V3.2,bird,,,
bird_3,DeepSeek-V3.2,bird,,,
bird_4,DeepSeek-V3.2,bird,,,
bird_5,DeepSeek-V3.2,bird,,,
bird_6,DeepSeek-V3.2,bird,,,
bird_7,DeepSeek-V3.2,bird,,,
bird_8,DeepSeek-V3.2,bird,,,
bird_9,DeepSeek-V3.2,bird,,,
bird_10,DeepSeek-V3.2,bird,,,
bird_11,DeepSeek-V3.2,bird,,,
bird_12,DeepSeek-V3.2,bird,,,
bird_13,DeepSeek-V3.2,bird,,,
bird_14,DeepSeek-V3.2,bird,,,
bird_15,DeepSeek-V3.2,bird,,,
bird_16,DeepSeek-V3.2,bird,,,
bird_17,DeepSeek-V3.2,bird,,,
bird_18,DeepSeek-V3.2,bird,,,
bird_19,DeepSeek-V3.2,bird,,,
bird_20,DeepSeek-V3.2,bird,,,
bird_21,DeepSeek-V3.2,bird,,,
bird_22,DeepSeek-V3.2,bird,,,
bird_23,DeepSeek-V3.2,bird,,,
bird_24,DeepSeek-V3.2,bird,,,
bird_25,DeepSeek-V3.2,bird,,,
bird_26,DeepSeek-V3.2,bird,,,
bird_27,DeepSeek-V3.2,bird,,,
bird_28,DeepSeek-V3.2,bird,,,
bird_29,DeepSeek-V3.2,bird,,,
bird_30,DeepSeek-V3.2,bird,,,
bird_31,DeepSeek-V3.2,bird,,,
bird_32,DeepSeek-V3.2,bird,,,
bird_33,DeepSeek-V3.2,bird,,,
bird_34,DeepSeek-V3.2,bird,,,
bird_35,DeepSeek-V3.2,bird,,,
bird_36,DeepSeek-V3.2,bird,,,
bird_37,DeepSeek-V3.2,bird,,,
bird_38,DeepSeek-V3.2,bird,,,
bird_39,DeepSeek-V3.2,bird,,,
bird_40,DeepSeek-V3.2,bird,,,
bird_41,DeepSeek-V3.2,bird,,,
bird_42,DeepSeek-V3.2,bird,,,
bird_43,DeepSeek-V3.2,bird,,,
bird_44,DeepSeek-V3.2,bird,,,
bird_45,DeepSeek-V3.2,bird,,,
bird_46,DeepSeek-V3.2,bird,,,
bird_47,DeepSeek-V3.2,bird,,,
bird_48,DeepSeek-V3.2,bird,,,
bird_49,DeepSeek-V3.2,bird,,,
bird_50,DeepSeek-V3.2,bird,,,
bird_51,DeepSeek-V3.2,bird,,,
bird_52,DeepSeek-V3.2,bird,,,
bird_53,DeepSeek-V3.2,bird,,,
bird_54,DeepSeek-V3.2,bird,,,
bird_55,DeepSeek-V3.2,bird,,,
bird_56,DeepSeek-V3.2,bird,,,
bird_57,DeepSeek-V3.2,bird,,,
bird_58,DeepSeek-V3.2,bird,,,
bird_59,DeepSeek-V3.2,bird,,,
bird_60,DeepSeek-V3.2,bird,,,
bird_61,DeepSeek-V3.2,bird,,,
bird_62,DeepSeek-V3.2,bird,,,
bird_63,DeepSeek-V3.2,bird,,,
bird_64,DeepSeek-V3.2,bird,,,
bird_65,DeepSeek-V3.2,bird,,,
bird_66,DeepSeek-V3.2,bird,,,
bird_67,DeepSeek-V3.2,bird,,,
bird_68,DeepSeek-V3.2,bird,,,
bird_69,DeepSeek-V3.2,bird,,,
bird_70,DeepSeek-V3.2,bird,,,
bird_71,DeepSeek-V3.2,bird,,,
bird_72,DeepSeek-V3.2,bird,,,
bird_73,DeepSeek-V3.2,bird,,,
bird_74,DeepSeek-V3.2,bird,,,
bird_75,DeepSeek-V3.2,bird,,,
bird_76,DeepSeek-V3.2,bird,,,
bird_77,DeepSeek-V3.2,bird,,,
bird_78,DeepSeek-V3.2,bird,,,
bird_79,DeepSeek-V3.2,bird,,,
bird_80,DeepSeek-V3.2,bird,,,
bird_81,DeepSeek-V3.2,bird,,,
bird_82,DeepSeek-V3.2,bird,,,
bird_83,DeepSeek-V3.2,bird,,,
bird_84,DeepSeek-V3.2,bird,,,
bird_85,DeepSeek-V3.2,bird,,,
bird_86,DeepSeek-V3.2,bird,,,
bird_87,DeepSeek-V3.2,bird,,,
bird_88,DeepSeek-V3.2,bird,,,
bird_89,DeepSeek-V3.2,bird,,,
bird_90,DeepSeek-V3.2,bird,,,
bird_91,DeepSeek-V3.2,bird,,,
bird_92,DeepSeek-V3.2,bird,,,
bird_93,DeepSeek-V3.2,bird,,,
bird_94,DeepSeek-V3.2,bird,,,
bird_95,DeepSeek-V3.2,bird,,,
bird_96,DeepSeek-V3.2,bird,,,
bird_97,DeepSeek-V3.2,bird,,,
bird_98,DeepSeek-V3.2,bird,,,
bird_99,DeepSeek-V3.2,bird,,,
bird_100,DeepSeek-V3.2,bird,,,
bird_101,DeepSeek-V3.2,bird,,,
bird_102,DeepSeek-V3.2,bird,,,
bird_103,DeepSeek-V3.2,bird,,,
bird_104,DeepSeek-V3.2,bird,,,
bird_105,DeepSeek-V3.2,bird,,,
bird_106,DeepSeek-V3.2,bird,,,
bird_107,DeepSeek-V3.2,bird,,,
bird_108,DeepSeek-V3.2,bird,,,
bird_109,DeepSeek-V3.2,bird,,,
bird_110,DeepSeek-V3.2,bird,,,
bird_111,DeepSeek-V3.2,bird,,,
bird_112,DeepSeek-V3.2,bird,,,
bird_113,DeepSeek-V3.2,bird,,,
bird_114,DeepSeek-V3.2,bird,,,
bird_115,DeepSeek-V3.2,bird,,,
bird_116,DeepSeek-V3.2,bird,,,
bird_117,DeepSeek-V3.2,bird,,,
bird_118,DeepSeek-V3.2,bird,,,
bird_119,DeepSeek-V3.2,bird,,,
bird_120,DeepSeek-V3.2,bird,,,
bird_121,DeepSeek-V3.2,bird,,,
bird_122,DeepSeek-V3.2,bird,,,
bird_123,DeepSeek-V3.2,bird,,,
bird_124,DeepSeek-V3.2,bird,,,
bird_125,DeepSeek-V3.2,bird,,,
bird_126,DeepSeek-V3.2,bird,,,
bird_127,DeepSeek-V3.2,bird,,,
bird_128,DeepSeek-V3.2,bird,,,
bird_129,DeepSeek-V3.2,bird,,,
bird_130,DeepSeek-V3.2,bird,,,
bird_131,DeepSeek-V3.2,bird,,,
bird_132,DeepSeek-V3.2,bird,,,
bird_133,DeepSeek-V3.2,bird,,,
bird_134,DeepSeek-V3.2,bird,,,
bird_135,DeepSeek-V3.2,bird,,,
bird_136,DeepSeek-V3.2,bird,,,
bird_137,DeepSeek-V3.2,bird,,,
bird_138,DeepSeek-V3.2,bird,,,
bird_139,DeepSeek-V3.2,bird,,,
bird_140,DeepSeek-V3.2,bird,,,
bird_141,DeepSeek-V3.2,bird,,,
bird_142,DeepSeek-V3.2,bird,,,
bird_143,DeepSeek-V3.2,bird,,,
bird_144,DeepSeek-V3.2,bird,,,
bird_145,DeepSeek-V3.2,bird,,,
bird_146,DeepSeek-V3.2,bird,,,
bird_147,DeepSeek-V3.2,bird,,,
bird_148,DeepSeek-V3.2,bird,,,
bird_149,DeepSeek-V3.2,bird,,,
bird_150,DeepSeek-V3.2,bird,,,
bird_151,DeepSeek-V3.2,bird,,,
bird_152,DeepSeek-V3.2,bird,,,
bird_153,DeepSeek-V3.2,bird,,,
bird_154,DeepSeek-V3.2,bird,,,
bird_155,DeepSeek-V3.2,bird,,,
bird_156,DeepSeek-V3.2,bird,,,
bird_157,DeepSeek-V3.2,bird,,,
bird_158,DeepSeek-V3.2,bird,,,
bird_159,DeepSeek-V3.2,bird,,,
bird_160,DeepSeek-V3.2,bird,,,
bird_161,DeepSeek-V3.2,bird,,,
bird_162,DeepSeek-V3.2,bird,,,
bird_163,DeepSeek-V3.2,bird,,,
bird_164,DeepSeek-V3.2,bird,,,
bird_165,DeepSeek-V3.2,bird,,,
bird_166,DeepSeek-V3.2,bird,,,
bird_167,DeepSeek-V3.2,bird,,,
bird_168,DeepSeek-V3.2,bird,,,
bird_169,DeepSeek-V3.2,bird,,,
bird_170,DeepSeek-V3.2,bird,,,
bird_171,DeepSeek-V3.2,bird,,,
bird_172,DeepSeek-V3.2,bird,,,
bird_173,DeepSeek-V3.2,bird,,,
bird_174,DeepSeek-V3.2,bird,,,
bird_175,DeepSeek-V3.2,bird,,,
bird_176,DeepSeek-V3.2,bird,,,
bird_177,DeepSeek-V3.2,bird,,,
bird_178,DeepSeek-V3.2,bird,,,
bird_179,DeepSeek-V3.2,bird,,,
bird_180,DeepSeek-V3.2,bird,,,
bird_181,DeepSeek-V3.2,bird,,,
bird_182,DeepSeek-V3.2,bird,,,
bird_183,DeepSeek-V3.2,bird,,,
bird_184,DeepSeek-V3.2,bird,,,
bird_185,DeepSeek-V3.2,bird,,,
bird_186,DeepSeek-V3.2,bird,,,
bird_187,DeepSeek-V3.2,bird,,,
bird_188,DeepSeek-V3.2,bird,,,
bird_189,DeepSeek-V3.2,bird,,,
bird_190,DeepSeek-V3.2,bird,,,
bird_191,DeepSeek-V3.2,bird,,,
bird_192,DeepSeek-V3.2,bird,,,
bird_193,DeepSeek-V3.2,bird,,,
bird_194,DeepSeek-V3.2,bird,,,
bird_195,DeepSeek-V3.2,bird,,,
bird_196,DeepSeek-V3.2,bird,,,
bird_197,DeepSeek-V3.2,bird,,,
bird_198,DeepSeek-V3.2,bird,,,
bird_199,DeepSeek-V3.2,bird,,,
bird_200,DeepSeek-V3.2,bird,,,
bird_201,DeepSeek-V3.2,bird,,,
bird_202,DeepSeek-V3.2,bird,,,
bird_203,DeepSeek-V3.2,bird,,,
bird_204,DeepSeek-V3.2,bird,,,
bird_205,DeepSeek-V3.2,bird,,,
bird_206,DeepSeek-V3.2,bird,,,
bird_207,DeepSeek-V3.2,bird,,,
bird_208,DeepSeek-V3.2,bird,,,
bird_209,DeepSeek-V3.2,bird,,,
bird_210,DeepSeek-V3.2,bird,,,
bird_211,DeepSeek-V3.2,bird,,,
bird_212,DeepSeek-V3.2,bird,,,
bird_213,DeepSeek-V3.2,bird,,,
bird_214,DeepSeek-V3.2,bird,,,
bird_215,DeepSeek-V3.2,bird,,,
bird_216,DeepSeek-V3.2,bird,,,
bird_217,DeepSeek-V3.2,bird,,,
bird_218,DeepSeek-V3.2,bird,,,
bird_219,DeepSeek-V3.2,bird,,,
bird_220,DeepSeek-V3.2,bird,,,
bird_221,DeepSeek-V3.2,bird,,,
bird_222,DeepSeek-V3.2,bird,,,
bird_223,DeepSeek-V3.2,bird,,,
bird_224,DeepSeek-V3.2,bird,,,
bird_225,DeepSeek-V3.2,bird,,,
bird_226,DeepSeek-V3.2,bird,,,
bird_227,DeepSeek-V3.2,bird,,,
bird_228,DeepSeek-V3.2,bird,,,
bird_229,DeepSeek-V3.2,bird,,,
bird_230,DeepSeek-V3.2,bird,,,
bird_231,DeepSeek-V3.2,bird,,,
bird_232,DeepSeek-V3.2,bird,,,
bird_233,DeepSeek-V3.2,bird,,,
bird_234,DeepSeek-V3.2,bird,,,
bird_235,DeepSeek-V3.2,bird,,,
bird_236,DeepSeek-V3.2,bird,,,
bird_237,DeepSeek-V3.2,bird,,,
bird_238,DeepSeek-V3.2,bird,,,
bird_239,DeepSeek-V3.2,bird,,,
bird_240,DeepSeek-V3.2,bird,,,
bird_241,DeepSeek-V3.2,bird,,,
bird_242,DeepSeek-V3.2,bird,,,
bird_243,DeepSeek-V3.2,bird,,,
bird_244,DeepSeek-V3.2,bird,,,
bird_245,DeepSeek-V3.2,bird,,,
bird_246,DeepSeek-V3.2,bird,,,
bird_247,DeepSeek-V3.2,bird,,,
bird_248,DeepSeek-V3.2,bird,,,
bird_249,DeepSeek-V3.2,bird,,,
bird_250,DeepSeek-V3.2,bird,,,
bird_251,DeepSeek-V3.2,bird,,,
bird_252,DeepSeek-V3.2,bird,,,
bird_253,DeepSeek-V3.2,bird,,,
bird_254,DeepSeek-V3.2,bird,,,
bird_255,DeepSeek-V3.2,bird,,,
bird_256,DeepSeek-V3.2,bird,,,
bird_257,DeepSeek-V3.2,bird,,,
bird_258,DeepSeek-V3.2,bird,,,
bird_259,DeepSeek-V3.2,bird,,,
bird_260,DeepSeek-V3.2,bird,,,
bird_261,DeepSeek-V3.2,bird,,,
bird_262,DeepSeek-V3.2,bird,,,
bird_263,DeepSeek-V3.2,bird,,,
bird_264,DeepSeek-V3.2,bird,,,
bird_265,DeepSeek-V3.2,bird,,,
bird_266,DeepSeek-V3.2,bird,,,
bird_267,DeepSeek-V3.2,bird,,,
bird_268,DeepSeek-V3.2,bird,,,
bird_269,DeepSeek-V3.2,bird,,,
bird_270,DeepSeek-V3.2,bird,,,
bird_271,DeepSeek-V3.2,bird,,,
bird_272,DeepSeek-V3.2,bird,,,
bird_273,DeepSeek-V3.2,bird,,,
bird_274,DeepSeek-V3.2,bird,,,
bird_275,DeepSeek-V3.2,bird,,,
bird_276,DeepSeek-V3.2,bird,,,
bird_277,DeepSeek-V3.2,bird,,,
bird_278,DeepSeek-V3.2,bird,,,
bird_279,DeepSeek-V3.2,bird,,,
bird_280,DeepSeek-V3.2,bird,,,
bird_281,DeepSeek-V3.2,bird,,,
bird_282,DeepSeek-V3.2,bird,,,
bird_283,DeepSeek-V3.2,bird,,,
bird_284,DeepSeek-V3.2,bird,,,
bird_285,DeepSeek-V3.2,bird,,,
bird_286,DeepSeek-V3.2,bird,,,
bird_287,DeepSeek-V3.2,bird,,,
bird_288,DeepSeek-V3.2,bird,,,
bird_289,DeepSeek-V3.2,bird,,,
bird_290,DeepSeek-V3.2,bird,,,
bird_291,DeepSeek-V3.2,bird,,,
bird_292,DeepSeek-V3.2,bird,,,
bird_293,DeepSeek-V3.2,bird,,,
bird_294,DeepSeek-V3.2,bird,,,
bird_295,DeepSeek-V3.2,bird,,,
bird_296,DeepSeek-V3.2,bird,,,
bird_297,DeepSeek-V3.2,bird,,,
bird_298,DeepSeek-V3.2,bird,,,
bird_299,DeepSeek-V3.2,bird,,,
bird_300,DeepSeek-V3.2,bird,,,
bird_301,DeepSeek-V3.2,bird,,,
bird_302,DeepSeek-V3.2,bird,,,
bird_303,DeepSeek-V3.2,bird,,,
bird_304,DeepSeek-V3.2,bird,,,
bird_305,DeepSeek-V3.2,bird,,,
bird_306,DeepSeek-V3.2,bird,,,
bird_307,DeepSeek-V3.2,bird,,,
bird_308,DeepSeek-V3.2,bird,,,
bird_309,DeepSeek-V3.2,bird,,,
bird_310,DeepSeek-V3.2,bird,,,
bird_311,DeepSeek-V3.2,bird,,,
bird_312,DeepSeek-V3.2,bird,,,
bird_313,DeepSeek-V3.2,bird,,,
bird_314,DeepSeek-V3.2,bird,,,
bird_315,DeepSeek-V3.2,bird,,,
bird_316,DeepSeek-V3.2,bird,,,
bird_317,DeepSeek-V3.2,bird,,,
bird_318,DeepSeek-V3.2,bird,,,
bird_319,DeepSeek-V3.2,bird,,,
bird_320,DeepSeek-V3.2,bird,,,
bird_321,DeepSeek-V3.2,bird,,,
bird_322,DeepSeek-V3.2,bird,,,
bird_323,DeepSeek-V3.2,bird,,,
bird_324,DeepSeek-V3.2,bird,,,
bird_325,DeepSeek-V3.2,bird,,,
bird_326,DeepSeek-V3.2,bird,,,
bird_327,DeepSeek-V3.2,bird,,,
bird_328,DeepSeek-V3.2,bird,,,
bird_329,DeepSeek-V3.2,bird,,,
bird_330,DeepSeek-V3.2,bird,,,
bird_331,DeepSeek-V3.2,bird,,,
bird_332,DeepSeek-V3.2,bird,,,
bird_333,DeepSeek-V3.2,bird,,,
bird_334,DeepSeek-V3.2,bird,,,
bird_335,DeepSeek-V3.2,bird,,,
bird_336,DeepSeek-V3.2,bird,,,
bird_337,DeepSeek-V3.2,bird,,,
bird_338,DeepSeek-V3.2,bird,,,
bird_339,DeepSeek-V3.2,bird,,,
bird_340,DeepSeek-V3.2,bird,,,
bird_341,DeepSeek-V3.2,bird,,,
bird_342,DeepSeek-V3.2,bird,,,
bird_343,DeepSeek-V3.2,bird,,,
bird_344,DeepSeek-V3.2,bird,,,
bird_345,DeepSeek-V3.2,bird,,,
bird_346,DeepSeek-V3.2,bird,,,
bird_347,DeepSeek-V3.2,bird,,,
bird_348,DeepSeek-V3.2,bird,,,
bird_349,DeepSeek-V3.2,bird,,,
bird_350,DeepSeek-V3.2,bird,,,
bird_351,DeepSeek-V3.2,bird,,,
bird_352,DeepSeek-V3.2,bird,,,
bird_353,DeepSeek-V3.2,bird,,,
bird_354,DeepSeek-V3.2,bird,,,
bird_355,DeepSeek-V3.2,bird,,,
bird_356,DeepSeek-V3.2,bird,,,
bird_357,DeepSeek-V3.2,bird,,,
bird_358,DeepSeek-V3.2,bird,,,
bird_359,DeepSeek-V3.2,bird,,,
bird_360,DeepSeek-V3.2,bird,,,
bird_361,DeepSeek-V3.2,bird,,,
bird_362,DeepSeek-V3.2,bird,,,
bird_363,DeepSeek-V3.2,bird,,,
bird_364,DeepSeek-V3.2,bird,,,
bird_365,DeepSeek-V3.2,bird,,,
bird_366,DeepSeek-V3.2,bird,,,
bird_367,DeepSeek-V3.2,bird,,,
bird_368,DeepSeek-V3.2,bird,,,
bird_369,DeepSeek-V3.2,bird,,,
bird_370,DeepSeek-V3.2,bird,,,
bird_371,DeepSeek-V3.2,bird,,,
bird_372,DeepSeek-V3.2,bird,,,
bird_373,DeepSeek-V3.2,bird,,,
bird_374,DeepSeek-V3.2,bird,,,
bird_375,DeepSeek-V3.2,bird,,,
bird_376,DeepSeek-V3.2,bird,,,
bird_377,DeepSeek-V3.2,bird,,,
bird_378,DeepSeek-V3.2,bird,,,
bird_379,DeepSeek-V3.2,bird,,,
bird_380,DeepSeek-V3.2,bird,,,
bird_381,DeepSeek-V3.2,bird,,,
bird_382,DeepSeek-V3.2,bird,,,
bird_383,DeepSeek-V3.2,bird,,,
bird_384,DeepSeek-V3.2,bird,,,
bird_385,DeepSeek-V3.2,bird,,,
bird_386,DeepSeek-V3.2,bird,,,
bird_387,DeepSeek-V3.2,bird,,,
bird_388,DeepSeek-V3.2,bird,,,
bird_389,DeepSeek-V3.2,bird,,,
bird_390,DeepSeek-V3.2,bird,,,
bird_391,DeepSeek-V3.2,bird,,,
bird_392,DeepSeek-V3.2,bird,,,
bird_393,DeepSeek-V3.2,bird,,,
bird_394,DeepSeek-V3.2,bird,,,
bird_395,DeepSeek-V3.2,bird,,,
bird_396,DeepSeek-V3.2,bird,,,
bird_397,DeepSeek-V3.2,bird,,,
bird_398,DeepSeek-V3.2,bird,,,
bird_399,DeepSeek-V3.2,bird,,,
bird_400,DeepSeek-V3.2,bird,,,
bird_401,DeepSeek-V3.2,bird,,,
bird_402,DeepSeek-V3.2,bird,,,
bird_403,DeepSeek-V3.2,bird,,,
bird_404,DeepSeek-V3.2,bird,,,
bird_405,DeepSeek-V3.2,bird,,,
bird_406,DeepSeek-V3.2,bird,,,
bird_407,DeepSeek-V3.2,bird,,,
bird_408,DeepSeek-V3.2,bird,,,
bird_409,DeepSeek-V3.2,bird,,,
bird_410,DeepSeek-V3.2,bird,,,
bird_411,DeepSeek-V3.2,bird,,,
bird_412,DeepSeek-V3.2,bird,,,
bird_413,DeepSeek-V3.2,bird,,,
bird_414,DeepSeek-V3.2,bird,,,
bird_415,DeepSeek-V3.2,bird,,,
bird_416,DeepSeek-V3.2,bird,,,
bird_417,DeepSeek-V3.2,bird,,,
bird_418,DeepSeek-V3.2,bird,,,
bird_419,DeepSeek-V3.2,bird,,,
bird_420,DeepSeek-V3.2,bird,,,
bird_421,DeepSeek-V3.2,bird,,,
bird_422,DeepSeek-V3.2,bird,,,
bird_423,DeepSeek-V3.2,bird,,,
bird_424,DeepSeek-V3.2,bird,,,
bird_425,DeepSeek-V3.2,bird,,,
bird_426,DeepSeek-V3.2,bird,,,
bird_427,DeepSeek-V3.2,bird,,,
bird_428,DeepSeek-V3.2,bird,,,
bird_429,DeepSeek-V3.2,bird,,,
bird_430,DeepSeek-V3.2,bird,,,
bird_431,DeepSeek-V3.2,bird,,,
bird_432,DeepSeek-V3.2,bird,,,
bird_433,DeepSeek-V3.2,bird,,,
bird_434,DeepSeek-V3.2,bird,,,
bird_435,DeepSeek-V3.2,bird,,,
bird_436,DeepSeek-V3.2,bird,,,
bird_437,DeepSeek-V3.2,bird,,,
bird_438,DeepSeek-V3.2,bird,,,
bird_439,DeepSeek-V3.2,bird,,,
bird_440,DeepSeek-V3.2,bird,,,
bird_441,DeepSeek-V3.2,bird,,,
bird_442,DeepSeek-V3.2,bird,,,
bird_443,DeepSeek-V3.2,bird,,,
bird_444,DeepSeek-V3.2,bird,,,
bird_445,DeepSeek-V3.2,bird,,,
bird_446,DeepSeek-V3.2,bird,,,
bird_447,DeepSeek-V3.2,bird,,,
bird_448,DeepSeek-V3.2,bird,,,
bird_449,DeepSeek-V3.2,bird,,,
bird_450,DeepSeek-V3.2,bird,,,
bird_451,DeepSeek-V3.2,bird,,,
bird_452,DeepSeek-V3.2,bird,,,
bird_453,DeepSeek-V3.2,bird,,,
bird_454,DeepSeek-V3.2,bird,,,
bird_455,DeepSeek-V3.2,bird,,,
bird_456,DeepSeek-V3.2,bird,,,
bird_457,DeepSeek-V3.2,bird,,,
bird_458,DeepSeek-V3.2,bird,,,
bird_459,DeepSeek-V3.2,bird,,,
bird_460,DeepSeek-V3.2,bird,,,
bird_461,DeepSeek-V3.2,bird,,,
bird_462,DeepSeek-V3.2,bird,,,
bird_463,DeepSeek-V3.2,bird,,,
bird_464,DeepSeek-V3.2,bird,,,
bird_465,DeepSeek-V3.2,bird,,,
bird_466,DeepSeek-V3.2,bird,,,
bird_467,DeepSeek-V3.2,bird,,,
bird_468,DeepSeek-V3.2,bird,,,
bird_469,DeepSeek-V3.2,bird,,,
bird_470,DeepSeek-V3.2,bird,,,
bird_471,DeepSeek-V3.2,bird,,,
bird_472,DeepSeek-V3.2,bird,,,
bird_473,DeepSeek-V3.2,bird,,,
bird_474,DeepSeek-V3.2,bird,,,
bird_475,DeepSeek-V3.2,bird,,,
bird_476,DeepSeek-V3.2,bird,,,
bird_477,DeepSeek-V3.2,bird,,,
bird_478,DeepSeek-V3.2,bird,,,
bird_479,DeepSeek-V3.2,bird,,,
bird_480,DeepSeek-V3.2,bird,,,
bird_481,DeepSeek-V3.2,bird,,,
bird_482,DeepSeek-V3.2,bird,,,
bird_483,DeepSeek-V3.2,bird,,,
bird_484,DeepSeek-V3.2,bird,,,
bird_485,DeepSeek-V3.2,bird,,,
bird_486,DeepSeek-V3.2,bird,,,
bird_487,DeepSeek-V3.2,bird,,,
bird_488,DeepSeek-V3.2,bird,,,
bird_489,DeepSeek-V3.2,bird,,,
bird_490,DeepSeek-V3.2,bird,,,
bird_491,DeepSeek-V3.2,bird,,,
bird_492,DeepSeek-V3.2,bird,,,
bird_493,DeepSeek-V3.2,bird,,,
bird_494,DeepSeek-V3.2,bird,,,
bird_495,DeepSeek-V3.2,bird,,,
bird_496,DeepSeek-V3.2,bird,,,
bird_497,DeepSeek-V3.2,bird,,,
bird_498,DeepSeek-V3.2,bird,,,
bird_499,DeepSeek-V3.2,bird,,,
bird_500,DeepSeek-V3.2,bird,,,
bird_501,DeepSeek-V3.2,bird,,,
bird_502,DeepSeek-V3.2,bird,,,
bird_503,DeepSeek-V3.2,bird,,,
bird_504,DeepSeek-V3.2,bird,,,
bird_505,DeepSeek-V3.2,bird,,,
bird_506,DeepSeek-V3.2,bird,,,
bird_507,DeepSeek-V3.2,bird,,,
bird_508,DeepSeek-V3.2,bird,,,
bird_509,DeepSeek-V3.2,bird,,,
bird_510,DeepSeek-V3.2,bird,,,
bird_511,DeepSeek-V3.2,bird,,,
bird_512,DeepSeek-V3.2,bird,,,
bird_513,DeepSeek-V3.2,bird,,,
bird_514,DeepSeek-V3.2,bird,,,
bird_515,DeepSeek-V3.2,bird,,,
bird_516,DeepSeek-V3.2,bird,,,
bird_517,DeepSeek-V3.2,bird,,,
bird_518,DeepSeek-V3.2,bird,,,
bird_519,DeepSeek-V3.2,bird,,,
bird_520,DeepSeek-V3.2,bird,,,
bird_521,DeepSeek-V3.2,bird,,,
bird_522,DeepSeek-V3.2,bird,,,
bird_523,DeepSeek-V3.2,bird,,,
bird_524,DeepSeek-V3.2,bird,,,
bird_525,DeepSeek-V3.2,bird,,,
bird_526,DeepSeek-V3.2,bird,,,
bird_527,DeepSeek-V3.2,bird,,,
bird_528,DeepSeek-V3.2,bird,,,
bird_529,DeepSeek-V3.2,bird,,,
bird_530,DeepSeek-V3.2,bird,,,
bird_531,DeepSeek-V3.2,bird,,,
bird_532,DeepSeek-V3.2,bird,,,
bird_533,DeepSeek-V3.2,bird,,,
bird_534,DeepSeek-V3.2,bird,,,
bird_535,DeepSeek-V3.2,bird,,,
bird_536,DeepSeek-V3.2,bird,,,
bird_537,DeepSeek-V3.2,bird,,,
bird_538,DeepSeek-V3.2,bird,,,
bird_539,DeepSeek-V3.2,bird,,,
bird_540,DeepSeek-V3.2,bird,,,
bird_541,DeepSeek-V3.2,bird,,,
bird_542,DeepSeek-V3.2,bird,,,
bird_543,DeepSeek-V3.2,bird,,,
bird_544,DeepSeek-V3.2,bird,,,
bird_545,DeepSeek-V3.2,bird,,,
bird_546,DeepSeek-V3.2,bird,,,
bird_547,DeepSeek-V3.2,bird,,,
bird_548,DeepSeek-V3.2,bird,,,
bird_549,DeepSeek-V3.2,bird,,,
bird_550,DeepSeek-V3.2,bird,,,
bird_551,DeepSeek-V3.2,bird,,,
bird_552,DeepSeek-V3.2,bird,,,
bird_553,DeepSeek-V3.2,bird,,,
bird_554,DeepSeek-V3.2,bird,,,
bird_555,DeepSeek-V3.2,bird,,,
bird_556,DeepSeek-V3.2,bird,,,
bird_557,DeepSeek-V3.2,bird,,,
bird_558,DeepSeek-V3.2,bird,,,
bird_559,DeepSeek-V3.2,bird,,,
bird_560,DeepSeek-V3.2,bird,,,
bird_561,DeepSeek-V3.2,bird,,,
bird_562,DeepSeek-V3.2,bird,,,
bird_563,DeepSeek-V3.2,bird,,,
bird_564,DeepSeek-V3.2,bird,,,
bird_565,DeepSeek-V3.2,bird,,,
bird_566,DeepSeek-V3.2,bird,,,
bird_567,DeepSeek-V3.2,bird,,,
bird_568,DeepSeek-V3.2,bird,,,
bird_569,DeepSeek-V3.2,bird,,,
bird_570,DeepSeek-V3.2,bird,,,
bird_571,DeepSeek-V3.2,bird,,,
bird_572,DeepSeek-V3.2,bird,,,
bird_573,DeepSeek-V3.2,bird,,,
bird_574,DeepSeek-V3.2,bird,,,
bird_575,DeepSeek-V3.2,bird,,,
bird_576,DeepSeek-V3.2,bird,,,
bird_577,DeepSeek-V3.2,bird,,,
bird_578,DeepSeek-V3.2,bird,,,
bird_579,DeepSeek-V3.2,bird,,,
bird_580,DeepSeek-V3.2,bird,,,
bird_581,DeepSeek-V3.2,bird,,,
bird_582,DeepSeek-V3.2,bird,,,
bird_583,DeepSeek-V3.2,bird,,,
bird_584,DeepSeek-V3.2,bird,,,
bird_585,DeepSeek-V3.2,bird,,,
bird_586,DeepSeek-V3.2,bird,,,
bird_587,DeepSeek-V3.2,bird,,,
bird_588,DeepSeek-V3.2,bird,,,
bird_589,DeepSeek-V3.2,bird,,,
bird_590,DeepSeek-V3.2,bird,,,
bird_591,DeepSeek-V3.2,bird,,,
bird_592,DeepSeek-V3.2,bird,,,
bird_593,DeepSeek-V3.2,bird,,,
bird_594,DeepSeek-V3.2,bird,,,
bird_595,DeepSeek-V3.2,bird,,,
bird_596,DeepSeek-V3.2,bird,,,
bird_597,DeepSeek-V3.2,bird,,,
bird_598,DeepSeek-V3.2,bird,,,
bird_599,DeepSeek-V3.2,bird,,,
bird_600,DeepSeek-V3.2,bird,,,
bird_601,DeepSeek-V3.2,bird,,,
bird_602,DeepSeek-V3.2,bird,,,
bird_603,DeepSeek-V3.2,bird,,,
bird_604,DeepSeek-V3.2,bird,,,
bird_605,DeepSeek-V3.2,bird,,,
bird_606,DeepSeek-V3.2,bird,,,
bird_607,DeepSeek-V3.2,bird,,,
bird_608,DeepSeek-V3.2,bird,,,
bird_609,DeepSeek-V3.2,bird,,,
bird_610,DeepSeek-V3.2,bird,,,
bird_611,DeepSeek-V3.2,bird,,,
bird_612,DeepSeek-V3.2,bird,,,
bird_613,DeepSeek-V3.2,bird,,,
bird_614,DeepSeek-V3.2,bird,,,
bird_615,DeepSeek-V3.2,bird,,,
bird_616,DeepSeek-V3.2,bird,,,
bird_617,DeepSeek-V3.2,bird,,,
bird_618,DeepSeek-V3.2,bird,,,
bird_619,DeepSeek-V3.2,bird,,,
bird_620,DeepSeek-V3.2,bird,,,
bird_621,DeepSeek-V3.2,bird,,,
bird_622,DeepSeek-V3.2,bird,,,
bird_623,DeepSeek-V3.2,bird,,,
bird_624,DeepSeek-V3.2,bird,,,
bird_625,DeepSeek-V3.2,bird,,,
bird_626,DeepSeek-V3.2,bird,,,
bird_627,DeepSeek-V3.2,bird,,,
bird_628,DeepSeek-V3.2,bird,,,
bird_629,DeepSeek-V3.2,bird,,,
bird_630,DeepSeek-V3.2,bird,,,
bird_631,DeepSeek-V3.2,bird,,,
bird_632,DeepSeek-V3.2,bird,,,
bird_633,DeepSeek-V3.2,bird,,,
bird_634,DeepSeek-V3.2,bird,,,
bird_635,DeepSeek-V3.2,bird,,,
bird_636,DeepSeek-V3.2,bird,,,
bird_637,DeepSeek-V3.2,bird,,,
bird_638,DeepSeek-V3.2,bird,,,
bird_639,DeepSeek-V3.2,bird,,,
bird_640,DeepSeek-V3.2,bird,,,
bird_641,DeepSeek-V3.2,bird,,,
bird_642,DeepSeek-V3.2,bird,,,
bird_643,DeepSeek-V3.2,bird,,,
bird_644,DeepSeek-V3.2,bird,,,
bird_645,DeepSeek-V3.2,bird,,,
bird_646,DeepSeek-V3.2,bird,,,
bird_647,DeepSeek-V3.2,bird,,,
bird_648,DeepSeek-V3.2,bird,,,
bird_649,DeepSeek-V3.2,bird,,,
bird_650,DeepSeek-V3.2,bird,,,
bird_651,DeepSeek-V3.2,bird,,,
bird_652,DeepSeek-V3.2,bird,,,
bird_653,DeepSeek-V3.2,bird,,,
bird_654,DeepSeek-V3.2,bird,,,
bird_655,DeepSeek-V3.2,bird,,,
bird_656,DeepSeek-V3.2,bird,,,
bird_657,DeepSeek-V3.2,bird,,,
bird_658,DeepSeek-V3.2,bird,,,
bird_659,DeepSeek-V3.2,bird,,,
bird_660,DeepSeek-V3.2,bird,,,
bird_661,DeepSeek-V3.2,bird,,,
bird_662,DeepSeek-V3.2,bird,,,
bird_663,DeepSeek-V3.2,bird,,,
bird_664,DeepSeek-V3.2,bird,,,
bird_665,DeepSeek-V3.2,bird,,,
bird_666,DeepSeek-V3.2,bird,,,
bird_667,DeepSeek-V3.2,bird,,,
bird_668,DeepSeek-V3.2,bird,,,
bird_669,DeepSeek-V3.2,bird,,,
bird_670,DeepSeek-V3.2,bird,,,
bird_671,DeepSeek-V3.2,bird,,,
bird_672,DeepSeek-V3.2,bird,,,
bird_673,DeepSeek-V3.2,bird,,,
bird_674,DeepSeek-V3.2,bird,,,
bird_675,DeepSeek-V3.2,bird,,,
bird_676,DeepSeek-V3.2,bird,,,
bird_677,DeepSeek-V3.2,bird,,,
bird_678,DeepSeek-V3.2,bird,,,
bird_679,DeepSeek-V3.2,bird,,,
bird_680,DeepSeek-V3.2,bird,,,
bird_681,DeepSeek-V3.2,bird,,,
bird_682,DeepSeek-V3.2,bird,,,
bird_683,DeepSeek-V3.2,bird,,,
bird_684,DeepSeek-V3.2,bird,,,
bird_685,DeepSeek-V3.2,bird,,,
bird_686,DeepSeek-V3.2,bird,,,
bird_687,DeepSeek-V3.2,bird,,,
bird_688,DeepSeek-V3.2,bird,,,
bird_689,DeepSeek-V3.2,bird,,,
bird_690,DeepSeek-V3.2,bird,,,
bird_691,DeepSeek-V3.2,bird,,,
bird_692,DeepSeek-V3.2,bird,,,
bird_693,DeepSeek-V3.2,bird,,,
bird_694,DeepSeek-V3.2,bird,,,
bird_695,DeepSeek-V3.2,bird,,,
bird_696,DeepSeek-V3.2,bird,,,
bird_697,DeepSeek-V3.2,bird,,,
bird_698,DeepSeek-V3.2,bird,,,
bird_699,DeepSeek-V3.2,bird,,,
bird_700,DeepSeek-V3.2,bird,,,
bird_701,DeepSeek-V3.2,bird,,,
bird_702,DeepSeek-V3.2,bird,,,
bird_703,DeepSeek-V3.2,bird,,,
bird_704,DeepSeek-V3.2,bird,,,
bird_705,DeepSeek-V3.2,bird,,,
bird_706,DeepSeek-V3.2,bird,,,
bird_707,DeepSeek-V3.2,bird,,,
bird_708,DeepSeek-V3.2,bird,,,
bird_709,DeepSeek-V3.2,bird,,,
bird_710,DeepSeek-V3.2,bird,,,
bird_711,DeepSeek-V3.2,bird,,,
bird_712,DeepSeek-V3.2,bird,,,
bird_713,DeepSeek-V3.2,bird,,,
bird_714,DeepSeek-V3.2,bird,,,
bird_715,DeepSeek-V3.2,bird,,,
bird_716,DeepSeek-V3.2,bird,,,
bird_717,DeepSeek-V3.2,bird,,,
bird_718,DeepSeek-V3.2,bird,,,
bird_719,DeepSeek-V3.2,bird,,,
bird_720,DeepSeek-V3.2,bird,,,
bird_721,DeepSeek-V3.2,bird,,,
bird_722,DeepSeek-V3.2,bird,,,
bird_723,DeepSeek-V3.2,bird,,,
bird_724,DeepSeek-V3.2,bird,,,
bird_725,DeepSeek-V3.2,bird,,,
bird_726,DeepSeek-V3.2,bird,,,
bird_727,DeepSeek-V3.2,bird,,,
bird_728,DeepSeek-V3.2,bird,,,
bird_729,DeepSeek-V3.2,bird,,,
bird_730,DeepSeek-V3.2,bird,,,
bird_731,DeepSeek-V3.2,bird,,,
bird_732,DeepSeek-V3.2,bird,,,
bird_733,DeepSeek-V3.2,bird,,,
bird_734,DeepSeek-V3.2,bird,,,
bird_735,DeepSeek-V3.2,bird,,,
bird_736,DeepSeek-V3.2,bird,,,
bird_737,DeepSeek-V3.2,bird,,,
bird_738,DeepSeek-V3.2,bird,,,
bird_739,DeepSeek-V3.2,bird,,,
bird_740,DeepSeek-V3.2,bird,,,
bird_741,DeepSeek-V3.2,bird,,,
bird_742,DeepSeek-V3.2,bird,,,
bird_743,DeepSeek-V3.2,bird,,,
bird_744,DeepSeek-V3.2,bird,,,
bird_745,DeepSeek-V3.2,bird,,,
bird_746,DeepSeek-V3.2,bird,,,
bird_747,DeepSeek-V3.2,bird,,,
bird_748,DeepSeek-V3.2,bird,,,
bird_749,DeepSeek-V3.2,bird,,,
bird_750,DeepSeek-V3.2,bird,,,
bird_751,DeepSeek-V3.2,bird,,,
bird_752,DeepSeek-V3.2,bird,,,
bird_753,DeepSeek-V3.2,bird,,,
bird_754,DeepSeek-V3.2,bird,,,
bird_755,DeepSeek-V3.2,bird,,,
bird_756,DeepSeek-V3.2,bird,,,
bird_757,DeepSeek-V3.2,bird,,,
bird_758,DeepSeek-V3.2,bird,,,
bird_759,DeepSeek-V3.2,bird,,,
bird_760,DeepSeek-V3.2,bird,,,
bird_761,DeepSeek-V3.2,bird,,,
bird_762,DeepSeek-V3.2,bird,,,
bird_763,DeepSeek-V3.2,bird,,,
bird_764,DeepSeek-V3.2,bird,,,
bird_765,DeepSeek-V3.2,bird,,,
bird_766,DeepSeek-V3.2,bird,,,
bird_767,DeepSeek-V3.2,bird,,,
bird_768,DeepSeek-V3.2,bird,,,
bird_769,DeepSeek-V3.2,bird,,,
bird_770,DeepSeek-V3.2,bird,,,
bird_771,DeepSeek-V3.2,bird,,,
bird_772,DeepSeek-V3.2,bird,,,
bird_773,DeepSeek-V3.2,bird,,,
bird_774,DeepSeek-V3.2,bird,,,
bird_775,DeepSeek-V3.2,bird,,,
bird_776,DeepSeek-V3.2,bird,,,
bird_777,DeepSeek-V3.2,bird,,,
bird_778,DeepSeek-V3.2,bird,,,
bird_779,DeepSeek-V3.2,bird,,,
bird_780,DeepSeek-V3.2,bird,,,
bird_781,DeepSeek-V3.2,bird,,,
bird_782,DeepSeek-V3.2,bird,,,
bird_783,DeepSeek-V3.2,bird,,,
bird_784,DeepSeek-V3.2,bird,,,
bird_785,DeepSeek-V3.2,bird,,,
bird_786,DeepSeek-V3.2,bird,,,
bird_787,DeepSeek-V3.2,bird,,,
bird_788,DeepSeek-V3.2,bird,,,
bird_789,DeepSeek-V3.2,bird,,,
bird_790,DeepSeek-V3.2,bird,,,
bird_791,DeepSeek-V3.2,bird,,,
bird_792,DeepSeek-V3.2,bird,,,
bird_793,DeepSeek-V3.2,bird,,,
bird_794,DeepSeek-V3.2,bird,,,
bird_795,DeepSeek-V3.2,bird,,,
bird_796,DeepSeek-V3.2,bird,,,
bird_797,DeepSeek-V3.2,bird,,,
bird_798,DeepSeek-V3.2,bird,,,
bird_799,DeepSeek-V3.2,bird,,,
bird_800,DeepSeek-V3.2,bird,,,
bird_801,DeepSeek-V3.2,bird,,,
bird_802,DeepSeek-V3.2,bird,,,
bird_803,DeepSeek-V3.2,bird,,,
bird_804,DeepSeek-V3.2,bird,,,
bird_805,DeepSeek-V3.2,bird,,,
bird_806,DeepSeek-V3.2,bird,,,
bird_807,DeepSeek-V3.2,bird,,,
bird_808,DeepSeek-V3.2,bird,,,
bird_809,DeepSeek-V3.2,bird,,,
bird_810,DeepSeek-V3.2,bird,,,
bird_811,DeepSeek-V3.2,bird,,,
bird_812,DeepSeek-V3.2,bird,,,
bird_813,DeepSeek-V3.2,bird,,,
bird_814,DeepSeek-V3.2,bird,,,
bird_815,DeepSeek-V3.2,bird,,,
bird_816,DeepSeek-V3.2,bird,,,
bird_817,DeepSeek-V3.2,bird,,,
bird_818,DeepSeek-V3.2,bird,,,
bird_819,DeepSeek-V3.2,bird,,,
bird_820,DeepSeek-V3.2,bird,,,
bird_821,DeepSeek-V3.2,bird,,,
bird_822,DeepSeek-V3.2,bird,,,
bird_823,DeepSeek-V3.2,bird,,,
bird_824,DeepSeek-V3.2,bird,,,
bird_825,DeepSeek-V3.2,bird,,,
bird_826,DeepSeek-V3.2,bird,,,
bird_827,DeepSeek-V3.2,bird,,,
bird_828,DeepSeek-V3.2,bird,,,
bird_829,DeepSeek-V3.2,bird,,,
bird_830,DeepSeek-V3.2,bird,,,
bird_831,DeepSeek-V3.2,bird,,,
bird_832,DeepSeek-V3.2,bird,,,
bird_833,DeepSeek-V3.2,bird,,,
bird_834,DeepSeek-V3.2,bird,,,
bird_835,DeepSeek-V3.2,bird,,,
bird_836,DeepSeek-V3.2,bird,,,
bird_837,DeepSeek-V3.2,bird,,,
bird_838,DeepSeek-V3.2,bird,,,
bird_839,DeepSeek-V3.2,bird,,,
bird_840,DeepSeek-V3.2,bird,,,
bird_841,DeepSeek-V3.2,bird,,,
bird_842,DeepSeek-V3.2,bird,,,
bird_843,DeepSeek-V3.2,bird,,,
bird_844,DeepSeek-V3.2,bird,,,
bird_845,DeepSeek-V3.2,bird,,,
bird_846,DeepSeek-V3.2,bird,,,
bird_847,DeepSeek-V3.2,bird,,,
bird_848,DeepSeek-V3.2,bird,,,
bird_849,DeepSeek-V3.2,bird,,,
bird_850,DeepSeek-V3.2,bird,,,
bird_851,DeepSeek-V3.2,bird,,,
bird_852,DeepSeek-V3.2,bird,,,
bird_853,DeepSeek-V3.2,bird,,,
bird_854,DeepSeek-V3.2,bird,,,
bird_855,DeepSeek-V3.2,bird,,,
bird_856,DeepSeek-V3.2,bird,,,
bird_857,DeepSeek-V3.2,bird,,,
bird_858,DeepSeek-V3.2,bird,,,
bird_859,DeepSeek-V3.2,bird,,,
bird_860,DeepSeek-V3.2,bird,,,
bird_861,DeepSeek-V3.2,bird,,,
bird_862,DeepSeek-V3.2,bird,,,
bird_863,DeepSeek-V3.2,bird,,,
bird_864,DeepSeek-V3.2,bird,,,
bird_865,DeepSeek-V3.2,bird,,,
bird_866,DeepSeek-V3.2,bird,,,
bird_867,DeepSeek-V3.2,bird,,,
bird_868,DeepSeek-V3.2,bird,,,
bird_869,DeepSeek-V3.2,bird,,,
bird_870,DeepSeek-V3.2,bird,,,
bird_871,DeepSeek-V3.2,bird,,,
bird_872,DeepSeek-V3.2,bird,,,
bird_873,DeepSeek-V3.2,bird,,,
bird_874,DeepSeek-V3.2,bird,,,
bird_875,DeepSeek-V3.2,bird,,,
bird_876,DeepSeek-V3.2,bird,,,
bird_877,DeepSeek-V3.2,bird,,,
bird_878,DeepSeek-V3.2,bird,,,
bird_879,DeepSeek-V3.2,bird,,,
bird_880,DeepSeek-V3.2,bird,,,
bird_881,DeepSeek-V3.2,bird,,,
bird_882,DeepSeek-V3.2,bird,,,
bird_883,DeepSeek-V3.2,bird,,,
bird_884,DeepSeek-V3.2,bird,,,
bird_885,DeepSeek-V3.2,bird,,,
bird_886,DeepSeek-V3.2,bird,,,
bird_887,DeepSeek-V3.2,bird,,,
bird_888,DeepSeek-V3.2,bird,,,
bird_889,DeepSeek-V3.2,bird,,,
bird_890,DeepSeek-V3.2,bird,,,
bird_891,DeepSeek-V3.2,bird,,,
bird_892,DeepSeek-V3.2,bird,,,
bird_893,DeepSeek-V3.2,bird,,,
bird_894,DeepSeek-V3.2,bird,,,
bird_895,DeepSeek-V3.2,bird,,,
bird_896,DeepSeek-V3.2,bird,,,
bird_897,DeepSeek-V3.2,bird,,,
bird_898,DeepSeek-V3.2,bird,,,
bird_899,DeepSeek-V3.2,bird,,,
bird_900,DeepSeek-V3.2,bird,,,
bird_901,DeepSeek-V3.2,bird,,,
bird_902,DeepSeek-V3.2,bird,,,
bird_903,DeepSeek-V3.2,bird,,,
bird_904,DeepSeek-V3.2,bird,,,
bird_905,DeepSeek-V3.2,bird,,,
bird_906,DeepSeek-V3.2,bird,,,
bird_907,DeepSeek-V3.2,bird,,,
bird_908,DeepSeek-V3.2,bird,,,
bird_909,DeepSeek-V3.2,bird,,,
bird_910,DeepSeek-V3.2,bird,,,
bird_911,DeepSeek-V3.2,bird,,,
bird_912,DeepSeek-V3.2,bird,,,
bird_913,DeepSeek-V3.2,bird,,,
bird_914,DeepSeek-V3.2,bird,,,
bird_915,DeepSeek-V3.2,bird,,,
bird_916,DeepSeek-V3.2,bird,,,
bird_917,DeepSeek-V3.2,bird,,,
bird_918,DeepSeek-V3.2,bird,,,
bird_919,DeepSeek-V3.2,bird,,,
bird_920,DeepSeek-V3.2,bird,,,
bird_921,DeepSeek-V3.2,bird,,,
bird_922,DeepSeek-V3.2,bird,,,
bird_923,DeepSeek-V3.2,bird,,,
bird_924,DeepSeek-V3.2,bird,,,
bird_925,DeepSeek-V3.2,bird,,,
bird_926,DeepSeek-V3.2,bird,,,
bird_927,DeepSeek-V3.2,bird,,,
bird_928,DeepSeek-V3.2,bird,,,
bird_929,DeepSeek-V3.2,bird,,,
bird_930,DeepSeek-V3.2,bird,,,
bird_931,DeepSeek-V3.2,bird,,,
bird_932,DeepSeek-V3.2,bird,,,
bird_933,DeepSeek-V3.2,bird,,,
bird_934,DeepSeek-V3.2,bird,,,
bird_935,DeepSeek-V3.2,bird,,,
bird_936,DeepSeek-V3.2,bird,,,
bird_937,DeepSeek-V3.2,bird,,,
bird_938,DeepSeek-V3.2,bird,,,
bird_939,DeepSeek-V3.2,bird,,,
bird_940,DeepSeek-V3.2,bird,,,
bird_941,DeepSeek-V3.2,bird,,,
bird_942,DeepSeek-V3.2,bird,,,
bird_943,DeepSeek-V3.2,bird,,,
bird_944,DeepSeek-V3.2,bird,,,
bird_945,DeepSeek-V3.2,bird,,,
bird_946,DeepSeek-V3.2,bird,,,
bird_947,DeepSeek-V3.2,bird,,,
bird_948,DeepSeek-V3.2,bird,,,
bird_949,DeepSeek-V3.2,bird,,,
bird_950,DeepSeek-V3.2,bird,,,
bird_951,DeepSeek-V3.2,bird,,,
bird_952,DeepSeek-V3.2,bird,,,
bird_953,DeepSeek-V3.2,bird,,,
bird_954,DeepSeek-V3.2,bird,,,
bird_955,DeepSeek-V3.2,bird,,,
bird_956,DeepSeek-V3.2,bird,,,
bird_957,DeepSeek-V3.2,bird,,,
bird_958,DeepSeek-V3.2,bird,,,
bird_959,DeepSeek-V3.2,bird,,,
bird_960,DeepSeek-V3.2,bird,,,
bird_961,DeepSeek-V3.2,bird,,,
bird_962,DeepSeek-V3.2,bird,,,
bird_963,DeepSeek-V3.2,bird,,,
bird_964,DeepSeek-V3.2,bird,,,
bird_965,DeepSeek-V3.2,bird,,,
bird_966,DeepSeek-V3.2,bird,,,
bird_967,DeepSeek-V3.2,bird,,,
bird_968,DeepSeek-V3.2,bird,,,
bird_969,DeepSeek-V3.2,bird,,,
bird_970,DeepSeek-V3.2,bird,,,
bird_971,DeepSeek-V3.2,bird,,,
bird_972,DeepSeek-V3.2,bird,,,
bird_973,DeepSeek-V3.2,bird,,,
bird_974,DeepSeek-V3.2,bird,,,
bird_975,DeepSeek-V3.2,bird,,,
bird_976,DeepSeek-V3.2,bird,,,
bird_977,DeepSeek-V3.2,bird,,,
bird_978,DeepSeek-V3.2,bird,,,
bird_979,DeepSeek-V3.2,bird,,,
bird_980,DeepSeek-V3.2,bird,,,
bird_981,DeepSeek-V3.2,bird,,,
bird_982,DeepSeek-V3.2,bird,,,
bird_983,DeepSeek-V3.2,bird,,,
bird_984,DeepSeek-V3.2,bird,,,
bird_985,DeepSeek-V3.2,bird,,,
bird_986,DeepSeek-V3.2,bird,,,
bird_987,DeepSeek-V3.2,bird,,,
bird_988,DeepSeek-V3.2,bird,,,
bird_989,DeepSeek-V3.2,bird,,,
bird_990,DeepSeek-V3.2,bird,,,
bird_991,DeepSeek-V3.2,bird,,,
bird_992,DeepSeek-V3.2,bird,,,
bird_993,DeepSeek-V3.2,bird,,,
bird_994,DeepSeek-V3.2,bird,,,
bird_995,DeepSeek-V3.2,bird,,,
bird_996,DeepSeek-V3.2,bird,,,
bird_997,DeepSeek-V3.2,bird,,,
bird_998,DeepSeek-V3.2,bird,,,
bird_999,DeepSeek-V3.2,bird,,,
bird_1000,DeepSeek-V3.2,bird,,,
bird_1001,DeepSeek-V3.2,bird,,,
bird_1002,DeepSeek-V3.2,bird,,,
bird_1003,DeepSeek-V3.2,bird,,,
bird_1004,DeepSeek-V3.2,bird,,,
bird_1005,DeepSeek-V3.2,bird,,,
bird_1006,DeepSeek-V3.2,bird,,,
bird_1007,DeepSeek-V3.2,bird,,,
bird_1008,DeepSeek-V3.2,bird,,,
bird_1009,DeepSeek-V3.2,bird,,,
bird_1010,DeepSeek-V3.2,bird,,,
bird_1011,DeepSeek-V3.2,bird,,,
bird_1012,DeepSeek-V3.2,bird,,,
bird_1013,DeepSeek-V3.2,bird,,,
bird_1014,DeepSeek-V3.2,bird,,,
bird_1015,DeepSeek-V3.2,bird,,,
bird_1016,DeepSeek-V3.2,bird,,,
bird_1017,DeepSeek-V3.2,bird,,,
bird_1018,DeepSeek-V3.2,bird,,,
bird_1019,DeepSeek-V3.2,bird,,,
bird_1020,DeepSeek-V3.2,bird,,,
bird_1021,DeepSeek-V3.2,bird,,,
bird_1022,DeepSeek-V3.2,bird,,,
bird_1023,DeepSeek-V3.2,bird,,,
bird_1024,DeepSeek-V3.2,bird,,,
bird_1025,DeepSeek-V3.2,bird,,,
bird_1026,DeepSeek-V3.2,bird,,,
bird_1027,DeepSeek-V3.2,bird,,,
bird_1028,DeepSeek-V3.2,bird,,,
bird_1029,DeepSeek-V3.2,bird,,,
bird_1030,DeepSeek-V3.2,bird,,,
bird_1031,DeepSeek-V3.2,bird,,,
bird_1032,DeepSeek-V3.2,bird,,,
bird_1033,DeepSeek-V3.2,bird,,,
bird_1034,DeepSeek-V3.2,bird,,,
bird_1035,DeepSeek-V3.2,bird,,,
bird_1036,DeepSeek-V3.2,bird,,,
bird_1037,DeepSeek-V3.2,bird,,,
bird_1038,DeepSeek-V3.2,bird,,,
bird_1039,DeepSeek-V3.2,bird,,,
bird_1040,DeepSeek-V3.2,bird,,,
bird_1041,DeepSeek-V3.2,bird,,,
bird_1042,DeepSeek-V3.2,bird,,,
bird_1043,DeepSeek-V3.2,bird,,,
bird_1044,DeepSeek-V3.2,bird,,,
bird_1045,DeepSeek-V3.2,bird,,,
bird_1046,DeepSeek-V3.2,bird,,,
bird_1047,DeepSeek-V3.2,bird,,,
bird_1048,DeepSeek-V3.2,bird,,,
bird_1049,DeepSeek-V3.2,bird,,,
bird_1050,DeepSeek-V3.2,bird,,,
bird_1051,DeepSeek-V3.2,bird,,,
bird_1052,DeepSeek-V3.2,bird,,,
bird_1053,DeepSeek-V3.2,bird,,,
bird_1054,DeepSeek-V3.2,bird,,,
bird_1055,DeepSeek-V3.2,bird,,,
bird_1056,DeepSeek-V3.2,bird,,,
bird_1057,DeepSeek-V3.2,bird,,,
bird_1058,DeepSeek-V3.2,bird,,,
bird_1059,DeepSeek-V3.2,bird,,,
bird_1060,DeepSeek-V3.2,bird,,,
bird_1061,DeepSeek-V3.2,bird,,,
bird_1062,DeepSeek-V3.2,bird,,,
bird_1063,DeepSeek-V3.2,bird,,,
bird_1064,DeepSeek-V3.2,bird,,,
bird_1065,DeepSeek-V3.2,bird,,,
bird_1066,DeepSeek-V3.2,bird,,,
bird_1067,DeepSeek-V3.2,bird,,,
bird_1068,DeepSeek-V3.2,bird,,,
bird_1069,DeepSeek-V3.2,bird,,,
bird_1070,DeepSeek-V3.2,bird,,,
bird_1071,DeepSeek-V3.2,bird,,,
bird_1072,DeepSeek-V3.2,bird,,,
bird_1073,DeepSeek-V3.2,bird,,,
bird_1074,DeepSeek-V3.2,bird,,,
bird_1075,DeepSeek-V3.2,bird,,,
bird_1076,DeepSeek-V3.2,bird,,,
bird_1077,DeepSeek-V3.2,bird,,,
bird_1078,DeepSeek-V3.2,bird,,,
bird_1079,DeepSeek-V3.2,bird,,,
bird_1080,DeepSeek-V3.2,bird,,,
bird_1081,DeepSeek-V3.2,bird,,,
bird_1082,DeepSeek-V3.2,bird,,,
bird_1083,DeepSeek-V3.2,bird,,,
bird_1084,DeepSeek-V3.2,bird,,,
bird_1085,DeepSeek-V3.2,bird,,,
bird_1086,DeepSeek-V3.2,bird,,,
bird_1087,DeepSeek-V3.2,bird,,,
bird_1088,DeepSeek-V3.2,bird,,,
bird_1089,DeepSeek-V3.2,bird,,,
bird_1090,DeepSeek-V3.2,bird,,,
bird_1091,DeepSeek-V3.2,bird,,,
bird_1092,DeepSeek-V3.2,bird,,,
bird_1093,DeepSeek-V3.2,bird,,,
bird_1094,DeepSeek-V3.2,bird,,,
bird_1095,DeepSeek-V3.2,bird,,,
bird_1096,DeepSeek-V3.2,bird,,,
bird_1097,DeepSeek-V3.2,bird,,,
bird_1098,DeepSeek-V3.2,bird,,,
bird_1099,DeepSeek-V3.2,bird,,,
bird_1100,DeepSeek-V3.2,bird,,,
bird_1101,DeepSeek-V3.2,bird,,,
bird_1102,DeepSeek-V3.2,bird,,,
bird_1103,DeepSeek-V3.2,bird,,,
bird_1104,DeepSeek-V3.2,bird,,,
bird_1105,DeepSeek-V3.2,bird,,,
bird_1106,DeepSeek-V3.2,bird,,,
bird_1107,DeepSeek-V3.2,bird,,,
bird_1108,DeepSeek-V3.2,bird,,,
bird_1109,DeepSeek-V3.2,bird,,,
bird_1110,DeepSeek-V3.2,bird,,,
bird_1111,DeepSeek-V3.2,bird,,,
bird_1112,DeepSeek-V3.2,bird,,,
bird_1113,DeepSeek-V3.2,bird,,,
bird_1114,DeepSeek-V3.2,bird,,,
bird_1115,DeepSeek-V3.2,bird,,,
bird_1116,DeepSeek-V3.2,bird,,,
bird_1117,DeepSeek-V3.2,bird,,,
bird_1118,DeepSeek-V3.2,bird,,,
bird_1119,DeepSeek-V3.2,bird,,,
bird_1120,DeepSeek-V3.2,bird,,,
bird_1121,DeepSeek-V3.2,bird,,,
bird_1122,DeepSeek-V3.2,bird,,,
bird_1123,DeepSeek-V3.2,bird,,,
bird_1124,DeepSeek-V3.2,bird,,,
bird_1125,DeepSeek-V3.2,bird,,,
bird_1126,DeepSeek-V3.2,bird,,,
bird_1127,DeepSeek-V3.2,bird,,,
bird_1128,DeepSeek-V3.2,bird,,,
bird_1129,DeepSeek-V3.2,bird,,,
bird_1130,DeepSeek-V3.2,bird,,,
bird_1131,DeepSeek-V3.2,bird,,,
bird_1132,DeepSeek-V3.2,bird,,,
bird_1133,DeepSeek-V3.2,bird,,,
bird_1134,DeepSeek-V3.2,bird,,,
bird_1135,DeepSeek-V3.2,bird,,,
bird_1136,DeepSeek-V3.2,bird,,,
bird_1137,DeepSeek-V3.2,bird,,,
bird_1138,DeepSeek-V3.2,bird,,,
bird_1139,DeepSeek-V3.2,bird,,,
bird_1140,DeepSeek-V3.2,bird,,,
bird_1141,DeepSeek-V3.2,bird,,,
bird_1142,DeepSeek-V3.2,bird,,,
bird_1143,DeepSeek-V3.2,bird,,,
bird_1144,DeepSeek-V3.2,bird,,,
bird_1145,DeepSeek-V3.2,bird,,,
bird_1146,DeepSeek-V3.2,bird,,,
bird_1147,DeepSeek-V3.2,bird,,,
bird_1148,DeepSeek-V3.2,bird,,,
bird_1149,DeepSeek-V3.2,bird,,,
bird_1150,DeepSeek-V3.2,bird,,,
bird_1151,DeepSeek-V3.2,bird,,,
bird_1152,DeepSeek-V3.2,bird,,,
bird_1153,DeepSeek-V3.2,bird,,,
bird_1154,DeepSeek-V3.2,bird,,,
bird_1155,DeepSeek-V3.2,bird,,,
bird_1156,DeepSeek-V3.2,bird,,,
bird_1157,DeepSeek-V3.2,bird,,,
bird_1158,DeepSeek-V3.2,bird,,,
bird_1159,DeepSeek-V3.2,bird,,,
bird_1160,DeepSeek-V3.2,bird,,,
bird_1161,DeepSeek-V3.2,bird,,,
bird_1162,DeepSeek-V3.2,bird,,,
bird_1163,DeepSeek-V3.2,bird,,,
bird_1164,DeepSeek-V3.2,bird,,,
bird_1165,DeepSeek-V3.2,bird,,,
bird_1166,DeepSeek-V3.2,bird,,,
bird_1167,DeepSeek-V3.2,bird,,,
bird_1168,DeepSeek-V3.2,bird,,,
bird_1169,DeepSeek-V3.2,bird,,,
bird_1170,DeepSeek-V3.2,bird,,,
bird_1171,DeepSeek-V3.2,bird,,,
bird_1172,DeepSeek-V3.2,bird,,,
bird_1173,DeepSeek-V3.2,bird,,,
bird_1174,DeepSeek-V3.2,bird,,,
bird_1175,DeepSeek-V3.2,bird,,,
bird_1176,DeepSeek-V3.2,bird,,,
bird_1177,DeepSeek-V3.2,bird,,,
bird_1178,DeepSeek-V3.2,bird,,,
bird_1179,DeepSeek-V3.2,bird,,,
bird_1180,DeepSeek-V3.2,bird,,,
bird_1181,DeepSeek-V3.2,bird,,,
bird_1182,DeepSeek-V3.2,bird,,,
bird_1183,DeepSeek-V3.2,bird,,,
bird_1184,DeepSeek-V3.2,bird,,,
bird_1185,DeepSeek-V3.2,bird,,,
bird_1186,DeepSeek-V3.2,bird,,,
bird_1187,DeepSeek-V3.2,bird,,,
bird_1188,DeepSeek-V3.2,bird,,,
bird_1189,DeepSeek-V3.2,bird,,,
bird_1190,DeepSeek-V3.2,bird,,,
bird_1191,DeepSeek-V3.2,bird,,,
bird_1192,DeepSeek-V3.2,bird,,,
bird_1193,DeepSeek-V3.2,bird,,,
bird_1194,DeepSeek-V3.2,bird,,,
bird_1195,DeepSeek-V3.2,bird,,,
bird_1196,DeepSeek-V3.2,bird,,,
bird_1197,DeepSeek-V3.2,bird,,,
bird_1198,DeepSeek-V3.2,bird,,,
bird_1199,DeepSeek-V3.2,bird,,,
bird_1200,DeepSeek-V3.2,bird,,,
bird_1201,DeepSeek-V3.2,bird,,,
bird_1202,DeepSeek-V3.2,bird,,,
bird_1203,DeepSeek-V3.2,bird,,,
bird_1204,DeepSeek-V3.2,bird,,,
bird_1205,DeepSeek-V3.2,bird,,,
bird_1206,DeepSeek-V3.2,bird,,,
bird_1207,DeepSeek-V3.2,bird,,,
bird_1208,DeepSeek-V3.2,bird,,,
bird_1209,DeepSeek-V3.2,bird,,,
bird_1210,DeepSeek-V3.2,bird,,,
bird_1211,DeepSeek-V3.2,bird,,,
bird_1212,DeepSeek-V3.2,bird,,,
bird_1213,DeepSeek-V3.2,bird,,,
bird_1214,DeepSeek-V3.2,bird,,,
bird_1215,DeepSeek-V3.2,bird,,,
bird_1216,DeepSeek-V3.2,bird,,,
bird_1217,DeepSeek-V3.2,bird,,,
bird_1218,DeepSeek-V3.2,bird,,,
bird_1219,DeepSeek-V3.2,bird,,,
bird_1220,DeepSeek-V3.2,bird,,,
bird_1221,DeepSeek-V3.2,bird,,,
bird_1222,DeepSeek-V3.2,bird,,,
bird_1223,DeepSeek-V3.2,bird,,,
bird_1224,DeepSeek-V3.2,bird,,,
bird_1225,DeepSeek-V3.2,bird,,,
bird_1226,DeepSeek-V3.2,bird,,,
bird_1227,DeepSeek-V3.2,bird,,,
bird_1228,DeepSeek-V3.2,bird,,,
bird_1229,DeepSeek-V3.2,bird,,,
bird_1230,DeepSeek-V3.2,bird,,,
bird_1231,DeepSeek-V3.2,bird,,,
bird_1232,DeepSeek-V3.2,bird,,,
bird_1233,DeepSeek-V3.2,bird,,,
bird_1234,DeepSeek-V3.2,bird,,,
bird_1235,DeepSeek-V3.2,bird,,,
bird_1236,DeepSeek-V3.2,bird,,,
bird_1237,DeepSeek-V3.2,bird,,,
bird_1238,DeepSeek-V3.2,bird,,,
bird_1239,DeepSeek-V3.2,bird,,,
bird_1240,DeepSeek-V3.2,bird,,,
bird_1241,DeepSeek-V3.2,bird,,,
bird_1242,DeepSeek-V3.2,bird,,,
bird_1243,DeepSeek-V3.2,bird,,,
bird_1244,DeepSeek-V3.2,bird,,,
bird_1245,DeepSeek-V3.2,bird,,,
bird_1246,DeepSeek-V3.2,bird,,,
bird_1247,DeepSeek-V3.2,bird,,,
bird_1248,DeepSeek-V3.2,bird,,,
bird_1249,DeepSeek-V3.2,bird,,,
bird_1250,DeepSeek-V3.2,bird,,,
bird_1251,DeepSeek-V3.2,bird,,,
bird_1252,DeepSeek-V3.2,bird,,,
bird_1253,DeepSeek-V3.2,bird,,,
bird_1254,DeepSeek-V3.2,bird,,,
bird_1255,DeepSeek-V3.2,bird,,,
bird_1256,DeepSeek-V3.2,bird,,,
bird_1257,DeepSeek-V3.2,bird,,,
bird_1258,DeepSeek-V3.2,bird,,,
bird_1259,DeepSeek-V3.2,bird,,,
bird_1260,DeepSeek-V3.2,bird,,,
bird_1261,DeepSeek-V3.2,bird,,,
bird_1262,DeepSeek-V3.2,bird,,,
bird_1263,DeepSeek-V3.2,bird,,,
bird_1264,DeepSeek-V3.2,bird,,,
bird_1265,DeepSeek-V3.2,bird,,,
bird_1266,DeepSeek-V3.2,bird,,,
bird_1267,DeepSeek-V3.2,bird,,,
bird_1268,DeepSeek-V3.2,bird,,,
bird_1269,DeepSeek-V3.2,bird,,,
bird_1270,DeepSeek-V3.2,bird,,,
bird_1271,DeepSeek-V3.2,bird,,,
bird_1272,DeepSeek-V3.2,bird,,,
bird_1273,DeepSeek-V3.2,bird,,,
bird_1274,DeepSeek-V3.2,bird,,,
bird_1275,DeepSeek-V3.2,bird,,,
bird_1276,DeepSeek-V3.2,bird,,,
bird_1277,DeepSeek-V3.2,bird,,,
bird_1278,DeepSeek-V3.2,bird,,,
bird_1279,DeepSeek-V3.2,bird,,,
bird_1280,DeepSeek-V3.2,bird,,,
bird_1281,DeepSeek-V3.2,bird,,,
bird_1282,DeepSeek-V3.2,bird,,,
bird_1283,DeepSeek-V3.2,bird,,,
bird_1284,DeepSeek-V3.2,bird,,,
bird_1285,DeepSeek-V3.2,bird,,,
bird_1286,DeepSeek-V3.2,bird,,,
bird_1287,DeepSeek-V3.2,bird,,,
bird_1288,DeepSeek-V3.2,bird,,,
bird_1289,DeepSeek-V3.2,bird,,,
bird_1290,DeepSeek-V3.2,bird,,,
bird_1291,DeepSeek-V3.2,bird,,,
bird_1292,DeepSeek-V3.2,bird,,,
bird_1293,DeepSeek-V3.2,bird,,,
bird_1294,DeepSeek-V3.2,bird,,,
bird_1295,DeepSeek-V3.2,bird,,,
bird_1296,DeepSeek-V3.2,bird,,,
bird_1297,DeepSeek-V3.2,bird,,,
bird_1298,DeepSeek-V3.2,bird,,,
bird_1299,DeepSeek-V3.2,bird,,,
bird_1300,DeepSeek-V3.2,bird,,,
bird_1301,DeepSeek-V3.2,bird,,,
bird_1302,DeepSeek-V3.2,bird,,,
bird_1303,DeepSeek-V3.2,bird,,,
bird_1304,DeepSeek-V3.2,bird,,,
bird_1305,DeepSeek-V3.2,bird,,,
bird_1306,DeepSeek-V3.2,bird,,,
bird_1307,DeepSeek-V3.2,bird,,,
bird_1308,DeepSeek-V3.2,bird,,,
bird_1309,DeepSeek-V3.2,bird,,,
bird_1310,DeepSeek-V3.2,bird,,,
bird_1311,DeepSeek-V3.2,bird,,,
bird_1312,DeepSeek-V3.2,bird,,,
bird_1313,DeepSeek-V3.2,bird,,,
bird_1314,DeepSeek-V3.2,bird,,,
bird_1315,DeepSeek-V3.2,bird,,,
bird_1316,DeepSeek-V3.2,bird,,,
bird_1317,DeepSeek-V3.2,bird,,,
bird_1318,DeepSeek-V3.2,bird,,,
bird_1319,DeepSeek-V3.2,bird,,,
bird_1320,DeepSeek-V3.2,bird,,,
bird_1321,DeepSeek-V3.2,bird,,,
bird_1322,DeepSeek-V3.2,bird,,,
bird_1323,DeepSeek-V3.2,bird,,,
bird_1324,DeepSeek-V3.2,bird,,,
bird_1325,DeepSeek-V3.2,bird,,,
bird_1326,DeepSeek-V3.2,bird,,,
bird_1327,DeepSeek-V3.2,bird,,,
bird_1328,DeepSeek-V3.2,bird,,,
bird_1329,DeepSeek-V3.2,bird,,,
bird_1330,DeepSeek-V3.2,bird,,,
bird_1331,DeepSeek-V3.2,bird,,,
bird_1332,DeepSeek-V3.2,bird,,,
bird_1333,DeepSeek-V3.2,bird,,,
bird_1334,DeepSeek-V3.2,bird,,,
bird_1335,DeepSeek-V3.2,bird,,,
bird_1336,DeepSeek-V3.2,bird,,,
bird_1337,DeepSeek-V3.2,bird,,,
bird_1338,DeepSeek-V3.2,bird,,,
bird_1339,DeepSeek-V3.2,bird,,,
bird_1340,DeepSeek-V3.2,bird,,,
bird_1341,DeepSeek-V3.2,bird,,,
bird_1342,DeepSeek-V3.2,bird,,,
bird_1343,DeepSeek-V3.2,bird,,,
bird_1344,DeepSeek-V3.2,bird,,,
bird_1345,DeepSeek-V3.2,bird,,,
bird_1346,DeepSeek-V3.2,bird,,,
bird_1347,DeepSeek-V3.2,bird,,,
bird_1348,DeepSeek-V3.2,bird,,,
bird_1349,DeepSeek-V3.2,bird,,,
bird_1350,DeepSeek-V3.2,bird,,,
bird_1351,DeepSeek-V3.2,bird,,,
bird_1352,DeepSeek-V3.2,bird,,,
bird_1353,DeepSeek-V3.2,bird,,,
bird_1354,DeepSeek-V3.2,bird,,,
bird_1355,DeepSeek-V3.2,bird,,,
bird_1356,DeepSeek-V3.2,bird,,,
bird_1357,DeepSeek-V3.2,bird,,,
bird_1358,DeepSeek-V3.2,bird,,,
bird_1359,DeepSeek-V3.2,bird,,,
bird_1360,DeepSeek-V3.2,bird,,,
bird_1361,DeepSeek-V3.2,bird,,,
bird_1362,DeepSeek-V3.2,bird,,,
bird_1363,DeepSeek-V3.2,bird,,,
bird_1364,DeepSeek-V3.2,bird,,,
bird_1365,DeepSeek-V3.2,bird,,,
bird_1366,DeepSeek-V3.2,bird,,,
bird_1367,DeepSeek-V3.2,bird,,,
bird_1368,DeepSeek-V3.2,bird,,,
bird_1369,DeepSeek-V3.2,bird,,,
bird_1370,DeepSeek-V3.2,bird,,,
bird_1371,DeepSeek-V3.2,bird,,,
bird_1372,DeepSeek-V3.2,bird,,,
bird_1373,DeepSeek-V3.2,bird,,,
bird_1374,DeepSeek-V3.2,bird,,,
bird_1375,DeepSeek-V3.2,bird,,,
bird_1376,DeepSeek-V3.2,bird,,,
bird_1377,DeepSeek-V3.2,bird,,,
bird_1378,DeepSeek-V3.2,bird,,,
bird_1379,DeepSeek-V3.2,bird,,,
bird_1380,DeepSeek-V3.2,bird,,,
bird_1381,DeepSeek-V3.2,bird,,,
bird_1382,DeepSeek-V3.2,bird,,,
bird_1383,DeepSeek-V3.2,bird,,,
bird_1384,DeepSeek-V3.2,bird,,,
bird_1385,DeepSeek-V3.2,bird,,,
bird_1386,DeepSeek-V3.2,bird,,,
bird_1387,DeepSeek-V3.2,bird,,,
bird_1388,DeepSeek-V3.2,bird,,,
bird_1389,DeepSeek-V3.2,bird,,,
bird_1390,DeepSeek-V3.2,bird,,,
bird_1391,DeepSeek-V3.2,bird,,,
bird_1392,DeepSeek-V3.2,bird,,,
bird_1393,DeepSeek-V3.2,bird,,,
bird_1394,DeepSeek-V3.2,bird,,,
bird_1395,DeepSeek-V3.2,bird,,,
bird_1396,DeepSeek-V3.2,bird,,,
bird_1397,DeepSeek-V3.2,bird,,,
bird_1398,DeepSeek-V3.2,bird,,,
bird_1399,DeepSeek-V3.2,bird,,,
bird_1400,DeepSeek-V3.2,bird,,,
bird_1401,DeepSeek-V3.2,bird,,,
bird_1402,DeepSeek-V3.2,bird,,,
bird_1403,DeepSeek-V3.2,bird,,,
bird_1404,DeepSeek-V3.2,bird,,,
bird_1405,DeepSeek-V3.2,bird,,,
bird_1406,DeepSeek-V3.2,bird,,,
bird_1407,DeepSeek-V3.2,bird,,,
bird_1408,DeepSeek-V3.2,bird,,,
bird_1409,DeepSeek-V3.2,bird,,,
bird_1410,DeepSeek-V3.2,bird,,,
bird_1411,DeepSeek-V3.2,bird,,,
bird_1412,DeepSeek-V3.2,bird,,,
bird_1413,DeepSeek-V3.2,bird,,,
bird_1414,DeepSeek-V3.2,bird,,,
bird_1415,DeepSeek-V3.2,bird,,,
bird_1416,DeepSeek-V3.2,bird,,,
bird_1417,DeepSeek-V3.2,bird,,,
bird_1418,DeepSeek-V3.2,bird,,,
bird_1419,DeepSeek-V3.2,bird,,,
bird_1420,DeepSeek-V3.2,bird,,,
bird_1421,DeepSeek-V3.2,bird,,,
bird_1422,DeepSeek-V3.2,bird,,,
bird_1423,DeepSeek-V3.2,bird,,,
bird_1424,DeepSeek-V3.2,bird,,,
bird_1425,DeepSeek-V3.2,bird,,,
bird_1426,DeepSeek-V3.2,bird,,,
bird_1427,DeepSeek-V3.2,bird,,,
bird_1428,DeepSeek-V3.2,bird,,,
bird_1429,DeepSeek-V3.2,bird,,,
bird_1430,DeepSeek-V3.2,bird,,,
bird_1431,DeepSeek-V3.2,bird,,,
bird_1432,DeepSeek-V3.2,bird,,,
bird_1433,DeepSeek-V3.2,bird,,,
bird_1434,DeepSeek-V3.2,bird,,,
bird_1435,DeepSeek-V3.2,bird,,,
bird_1436,DeepSeek-V3.2,bird,,,
bird_1437,DeepSeek-V3.2,bird,,,
bird_1438,DeepSeek-V3.2,bird,,,
bird_1439,DeepSeek-V3.2,bird,,,
bird_1440,DeepSeek-V3.2,bird,,,
bird_1441,DeepSeek-V3.2,bird,,,
bird_1442,DeepSeek-V3.2,bird,,,
bird_1443,DeepSeek-V3.2,bird,,,
bird_1444,DeepSeek-V3.2,bird,,,
bird_1445,DeepSeek-V3.2,bird,,,
bird_1446,DeepSeek-V3.2,bird,,,
bird_1447,DeepSeek-V3.2,bird,,,
bird_1448,DeepSeek-V3.2,bird,,,
bird_1449,DeepSeek-V3.2,bird,,,
bird_1450,DeepSeek-V3.2,bird,,,
bird_1451,DeepSeek-V3.2,bird,,,
bird_1452,DeepSeek-V3.2,bird,,,
bird_1453,DeepSeek-V3.2,bird,,,
bird_1454,DeepSeek-V3.2,bird,,,
bird_1455,DeepSeek-V3.2,bird,,,
bird_1456,DeepSeek-V3.2,bird,,,
bird_1457,DeepSeek-V3.2,bird,,,
bird_1458,DeepSeek-V3.2,bird,,,
bird_1459,DeepSeek-V3.2,bird,,,
bird_1460,DeepSeek-V3.2,bird,,,
bird_1461,DeepSeek-V3.2,bird,,,
bird_1462,DeepSeek-V3.2,bird,,,
bird_1463,DeepSeek-V3.2,bird,,,
bird_1464,DeepSeek-V3.2,bird,,,
bird_1465,DeepSeek-V3.2,bird,,,
bird_1466,DeepSeek-V3.2,bird,,,
bird_1467,DeepSeek-V3.2,bird,,,
bird_1468,DeepSeek-V3.2,bird,,,
bird_1469,DeepSeek-V3.2,bird,,,
bird_1470,DeepSeek-V3.2,bird,,,
bird_1471,DeepSeek-V3.2,bird,,,
bird_1472,DeepSeek-V3.2,bird,,,
bird_1473,DeepSeek-V3.2,bird,,,
bird_1474,DeepSeek-V3.2,bird,,,
bird_1475,DeepSeek-V3.2,bird,,,
bird_1476,DeepSeek-V3.2,bird,,,
bird_1477,DeepSeek-V3.2,bird,,,
bird_1478,DeepSeek-V3.2,bird,,,
bird_1479,DeepSeek-V3.2,bird,,,
bird_1480,DeepSeek-V3.2,bird,,,
bird_1481,DeepSeek-V3.2,bird,,,
bird_1482,DeepSeek-V3.2,bird,,,
bird_1483,DeepSeek-V3.2,bird,,,
bird_1484,DeepSeek-V3.2,bird,,,
bird_1485,DeepSeek-V3.2,bird,,,
bird_1486,DeepSeek-V3.2,bird,,,
bird_1487,DeepSeek-V3.2,bird,,,
bird_1488,DeepSeek-V3.2,bird,,,
bird_1489,DeepSeek-V3.2,bird,,,
bird_1490,DeepSeek-V3.2,bird,,,
bird_1491,DeepSeek-V3.2,bird,,,
bird_1492,DeepSeek-V3.2,bird,,,
bird_1493,DeepSeek-V3.2,bird,,,
bird_1494,DeepSeek-V3.2,bird,,,
bird_1495,DeepSeek-V3.2,bird,,,
bird_1496,DeepSeek-V3.2,bird,,,
bird_1497,DeepSeek-V3.2,bird,,,
bird_1498,DeepSeek-V3.2,bird,,,
bird_1499,DeepSeek-V3.2,bird,,,
bird_1500,DeepSeek-V3.2,bird,,,
bird_1501,DeepSeek-V3.2,bird,,,
bird_1502,DeepSeek-V3.2,bird,,,
bird_1503,DeepSeek-V3.2,bird,,,
bird_1504,DeepSeek-V3.2,bird,,,
bird_1505,DeepSeek-V3.2,bird,,,
bird_1506,DeepSeek-V3.2,bird,,,
bird_1507,DeepSeek-V3.2,bird,,,
bird_1508,DeepSeek-V3.2,bird,,,
bird_1509,DeepSeek-V3.2,bird,,,
bird_1510,DeepSeek-V3.2,bird,,,
bird_1511,DeepSeek-V3.2,bird,,,
bird_1512,DeepSeek-V3.2,bird,,,
bird_1513,DeepSeek-V3.2,bird,,,
bird_1514,DeepSeek-V3.2,bird,,,
bird_1515,DeepSeek-V3.2,bird,,,
bird_1516,DeepSeek-V3.2,bird,,,
bird_1517,DeepSeek-V3.2,bird,,,
bird_1518,DeepSeek-V3.2,bird,,,
bird_1519,DeepSeek-V3.2,bird,,,
bird_1520,DeepSeek-V3.2,bird,,,
bird_1521,DeepSeek-V3.2,bird,,,
bird_1522,DeepSeek-V3.2,bird,,,
bird_1523,DeepSeek-V3.2,bird,,,
bird_1524,DeepSeek-V3.2,bird,,,
bird_1525,DeepSeek-V3.2,bird,,,
bird_1526,DeepSeek-V3.2,bird,,,
bird_1527,DeepSeek-V3.2,bird,,,
bird_1528,DeepSeek-V3.2,bird,,,
bird_1529,DeepSeek-V3.2,bird,,,
bird_1530,DeepSeek-V3.2,bird,,,
bird_1531,DeepSeek-V3.2,bird,,,
bird_1532,DeepSeek-V3.2,bird,,,
bird_1533,DeepSeek-V3.2,bird,,,
spider_0,DeepSeek-V3.2,spider,,,
spider_1,DeepSeek-V3.2,spider,,,
spider_2,DeepSeek-V3.2,spider,,,
spider_3,DeepSeek-V3.2,spider,,,
spider_4,DeepSeek-V3.2,spider,,,
spider_5,DeepSeek-V3.2,spider,,,
spider_6,DeepSeek-V3.2,spider,,,
spider_7,DeepSeek-V3.2,spider,,,
spider_8,DeepSeek-V3.2,spider,,,
spider_9,DeepSeek-V3.2,spider,,,
spider_10,DeepSeek-V3.2,spider,,,
spider_11,DeepSeek-V3.2,spider,,,
spider_12,DeepSeek-V3.2,spider,,,
spider_13,DeepSeek-V3.2,spider,,,
spider_14,DeepSeek-V3.2,spider,,,
spider_15,DeepSeek-V3.2,spider,,,
spider_16,DeepSeek-V3.2,spider,,,
spider_17,DeepSeek-V3.2,spider,,,
spider_18,DeepSeek-V3.2,spider,,,
spider_19,DeepSeek-V3.2,spider,,,
spider_20,DeepSeek-V3.2,spider,,,
spider_21,DeepSeek-V3.2,spider,,,
spider_22,DeepSeek-V3.2,spider,,,
spider_23,DeepSeek-V3.2,spider,,,
spider_24,DeepSeek-V3.2,spider,,,
spider_25,DeepSeek-V3.2,spider,,,
spider_26,DeepSeek-V3.2,spider,,,
spider_27,DeepSeek-V3.2,spider,,,
spider_28,DeepSeek-V3.2,spider,,,
spider_29,DeepSeek-V3.2,spider,,,
spider_30,DeepSeek-V3.2,spider,,,
spider_31,DeepSeek-V3.2,spider,,,
spider_32,DeepSeek-V3.2,spider,,,
spider_33,DeepSeek-V3.2,spider,,,
spider_34,DeepSeek-V3.2,spider,,,
spider_35,DeepSeek-V3.2,spider,,,
spider_36,DeepSeek-V3.2,spider,,,
spider_37,DeepSeek-V3.2,spider,,,
spider_38,DeepSeek-V3.2,spider,,,
spider_39,DeepSeek-V3.2,spider,,,
spider_40,DeepSeek-V3.2,spider,,,
spider_41,DeepSeek-V3.2,spider,,,
spider_42,DeepSeek-V3.2,spider,,,
spider_43,DeepSeek-V3.2,spider,,,
spider_44,DeepSeek-V3.2,spider,,,
spider_45,DeepSeek-V3.2,spider,,,
spider_46,DeepSeek-V3.2,spider,,,
spider_47,DeepSeek-V3.2,spider,,,
spider_48,DeepSeek-V3.2,spider,,,
spider_49,DeepSeek-V3.2,spider,,,
spider_50,DeepSeek-V3.2,spider,,,
spider_51,DeepSeek-V3.2,spider,,,
spider_52,DeepSeek-V3.2,spider,,,
spider_53,DeepSeek-V3.2,spider,,,
spider_54,DeepSeek-V3.2,spider,,,
spider_55,DeepSeek-V3.2,spider,,,
spider_56,DeepSeek-V3.2,spider,,,
spider_57,DeepSeek-V3.2,spider,,,
spider_58,DeepSeek-V3.2,spider,,,
spider_59,DeepSeek-V3.2,spider,,,
spider_60,DeepSeek-V3.2,spider,,,
spider_61,DeepSeek-V3.2,spider,,,
spider_62,DeepSeek-V3.2,spider,,,
spider_63,DeepSeek-V3.2,spider,,,
spider_64,DeepSeek-V3.2,spider,,,
spider_65,DeepSeek-V3.2,spider,,,
spider_66,DeepSeek-V3.2,spider,,,
spider_67,DeepSeek-V3.2,spider,,,
spider_68,DeepSeek-V3.2,spider,,,
spider_69,DeepSeek-V3.2,spider,,,
spider_70,DeepSeek-V3.2,spider,,,
spider_71,DeepSeek-V3.2,spider,,,
spider_72,DeepSeek-V3.2,spider,,,
spider_73,DeepSeek-V3.2,spider,,,
spider_74,DeepSeek-V3.2,spider,,,
spider_75,DeepSeek-V3.2,spider,,,
spider_76,DeepSeek-V3.2,spider,,,
spider_77,DeepSeek-V3.2,spider,,,
spider_78,DeepSeek-V3.2,spider,,,
spider_79,DeepSeek-V3.2,spider,,,
spider_80,DeepSeek-V3.2,spider,,,
spider_81,DeepSeek-V3.2,spider,,,
spider_82,DeepSeek-V3.2,spider,,,
spider_83,DeepSeek-V3.2,spider,,,
spider_84,DeepSeek-V3.2,spider,,,
spider_85,DeepSeek-V3.2,spider,,,
spider_86,DeepSeek-V3.2,spider,,,
spider_87,DeepSeek-V3.2,spider,,,
spider_88,DeepSeek-V3.2,spider,,,
spider_89,DeepSeek-V3.2,spider,,,
spider_90,DeepSeek-V3.2,spider,,,
spider_91,DeepSeek-V3.2,spider,,,
spider_92,DeepSeek-V3.2,spider,,,
spider_93,DeepSeek-V3.2,spider,,,
spider_94,DeepSeek-V3.2,spider,,,
spider_95,DeepSeek-V3.2,spider,,,
spider_96,DeepSeek-V3.2,spider,,,
spider_97,DeepSeek-V3.2,spider,,,
spider_98,DeepSeek-V3.2,spider,,,
spider_99,DeepSeek-V3.2,spider,,,
spider_100,DeepSeek-V3.2,spider,,,
spider_101,DeepSeek-V3.2,spider,,,
spider_102,DeepSeek-V3.2,spider,,,
spider_103,DeepSeek-V3.2,spider,,,
spider_104,DeepSeek-V3.2,spider,,,
spider_105,DeepSeek-V3.2,spider,,,
spider_106,DeepSeek-V3.2,spider,,,
spider_107,DeepSeek-V3.2,spider,,,
spider_108,DeepSeek-V3.2,spider,,,
spider_109,DeepSeek-V3.2,spider,,,
spider_110,DeepSeek-V3.2,spider,,,
spider_111,DeepSeek-V3.2,spider,,,
spider_112,DeepSeek-V3.2,spider,,,
spider_113,DeepSeek-V3.2,spider,,,
spider_114,DeepSeek-V3.2,spider,,,
spider_115,DeepSeek-V3.2,spider,,,
spider_116,DeepSeek-V3.2,spider,,,
spider_117,DeepSeek-V3.2,spider,,,
spider_118,DeepSeek-V3.2,spider,,,
spider_119,DeepSeek-V3.2,spider,,,
spider_120,DeepSeek-V3.2,spider,,,
spider_121,DeepSeek-V3.2,spider,,,
spider_122,DeepSeek-V3.2,spider,,,
spider_123,DeepSeek-V3.2,spider,,,
spider_124,DeepSeek-V3.2,spider,,,
spider_125,DeepSeek-V3.2,spider,,,
spider_126,DeepSeek-V3.2,spider,,,
spider_127,DeepSeek-V3.2,spider,,,
spider_128,DeepSeek-V3.2,spider,,,
spider_129,DeepSeek-V3.2,spider,,,
spider_130,DeepSeek-V3.2,spider,,,
spider_131,DeepSeek-V3.2,spider,,,
spider_132,DeepSeek-V3.2,spider,,,
spider_133,DeepSeek-V3.2,spider,,,
spider_134,DeepSeek-V3.2,spider,,,
spider_135,DeepSeek-V3.2,spider,,,
spider_136,DeepSeek-V3.2,spider,,,
spider_137,DeepSeek-V3.2,spider,,,
spider_138,DeepSeek-V3.2,spider,,,
spider_139,DeepSeek-V3.2,spider,,,
spider_140,DeepSeek-V3.2,spider,,,
spider_141,DeepSeek-V3.2,spider,,,
spider_142,DeepSeek-V3.2,spider,,,
spider_143,DeepSeek-V3.2,spider,,,
spider_144,DeepSeek-V3.2,spider,,,
spider_145,DeepSeek-V3.2,spider,,,
spider_146,DeepSeek-V3.2,spider,,,
spider_147,DeepSeek-V3.2,spider,,,
spider_148,DeepSeek-V3.2,spider,,,
spider_149,DeepSeek-V3.2,spider,,,
spider_150,DeepSeek-V3.2,spider,,,
spider_151,DeepSeek-V3.2,spider,,,
spider_152,DeepSeek-V3.2,spider,,,
spider_153,DeepSeek-V3.2,spider,,,
spider_154,DeepSeek-V3.2,spider,,,
spider_155,DeepSeek-V3.2,spider,,,
spider_156,DeepSeek-V3.2,spider,,,
spider_157,DeepSeek-V3.2,spider,,,
spider_158,DeepSeek-V3.2,spider,,,
spider_159,DeepSeek-V3.2,spider,,,
spider_160,DeepSeek-V3.2,spider,,,
spider_161,DeepSeek-V3.2,spider,,,
spider_162,DeepSeek-V3.2,spider,,,
spider_163,DeepSeek-V3.2,spider,,,
spider_164,DeepSeek-V3.2,spider,,,
spider_165,DeepSeek-V3.2,spider,,,
spider_166,DeepSeek-V3.2,spider,,,
spider_167,DeepSeek-V3.2,spider,,,
spider_168,DeepSeek-V3.2,spider,,,
spider_169,DeepSeek-V3.2,spider,,,
spider_170,DeepSeek-V3.2,spider,,,
spider_171,DeepSeek-V3.2,spider,,,
spider_172,DeepSeek-V3.2,spider,,,
spider_173,DeepSeek-V3.2,spider,,,
spider_174,DeepSeek-V3.2,spider,,,
spider_175,DeepSeek-V3.2,spider,,,
spider_176,DeepSeek-V3.2,spider,,,
spider_177,DeepSeek-V3.2,spider,,,
spider_178,DeepSeek-V3.2,spider,,,
spider_179,DeepSeek-V3.2,spider,,,
spider_180,DeepSeek-V3.2,spider,,,
spider_181,DeepSeek-V3.2,spider,,,
spider_182,DeepSeek-V3.2,spider,,,
spider_183,DeepSeek-V3.2,spider,,,
spider_184,DeepSeek-V3.2,spider,,,
spider_185,DeepSeek-V3.2,spider,,,
spider_186,DeepSeek-V3.2,spider,,,
spider_187,DeepSeek-V3.2,spider,,,
spider_188,DeepSeek-V3.2,spider,,,
spider_189,DeepSeek-V3.2,spider,,,
spider_190,DeepSeek-V3.2,spider,,,
spider_191,DeepSeek-V3.2,spider,,,
spider_192,DeepSeek-V3.2,spider,,,
spider_193,DeepSeek-V3.2,spider,,,
spider_194,DeepSeek-V3.2,spider,,,
spider_195,DeepSeek-V3.2,spider,,,
spider_196,DeepSeek-V3.2,spider,,,
spider_197,DeepSeek-V3.2,spider,,,
spider_198,DeepSeek-V3.2,spider,,,
spider_199,DeepSeek-V3.2,spider,,,
spider_200,DeepSeek-V3.2,spider,,,
spider_201,DeepSeek-V3.2,spider,,,
spider_202,DeepSeek-V3.2,spider,,,
spider_203,DeepSeek-V3.2,spider,,,
spider_204,DeepSeek-V3.2,spider,,,
spider_205,DeepSeek-V3.2,spider,,,
spider_206,DeepSeek-V3.2,spider,,,
spider_207,DeepSeek-V3.2,spider,,,
spider_208,DeepSeek-V3.2,spider,,,
spider_209,DeepSeek-V3.2,spider,,,
spider_210,DeepSeek-V3.2,spider,,,
spider_211,DeepSeek-V3.2,spider,,,
spider_212,DeepSeek-V3.2,spider,,,
spider_213,DeepSeek-V3.2,spider,,,
spider_214,DeepSeek-V3.2,spider,,,
spider_215,DeepSeek-V3.2,spider,,,
spider_216,DeepSeek-V3.2,spider,,,
spider_217,DeepSeek-V3.2,spider,,,
spider_218,DeepSeek-V3.2,spider,,,
spider_219,DeepSeek-V3.2,spider,,,
spider_220,DeepSeek-V3.2,spider,,,
spider_221,DeepSeek-V3.2,spider,,,
spider_222,DeepSeek-V3.2,spider,,,
spider_223,DeepSeek-V3.2,spider,,,
spider_224,DeepSeek-V3.2,spider,,,
spider_225,DeepSeek-V3.2,spider,,,
spider_226,DeepSeek-V3.2,spider,,,
spider_227,DeepSeek-V3.2,spider,,,
spider_228,DeepSeek-V3.2,spider,,,
spider_229,DeepSeek-V3.2,spider,,,
spider_230,DeepSeek-V3.2,spider,,,
spider_231,DeepSeek-V3.2,spider,,,
spider_232,DeepSeek-V3.2,spider,,,
spider_233,DeepSeek-V3.2,spider,,,
spider_234,DeepSeek-V3.2,spider,,,
spider_235,DeepSeek-V3.2,spider,,,
spider_236,DeepSeek-V3.2,spider,,,
spider_237,DeepSeek-V3.2,spider,,,
spider_238,DeepSeek-V3.2,spider,,,
spider_239,DeepSeek-V3.2,spider,,,
spider_240,DeepSeek-V3.2,spider,,,
spider_241,DeepSeek-V3.2,spider,,,
spider_242,DeepSeek-V3.2,spider,,,
spider_243,DeepSeek-V3.2,spider,,,
spider_244,DeepSeek-V3.2,spider,,,
spider_245,DeepSeek-V3.2,spider,,,
spider_246,DeepSeek-V3.2,spider,,,
spider_247,DeepSeek-V3.2,spider,,,
spider_248,DeepSeek-V3.2,spider,,,
spider_249,DeepSeek-V3.2,spider,,,
spider_250,DeepSeek-V3.2,spider,,,
spider_251,DeepSeek-V3.2,spider,,,
spider_252,DeepSeek-V3.2,spider,,,
spider_253,DeepSeek-V3.2,spider,,,
spider_254,DeepSeek-V3.2,spider,,,
spider_255,DeepSeek-V3.2,spider,,,
spider_256,DeepSeek-V3.2,spider,,,
spider_257,DeepSeek-V3.2,spider,,,
spider_258,DeepSeek-V3.2,spider,,,
spider_259,DeepSeek-V3.2,spider,,,
spider_260,DeepSeek-V3.2,spider,,,
spider_261,DeepSeek-V3.2,spider,,,
spider_262,DeepSeek-V3.2,spider,,,
spider_263,DeepSeek-V3.2,spider,,,
spider_264,DeepSeek-V3.2,spider,,,
spider_265,DeepSeek-V3.2,spider,,,
spider_266,DeepSeek-V3.2,spider,,,
spider_267,DeepSeek-V3.2,spider,,,
spider_268,DeepSeek-V3.2,spider,,,
spider_269,DeepSeek-V3.2,spider,,,
spider_270,DeepSeek-V3.2,spider,,,
spider_271,DeepSeek-V3.2,spider,,,
spider_272,DeepSeek-V3.2,spider,,,
spider_273,DeepSeek-V3.2,spider,,,
spider_274,DeepSeek-V3.2,spider,,,
spider_275,DeepSeek-V3.2,spider,,,
spider_276,DeepSeek-V3.2,spider,,,
spider_277,DeepSeek-V3.2,spider,,,
spider_278,DeepSeek-V3.2,spider,,,
spider_279,DeepSeek-V3.2,spider,,,
spider_280,DeepSeek-V3.2,spider,,,
spider_281,DeepSeek-V3.2,spider,,,
spider_282,DeepSeek-V3.2,spider,,,
spider_283,DeepSeek-V3.2,spider,,,
spider_284,DeepSeek-V3.2,spider,,,
spider_285,DeepSeek-V3.2,spider,,,
spider_286,DeepSeek-V3.2,spider,,,
spider_287,DeepSeek-V3.2,spider,,,
spider_288,DeepSeek-V3.2,spider,,,
spider_289,DeepSeek-V3.2,spider,,,
spider_290,DeepSeek-V3.2,spider,,,
spider_291,DeepSeek-V3.2,spider,,,
spider_292,DeepSeek-V3.2,spider,,,
spider_293,DeepSeek-V3.2,spider,,,
spider_294,DeepSeek-V3.2,spider,,,
spider_295,DeepSeek-V3.2,spider,,,
spider_296,DeepSeek-V3.2,spider,,,
spider_297,DeepSeek-V3.2,spider,,,
spider_298,DeepSeek-V3.2,spider,,,
spider_299,DeepSeek-V3.2,spider,,,
spider_300,DeepSeek-V3.2,spider,,,
spider_301,DeepSeek-V3.2,spider,,,
spider_302,DeepSeek-V3.2,spider,,,
spider_303,DeepSeek-V3.2,spider,,,
spider_304,DeepSeek-V3.2,spider,,,
spider_305,DeepSeek-V3.2,spider,,,
spider_306,DeepSeek-V3.2,spider,,,
spider_307,DeepSeek-V3.2,spider,,,
spider_308,DeepSeek-V3.2,spider,,,
spider_309,DeepSeek-V3.2,spider,,,
spider_310,DeepSeek-V3.2,spider,,,
spider_311,DeepSeek-V3.2,spider,,,
spider_312,DeepSeek-V3.2,spider,,,
spider_313,DeepSeek-V3.2,spider,,,
spider_314,DeepSeek-V3.2,spider,,,
spider_315,DeepSeek-V3.2,spider,,,
spider_316,DeepSeek-V3.2,spider,,,
spider_317,DeepSeek-V3.2,spider,,,
spider_318,DeepSeek-V3.2,spider,,,
spider_319,DeepSeek-V3.2,spider,,,
spider_320,DeepSeek-V3.2,spider,,,
spider_321,DeepSeek-V3.2,spider,,,
spider_322,DeepSeek-V3.2,spider,,,
spider_323,DeepSeek-V3.2,spider,,,
spider_324,DeepSeek-V3.2,spider,,,
spider_325,DeepSeek-V3.2,spider,,,
spider_326,DeepSeek-V3.2,spider,,,
spider_327,DeepSeek-V3.2,spider,,,
spider_328,DeepSeek-V3.2,spider,,,
spider_329,DeepSeek-V3.2,spider,,,
spider_330,DeepSeek-V3.2,spider,,,
spider_331,DeepSeek-V3.2,spider,,,
spider_332,DeepSeek-V3.2,spider,,,
spider_333,DeepSeek-V3.2,spider,,,
spider_334,DeepSeek-V3.2,spider,,,
spider_335,DeepSeek-V3.2,spider,,,
spider_336,DeepSeek-V3.2,spider,,,
spider_337,DeepSeek-V3.2,spider,,,
spider_338,DeepSeek-V3.2,spider,,,
spider_339,DeepSeek-V3.2,spider,,,
spider_340,DeepSeek-V3.2,spider,,,
spider_341,DeepSeek-V3.2,spider,,,
spider_342,DeepSeek-V3.2,spider,,,
spider_343,DeepSeek-V3.2,spider,,,
spider_344,DeepSeek-V3.2,spider,,,
spider_345,DeepSeek-V3.2,spider,,,
spider_346,DeepSeek-V3.2,spider,,,
spider_347,DeepSeek-V3.2,spider,,,
spider_348,DeepSeek-V3.2,spider,,,
spider_349,DeepSeek-V3.2,spider,,,
spider_350,DeepSeek-V3.2,spider,,,
spider_351,DeepSeek-V3.2,spider,,,
spider_352,DeepSeek-V3.2,spider,,,
spider_353,DeepSeek-V3.2,spider,,,
spider_354,DeepSeek-V3.2,spider,,,
spider_355,DeepSeek-V3.2,spider,,,
spider_356,DeepSeek-V3.2,spider,,,
spider_357,DeepSeek-V3.2,spider,,,
spider_358,DeepSeek-V3.2,spider,,,
spider_359,DeepSeek-V3.2,spider,,,
spider_360,DeepSeek-V3.2,spider,,,
spider_361,DeepSeek-V3.2,spider,,,
spider_362,DeepSeek-V3.2,spider,,,
spider_363,DeepSeek-V3.2,spider,,,
spider_364,DeepSeek-V3.2,spider,,,
spider_365,DeepSeek-V3.2,spider,,,
spider_366,DeepSeek-V3.2,spider,,,
spider_367,DeepSeek-V3.2,spider,,,
spider_368,DeepSeek-V3.2,spider,,,
spider_369,DeepSeek-V3.2,spider,,,
spider_370,DeepSeek-V3.2,spider,,,
spider_371,DeepSeek-V3.2,spider,,,
spider_372,DeepSeek-V3.2,spider,,,
spider_373,DeepSeek-V3.2,spider,,,
spider_374,DeepSeek-V3.2,spider,,,
spider_375,DeepSeek-V3.2,spider,,,
spider_376,DeepSeek-V3.2,spider,,,
spider_377,DeepSeek-V3.2,spider,,,
spider_378,DeepSeek-V3.2,spider,,,
spider_379,DeepSeek-V3.2,spider,,,
spider_380,DeepSeek-V3.2,spider,,,
spider_381,DeepSeek-V3.2,spider,,,
spider_382,DeepSeek-V3.2,spider,,,
spider_383,DeepSeek-V3.2,spider,,,
spider_384,DeepSeek-V3.2,spider,,,
spider_385,DeepSeek-V3.2,spider,,,
spider_386,DeepSeek-V3.2,spider,,,
spider_387,DeepSeek-V3.2,spider,,,
spider_388,DeepSeek-V3.2,spider,,,
spider_389,DeepSeek-V3.2,spider,,,
spider_390,DeepSeek-V3.2,spider,,,
spider_391,DeepSeek-V3.2,spider,,,
spider_392,DeepSeek-V3.2,spider,,,
spider_393,DeepSeek-V3.2,spider,,,
spider_394,DeepSeek-V3.2,spider,,,
spider_395,DeepSeek-V3.2,spider,,,
spider_396,DeepSeek-V3.2,spider,,,
spider_397,DeepSeek-V3.2,spider,,,
spider_398,DeepSeek-V3.2,spider,,,
spider_399,DeepSeek-V3.2,spider,,,
spider_400,DeepSeek-V3.2,spider,,,
spider_401,DeepSeek-V3.2,spider,,,
spider_402,DeepSeek-V3.2,spider,,,
spider_403,DeepSeek-V3.2,spider,,,
spider_404,DeepSeek-V3.2,spider,,,
spider_405,DeepSeek-V3.2,spider,,,
spider_406,DeepSeek-V3.2,spider,,,
spider_407,DeepSeek-V3.2,spider,,,
spider_408,DeepSeek-V3.2,spider,,,
spider_409,DeepSeek-V3.2,spider,,,
spider_410,DeepSeek-V3.2,spider,,,
spider_411,DeepSeek-V3.2,spider,,,
spider_412,DeepSeek-V3.2,spider,,,
spider_413,DeepSeek-V3.2,spider,,,
spider_414,DeepSeek-V3.2,spider,,,
spider_415,DeepSeek-V3.2,spider,,,
spider_416,DeepSeek-V3.2,spider,,,
spider_417,DeepSeek-V3.2,spider,,,
spider_418,DeepSeek-V3.2,spider,,,
spider_419,DeepSeek-V3.2,spider,,,
spider_420,DeepSeek-V3.2,spider,,,
spider_421,DeepSeek-V3.2,spider,,,
spider_422,DeepSeek-V3.2,spider,,,
spider_423,DeepSeek-V3.2,spider,,,
spider_424,DeepSeek-V3.2,spider,,,
spider_425,DeepSeek-V3.2,spider,,,
spider_426,DeepSeek-V3.2,spider,,,
spider_427,DeepSeek-V3.2,spider,,,
spider_428,DeepSeek-V3.2,spider,,,
spider_429,DeepSeek-V3.2,spider,,,
spider_430,DeepSeek-V3.2,spider,,,
spider_431,DeepSeek-V3.2,spider,,,
spider_432,DeepSeek-V3.2,spider,,,
spider_433,DeepSeek-V3.2,spider,,,
spider_434,DeepSeek-V3.2,spider,,,
spider_435,DeepSeek-V3.2,spider,,,
spider_436,DeepSeek-V3.2,spider,,,
spider_437,DeepSeek-V3.2,spider,,,
spider_438,DeepSeek-V3.2,spider,,,
spider_439,DeepSeek-V3.2,spider,,,
spider_440,DeepSeek-V3.2,spider,,,
spider_441,DeepSeek-V3.2,spider,,,
spider_442,DeepSeek-V3.2,spider,,,
spider_443,DeepSeek-V3.2,spider,,,
spider_444,DeepSeek-V3.2,spider,,,
spider_445,DeepSeek-V3.2,spider,,,
spider_446,DeepSeek-V3.2,spider,,,
spider_447,DeepSeek-V3.2,spider,,,
spider_448,DeepSeek-V3.2,spider,,,
spider_449,DeepSeek-V3.2,spider,,,
spider_450,DeepSeek-V3.2,spider,,,
spider_451,DeepSeek-V3.2,spider,,,
spider_452,DeepSeek-V3.2,spider,,,
spider_453,DeepSeek-V3.2,spider,,,
spider_454,DeepSeek-V3.2,spider,,,
spider_455,DeepSeek-V3.2,spider,,,
spider_456,DeepSeek-V3.2,spider,,,
spider_457,DeepSeek-V3.2,spider,,,
spider_458,DeepSeek-V3.2,spider,,,
spider_459,DeepSeek-V3.2,spider,,,
spider_460,DeepSeek-V3.2,spider,,,
spider_461,DeepSeek-V3.2,spider,,,
spider_462,DeepSeek-V3.2,spider,,,
spider_463,DeepSeek-V3.2,spider,,,
spider_464,DeepSeek-V3.2,spider,,,
spider_465,DeepSeek-V3.2,spider,,,
spider_466,DeepSeek-V3.2,spider,,,
spider_467,DeepSeek-V3.2,spider,,,
spider_468,DeepSeek-V3.2,spider,,,
spider_469,DeepSeek-V3.2,spider,,,
spider_470,DeepSeek-V3.2,spider,,,
spider_471,DeepSeek-V3.2,spider,,,
spider_472,DeepSeek-V3.2,spider,,,
spider_473,DeepSeek-V3.2,spider,,,
spider_474,DeepSeek-V3.2,spider,,,
spider_475,DeepSeek-V3.2,spider,,,
spider_476,DeepSeek-V3.2,spider,,,
spider_477,DeepSeek-V3.2,spider,,,
spider_478,DeepSeek-V3.2,spider,,,
spider_479,DeepSeek-V3.2,spider,,,
spider_480,DeepSeek-V3.2,spider,,,
spider_481,DeepSeek-V3.2,spider,,,
spider_482,DeepSeek-V3.2,spider,,,
spider_483,DeepSeek-V3.2,spider,,,
spider_484,DeepSeek-V3.2,spider,,,
spider_485,DeepSeek-V3.2,spider,,,
spider_486,DeepSeek-V3.2,spider,,,
spider_487,DeepSeek-V3.2,spider,,,
spider_488,DeepSeek-V3.2,spider,,,
spider_489,DeepSeek-V3.2,spider,,,
spider_490,DeepSeek-V3.2,spider,,,
spider_491,DeepSeek-V3.2,spider,,,
spider_492,DeepSeek-V3.2,spider,,,
spider_493,DeepSeek-V3.2,spider,,,
spider_494,DeepSeek-V3.2,spider,,,
spider_495,DeepSeek-V3.2,spider,,,
spider_496,DeepSeek-V3.2,spider,,,
spider_497,DeepSeek-V3.2,spider,,,
spider_498,DeepSeek-V3.2,spider,,,
spider_499,DeepSeek-V3.2,spider,,,
spider_500,DeepSeek-V3.2,spider,,,
spider_501,DeepSeek-V3.2,spider,,,
spider_502,DeepSeek-V3.2,spider,,,
spider_503,DeepSeek-V3.2,spider,,,
spider_504,DeepSeek-V3.2,spider,,,
spider_505,DeepSeek-V3.2,spider,,,
spider_506,DeepSeek-V3.2,spider,,,
spider_507,DeepSeek-V3.2,spider,,,
spider_508,DeepSeek-V3.2,spider,,,
spider_509,DeepSeek-V3.2,spider,,,
spider_510,DeepSeek-V3.2,spider,,,
spider_511,DeepSeek-V3.2,spider,,,
spider_512,DeepSeek-V3.2,spider,,,
spider_513,DeepSeek-V3.2,spider,,,
spider_514,DeepSeek-V3.2,spider,,,
spider_515,DeepSeek-V3.2,spider,,,
spider_516,DeepSeek-V3.2,spider,,,
spider_517,DeepSeek-V3.2,spider,,,
spider_518,DeepSeek-V3.2,spider,,,
spider_519,DeepSeek-V3.2,spider,,,
spider_520,DeepSeek-V3.2,spider,,,
spider_521,DeepSeek-V3.2,spider,,,
spider_522,DeepSeek-V3.2,spider,,,
spider_523,DeepSeek-V3.2,spider,,,
spider_524,DeepSeek-V3.2,spider,,,
spider_525,DeepSeek-V3.2,spider,,,
spider_526,DeepSeek-V3.2,spider,,,
spider_527,DeepSeek-V3.2,spider,,,
spider_528,DeepSeek-V3.2,spider,,,
spider_529,DeepSeek-V3.2,spider,,,
spider_530,DeepSeek-V3.2,spider,,,
spider_531,DeepSeek-V3.2,spider,,,
spider_532,DeepSeek-V3.2,spider,,,
spider_533,DeepSeek-V3.2,spider,,,
spider_534,DeepSeek-V3.2,spider,,,
spider_535,DeepSeek-V3.2,spider,,,
spider_536,DeepSeek-V3.2,spider,,,
spider_537,DeepSeek-V3.2,spider,,,
spider_538,DeepSeek-V3.2,spider,,,
spider_539,DeepSeek-V3.2,spider,,,
spider_540,DeepSeek-V3.2,spider,,,
spider_541,DeepSeek-V3.2,spider,,,
spider_542,DeepSeek-V3.2,spider,,,
spider_543,DeepSeek-V3.2,spider,,,
spider_544,DeepSeek-V3.2,spider,,,
spider_545,DeepSeek-V3.2,spider,,,
spider_546,DeepSeek-V3.2,spider,,,
spider_547,DeepSeek-V3.2,spider,,,
spider_548,DeepSeek-V3.2,spider,,,
spider_549,DeepSeek-V3.2,spider,,,
spider_550,DeepSeek-V3.2,spider,,,
spider_551,DeepSeek-V3.2,spider,,,
spider_552,DeepSeek-V3.2,spider,,,
spider_553,DeepSeek-V3.2,spider,,,
spider_554,DeepSeek-V3.2,spider,,,
spider_555,DeepSeek-V3.2,spider,,,
spider_556,DeepSeek-V3.2,spider,,,
spider_557,DeepSeek-V3.2,spider,,,
spider_558,DeepSeek-V3.2,spider,,,
spider_559,DeepSeek-V3.2,spider,,,
spider_560,DeepSeek-V3.2,spider,,,
spider_561,DeepSeek-V3.2,spider,,,
spider_562,DeepSeek-V3.2,spider,,,
spider_563,DeepSeek-V3.2,spider,,,
spider_564,DeepSeek-V3.2,spider,,,
spider_565,DeepSeek-V3.2,spider,,,
spider_566,DeepSeek-V3.2,spider,,,
spider_567,DeepSeek-V3.2,spider,,,
spider_568,DeepSeek-V3.2,spider,,,
spider_569,DeepSeek-V3.2,spider,,,
spider_570,DeepSeek-V3.2,spider,,,
spider_571,DeepSeek-V3.2,spider,,,
spider_572,DeepSeek-V3.2,spider,,,
spider_573,DeepSeek-V3.2,spider,,,
spider_574,DeepSeek-V3.2,spider,,,
spider_575,DeepSeek-V3.2,spider,,,
spider_576,DeepSeek-V3.2,spider,,,
spider_577,DeepSeek-V3.2,spider,,,
spider_578,DeepSeek-V3.2,spider,,,
spider_579,DeepSeek-V3.2,spider,,,
spider_580,DeepSeek-V3.2,spider,,,
spider_581,DeepSeek-V3.2,spider,,,
spider_582,DeepSeek-V3.2,spider,,,
spider_583,DeepSeek-V3.2,spider,,,
spider_584,DeepSeek-V3.2,spider,,,
spider_585,DeepSeek-V3.2,spider,,,
spider_586,DeepSeek-V3.2,spider,,,
spider_587,DeepSeek-V3.2,spider,,,
spider_588,DeepSeek-V3.2,spider,,,
spider_589,DeepSeek-V3.2,spider,,,
spider_590,DeepSeek-V3.2,spider,,,
spider_591,DeepSeek-V3.2,spider,,,
spider_592,DeepSeek-V3.2,spider,,,
spider_593,DeepSeek-V3.2,spider,,,
spider_594,DeepSeek-V3.2,spider,,,
spider_595,DeepSeek-V3.2,spider,,,
spider_596,DeepSeek-V3.2,spider,,,
spider_597,DeepSeek-V3.2,spider,,,
spider_598,DeepSeek-V3.2,spider,,,
spider_599,DeepSeek-V3.2,spider,,,
spider_600,DeepSeek-V3.2,spider,,,
spider_601,DeepSeek-V3.2,spider,,,
spider_602,DeepSeek-V3.2,spider,,,
spider_603,DeepSeek-V3.2,spider,,,
spider_604,DeepSeek-V3.2,spider,,,
spider_605,DeepSeek-V3.2,spider,,,
spider_606,DeepSeek-V3.2,spider,,,
spider_607,DeepSeek-V3.2,spider,,,
spider_608,DeepSeek-V3.2,spider,,,
spider_609,DeepSeek-V3.2,spider,,,
spider_610,DeepSeek-V3.2,spider,,,
spider_611,DeepSeek-V3.2,spider,,,
spider_612,DeepSeek-V3.2,spider,,,
spider_613,DeepSeek-V3.2,spider,,,
spider_614,DeepSeek-V3.2,spider,,,
spider_615,DeepSeek-V3.2,spider,,,
spider_616,DeepSeek-V3.2,spider,,,
spider_617,DeepSeek-V3.2,spider,,,
spider_618,DeepSeek-V3.2,spider,,,
spider_619,DeepSeek-V3.2,spider,,,
spider_620,DeepSeek-V3.2,spider,,,
spider_621,DeepSeek-V3.2,spider,,,
spider_622,DeepSeek-V3.2,spider,,,
spider_623,DeepSeek-V3.2,spider,,,
spider_624,DeepSeek-V3.2,spider,,,
spider_625,DeepSeek-V3.2,spider,,,
spider_626,DeepSeek-V3.2,spider,,,
spider_627,DeepSeek-V3.2,spider,,,
spider_628,DeepSeek-V3.2,spider,,,
spider_629,DeepSeek-V3.2,spider,,,
spider_630,DeepSeek-V3.2,spider,,,
spider_631,DeepSeek-V3.2,spider,,,
spider_632,DeepSeek-V3.2,spider,,,
spider_633,DeepSeek-V3.2,spider,,,
spider_634,DeepSeek-V3.2,spider,,,
spider_635,DeepSeek-V3.2,spider,,,
spider_636,DeepSeek-V3.2,spider,,,
spider_637,DeepSeek-V3.2,spider,,,
spider_638,DeepSeek-V3.2,spider,,,
spider_639,DeepSeek-V3.2,spider,,,
spider_640,DeepSeek-V3.2,spider,,,
spider_641,DeepSeek-V3.2,spider,,,
spider_642,DeepSeek-V3.2,spider,,,
spider_643,DeepSeek-V3.2,spider,,,
spider_644,DeepSeek-V3.2,spider,,,
spider_645,DeepSeek-V3.2,spider,,,
spider_646,DeepSeek-V3.2,spider,,,
spider_647,DeepSeek-V3.2,spider,,,
spider_648,DeepSeek-V3.2,spider,,,
spider_649,DeepSeek-V3.2,spider,,,
spider_650,DeepSeek-V3.2,spider,,,
spider_651,DeepSeek-V3.2,spider,,,
spider_652,DeepSeek-V3.2,spider,,,
spider_653,DeepSeek-V3.2,spider,,,
spider_654,DeepSeek-V3.2,spider,,,
spider_655,DeepSeek-V3.2,spider,,,
spider_656,DeepSeek-V3.2,spider,,,
spider_657,DeepSeek-V3.2,spider,,,
spider_658,DeepSeek-V3.2,spider,,,
spider_659,DeepSeek-V3.2,spider,,,
spider_660,DeepSeek-V3.2,spider,,,
spider_661,DeepSeek-V3.2,spider,,,
spider_662,DeepSeek-V3.2,spider,,,
spider_663,DeepSeek-V3.2,spider,,,
spider_664,DeepSeek-V3.2,spider,,,
spider_665,DeepSeek-V3.2,spider,,,
spider_666,DeepSeek-V3.2,spider,,,
spider_667,DeepSeek-V3.2,spider,,,
spider_668,DeepSeek-V3.2,spider,,,
spider_669,DeepSeek-V3.2,spider,,,
spider_670,DeepSeek-V3.2,spider,,,
spider_671,DeepSeek-V3.2,spider,,,
spider_672,DeepSeek-V3.2,spider,,,
spider_673,DeepSeek-V3.2,spider,,,
spider_674,DeepSeek-V3.2,spider,,,
spider_675,DeepSeek-V3.2,spider,,,
spider_676,DeepSeek-V3.2,spider,,,
spider_677,DeepSeek-V3.2,spider,,,
spider_678,DeepSeek-V3.2,spider,,,
spider_679,DeepSeek-V3.2,spider,,,
spider_680,DeepSeek-V3.2,spider,,,
spider_681,DeepSeek-V3.2,spider,,,
spider_682,DeepSeek-V3.2,spider,,,
spider_683,DeepSeek-V3.2,spider,,,
spider_684,DeepSeek-V3.2,spider,,,
spider_685,DeepSeek-V3.2,spider,,,
spider_686,DeepSeek-V3.2,spider,,,
spider_687,DeepSeek-V3.2,spider,,,
spider_688,DeepSeek-V3.2,spider,,,
spider_689,DeepSeek-V3.2,spider,,,
spider_690,DeepSeek-V3.2,spider,,,
spider_691,DeepSeek-V3.2,spider,,,
spider_692,DeepSeek-V3.2,spider,,,
spider_693,DeepSeek-V3.2,spider,,,
spider_694,DeepSeek-V3.2,spider,,,
spider_695,DeepSeek-V3.2,spider,,,
spider_696,DeepSeek-V3.2,spider,,,
spider_697,DeepSeek-V3.2,spider,,,
spider_698,DeepSeek-V3.2,spider,,,
spider_699,DeepSeek-V3.2,spider,,,
spider_700,DeepSeek-V3.2,spider,,,
spider_701,DeepSeek-V3.2,spider,,,
spider_702,DeepSeek-V3.2,spider,,,
spider_703,DeepSeek-V3.2,spider,,,
spider_704,DeepSeek-V3.2,spider,,,
spider_705,DeepSeek-V3.2,spider,,,
spider_706,DeepSeek-V3.2,spider,,,
spider_707,DeepSeek-V3.2,spider,,,
spider_708,DeepSeek-V3.2,spider,,,
spider_709,DeepSeek-V3.2,spider,,,
spider_710,DeepSeek-V3.2,spider,,,
spider_711,DeepSeek-V3.2,spider,,,
spider_712,DeepSeek-V3.2,spider,,,
spider_713,DeepSeek-V3.2,spider,,,
spider_714,DeepSeek-V3.2,spider,,,
spider_715,DeepSeek-V3.2,spider,,,
spider_716,DeepSeek-V3.2,spider,,,
spider_717,DeepSeek-V3.2,spider,,,
spider_718,DeepSeek-V3.2,spider,,,
spider_719,DeepSeek-V3.2,spider,,,
spider_720,DeepSeek-V3.2,spider,,,
spider_721,DeepSeek-V3.2,spider,,,
spider_722,DeepSeek-V3.2,spider,,,
spider_723,DeepSeek-V3.2,spider,,,
spider_724,DeepSeek-V3.2,spider,,,
spider_725,DeepSeek-V3.2,spider,,,
spider_726,DeepSeek-V3.2,spider,,,
spider_727,DeepSeek-V3.2,spider,,,
spider_728,DeepSeek-V3.2,spider,,,
spider_729,DeepSeek-V3.2,spider,,,
spider_730,DeepSeek-V3.2,spider,,,
spider_731,DeepSeek-V3.2,spider,,,
spider_732,DeepSeek-V3.2,spider,,,
spider_733,DeepSeek-V3.2,spider,,,
spider_734,DeepSeek-V3.2,spider,,,
spider_735,DeepSeek-V3.2,spider,,,
spider_736,DeepSeek-V3.2,spider,,,
spider_737,DeepSeek-V3.2,spider,,,
spider_738,DeepSeek-V3.2,spider,,,
spider_739,DeepSeek-V3.2,spider,,,
spider_740,DeepSeek-V3.2,spider,,,
spider_741,DeepSeek-V3.2,spider,,,
spider_742,DeepSeek-V3.2,spider,,,
spider_743,DeepSeek-V3.2,spider,,,
spider_744,DeepSeek-V3.2,spider,,,
spider_745,DeepSeek-V3.2,spider,,,
spider_746,DeepSeek-V3.2,spider,,,
spider_747,DeepSeek-V3.2,spider,,,
spider_748,DeepSeek-V3.2,spider,,,
spider_749,DeepSeek-V3.2,spider,,,
spider_750,DeepSeek-V3.2,spider,,,
spider_751,DeepSeek-V3.2,spider,,,
spider_752,DeepSeek-V3.2,spider,,,
spider_753,DeepSeek-V3.2,spider,,,
spider_754,DeepSeek-V3.2,spider,,,
spider_755,DeepSeek-V3.2,spider,,,
spider_756,DeepSeek-V3.2,spider,,,
spider_757,DeepSeek-V3.2,spider,,,
spider_758,DeepSeek-V3.2,spider,,,
spider_759,DeepSeek-V3.2,spider,,,
spider_760,DeepSeek-V3.2,spider,,,
spider_761,DeepSeek-V3.2,spider,,,
spider_762,DeepSeek-V3.2,spider,,,
spider_763,DeepSeek-V3.2,spider,,,
spider_764,DeepSeek-V3.2,spider,,,
spider_765,DeepSeek-V3.2,spider,,,
spider_766,DeepSeek-V3.2,spider,,,
spider_767,DeepSeek-V3.2,spider,,,
spider_768,DeepSeek-V3.2,spider,,,
spider_769,DeepSeek-V3.2,spider,,,
spider_770,DeepSeek-V3.2,spider,,,
spider_771,DeepSeek-V3.2,spider,,,
spider_772,DeepSeek-V3.2,spider,,,
spider_773,DeepSeek-V3.2,spider,,,
spider_774,DeepSeek-V3.2,spider,,,
spider_775,DeepSeek-V3.2,spider,,,
spider_776,DeepSeek-V3.2,spider,,,
spider_777,DeepSeek-V3.2,spider,,,
spider_778,DeepSeek-V3.2,spider,,,
spider_779,DeepSeek-V3.2,spider,,,
spider_780,DeepSeek-V3.2,spider,,,
spider_781,DeepSeek-V3.2,spider,,,
spider_782,DeepSeek-V3.2,spider,,,
spider_783,DeepSeek-V3.2,spider,,,
spider_784,DeepSeek-V3.2,spider,,,
spider_785,DeepSeek-V3.2,spider,,,
spider_786,DeepSeek-V3.2,spider,,,
spider_787,DeepSeek-V3.2,spider,,,
spider_788,DeepSeek-V3.2,spider,,,
spider_789,DeepSeek-V3.2,spider,,,
spider_790,DeepSeek-V3.2,spider,,,
spider_791,DeepSeek-V3.2,spider,,,
spider_792,DeepSeek-V3.2,spider,,,
spider_793,DeepSeek-V3.2,spider,,,
spider_794,DeepSeek-V3.2,spider,,,
spider_795,DeepSeek-V3.2,spider,,,
spider_796,DeepSeek-V3.2,spider,,,
spider_797,DeepSeek-V3.2,spider,,,
spider_798,DeepSeek-V3.2,spider,,,
spider_799,DeepSeek-V3.2,spider,,,
spider_800,DeepSeek-V3.2,spider,,,
spider_801,DeepSeek-V3.2,spider,,,
spider_802,DeepSeek-V3.2,spider,,,
spider_803,DeepSeek-V3.2,spider,,,
spider_804,DeepSeek-V3.2,spider,,,
spider_805,DeepSeek-V3.2,spider,,,
spider_806,DeepSeek-V3.2,spider,,,
spider_807,DeepSeek-V3.2,spider,,,
spider_808,DeepSeek-V3.2,spider,,,
spider_809,DeepSeek-V3.2,spider,,,
spider_810,DeepSeek-V3.2,spider,,,
spider_811,DeepSeek-V3.2,spider,,,
spider_812,DeepSeek-V3.2,spider,,,
spider_813,DeepSeek-V3.2,spider,,,
spider_814,DeepSeek-V3.2,spider,,,
spider_815,DeepSeek-V3.2,spider,,,
spider_816,DeepSeek-V3.2,spider,,,
spider_817,DeepSeek-V3.2,spider,,,
spider_818,DeepSeek-V3.2,spider,,,
spider_819,DeepSeek-V3.2,spider,,,
spider_820,DeepSeek-V3.2,spider,,,
spider_821,DeepSeek-V3.2,spider,,,
spider_822,DeepSeek-V3.2,spider,,,
spider_823,DeepSeek-V3.2,spider,,,
spider_824,DeepSeek-V3.2,spider,,,
spider_825,DeepSeek-V3.2,spider,,,
spider_826,DeepSeek-V3.2,spider,,,
spider_827,DeepSeek-V3.2,spider,,,
spider_828,DeepSeek-V3.2,spider,,,
spider_829,DeepSeek-V3.2,spider,,,
spider_830,DeepSeek-V3.2,spider,,,
spider_831,DeepSeek-V3.2,spider,,,
spider_832,DeepSeek-V3.2,spider,,,
spider_833,DeepSeek-V3.2,spider,,,
spider_834,DeepSeek-V3.2,spider,,,
spider_835,DeepSeek-V3.2,spider,,,
spider_836,DeepSeek-V3.2,spider,,,
spider_837,DeepSeek-V3.2,spider,,,
spider_838,DeepSeek-V3.2,spider,,,
spider_839,DeepSeek-V3.2,spider,,,
spider_840,DeepSeek-V3.2,spider,,,
spider_841,DeepSeek-V3.2,spider,,,
spider_842,DeepSeek-V3.2,spider,,,
spider_843,DeepSeek-V3.2,spider,,,
spider_844,DeepSeek-V3.2,spider,,,
spider_845,DeepSeek-V3.2,spider,,,
spider_846,DeepSeek-V3.2,spider,,,
spider_847,DeepSeek-V3.2,spider,,,
spider_848,DeepSeek-V3.2,spider,,,
spider_849,DeepSeek-V3.2,spider,,,
spider_850,DeepSeek-V3.2,spider,,,
spider_851,DeepSeek-V3.2,spider,,,
spider_852,DeepSeek-V3.2,spider,,,
spider_853,DeepSeek-V3.2,spider,,,
spider_854,DeepSeek-V3.2,spider,,,
spider_855,DeepSeek-V3.2,spider,,,
spider_856,DeepSeek-V3.2,spider,,,
spider_857,DeepSeek-V3.2,spider,,,
spider_858,DeepSeek-V3.2,spider,,,
spider_859,DeepSeek-V3.2,spider,,,
spider_860,DeepSeek-V3.2,spider,,,
spider_861,DeepSeek-V3.2,spider,,,
spider_862,DeepSeek-V3.2,spider,,,
spider_863,DeepSeek-V3.2,spider,,,
spider_864,DeepSeek-V3.2,spider,,,
spider_865,DeepSeek-V3.2,spider,,,
spider_866,DeepSeek-V3.2,spider,,,
spider_867,DeepSeek-V3.2,spider,,,
spider_868,DeepSeek-V3.2,spider,,,
spider_869,DeepSeek-V3.2,spider,,,
spider_870,DeepSeek-V3.2,spider,,,
spider_871,DeepSeek-V3.2,spider,,,
spider_872,DeepSeek-V3.2,spider,,,
spider_873,DeepSeek-V3.2,spider,,,
spider_874,DeepSeek-V3.2,spider,,,
spider_875,DeepSeek-V3.2,spider,,,
spider_876,DeepSeek-V3.2,spider,,,
spider_877,DeepSeek-V3.2,spider,,,
spider_878,DeepSeek-V3.2,spider,,,
spider_879,DeepSeek-V3.2,spider,,,
spider_880,DeepSeek-V3.2,spider,,,
spider_881,DeepSeek-V3.2,spider,,,
spider_882,DeepSeek-V3.2,spider,,,
spider_883,DeepSeek-V3.2,spider,,,
spider_884,DeepSeek-V3.2,spider,,,
spider_885,DeepSeek-V3.2,spider,,,
spider_886,DeepSeek-V3.2,spider,,,
spider_887,DeepSeek-V3.2,spider,,,
spider_888,DeepSeek-V3.2,spider,,,
spider_889,DeepSeek-V3.2,spider,,,
spider_890,DeepSeek-V3.2,spider,,,
spider_891,DeepSeek-V3.2,spider,,,
spider_892,DeepSeek-V3.2,spider,,,
spider_893,DeepSeek-V3.2,spider,,,
spider_894,DeepSeek-V3.2,spider,,,
spider_895,DeepSeek-V3.2,spider,,,
spider_896,DeepSeek-V3.2,spider,,,
spider_897,DeepSeek-V3.2,spider,,,
spider_898,DeepSeek-V3.2,spider,,,
spider_899,DeepSeek-V3.2,spider,,,
spider_900,DeepSeek-V3.2,spider,,,
spider_901,DeepSeek-V3.2,spider,,,
spider_902,DeepSeek-V3.2,spider,,,
spider_903,DeepSeek-V3.2,spider,,,
spider_904,DeepSeek-V3.2,spider,,,
spider_905,DeepSeek-V3.2,spider,,,
spider_906,DeepSeek-V3.2,spider,,,
spider_907,DeepSeek-V3.2,spider,,,
spider_908,DeepSeek-V3.2,spider,,,
spider_909,DeepSeek-V3.2,spider,,,
spider_910,DeepSeek-V3.2,spider,,,
spider_911,DeepSeek-V3.2,spider,,,
spider_912,DeepSeek-V3.2,spider,,,
spider_913,DeepSeek-V3.2,spider,,,
spider_914,DeepSeek-V3.2,spider,,,
spider_915,DeepSeek-V3.2,spider,,,
spider_916,DeepSeek-V3.2,spider,,,
spider_917,DeepSeek-V3.2,spider,,,
spider_918,DeepSeek-V3.2,spider,,,
spider_919,DeepSeek-V3.2,spider,,,
spider_920,DeepSeek-V3.2,spider,,,
spider_921,DeepSeek-V3.2,spider,,,
spider_922,DeepSeek-V3.2,spider,,,
spider_923,DeepSeek-V3.2,spider,,,
spider_924,DeepSeek-V3.2,spider,,,
spider_925,DeepSeek-V3.2,spider,,,
spider_926,DeepSeek-V3.2,spider,,,
spider_927,DeepSeek-V3.2,spider,,,
spider_928,DeepSeek-V3.2,spider,,,
spider_929,DeepSeek-V3.2,spider,,,
spider_930,DeepSeek-V3.2,spider,,,
spider_931,DeepSeek-V3.2,spider,,,
spider_932,DeepSeek-V3.2,spider,,,
spider_933,DeepSeek-V3.2,spider,,,
spider_934,DeepSeek-V3.2,spider,,,
spider_935,DeepSeek-V3.2,spider,,,
spider_936,DeepSeek-V3.2,spider,,,
spider_937,DeepSeek-V3.2,spider,,,
spider_938,DeepSeek-V3.2,spider,,,
spider_939,DeepSeek-V3.2,spider,,,
spider_940,DeepSeek-V3.2,spider,,,
spider_941,DeepSeek-V3.2,spider,,,
spider_942,DeepSeek-V3.2,spider,,,
spider_943,DeepSeek-V3.2,spider,,,
spider_944,DeepSeek-V3.2,spider,,,
spider_945,DeepSeek-V3.2,spider,,,
spider_946,DeepSeek-V3.2,spider,,,
spider_947,DeepSeek-V3.2,spider,,,
spider_948,DeepSeek-V3.2,spider,,,
spider_949,DeepSeek-V3.2,spider,,,
spider_950,DeepSeek-V3.2,spider,,,
spider_951,DeepSeek-V3.2,spider,,,
spider_952,DeepSeek-V3.2,spider,,,
spider_953,DeepSeek-V3.2,spider,,,
spider_954,DeepSeek-V3.2,spider,,,
spider_955,DeepSeek-V3.2,spider,,,
spider_956,DeepSeek-V3.2,spider,,,
spider_957,DeepSeek-V3.2,spider,,,
spider_958,DeepSeek-V3.2,spider,,,
spider_959,DeepSeek-V3.2,spider,,,
spider_960,DeepSeek-V3.2,spider,,,
spider_961,DeepSeek-V3.2,spider,,,
spider_962,DeepSeek-V3.2,spider,,,
spider_963,DeepSeek-V3.2,spider,,,
spider_964,DeepSeek-V3.2,spider,,,
spider_965,DeepSeek-V3.2,spider,,,
spider_966,DeepSeek-V3.2,spider,,,
spider_967,DeepSeek-V3.2,spider,,,
spider_968,DeepSeek-V3.2,spider,,,
spider_969,DeepSeek-V3.2,spider,,,
spider_970,DeepSeek-V3.2,spider,,,
spider_971,DeepSeek-V3.2,spider,,,
spider_972,DeepSeek-V3.2,spider,,,
spider_973,DeepSeek-V3.2,spider,,,
spider_974,DeepSeek-V3.2,spider,,,
spider_975,DeepSeek-V3.2,spider,,,
spider_976,DeepSeek-V3.2,spider,,,
spider_977,DeepSeek-V3.2,spider,,,
spider_978,DeepSeek-V3.2,spider,,,
spider_979,DeepSeek-V3.2,spider,,,
spider_980,DeepSeek-V3.2,spider,,,
spider_981,DeepSeek-V3.2,spider,,,
spider_982,DeepSeek-V3.2,spider,,,
spider_983,DeepSeek-V3.2,spider,,,
spider_984,DeepSeek-V3.2,spider,,,
spider_985,DeepSeek-V3.2,spider,,,
spider_986,DeepSeek-V3.2,spider,,,
spider_987,DeepSeek-V3.2,spider,,,
spider_988,DeepSeek-V3.2,spider,,,
spider_989,DeepSeek-V3.2,spider,,,
spider_990,DeepSeek-V3.2,spider,,,
spider_991,DeepSeek-V3.2,spider,,,
spider_992,DeepSeek-V3.2,spider,,,
spider_993,DeepSeek-V3.2,spider,,,
spider_994,DeepSeek-V3.2,spider,,,
spider_995,DeepSeek-V3.2,spider,,,
spider_996,DeepSeek-V3.2,spider,,,
spider_997,DeepSeek-V3.2,spider,,,
spider_998,DeepSeek-V3.2,spider,,,
spider_999,DeepSeek-V3.2,spider,,,
spider_1000,DeepSeek-V3.2,spider,,,
spider_1001,DeepSeek-V3.2,spider,,,
spider_1002,DeepSeek-V3.2,spider,,,
spider_1003,DeepSeek-V3.2,spider,,,
spider_1004,DeepSeek-V3.2,spider,,,
spider_1005,DeepSeek-V3.2,spider,,,
spider_1006,DeepSeek-V3.2,spider,,,
spider_1007,DeepSeek-V3.2,spider,,,
spider_1008,DeepSeek-V3.2,spider,,,
spider_1009,DeepSeek-V3.2,spider,,,
spider_1010,DeepSeek-V3.2,spider,,,
spider_1011,DeepSeek-V3.2,spider,,,
spider_1012,DeepSeek-V3.2,spider,,,
spider_1013,DeepSeek-V3.2,spider,,,
spider_1014,DeepSeek-V3.2,spider,,,
spider_1015,DeepSeek-V3.2,spider,,,
spider_1016,DeepSeek-V3.2,spider,,,
spider_1017,DeepSeek-V3.2,spider,,,
spider_1018,DeepSeek-V3.2,spider,,,
spider_1019,DeepSeek-V3.2,spider,,,
spider_1020,DeepSeek-V3.2,spider,,,
spider_1021,DeepSeek-V3.2,spider,,,
spider_1022,DeepSeek-V3.2,spider,,,
spider_1023,DeepSeek-V3.2,spider,,,
spider_1024,DeepSeek-V3.2,spider,,,
spider_1025,DeepSeek-V3.2,spider,,,
spider_1026,DeepSeek-V3.2,spider,,,
spider_1027,DeepSeek-V3.2,spider,,,
spider_1028,DeepSeek-V3.2,spider,,,
spider_1029,DeepSeek-V3.2,spider,,,
spider_1030,DeepSeek-V3.2,spider,,,
spider_1031,DeepSeek-V3.2,spider,,,
spider_1032,DeepSeek-V3.2,spider,,,
spider_1033,DeepSeek-V3.2,spider,,,
bird_0,Defog-Llama3-SQLCoder-8B,bird,,,
bird_1,Defog-Llama3-SQLCoder-8B,bird,,,
bird_2,Defog-Llama3-SQLCoder-8B,bird,,,
bird_3,Defog-Llama3-SQLCoder-8B,bird,,,
bird_4,Defog-Llama3-SQLCoder-8B,bird,,,
bird_5,Defog-Llama3-SQLCoder-8B,bird,,,
bird_6,Defog-Llama3-SQLCoder-8B,bird,,,
bird_7,Defog-Llama3-SQLCoder-8B,bird,,,
bird_8,Defog-Llama3-SQLCoder-8B,bird,,,
bird_9,Defog-Llama3-SQLCoder-8B,bird,,,
bird_10,Defog-Llama3-SQLCoder-8B,bird,,,
bird_11,Defog-Llama3-SQLCoder-8B,bird,,,
bird_12,Defog-Llama3-SQLCoder-8B,bird,,,
bird_13,Defog-Llama3-SQLCoder-8B,bird,,,
bird_14,Defog-Llama3-SQLCoder-8B,bird,,,
bird_15,Defog-Llama3-SQLCoder-8B,bird,,,
bird_16,Defog-Llama3-SQLCoder-8B,bird,,,
bird_17,Defog-Llama3-SQLCoder-8B,bird,,,
bird_18,Defog-Llama3-SQLCoder-8B,bird,,,
bird_19,Defog-Llama3-SQLCoder-8B,bird,,,
bird_20,Defog-Llama3-SQLCoder-8B,bird,,,
bird_21,Defog-Llama3-SQLCoder-8B,bird,,,
bird_22,Defog-Llama3-SQLCoder-8B,bird,,,
bird_23,Defog-Llama3-SQLCoder-8B,bird,,,
bird_24,Defog-Llama3-SQLCoder-8B,bird,,,
bird_25,Defog-Llama3-SQLCoder-8B,bird,,,
bird_26,Defog-Llama3-SQLCoder-8B,bird,,,
bird_27,Defog-Llama3-SQLCoder-8B,bird,,,
bird_28,Defog-Llama3-SQLCoder-8B,bird,,,
bird_29,Defog-Llama3-SQLCoder-8B,bird,,,
bird_30,Defog-Llama3-SQLCoder-8B,bird,,,
bird_31,Defog-Llama3-SQLCoder-8B,bird,,,
bird_32,Defog-Llama3-SQLCoder-8B,bird,,,
bird_33,Defog-Llama3-SQLCoder-8B,bird,,,
bird_34,Defog-Llama3-SQLCoder-8B,bird,,,
bird_35,Defog-Llama3-SQLCoder-8B,bird,,,
bird_36,Defog-Llama3-SQLCoder-8B,bird,,,
bird_37,Defog-Llama3-SQLCoder-8B,bird,,,
bird_38,Defog-Llama3-SQLCoder-8B,bird,,,
bird_39,Defog-Llama3-SQLCoder-8B,bird,,,
bird_40,Defog-Llama3-SQLCoder-8B,bird,,,
bird_41,Defog-Llama3-SQLCoder-8B,bird,,,
bird_42,Defog-Llama3-SQLCoder-8B,bird,,,
bird_43,Defog-Llama3-SQLCoder-8B,bird,,,
bird_44,Defog-Llama3-SQLCoder-8B,bird,,,
bird_45,Defog-Llama3-SQLCoder-8B,bird,,,
bird_46,Defog-Llama3-SQLCoder-8B,bird,,,
bird_47,Defog-Llama3-SQLCoder-8B,bird,,,
bird_48,Defog-Llama3-SQLCoder-8B,bird,,,
bird_49,Defog-Llama3-SQLCoder-8B,bird,,,
bird_50,Defog-Llama3-SQLCoder-8B,bird,,,
bird_51,Defog-Llama3-SQLCoder-8B,bird,,,
bird_52,Defog-Llama3-SQLCoder-8B,bird,,,
bird_53,Defog-Llama3-SQLCoder-8B,bird,,,
bird_54,Defog-Llama3-SQLCoder-8B,bird,,,
bird_55,Defog-Llama3-SQLCoder-8B,bird,,,
bird_56,Defog-Llama3-SQLCoder-8B,bird,,,
bird_57,Defog-Llama3-SQLCoder-8B,bird,,,
bird_58,Defog-Llama3-SQLCoder-8B,bird,,,
bird_59,Defog-Llama3-SQLCoder-8B,bird,,,
bird_60,Defog-Llama3-SQLCoder-8B,bird,,,
bird_61,Defog-Llama3-SQLCoder-8B,bird,,,
bird_62,Defog-Llama3-SQLCoder-8B,bird,,,
bird_63,Defog-Llama3-SQLCoder-8B,bird,,,
bird_64,Defog-Llama3-SQLCoder-8B,bird,,,
bird_65,Defog-Llama3-SQLCoder-8B,bird,,,
bird_66,Defog-Llama3-SQLCoder-8B,bird,,,
bird_67,Defog-Llama3-SQLCoder-8B,bird,,,
bird_68,Defog-Llama3-SQLCoder-8B,bird,,,
bird_69,Defog-Llama3-SQLCoder-8B,bird,,,
bird_70,Defog-Llama3-SQLCoder-8B,bird,,,
bird_71,Defog-Llama3-SQLCoder-8B,bird,,,
bird_72,Defog-Llama3-SQLCoder-8B,bird,,,
bird_73,Defog-Llama3-SQLCoder-8B,bird,,,
bird_74,Defog-Llama3-SQLCoder-8B,bird,,,
bird_75,Defog-Llama3-SQLCoder-8B,bird,,,
bird_76,Defog-Llama3-SQLCoder-8B,bird,,,
bird_77,Defog-Llama3-SQLCoder-8B,bird,,,
bird_78,Defog-Llama3-SQLCoder-8B,bird,,,
bird_79,Defog-Llama3-SQLCoder-8B,bird,,,
bird_80,Defog-Llama3-SQLCoder-8B,bird,,,
bird_81,Defog-Llama3-SQLCoder-8B,bird,,,
bird_82,Defog-Llama3-SQLCoder-8B,bird,,,
bird_83,Defog-Llama3-SQLCoder-8B,bird,,,
bird_84,Defog-Llama3-SQLCoder-8B,bird,,,
bird_85,Defog-Llama3-SQLCoder-8B,bird,,,
bird_86,Defog-Llama3-SQLCoder-8B,bird,,,
bird_87,Defog-Llama3-SQLCoder-8B,bird,,,
bird_88,Defog-Llama3-SQLCoder-8B,bird,,,
bird_89,Defog-Llama3-SQLCoder-8B,bird,,,
bird_90,Defog-Llama3-SQLCoder-8B,bird,,,
bird_91,Defog-Llama3-SQLCoder-8B,bird,,,
bird_92,Defog-Llama3-SQLCoder-8B,bird,,,
bird_93,Defog-Llama3-SQLCoder-8B,bird,,,
bird_94,Defog-Llama3-SQLCoder-8B,bird,,,
bird_95,Defog-Llama3-SQLCoder-8B,bird,,,
bird_96,Defog-Llama3-SQLCoder-8B,bird,,,
bird_97,Defog-Llama3-SQLCoder-8B,bird,,,
bird_98,Defog-Llama3-SQLCoder-8B,bird,,,
bird_99,Defog-Llama3-SQLCoder-8B,bird,,,
bird_100,Defog-Llama3-SQLCoder-8B,bird,,,
bird_101,Defog-Llama3-SQLCoder-8B,bird,,,
bird_102,Defog-Llama3-SQLCoder-8B,bird,,,
bird_103,Defog-Llama3-SQLCoder-8B,bird,,,
bird_104,Defog-Llama3-SQLCoder-8B,bird,,,
bird_105,Defog-Llama3-SQLCoder-8B,bird,,,
bird_106,Defog-Llama3-SQLCoder-8B,bird,,,
bird_107,Defog-Llama3-SQLCoder-8B,bird,,,
bird_108,Defog-Llama3-SQLCoder-8B,bird,,,
bird_109,Defog-Llama3-SQLCoder-8B,bird,,,
bird_110,Defog-Llama3-SQLCoder-8B,bird,,,
bird_111,Defog-Llama3-SQLCoder-8B,bird,,,
bird_112,Defog-Llama3-SQLCoder-8B,bird,,,
bird_113,Defog-Llama3-SQLCoder-8B,bird,,,
bird_114,Defog-Llama3-SQLCoder-8B,bird,,,
bird_115,Defog-Llama3-SQLCoder-8B,bird,,,
bird_116,Defog-Llama3-SQLCoder-8B,bird,,,
bird_117,Defog-Llama3-SQLCoder-8B,bird,,,
bird_118,Defog-Llama3-SQLCoder-8B,bird,,,
bird_119,Defog-Llama3-SQLCoder-8B,bird,,,
bird_120,Defog-Llama3-SQLCoder-8B,bird,,,
bird_121,Defog-Llama3-SQLCoder-8B,bird,,,
bird_122,Defog-Llama3-SQLCoder-8B,bird,,,
bird_123,Defog-Llama3-SQLCoder-8B,bird,,,
bird_124,Defog-Llama3-SQLCoder-8B,bird,,,
bird_125,Defog-Llama3-SQLCoder-8B,bird,,,
bird_126,Defog-Llama3-SQLCoder-8B,bird,,,
bird_127,Defog-Llama3-SQLCoder-8B,bird,,,
bird_128,Defog-Llama3-SQLCoder-8B,bird,,,
bird_129,Defog-Llama3-SQLCoder-8B,bird,,,
bird_130,Defog-Llama3-SQLCoder-8B,bird,,,
bird_131,Defog-Llama3-SQLCoder-8B,bird,,,
bird_132,Defog-Llama3-SQLCoder-8B,bird,,,
bird_133,Defog-Llama3-SQLCoder-8B,bird,,,
bird_134,Defog-Llama3-SQLCoder-8B,bird,,,
bird_135,Defog-Llama3-SQLCoder-8B,bird,,,
bird_136,Defog-Llama3-SQLCoder-8B,bird,,,
bird_137,Defog-Llama3-SQLCoder-8B,bird,,,
bird_138,Defog-Llama3-SQLCoder-8B,bird,,,
bird_139,Defog-Llama3-SQLCoder-8B,bird,,,
bird_140,Defog-Llama3-SQLCoder-8B,bird,,,
bird_141,Defog-Llama3-SQLCoder-8B,bird,,,
bird_142,Defog-Llama3-SQLCoder-8B,bird,,,
bird_143,Defog-Llama3-SQLCoder-8B,bird,,,
bird_144,Defog-Llama3-SQLCoder-8B,bird,,,
bird_145,Defog-Llama3-SQLCoder-8B,bird,,,
bird_146,Defog-Llama3-SQLCoder-8B,bird,,,
bird_147,Defog-Llama3-SQLCoder-8B,bird,,,
bird_148,Defog-Llama3-SQLCoder-8B,bird,,,
bird_149,Defog-Llama3-SQLCoder-8B,bird,,,
bird_150,Defog-Llama3-SQLCoder-8B,bird,,,
bird_151,Defog-Llama3-SQLCoder-8B,bird,,,
bird_152,Defog-Llama3-SQLCoder-8B,bird,,,
bird_153,Defog-Llama3-SQLCoder-8B,bird,,,
bird_154,Defog-Llama3-SQLCoder-8B,bird,,,
bird_155,Defog-Llama3-SQLCoder-8B,bird,,,
bird_156,Defog-Llama3-SQLCoder-8B,bird,,,
bird_157,Defog-Llama3-SQLCoder-8B,bird,,,
bird_158,Defog-Llama3-SQLCoder-8B,bird,,,
bird_159,Defog-Llama3-SQLCoder-8B,bird,,,
bird_160,Defog-Llama3-SQLCoder-8B,bird,,,
bird_161,Defog-Llama3-SQLCoder-8B,bird,,,
bird_162,Defog-Llama3-SQLCoder-8B,bird,,,
bird_163,Defog-Llama3-SQLCoder-8B,bird,,,
bird_164,Defog-Llama3-SQLCoder-8B,bird,,,
bird_165,Defog-Llama3-SQLCoder-8B,bird,,,
bird_166,Defog-Llama3-SQLCoder-8B,bird,,,
bird_167,Defog-Llama3-SQLCoder-8B,bird,,,
bird_168,Defog-Llama3-SQLCoder-8B,bird,,,
bird_169,Defog-Llama3-SQLCoder-8B,bird,,,
bird_170,Defog-Llama3-SQLCoder-8B,bird,,,
bird_171,Defog-Llama3-SQLCoder-8B,bird,,,
bird_172,Defog-Llama3-SQLCoder-8B,bird,,,
bird_173,Defog-Llama3-SQLCoder-8B,bird,,,
bird_174,Defog-Llama3-SQLCoder-8B,bird,,,
bird_175,Defog-Llama3-SQLCoder-8B,bird,,,
bird_176,Defog-Llama3-SQLCoder-8B,bird,,,
bird_177,Defog-Llama3-SQLCoder-8B,bird,,,
bird_178,Defog-Llama3-SQLCoder-8B,bird,,,
bird_179,Defog-Llama3-SQLCoder-8B,bird,,,
bird_180,Defog-Llama3-SQLCoder-8B,bird,,,
bird_181,Defog-Llama3-SQLCoder-8B,bird,,,
bird_182,Defog-Llama3-SQLCoder-8B,bird,,,
bird_183,Defog-Llama3-SQLCoder-8B,bird,,,
bird_184,Defog-Llama3-SQLCoder-8B,bird,,,
bird_185,Defog-Llama3-SQLCoder-8B,bird,,,
bird_186,Defog-Llama3-SQLCoder-8B,bird,,,
bird_187,Defog-Llama3-SQLCoder-8B,bird,,,
bird_188,Defog-Llama3-SQLCoder-8B,bird,,,
bird_189,Defog-Llama3-SQLCoder-8B,bird,,,
bird_190,Defog-Llama3-SQLCoder-8B,bird,,,
bird_191,Defog-Llama3-SQLCoder-8B,bird,,,
bird_192,Defog-Llama3-SQLCoder-8B,bird,,,
bird_193,Defog-Llama3-SQLCoder-8B,bird,,,
bird_194,Defog-Llama3-SQLCoder-8B,bird,,,
bird_195,Defog-Llama3-SQLCoder-8B,bird,,,
bird_196,Defog-Llama3-SQLCoder-8B,bird,,,
bird_197,Defog-Llama3-SQLCoder-8B,bird,,,
bird_198,Defog-Llama3-SQLCoder-8B,bird,,,
bird_199,Defog-Llama3-SQLCoder-8B,bird,,,
bird_200,Defog-Llama3-SQLCoder-8B,bird,,,
bird_201,Defog-Llama3-SQLCoder-8B,bird,,,
bird_202,Defog-Llama3-SQLCoder-8B,bird,,,
bird_203,Defog-Llama3-SQLCoder-8B,bird,,,
bird_204,Defog-Llama3-SQLCoder-8B,bird,,,
bird_205,Defog-Llama3-SQLCoder-8B,bird,,,
bird_206,Defog-Llama3-SQLCoder-8B,bird,,,
bird_207,Defog-Llama3-SQLCoder-8B,bird,,,
bird_208,Defog-Llama3-SQLCoder-8B,bird,,,
bird_209,Defog-Llama3-SQLCoder-8B,bird,,,
bird_210,Defog-Llama3-SQLCoder-8B,bird,,,
bird_211,Defog-Llama3-SQLCoder-8B,bird,,,
bird_212,Defog-Llama3-SQLCoder-8B,bird,,,
bird_213,Defog-Llama3-SQLCoder-8B,bird,,,
bird_214,Defog-Llama3-SQLCoder-8B,bird,,,
bird_215,Defog-Llama3-SQLCoder-8B,bird,,,
bird_216,Defog-Llama3-SQLCoder-8B,bird,,,
bird_217,Defog-Llama3-SQLCoder-8B,bird,,,
bird_218,Defog-Llama3-SQLCoder-8B,bird,,,
bird_219,Defog-Llama3-SQLCoder-8B,bird,,,
bird_220,Defog-Llama3-SQLCoder-8B,bird,,,
bird_221,Defog-Llama3-SQLCoder-8B,bird,,,
bird_222,Defog-Llama3-SQLCoder-8B,bird,,,
bird_223,Defog-Llama3-SQLCoder-8B,bird,,,
bird_224,Defog-Llama3-SQLCoder-8B,bird,,,
bird_225,Defog-Llama3-SQLCoder-8B,bird,,,
bird_226,Defog-Llama3-SQLCoder-8B,bird,,,
bird_227,Defog-Llama3-SQLCoder-8B,bird,,,
bird_228,Defog-Llama3-SQLCoder-8B,bird,,,
bird_229,Defog-Llama3-SQLCoder-8B,bird,,,
bird_230,Defog-Llama3-SQLCoder-8B,bird,,,
bird_231,Defog-Llama3-SQLCoder-8B,bird,,,
bird_232,Defog-Llama3-SQLCoder-8B,bird,,,
bird_233,Defog-Llama3-SQLCoder-8B,bird,,,
bird_234,Defog-Llama3-SQLCoder-8B,bird,,,
bird_235,Defog-Llama3-SQLCoder-8B,bird,,,
bird_236,Defog-Llama3-SQLCoder-8B,bird,,,
bird_237,Defog-Llama3-SQLCoder-8B,bird,,,
bird_238,Defog-Llama3-SQLCoder-8B,bird,,,
bird_239,Defog-Llama3-SQLCoder-8B,bird,,,
bird_240,Defog-Llama3-SQLCoder-8B,bird,,,
bird_241,Defog-Llama3-SQLCoder-8B,bird,,,
bird_242,Defog-Llama3-SQLCoder-8B,bird,,,
bird_243,Defog-Llama3-SQLCoder-8B,bird,,,
bird_244,Defog-Llama3-SQLCoder-8B,bird,,,
bird_245,Defog-Llama3-SQLCoder-8B,bird,,,
bird_246,Defog-Llama3-SQLCoder-8B,bird,,,
bird_247,Defog-Llama3-SQLCoder-8B,bird,,,
bird_248,Defog-Llama3-SQLCoder-8B,bird,,,
bird_249,Defog-Llama3-SQLCoder-8B,bird,,,
bird_250,Defog-Llama3-SQLCoder-8B,bird,,,
bird_251,Defog-Llama3-SQLCoder-8B,bird,,,
bird_252,Defog-Llama3-SQLCoder-8B,bird,,,
bird_253,Defog-Llama3-SQLCoder-8B,bird,,,
bird_254,Defog-Llama3-SQLCoder-8B,bird,,,
bird_255,Defog-Llama3-SQLCoder-8B,bird,,,
bird_256,Defog-Llama3-SQLCoder-8B,bird,,,
bird_257,Defog-Llama3-SQLCoder-8B,bird,,,
bird_258,Defog-Llama3-SQLCoder-8B,bird,,,
bird_259,Defog-Llama3-SQLCoder-8B,bird,,,
bird_260,Defog-Llama3-SQLCoder-8B,bird,,,
bird_261,Defog-Llama3-SQLCoder-8B,bird,,,
bird_262,Defog-Llama3-SQLCoder-8B,bird,,,
bird_263,Defog-Llama3-SQLCoder-8B,bird,,,
bird_264,Defog-Llama3-SQLCoder-8B,bird,,,
bird_265,Defog-Llama3-SQLCoder-8B,bird,,,
bird_266,Defog-Llama3-SQLCoder-8B,bird,,,
bird_267,Defog-Llama3-SQLCoder-8B,bird,,,
bird_268,Defog-Llama3-SQLCoder-8B,bird,,,
bird_269,Defog-Llama3-SQLCoder-8B,bird,,,
bird_270,Defog-Llama3-SQLCoder-8B,bird,,,
bird_271,Defog-Llama3-SQLCoder-8B,bird,,,
bird_272,Defog-Llama3-SQLCoder-8B,bird,,,
bird_273,Defog-Llama3-SQLCoder-8B,bird,,,
bird_274,Defog-Llama3-SQLCoder-8B,bird,,,
bird_275,Defog-Llama3-SQLCoder-8B,bird,,,
bird_276,Defog-Llama3-SQLCoder-8B,bird,,,
bird_277,Defog-Llama3-SQLCoder-8B,bird,,,
bird_278,Defog-Llama3-SQLCoder-8B,bird,,,
bird_279,Defog-Llama3-SQLCoder-8B,bird,,,
bird_280,Defog-Llama3-SQLCoder-8B,bird,,,
bird_281,Defog-Llama3-SQLCoder-8B,bird,,,
bird_282,Defog-Llama3-SQLCoder-8B,bird,,,
bird_283,Defog-Llama3-SQLCoder-8B,bird,,,
bird_284,Defog-Llama3-SQLCoder-8B,bird,,,
bird_285,Defog-Llama3-SQLCoder-8B,bird,,,
bird_286,Defog-Llama3-SQLCoder-8B,bird,,,
bird_287,Defog-Llama3-SQLCoder-8B,bird,,,
bird_288,Defog-Llama3-SQLCoder-8B,bird,,,
bird_289,Defog-Llama3-SQLCoder-8B,bird,,,
bird_290,Defog-Llama3-SQLCoder-8B,bird,,,
bird_291,Defog-Llama3-SQLCoder-8B,bird,,,
bird_292,Defog-Llama3-SQLCoder-8B,bird,,,
bird_293,Defog-Llama3-SQLCoder-8B,bird,,,
bird_294,Defog-Llama3-SQLCoder-8B,bird,,,
bird_295,Defog-Llama3-SQLCoder-8B,bird,,,
bird_296,Defog-Llama3-SQLCoder-8B,bird,,,
bird_297,Defog-Llama3-SQLCoder-8B,bird,,,
bird_298,Defog-Llama3-SQLCoder-8B,bird,,,
bird_299,Defog-Llama3-SQLCoder-8B,bird,,,
bird_300,Defog-Llama3-SQLCoder-8B,bird,,,
bird_301,Defog-Llama3-SQLCoder-8B,bird,,,
bird_302,Defog-Llama3-SQLCoder-8B,bird,,,
bird_303,Defog-Llama3-SQLCoder-8B,bird,,,
bird_304,Defog-Llama3-SQLCoder-8B,bird,,,
bird_305,Defog-Llama3-SQLCoder-8B,bird,,,
bird_306,Defog-Llama3-SQLCoder-8B,bird,,,
bird_307,Defog-Llama3-SQLCoder-8B,bird,,,
bird_308,Defog-Llama3-SQLCoder-8B,bird,,,
bird_309,Defog-Llama3-SQLCoder-8B,bird,,,
bird_310,Defog-Llama3-SQLCoder-8B,bird,,,
bird_311,Defog-Llama3-SQLCoder-8B,bird,,,
bird_312,Defog-Llama3-SQLCoder-8B,bird,,,
bird_313,Defog-Llama3-SQLCoder-8B,bird,,,
bird_314,Defog-Llama3-SQLCoder-8B,bird,,,
bird_315,Defog-Llama3-SQLCoder-8B,bird,,,
bird_316,Defog-Llama3-SQLCoder-8B,bird,,,
bird_317,Defog-Llama3-SQLCoder-8B,bird,,,
bird_318,Defog-Llama3-SQLCoder-8B,bird,,,
bird_319,Defog-Llama3-SQLCoder-8B,bird,,,
bird_320,Defog-Llama3-SQLCoder-8B,bird,,,
bird_321,Defog-Llama3-SQLCoder-8B,bird,,,
bird_322,Defog-Llama3-SQLCoder-8B,bird,,,
bird_323,Defog-Llama3-SQLCoder-8B,bird,,,
bird_324,Defog-Llama3-SQLCoder-8B,bird,,,
bird_325,Defog-Llama3-SQLCoder-8B,bird,,,
bird_326,Defog-Llama3-SQLCoder-8B,bird,,,
bird_327,Defog-Llama3-SQLCoder-8B,bird,,,
bird_328,Defog-Llama3-SQLCoder-8B,bird,,,
bird_329,Defog-Llama3-SQLCoder-8B,bird,,,
bird_330,Defog-Llama3-SQLCoder-8B,bird,,,
bird_331,Defog-Llama3-SQLCoder-8B,bird,,,
bird_332,Defog-Llama3-SQLCoder-8B,bird,,,
bird_333,Defog-Llama3-SQLCoder-8B,bird,,,
bird_334,Defog-Llama3-SQLCoder-8B,bird,,,
bird_335,Defog-Llama3-SQLCoder-8B,bird,,,
bird_336,Defog-Llama3-SQLCoder-8B,bird,,,
bird_337,Defog-Llama3-SQLCoder-8B,bird,,,
bird_338,Defog-Llama3-SQLCoder-8B,bird,,,
bird_339,Defog-Llama3-SQLCoder-8B,bird,,,
bird_340,Defog-Llama3-SQLCoder-8B,bird,,,
bird_341,Defog-Llama3-SQLCoder-8B,bird,,,
bird_342,Defog-Llama3-SQLCoder-8B,bird,,,
bird_343,Defog-Llama3-SQLCoder-8B,bird,,,
bird_344,Defog-Llama3-SQLCoder-8B,bird,,,
bird_345,Defog-Llama3-SQLCoder-8B,bird,,,
bird_346,Defog-Llama3-SQLCoder-8B,bird,,,
bird_347,Defog-Llama3-SQLCoder-8B,bird,,,
bird_348,Defog-Llama3-SQLCoder-8B,bird,,,
bird_349,Defog-Llama3-SQLCoder-8B,bird,,,
bird_350,Defog-Llama3-SQLCoder-8B,bird,,,
bird_351,Defog-Llama3-SQLCoder-8B,bird,,,
bird_352,Defog-Llama3-SQLCoder-8B,bird,,,
bird_353,Defog-Llama3-SQLCoder-8B,bird,,,
bird_354,Defog-Llama3-SQLCoder-8B,bird,,,
bird_355,Defog-Llama3-SQLCoder-8B,bird,,,
bird_356,Defog-Llama3-SQLCoder-8B,bird,,,
bird_357,Defog-Llama3-SQLCoder-8B,bird,,,
bird_358,Defog-Llama3-SQLCoder-8B,bird,,,
bird_359,Defog-Llama3-SQLCoder-8B,bird,,,
bird_360,Defog-Llama3-SQLCoder-8B,bird,,,
bird_361,Defog-Llama3-SQLCoder-8B,bird,,,
bird_362,Defog-Llama3-SQLCoder-8B,bird,,,
bird_363,Defog-Llama3-SQLCoder-8B,bird,,,
bird_364,Defog-Llama3-SQLCoder-8B,bird,,,
bird_365,Defog-Llama3-SQLCoder-8B,bird,,,
bird_366,Defog-Llama3-SQLCoder-8B,bird,,,
bird_367,Defog-Llama3-SQLCoder-8B,bird,,,
bird_368,Defog-Llama3-SQLCoder-8B,bird,,,
bird_369,Defog-Llama3-SQLCoder-8B,bird,,,
bird_370,Defog-Llama3-SQLCoder-8B,bird,,,
bird_371,Defog-Llama3-SQLCoder-8B,bird,,,
bird_372,Defog-Llama3-SQLCoder-8B,bird,,,
bird_373,Defog-Llama3-SQLCoder-8B,bird,,,
bird_374,Defog-Llama3-SQLCoder-8B,bird,,,
bird_375,Defog-Llama3-SQLCoder-8B,bird,,,
bird_376,Defog-Llama3-SQLCoder-8B,bird,,,
bird_377,Defog-Llama3-SQLCoder-8B,bird,,,
bird_378,Defog-Llama3-SQLCoder-8B,bird,,,
bird_379,Defog-Llama3-SQLCoder-8B,bird,,,
bird_380,Defog-Llama3-SQLCoder-8B,bird,,,
bird_381,Defog-Llama3-SQLCoder-8B,bird,,,
bird_382,Defog-Llama3-SQLCoder-8B,bird,,,
bird_383,Defog-Llama3-SQLCoder-8B,bird,,,
bird_384,Defog-Llama3-SQLCoder-8B,bird,,,
bird_385,Defog-Llama3-SQLCoder-8B,bird,,,
bird_386,Defog-Llama3-SQLCoder-8B,bird,,,
bird_387,Defog-Llama3-SQLCoder-8B,bird,,,
bird_388,Defog-Llama3-SQLCoder-8B,bird,,,
bird_389,Defog-Llama3-SQLCoder-8B,bird,,,
bird_390,Defog-Llama3-SQLCoder-8B,bird,,,
bird_391,Defog-Llama3-SQLCoder-8B,bird,,,
bird_392,Defog-Llama3-SQLCoder-8B,bird,,,
bird_393,Defog-Llama3-SQLCoder-8B,bird,,,
bird_394,Defog-Llama3-SQLCoder-8B,bird,,,
bird_395,Defog-Llama3-SQLCoder-8B,bird,,,
bird_396,Defog-Llama3-SQLCoder-8B,bird,,,
bird_397,Defog-Llama3-SQLCoder-8B,bird,,,
bird_398,Defog-Llama3-SQLCoder-8B,bird,,,
bird_399,Defog-Llama3-SQLCoder-8B,bird,,,
bird_400,Defog-Llama3-SQLCoder-8B,bird,,,
bird_401,Defog-Llama3-SQLCoder-8B,bird,,,
bird_402,Defog-Llama3-SQLCoder-8B,bird,,,
bird_403,Defog-Llama3-SQLCoder-8B,bird,,,
bird_404,Defog-Llama3-SQLCoder-8B,bird,,,
bird_405,Defog-Llama3-SQLCoder-8B,bird,,,
bird_406,Defog-Llama3-SQLCoder-8B,bird,,,
bird_407,Defog-Llama3-SQLCoder-8B,bird,,,
bird_408,Defog-Llama3-SQLCoder-8B,bird,,,
bird_409,Defog-Llama3-SQLCoder-8B,bird,,,
bird_410,Defog-Llama3-SQLCoder-8B,bird,,,
bird_411,Defog-Llama3-SQLCoder-8B,bird,,,
bird_412,Defog-Llama3-SQLCoder-8B,bird,,,
bird_413,Defog-Llama3-SQLCoder-8B,bird,,,
bird_414,Defog-Llama3-SQLCoder-8B,bird,,,
bird_415,Defog-Llama3-SQLCoder-8B,bird,,,
bird_416,Defog-Llama3-SQLCoder-8B,bird,,,
bird_417,Defog-Llama3-SQLCoder-8B,bird,,,
bird_418,Defog-Llama3-SQLCoder-8B,bird,,,
bird_419,Defog-Llama3-SQLCoder-8B,bird,,,
bird_420,Defog-Llama3-SQLCoder-8B,bird,,,
bird_421,Defog-Llama3-SQLCoder-8B,bird,,,
bird_422,Defog-Llama3-SQLCoder-8B,bird,,,
bird_423,Defog-Llama3-SQLCoder-8B,bird,,,
bird_424,Defog-Llama3-SQLCoder-8B,bird,,,
bird_425,Defog-Llama3-SQLCoder-8B,bird,,,
bird_426,Defog-Llama3-SQLCoder-8B,bird,,,
bird_427,Defog-Llama3-SQLCoder-8B,bird,,,
bird_428,Defog-Llama3-SQLCoder-8B,bird,,,
bird_429,Defog-Llama3-SQLCoder-8B,bird,,,
bird_430,Defog-Llama3-SQLCoder-8B,bird,,,
bird_431,Defog-Llama3-SQLCoder-8B,bird,,,
bird_432,Defog-Llama3-SQLCoder-8B,bird,,,
bird_433,Defog-Llama3-SQLCoder-8B,bird,,,
bird_434,Defog-Llama3-SQLCoder-8B,bird,,,
bird_435,Defog-Llama3-SQLCoder-8B,bird,,,
bird_436,Defog-Llama3-SQLCoder-8B,bird,,,
bird_437,Defog-Llama3-SQLCoder-8B,bird,,,
bird_438,Defog-Llama3-SQLCoder-8B,bird,,,
bird_439,Defog-Llama3-SQLCoder-8B,bird,,,
bird_440,Defog-Llama3-SQLCoder-8B,bird,,,
bird_441,Defog-Llama3-SQLCoder-8B,bird,,,
bird_442,Defog-Llama3-SQLCoder-8B,bird,,,
bird_443,Defog-Llama3-SQLCoder-8B,bird,,,
bird_444,Defog-Llama3-SQLCoder-8B,bird,,,
bird_445,Defog-Llama3-SQLCoder-8B,bird,,,
bird_446,Defog-Llama3-SQLCoder-8B,bird,,,
bird_447,Defog-Llama3-SQLCoder-8B,bird,,,
bird_448,Defog-Llama3-SQLCoder-8B,bird,,,
bird_449,Defog-Llama3-SQLCoder-8B,bird,,,
bird_450,Defog-Llama3-SQLCoder-8B,bird,,,
bird_451,Defog-Llama3-SQLCoder-8B,bird,,,
bird_452,Defog-Llama3-SQLCoder-8B,bird,,,
bird_453,Defog-Llama3-SQLCoder-8B,bird,,,
bird_454,Defog-Llama3-SQLCoder-8B,bird,,,
bird_455,Defog-Llama3-SQLCoder-8B,bird,,,
bird_456,Defog-Llama3-SQLCoder-8B,bird,,,
bird_457,Defog-Llama3-SQLCoder-8B,bird,,,
bird_458,Defog-Llama3-SQLCoder-8B,bird,,,
bird_459,Defog-Llama3-SQLCoder-8B,bird,,,
bird_460,Defog-Llama3-SQLCoder-8B,bird,,,
bird_461,Defog-Llama3-SQLCoder-8B,bird,,,
bird_462,Defog-Llama3-SQLCoder-8B,bird,,,
bird_463,Defog-Llama3-SQLCoder-8B,bird,,,
bird_464,Defog-Llama3-SQLCoder-8B,bird,,,
bird_465,Defog-Llama3-SQLCoder-8B,bird,,,
bird_466,Defog-Llama3-SQLCoder-8B,bird,,,
bird_467,Defog-Llama3-SQLCoder-8B,bird,,,
bird_468,Defog-Llama3-SQLCoder-8B,bird,,,
bird_469,Defog-Llama3-SQLCoder-8B,bird,,,
bird_470,Defog-Llama3-SQLCoder-8B,bird,,,
bird_471,Defog-Llama3-SQLCoder-8B,bird,,,
bird_472,Defog-Llama3-SQLCoder-8B,bird,,,
bird_473,Defog-Llama3-SQLCoder-8B,bird,,,
bird_474,Defog-Llama3-SQLCoder-8B,bird,,,
bird_475,Defog-Llama3-SQLCoder-8B,bird,,,
bird_476,Defog-Llama3-SQLCoder-8B,bird,,,
bird_477,Defog-Llama3-SQLCoder-8B,bird,,,
bird_478,Defog-Llama3-SQLCoder-8B,bird,,,
bird_479,Defog-Llama3-SQLCoder-8B,bird,,,
bird_480,Defog-Llama3-SQLCoder-8B,bird,,,
bird_481,Defog-Llama3-SQLCoder-8B,bird,,,
bird_482,Defog-Llama3-SQLCoder-8B,bird,,,
bird_483,Defog-Llama3-SQLCoder-8B,bird,,,
bird_484,Defog-Llama3-SQLCoder-8B,bird,,,
bird_485,Defog-Llama3-SQLCoder-8B,bird,,,
bird_486,Defog-Llama3-SQLCoder-8B,bird,,,
bird_487,Defog-Llama3-SQLCoder-8B,bird,,,
bird_488,Defog-Llama3-SQLCoder-8B,bird,,,
bird_489,Defog-Llama3-SQLCoder-8B,bird,,,
bird_490,Defog-Llama3-SQLCoder-8B,bird,,,
bird_491,Defog-Llama3-SQLCoder-8B,bird,,,
bird_492,Defog-Llama3-SQLCoder-8B,bird,,,
bird_493,Defog-Llama3-SQLCoder-8B,bird,,,
bird_494,Defog-Llama3-SQLCoder-8B,bird,,,
bird_495,Defog-Llama3-SQLCoder-8B,bird,,,
bird_496,Defog-Llama3-SQLCoder-8B,bird,,,
bird_497,Defog-Llama3-SQLCoder-8B,bird,,,
bird_498,Defog-Llama3-SQLCoder-8B,bird,,,
bird_499,Defog-Llama3-SQLCoder-8B,bird,,,
bird_500,Defog-Llama3-SQLCoder-8B,bird,,,
bird_501,Defog-Llama3-SQLCoder-8B,bird,,,
bird_502,Defog-Llama3-SQLCoder-8B,bird,,,
bird_503,Defog-Llama3-SQLCoder-8B,bird,,,
bird_504,Defog-Llama3-SQLCoder-8B,bird,,,
bird_505,Defog-Llama3-SQLCoder-8B,bird,,,
bird_506,Defog-Llama3-SQLCoder-8B,bird,,,
bird_507,Defog-Llama3-SQLCoder-8B,bird,,,
bird_508,Defog-Llama3-SQLCoder-8B,bird,,,
bird_509,Defog-Llama3-SQLCoder-8B,bird,,,
bird_510,Defog-Llama3-SQLCoder-8B,bird,,,
bird_511,Defog-Llama3-SQLCoder-8B,bird,,,
bird_512,Defog-Llama3-SQLCoder-8B,bird,,,
bird_513,Defog-Llama3-SQLCoder-8B,bird,,,
bird_514,Defog-Llama3-SQLCoder-8B,bird,,,
bird_515,Defog-Llama3-SQLCoder-8B,bird,,,
bird_516,Defog-Llama3-SQLCoder-8B,bird,,,
bird_517,Defog-Llama3-SQLCoder-8B,bird,,,
bird_518,Defog-Llama3-SQLCoder-8B,bird,,,
bird_519,Defog-Llama3-SQLCoder-8B,bird,,,
bird_520,Defog-Llama3-SQLCoder-8B,bird,,,
bird_521,Defog-Llama3-SQLCoder-8B,bird,,,
bird_522,Defog-Llama3-SQLCoder-8B,bird,,,
bird_523,Defog-Llama3-SQLCoder-8B,bird,,,
bird_524,Defog-Llama3-SQLCoder-8B,bird,,,
bird_525,Defog-Llama3-SQLCoder-8B,bird,,,
bird_526,Defog-Llama3-SQLCoder-8B,bird,,,
bird_527,Defog-Llama3-SQLCoder-8B,bird,,,
bird_528,Defog-Llama3-SQLCoder-8B,bird,,,
bird_529,Defog-Llama3-SQLCoder-8B,bird,,,
bird_530,Defog-Llama3-SQLCoder-8B,bird,,,
bird_531,Defog-Llama3-SQLCoder-8B,bird,,,
bird_532,Defog-Llama3-SQLCoder-8B,bird,,,
bird_533,Defog-Llama3-SQLCoder-8B,bird,,,
bird_534,Defog-Llama3-SQLCoder-8B,bird,,,
bird_535,Defog-Llama3-SQLCoder-8B,bird,,,
bird_536,Defog-Llama3-SQLCoder-8B,bird,,,
bird_537,Defog-Llama3-SQLCoder-8B,bird,,,
bird_538,Defog-Llama3-SQLCoder-8B,bird,,,
bird_539,Defog-Llama3-SQLCoder-8B,bird,,,
bird_540,Defog-Llama3-SQLCoder-8B,bird,,,
bird_541,Defog-Llama3-SQLCoder-8B,bird,,,
bird_542,Defog-Llama3-SQLCoder-8B,bird,,,
bird_543,Defog-Llama3-SQLCoder-8B,bird,,,
bird_544,Defog-Llama3-SQLCoder-8B,bird,,,
bird_545,Defog-Llama3-SQLCoder-8B,bird,,,
bird_546,Defog-Llama3-SQLCoder-8B,bird,,,
bird_547,Defog-Llama3-SQLCoder-8B,bird,,,
bird_548,Defog-Llama3-SQLCoder-8B,bird,,,
bird_549,Defog-Llama3-SQLCoder-8B,bird,,,
bird_550,Defog-Llama3-SQLCoder-8B,bird,,,
bird_551,Defog-Llama3-SQLCoder-8B,bird,,,
bird_552,Defog-Llama3-SQLCoder-8B,bird,,,
bird_553,Defog-Llama3-SQLCoder-8B,bird,,,
bird_554,Defog-Llama3-SQLCoder-8B,bird,,,
bird_555,Defog-Llama3-SQLCoder-8B,bird,,,
bird_556,Defog-Llama3-SQLCoder-8B,bird,,,
bird_557,Defog-Llama3-SQLCoder-8B,bird,,,
bird_558,Defog-Llama3-SQLCoder-8B,bird,,,
bird_559,Defog-Llama3-SQLCoder-8B,bird,,,
bird_560,Defog-Llama3-SQLCoder-8B,bird,,,
bird_561,Defog-Llama3-SQLCoder-8B,bird,,,
bird_562,Defog-Llama3-SQLCoder-8B,bird,,,
bird_563,Defog-Llama3-SQLCoder-8B,bird,,,
bird_564,Defog-Llama3-SQLCoder-8B,bird,,,
bird_565,Defog-Llama3-SQLCoder-8B,bird,,,
bird_566,Defog-Llama3-SQLCoder-8B,bird,,,
bird_567,Defog-Llama3-SQLCoder-8B,bird,,,
bird_568,Defog-Llama3-SQLCoder-8B,bird,,,
bird_569,Defog-Llama3-SQLCoder-8B,bird,,,
bird_570,Defog-Llama3-SQLCoder-8B,bird,,,
bird_571,Defog-Llama3-SQLCoder-8B,bird,,,
bird_572,Defog-Llama3-SQLCoder-8B,bird,,,
bird_573,Defog-Llama3-SQLCoder-8B,bird,,,
bird_574,Defog-Llama3-SQLCoder-8B,bird,,,
bird_575,Defog-Llama3-SQLCoder-8B,bird,,,
bird_576,Defog-Llama3-SQLCoder-8B,bird,,,
bird_577,Defog-Llama3-SQLCoder-8B,bird,,,
bird_578,Defog-Llama3-SQLCoder-8B,bird,,,
bird_579,Defog-Llama3-SQLCoder-8B,bird,,,
bird_580,Defog-Llama3-SQLCoder-8B,bird,,,
bird_581,Defog-Llama3-SQLCoder-8B,bird,,,
bird_582,Defog-Llama3-SQLCoder-8B,bird,,,
bird_583,Defog-Llama3-SQLCoder-8B,bird,,,
bird_584,Defog-Llama3-SQLCoder-8B,bird,,,
bird_585,Defog-Llama3-SQLCoder-8B,bird,,,
bird_586,Defog-Llama3-SQLCoder-8B,bird,,,
bird_587,Defog-Llama3-SQLCoder-8B,bird,,,
bird_588,Defog-Llama3-SQLCoder-8B,bird,,,
bird_589,Defog-Llama3-SQLCoder-8B,bird,,,
bird_590,Defog-Llama3-SQLCoder-8B,bird,,,
bird_591,Defog-Llama3-SQLCoder-8B,bird,,,
bird_592,Defog-Llama3-SQLCoder-8B,bird,,,
bird_593,Defog-Llama3-SQLCoder-8B,bird,,,
bird_594,Defog-Llama3-SQLCoder-8B,bird,,,
bird_595,Defog-Llama3-SQLCoder-8B,bird,,,
bird_596,Defog-Llama3-SQLCoder-8B,bird,,,
bird_597,Defog-Llama3-SQLCoder-8B,bird,,,
bird_598,Defog-Llama3-SQLCoder-8B,bird,,,
bird_599,Defog-Llama3-SQLCoder-8B,bird,,,
bird_600,Defog-Llama3-SQLCoder-8B,bird,,,
bird_601,Defog-Llama3-SQLCoder-8B,bird,,,
bird_602,Defog-Llama3-SQLCoder-8B,bird,,,
bird_603,Defog-Llama3-SQLCoder-8B,bird,,,
bird_604,Defog-Llama3-SQLCoder-8B,bird,,,
bird_605,Defog-Llama3-SQLCoder-8B,bird,,,
bird_606,Defog-Llama3-SQLCoder-8B,bird,,,
bird_607,Defog-Llama3-SQLCoder-8B,bird,,,
bird_608,Defog-Llama3-SQLCoder-8B,bird,,,
bird_609,Defog-Llama3-SQLCoder-8B,bird,,,
bird_610,Defog-Llama3-SQLCoder-8B,bird,,,
bird_611,Defog-Llama3-SQLCoder-8B,bird,,,
bird_612,Defog-Llama3-SQLCoder-8B,bird,,,
bird_613,Defog-Llama3-SQLCoder-8B,bird,,,
bird_614,Defog-Llama3-SQLCoder-8B,bird,,,
bird_615,Defog-Llama3-SQLCoder-8B,bird,,,
bird_616,Defog-Llama3-SQLCoder-8B,bird,,,
bird_617,Defog-Llama3-SQLCoder-8B,bird,,,
bird_618,Defog-Llama3-SQLCoder-8B,bird,,,
bird_619,Defog-Llama3-SQLCoder-8B,bird,,,
bird_620,Defog-Llama3-SQLCoder-8B,bird,,,
bird_621,Defog-Llama3-SQLCoder-8B,bird,,,
bird_622,Defog-Llama3-SQLCoder-8B,bird,,,
bird_623,Defog-Llama3-SQLCoder-8B,bird,,,
bird_624,Defog-Llama3-SQLCoder-8B,bird,,,
bird_625,Defog-Llama3-SQLCoder-8B,bird,,,
bird_626,Defog-Llama3-SQLCoder-8B,bird,,,
bird_627,Defog-Llama3-SQLCoder-8B,bird,,,
bird_628,Defog-Llama3-SQLCoder-8B,bird,,,
bird_629,Defog-Llama3-SQLCoder-8B,bird,,,
bird_630,Defog-Llama3-SQLCoder-8B,bird,,,
bird_631,Defog-Llama3-SQLCoder-8B,bird,,,
bird_632,Defog-Llama3-SQLCoder-8B,bird,,,
bird_633,Defog-Llama3-SQLCoder-8B,bird,,,
bird_634,Defog-Llama3-SQLCoder-8B,bird,,,
bird_635,Defog-Llama3-SQLCoder-8B,bird,,,
bird_636,Defog-Llama3-SQLCoder-8B,bird,,,
bird_637,Defog-Llama3-SQLCoder-8B,bird,,,
bird_638,Defog-Llama3-SQLCoder-8B,bird,,,
bird_639,Defog-Llama3-SQLCoder-8B,bird,,,
bird_640,Defog-Llama3-SQLCoder-8B,bird,,,
bird_641,Defog-Llama3-SQLCoder-8B,bird,,,
bird_642,Defog-Llama3-SQLCoder-8B,bird,,,
bird_643,Defog-Llama3-SQLCoder-8B,bird,,,
bird_644,Defog-Llama3-SQLCoder-8B,bird,,,
bird_645,Defog-Llama3-SQLCoder-8B,bird,,,
bird_646,Defog-Llama3-SQLCoder-8B,bird,,,
bird_647,Defog-Llama3-SQLCoder-8B,bird,,,
bird_648,Defog-Llama3-SQLCoder-8B,bird,,,
bird_649,Defog-Llama3-SQLCoder-8B,bird,,,
bird_650,Defog-Llama3-SQLCoder-8B,bird,,,
bird_651,Defog-Llama3-SQLCoder-8B,bird,,,
bird_652,Defog-Llama3-SQLCoder-8B,bird,,,
bird_653,Defog-Llama3-SQLCoder-8B,bird,,,
bird_654,Defog-Llama3-SQLCoder-8B,bird,,,
bird_655,Defog-Llama3-SQLCoder-8B,bird,,,
bird_656,Defog-Llama3-SQLCoder-8B,bird,,,
bird_657,Defog-Llama3-SQLCoder-8B,bird,,,
bird_658,Defog-Llama3-SQLCoder-8B,bird,,,
bird_659,Defog-Llama3-SQLCoder-8B,bird,,,
bird_660,Defog-Llama3-SQLCoder-8B,bird,,,
bird_661,Defog-Llama3-SQLCoder-8B,bird,,,
bird_662,Defog-Llama3-SQLCoder-8B,bird,,,
bird_663,Defog-Llama3-SQLCoder-8B,bird,,,
bird_664,Defog-Llama3-SQLCoder-8B,bird,,,
bird_665,Defog-Llama3-SQLCoder-8B,bird,,,
bird_666,Defog-Llama3-SQLCoder-8B,bird,,,
bird_667,Defog-Llama3-SQLCoder-8B,bird,,,
bird_668,Defog-Llama3-SQLCoder-8B,bird,,,
bird_669,Defog-Llama3-SQLCoder-8B,bird,,,
bird_670,Defog-Llama3-SQLCoder-8B,bird,,,
bird_671,Defog-Llama3-SQLCoder-8B,bird,,,
bird_672,Defog-Llama3-SQLCoder-8B,bird,,,
bird_673,Defog-Llama3-SQLCoder-8B,bird,,,
bird_674,Defog-Llama3-SQLCoder-8B,bird,,,
bird_675,Defog-Llama3-SQLCoder-8B,bird,,,
bird_676,Defog-Llama3-SQLCoder-8B,bird,,,
bird_677,Defog-Llama3-SQLCoder-8B,bird,,,
bird_678,Defog-Llama3-SQLCoder-8B,bird,,,
bird_679,Defog-Llama3-SQLCoder-8B,bird,,,
bird_680,Defog-Llama3-SQLCoder-8B,bird,,,
bird_681,Defog-Llama3-SQLCoder-8B,bird,,,
bird_682,Defog-Llama3-SQLCoder-8B,bird,,,
bird_683,Defog-Llama3-SQLCoder-8B,bird,,,
bird_684,Defog-Llama3-SQLCoder-8B,bird,,,
bird_685,Defog-Llama3-SQLCoder-8B,bird,,,
bird_686,Defog-Llama3-SQLCoder-8B,bird,,,
bird_687,Defog-Llama3-SQLCoder-8B,bird,,,
bird_688,Defog-Llama3-SQLCoder-8B,bird,,,
bird_689,Defog-Llama3-SQLCoder-8B,bird,,,
bird_690,Defog-Llama3-SQLCoder-8B,bird,,,
bird_691,Defog-Llama3-SQLCoder-8B,bird,,,
bird_692,Defog-Llama3-SQLCoder-8B,bird,,,
bird_693,Defog-Llama3-SQLCoder-8B,bird,,,
bird_694,Defog-Llama3-SQLCoder-8B,bird,,,
bird_695,Defog-Llama3-SQLCoder-8B,bird,,,
bird_696,Defog-Llama3-SQLCoder-8B,bird,,,
bird_697,Defog-Llama3-SQLCoder-8B,bird,,,
bird_698,Defog-Llama3-SQLCoder-8B,bird,,,
bird_699,Defog-Llama3-SQLCoder-8B,bird,,,
bird_700,Defog-Llama3-SQLCoder-8B,bird,,,
bird_701,Defog-Llama3-SQLCoder-8B,bird,,,
bird_702,Defog-Llama3-SQLCoder-8B,bird,,,
bird_703,Defog-Llama3-SQLCoder-8B,bird,,,
bird_704,Defog-Llama3-SQLCoder-8B,bird,,,
bird_705,Defog-Llama3-SQLCoder-8B,bird,,,
bird_706,Defog-Llama3-SQLCoder-8B,bird,,,
bird_707,Defog-Llama3-SQLCoder-8B,bird,,,
bird_708,Defog-Llama3-SQLCoder-8B,bird,,,
bird_709,Defog-Llama3-SQLCoder-8B,bird,,,
bird_710,Defog-Llama3-SQLCoder-8B,bird,,,
bird_711,Defog-Llama3-SQLCoder-8B,bird,,,
bird_712,Defog-Llama3-SQLCoder-8B,bird,,,
bird_713,Defog-Llama3-SQLCoder-8B,bird,,,
bird_714,Defog-Llama3-SQLCoder-8B,bird,,,
bird_715,Defog-Llama3-SQLCoder-8B,bird,,,
bird_716,Defog-Llama3-SQLCoder-8B,bird,,,
bird_717,Defog-Llama3-SQLCoder-8B,bird,,,
bird_718,Defog-Llama3-SQLCoder-8B,bird,,,
bird_719,Defog-Llama3-SQLCoder-8B,bird,,,
bird_720,Defog-Llama3-SQLCoder-8B,bird,,,
bird_721,Defog-Llama3-SQLCoder-8B,bird,,,
bird_722,Defog-Llama3-SQLCoder-8B,bird,,,
bird_723,Defog-Llama3-SQLCoder-8B,bird,,,
bird_724,Defog-Llama3-SQLCoder-8B,bird,,,
bird_725,Defog-Llama3-SQLCoder-8B,bird,,,
bird_726,Defog-Llama3-SQLCoder-8B,bird,,,
bird_727,Defog-Llama3-SQLCoder-8B,bird,,,
bird_728,Defog-Llama3-SQLCoder-8B,bird,,,
bird_729,Defog-Llama3-SQLCoder-8B,bird,,,
bird_730,Defog-Llama3-SQLCoder-8B,bird,,,
bird_731,Defog-Llama3-SQLCoder-8B,bird,,,
bird_732,Defog-Llama3-SQLCoder-8B,bird,,,
bird_733,Defog-Llama3-SQLCoder-8B,bird,,,
bird_734,Defog-Llama3-SQLCoder-8B,bird,,,
bird_735,Defog-Llama3-SQLCoder-8B,bird,,,
bird_736,Defog-Llama3-SQLCoder-8B,bird,,,
bird_737,Defog-Llama3-SQLCoder-8B,bird,,,
bird_738,Defog-Llama3-SQLCoder-8B,bird,,,
bird_739,Defog-Llama3-SQLCoder-8B,bird,,,
bird_740,Defog-Llama3-SQLCoder-8B,bird,,,
bird_741,Defog-Llama3-SQLCoder-8B,bird,,,
bird_742,Defog-Llama3-SQLCoder-8B,bird,,,
bird_743,Defog-Llama3-SQLCoder-8B,bird,,,
bird_744,Defog-Llama3-SQLCoder-8B,bird,,,
bird_745,Defog-Llama3-SQLCoder-8B,bird,,,
bird_746,Defog-Llama3-SQLCoder-8B,bird,,,
bird_747,Defog-Llama3-SQLCoder-8B,bird,,,
bird_748,Defog-Llama3-SQLCoder-8B,bird,,,
bird_749,Defog-Llama3-SQLCoder-8B,bird,,,
bird_750,Defog-Llama3-SQLCoder-8B,bird,,,
bird_751,Defog-Llama3-SQLCoder-8B,bird,,,
bird_752,Defog-Llama3-SQLCoder-8B,bird,,,
bird_753,Defog-Llama3-SQLCoder-8B,bird,,,
bird_754,Defog-Llama3-SQLCoder-8B,bird,,,
bird_755,Defog-Llama3-SQLCoder-8B,bird,,,
bird_756,Defog-Llama3-SQLCoder-8B,bird,,,
bird_757,Defog-Llama3-SQLCoder-8B,bird,,,
bird_758,Defog-Llama3-SQLCoder-8B,bird,,,
bird_759,Defog-Llama3-SQLCoder-8B,bird,,,
bird_760,Defog-Llama3-SQLCoder-8B,bird,,,
bird_761,Defog-Llama3-SQLCoder-8B,bird,,,
bird_762,Defog-Llama3-SQLCoder-8B,bird,,,
bird_763,Defog-Llama3-SQLCoder-8B,bird,,,
bird_764,Defog-Llama3-SQLCoder-8B,bird,,,
bird_765,Defog-Llama3-SQLCoder-8B,bird,,,
bird_766,Defog-Llama3-SQLCoder-8B,bird,,,
bird_767,Defog-Llama3-SQLCoder-8B,bird,,,
bird_768,Defog-Llama3-SQLCoder-8B,bird,,,
bird_769,Defog-Llama3-SQLCoder-8B,bird,,,
bird_770,Defog-Llama3-SQLCoder-8B,bird,,,
bird_771,Defog-Llama3-SQLCoder-8B,bird,,,
bird_772,Defog-Llama3-SQLCoder-8B,bird,,,
bird_773,Defog-Llama3-SQLCoder-8B,bird,,,
bird_774,Defog-Llama3-SQLCoder-8B,bird,,,
bird_775,Defog-Llama3-SQLCoder-8B,bird,,,
bird_776,Defog-Llama3-SQLCoder-8B,bird,,,
bird_777,Defog-Llama3-SQLCoder-8B,bird,,,
bird_778,Defog-Llama3-SQLCoder-8B,bird,,,
bird_779,Defog-Llama3-SQLCoder-8B,bird,,,
bird_780,Defog-Llama3-SQLCoder-8B,bird,,,
bird_781,Defog-Llama3-SQLCoder-8B,bird,,,
bird_782,Defog-Llama3-SQLCoder-8B,bird,,,
bird_783,Defog-Llama3-SQLCoder-8B,bird,,,
bird_784,Defog-Llama3-SQLCoder-8B,bird,,,
bird_785,Defog-Llama3-SQLCoder-8B,bird,,,
bird_786,Defog-Llama3-SQLCoder-8B,bird,,,
bird_787,Defog-Llama3-SQLCoder-8B,bird,,,
bird_788,Defog-Llama3-SQLCoder-8B,bird,,,
bird_789,Defog-Llama3-SQLCoder-8B,bird,,,
bird_790,Defog-Llama3-SQLCoder-8B,bird,,,
bird_791,Defog-Llama3-SQLCoder-8B,bird,,,
bird_792,Defog-Llama3-SQLCoder-8B,bird,,,
bird_793,Defog-Llama3-SQLCoder-8B,bird,,,
bird_794,Defog-Llama3-SQLCoder-8B,bird,,,
bird_795,Defog-Llama3-SQLCoder-8B,bird,,,
bird_796,Defog-Llama3-SQLCoder-8B,bird,,,
bird_797,Defog-Llama3-SQLCoder-8B,bird,,,
bird_798,Defog-Llama3-SQLCoder-8B,bird,,,
bird_799,Defog-Llama3-SQLCoder-8B,bird,,,
bird_800,Defog-Llama3-SQLCoder-8B,bird,,,
bird_801,Defog-Llama3-SQLCoder-8B,bird,,,
bird_802,Defog-Llama3-SQLCoder-8B,bird,,,
bird_803,Defog-Llama3-SQLCoder-8B,bird,,,
bird_804,Defog-Llama3-SQLCoder-8B,bird,,,
bird_805,Defog-Llama3-SQLCoder-8B,bird,,,
bird_806,Defog-Llama3-SQLCoder-8B,bird,,,
bird_807,Defog-Llama3-SQLCoder-8B,bird,,,
bird_808,Defog-Llama3-SQLCoder-8B,bird,,,
bird_809,Defog-Llama3-SQLCoder-8B,bird,,,
bird_810,Defog-Llama3-SQLCoder-8B,bird,,,
bird_811,Defog-Llama3-SQLCoder-8B,bird,,,
bird_812,Defog-Llama3-SQLCoder-8B,bird,,,
bird_813,Defog-Llama3-SQLCoder-8B,bird,,,
bird_814,Defog-Llama3-SQLCoder-8B,bird,,,
bird_815,Defog-Llama3-SQLCoder-8B,bird,,,
bird_816,Defog-Llama3-SQLCoder-8B,bird,,,
bird_817,Defog-Llama3-SQLCoder-8B,bird,,,
bird_818,Defog-Llama3-SQLCoder-8B,bird,,,
bird_819,Defog-Llama3-SQLCoder-8B,bird,,,
bird_820,Defog-Llama3-SQLCoder-8B,bird,,,
bird_821,Defog-Llama3-SQLCoder-8B,bird,,,
bird_822,Defog-Llama3-SQLCoder-8B,bird,,,
bird_823,Defog-Llama3-SQLCoder-8B,bird,,,
bird_824,Defog-Llama3-SQLCoder-8B,bird,,,
bird_825,Defog-Llama3-SQLCoder-8B,bird,,,
bird_826,Defog-Llama3-SQLCoder-8B,bird,,,
bird_827,Defog-Llama3-SQLCoder-8B,bird,,,
bird_828,Defog-Llama3-SQLCoder-8B,bird,,,
bird_829,Defog-Llama3-SQLCoder-8B,bird,,,
bird_830,Defog-Llama3-SQLCoder-8B,bird,,,
bird_831,Defog-Llama3-SQLCoder-8B,bird,,,
bird_832,Defog-Llama3-SQLCoder-8B,bird,,,
bird_833,Defog-Llama3-SQLCoder-8B,bird,,,
bird_834,Defog-Llama3-SQLCoder-8B,bird,,,
bird_835,Defog-Llama3-SQLCoder-8B,bird,,,
bird_836,Defog-Llama3-SQLCoder-8B,bird,,,
bird_837,Defog-Llama3-SQLCoder-8B,bird,,,
bird_838,Defog-Llama3-SQLCoder-8B,bird,,,
bird_839,Defog-Llama3-SQLCoder-8B,bird,,,
bird_840,Defog-Llama3-SQLCoder-8B,bird,,,
bird_841,Defog-Llama3-SQLCoder-8B,bird,,,
bird_842,Defog-Llama3-SQLCoder-8B,bird,,,
bird_843,Defog-Llama3-SQLCoder-8B,bird,,,
bird_844,Defog-Llama3-SQLCoder-8B,bird,,,
bird_845,Defog-Llama3-SQLCoder-8B,bird,,,
bird_846,Defog-Llama3-SQLCoder-8B,bird,,,
bird_847,Defog-Llama3-SQLCoder-8B,bird,,,
bird_848,Defog-Llama3-SQLCoder-8B,bird,,,
bird_849,Defog-Llama3-SQLCoder-8B,bird,,,
bird_850,Defog-Llama3-SQLCoder-8B,bird,,,
bird_851,Defog-Llama3-SQLCoder-8B,bird,,,
bird_852,Defog-Llama3-SQLCoder-8B,bird,,,
bird_853,Defog-Llama3-SQLCoder-8B,bird,,,
bird_854,Defog-Llama3-SQLCoder-8B,bird,,,
bird_855,Defog-Llama3-SQLCoder-8B,bird,,,
bird_856,Defog-Llama3-SQLCoder-8B,bird,,,
bird_857,Defog-Llama3-SQLCoder-8B,bird,,,
bird_858,Defog-Llama3-SQLCoder-8B,bird,,,
bird_859,Defog-Llama3-SQLCoder-8B,bird,,,
bird_860,Defog-Llama3-SQLCoder-8B,bird,,,
bird_861,Defog-Llama3-SQLCoder-8B,bird,,,
bird_862,Defog-Llama3-SQLCoder-8B,bird,,,
bird_863,Defog-Llama3-SQLCoder-8B,bird,,,
bird_864,Defog-Llama3-SQLCoder-8B,bird,,,
bird_865,Defog-Llama3-SQLCoder-8B,bird,,,
bird_866,Defog-Llama3-SQLCoder-8B,bird,,,
bird_867,Defog-Llama3-SQLCoder-8B,bird,,,
bird_868,Defog-Llama3-SQLCoder-8B,bird,,,
bird_869,Defog-Llama3-SQLCoder-8B,bird,,,
bird_870,Defog-Llama3-SQLCoder-8B,bird,,,
bird_871,Defog-Llama3-SQLCoder-8B,bird,,,
bird_872,Defog-Llama3-SQLCoder-8B,bird,,,
bird_873,Defog-Llama3-SQLCoder-8B,bird,,,
bird_874,Defog-Llama3-SQLCoder-8B,bird,,,
bird_875,Defog-Llama3-SQLCoder-8B,bird,,,
bird_876,Defog-Llama3-SQLCoder-8B,bird,,,
bird_877,Defog-Llama3-SQLCoder-8B,bird,,,
bird_878,Defog-Llama3-SQLCoder-8B,bird,,,
bird_879,Defog-Llama3-SQLCoder-8B,bird,,,
bird_880,Defog-Llama3-SQLCoder-8B,bird,,,
bird_881,Defog-Llama3-SQLCoder-8B,bird,,,
bird_882,Defog-Llama3-SQLCoder-8B,bird,,,
bird_883,Defog-Llama3-SQLCoder-8B,bird,,,
bird_884,Defog-Llama3-SQLCoder-8B,bird,,,
bird_885,Defog-Llama3-SQLCoder-8B,bird,,,
bird_886,Defog-Llama3-SQLCoder-8B,bird,,,
bird_887,Defog-Llama3-SQLCoder-8B,bird,,,
bird_888,Defog-Llama3-SQLCoder-8B,bird,,,
bird_889,Defog-Llama3-SQLCoder-8B,bird,,,
bird_890,Defog-Llama3-SQLCoder-8B,bird,,,
bird_891,Defog-Llama3-SQLCoder-8B,bird,,,
bird_892,Defog-Llama3-SQLCoder-8B,bird,,,
bird_893,Defog-Llama3-SQLCoder-8B,bird,,,
bird_894,Defog-Llama3-SQLCoder-8B,bird,,,
bird_895,Defog-Llama3-SQLCoder-8B,bird,,,
bird_896,Defog-Llama3-SQLCoder-8B,bird,,,
bird_897,Defog-Llama3-SQLCoder-8B,bird,,,
bird_898,Defog-Llama3-SQLCoder-8B,bird,,,
bird_899,Defog-Llama3-SQLCoder-8B,bird,,,
bird_900,Defog-Llama3-SQLCoder-8B,bird,,,
bird_901,Defog-Llama3-SQLCoder-8B,bird,,,
bird_902,Defog-Llama3-SQLCoder-8B,bird,,,
bird_903,Defog-Llama3-SQLCoder-8B,bird,,,
bird_904,Defog-Llama3-SQLCoder-8B,bird,,,
bird_905,Defog-Llama3-SQLCoder-8B,bird,,,
bird_906,Defog-Llama3-SQLCoder-8B,bird,,,
bird_907,Defog-Llama3-SQLCoder-8B,bird,,,
bird_908,Defog-Llama3-SQLCoder-8B,bird,,,
bird_909,Defog-Llama3-SQLCoder-8B,bird,,,
bird_910,Defog-Llama3-SQLCoder-8B,bird,,,
bird_911,Defog-Llama3-SQLCoder-8B,bird,,,
bird_912,Defog-Llama3-SQLCoder-8B,bird,,,
bird_913,Defog-Llama3-SQLCoder-8B,bird,,,
bird_914,Defog-Llama3-SQLCoder-8B,bird,,,
bird_915,Defog-Llama3-SQLCoder-8B,bird,,,
bird_916,Defog-Llama3-SQLCoder-8B,bird,,,
bird_917,Defog-Llama3-SQLCoder-8B,bird,,,
bird_918,Defog-Llama3-SQLCoder-8B,bird,,,
bird_919,Defog-Llama3-SQLCoder-8B,bird,,,
bird_920,Defog-Llama3-SQLCoder-8B,bird,,,
bird_921,Defog-Llama3-SQLCoder-8B,bird,,,
bird_922,Defog-Llama3-SQLCoder-8B,bird,,,
bird_923,Defog-Llama3-SQLCoder-8B,bird,,,
bird_924,Defog-Llama3-SQLCoder-8B,bird,,,
bird_925,Defog-Llama3-SQLCoder-8B,bird,,,
bird_926,Defog-Llama3-SQLCoder-8B,bird,,,
bird_927,Defog-Llama3-SQLCoder-8B,bird,,,
bird_928,Defog-Llama3-SQLCoder-8B,bird,,,
bird_929,Defog-Llama3-SQLCoder-8B,bird,,,
bird_930,Defog-Llama3-SQLCoder-8B,bird,,,
bird_931,Defog-Llama3-SQLCoder-8B,bird,,,
bird_932,Defog-Llama3-SQLCoder-8B,bird,,,
bird_933,Defog-Llama3-SQLCoder-8B,bird,,,
bird_934,Defog-Llama3-SQLCoder-8B,bird,,,
bird_935,Defog-Llama3-SQLCoder-8B,bird,,,
bird_936,Defog-Llama3-SQLCoder-8B,bird,,,
bird_937,Defog-Llama3-SQLCoder-8B,bird,,,
bird_938,Defog-Llama3-SQLCoder-8B,bird,,,
bird_939,Defog-Llama3-SQLCoder-8B,bird,,,
bird_940,Defog-Llama3-SQLCoder-8B,bird,,,
bird_941,Defog-Llama3-SQLCoder-8B,bird,,,
bird_942,Defog-Llama3-SQLCoder-8B,bird,,,
bird_943,Defog-Llama3-SQLCoder-8B,bird,,,
bird_944,Defog-Llama3-SQLCoder-8B,bird,,,
bird_945,Defog-Llama3-SQLCoder-8B,bird,,,
bird_946,Defog-Llama3-SQLCoder-8B,bird,,,
bird_947,Defog-Llama3-SQLCoder-8B,bird,,,
bird_948,Defog-Llama3-SQLCoder-8B,bird,,,
bird_949,Defog-Llama3-SQLCoder-8B,bird,,,
bird_950,Defog-Llama3-SQLCoder-8B,bird,,,
bird_951,Defog-Llama3-SQLCoder-8B,bird,,,
bird_952,Defog-Llama3-SQLCoder-8B,bird,,,
bird_953,Defog-Llama3-SQLCoder-8B,bird,,,
bird_954,Defog-Llama3-SQLCoder-8B,bird,,,
bird_955,Defog-Llama3-SQLCoder-8B,bird,,,
bird_956,Defog-Llama3-SQLCoder-8B,bird,,,
bird_957,Defog-Llama3-SQLCoder-8B,bird,,,
bird_958,Defog-Llama3-SQLCoder-8B,bird,,,
bird_959,Defog-Llama3-SQLCoder-8B,bird,,,
bird_960,Defog-Llama3-SQLCoder-8B,bird,,,
bird_961,Defog-Llama3-SQLCoder-8B,bird,,,
bird_962,Defog-Llama3-SQLCoder-8B,bird,,,
bird_963,Defog-Llama3-SQLCoder-8B,bird,,,
bird_964,Defog-Llama3-SQLCoder-8B,bird,,,
bird_965,Defog-Llama3-SQLCoder-8B,bird,,,
bird_966,Defog-Llama3-SQLCoder-8B,bird,,,
bird_967,Defog-Llama3-SQLCoder-8B,bird,,,
bird_968,Defog-Llama3-SQLCoder-8B,bird,,,
bird_969,Defog-Llama3-SQLCoder-8B,bird,,,
bird_970,Defog-Llama3-SQLCoder-8B,bird,,,
bird_971,Defog-Llama3-SQLCoder-8B,bird,,,
bird_972,Defog-Llama3-SQLCoder-8B,bird,,,
bird_973,Defog-Llama3-SQLCoder-8B,bird,,,
bird_974,Defog-Llama3-SQLCoder-8B,bird,,,
bird_975,Defog-Llama3-SQLCoder-8B,bird,,,
bird_976,Defog-Llama3-SQLCoder-8B,bird,,,
bird_977,Defog-Llama3-SQLCoder-8B,bird,,,
bird_978,Defog-Llama3-SQLCoder-8B,bird,,,
bird_979,Defog-Llama3-SQLCoder-8B,bird,,,
bird_980,Defog-Llama3-SQLCoder-8B,bird,,,
bird_981,Defog-Llama3-SQLCoder-8B,bird,,,
bird_982,Defog-Llama3-SQLCoder-8B,bird,,,
bird_983,Defog-Llama3-SQLCoder-8B,bird,,,
bird_984,Defog-Llama3-SQLCoder-8B,bird,,,
bird_985,Defog-Llama3-SQLCoder-8B,bird,,,
bird_986,Defog-Llama3-SQLCoder-8B,bird,,,
bird_987,Defog-Llama3-SQLCoder-8B,bird,,,
bird_988,Defog-Llama3-SQLCoder-8B,bird,,,
bird_989,Defog-Llama3-SQLCoder-8B,bird,,,
bird_990,Defog-Llama3-SQLCoder-8B,bird,,,
bird_991,Defog-Llama3-SQLCoder-8B,bird,,,
bird_992,Defog-Llama3-SQLCoder-8B,bird,,,
bird_993,Defog-Llama3-SQLCoder-8B,bird,,,
bird_994,Defog-Llama3-SQLCoder-8B,bird,,,
bird_995,Defog-Llama3-SQLCoder-8B,bird,,,
bird_996,Defog-Llama3-SQLCoder-8B,bird,,,
bird_997,Defog-Llama3-SQLCoder-8B,bird,,,
bird_998,Defog-Llama3-SQLCoder-8B,bird,,,
bird_999,Defog-Llama3-SQLCoder-8B,bird,,,
bird_1000,Defog-Llama3-SQLCoder-8B,bird,,,
bird_1001,Defog-Llama3-SQLCoder-8B,bird,,,
bird_1002,Defog-Llama3-SQLCoder-8B,bird,,,
bird_1003,Defog-Llama3-SQLCoder-8B,bird,,,
bird_1004,Defog-Llama3-SQLCoder-8B,bird,,,
bird_1005,Defog-Llama3-SQLCoder-8B,bird,,,
bird_1006,Defog-Llama3-SQLCoder-8B,bird,,,
bird_1007,Defog-Llama3-SQLCoder-8B,bird,,,
bird_1008,Defog-Llama3-SQLCoder-8B,bird,,,
bird_1009,Defog-Llama3-SQLCoder-8B,bird,,,
bird_1010,Defog-Llama3-SQLCoder-8B,bird,,,
bird_1011,Defog-Llama3-SQLCoder-8B,bird,,,
bird_1012,Defog-Llama3-SQLCoder-8B,bird,,,
bird_1013,Defog-Llama3-SQLCoder-8B,bird,,,
bird_1014,Defog-Llama3-SQLCoder-8B,bird,,,
bird_1015,Defog-Llama3-SQLCoder-8B,bird,,,
bird_1016,Defog-Llama3-SQLCoder-8B,bird,,,
bird_1017,Defog-Llama3-SQLCoder-8B,bird,,,
bird_1018,Defog-Llama3-SQLCoder-8B,bird,,,
bird_1019,Defog-Llama3-SQLCoder-8B,bird,,,
bird_1020,Defog-Llama3-SQLCoder-8B,bird,,,
bird_1021,Defog-Llama3-SQLCoder-8B,bird,,,
bird_1022,Defog-Llama3-SQLCoder-8B,bird,,,
bird_1023,Defog-Llama3-SQLCoder-8B,bird,,,
bird_1024,Defog-Llama3-SQLCoder-8B,bird,,,
bird_1025,Defog-Llama3-SQLCoder-8B,bird,,,
bird_1026,Defog-Llama3-SQLCoder-8B,bird,,,
bird_1027,Defog-Llama3-SQLCoder-8B,bird,,,
bird_1028,Defog-Llama3-SQLCoder-8B,bird,,,
bird_1029,Defog-Llama3-SQLCoder-8B,bird,,,
bird_1030,Defog-Llama3-SQLCoder-8B,bird,,,
bird_1031,Defog-Llama3-SQLCoder-8B,bird,,,
bird_1032,Defog-Llama3-SQLCoder-8B,bird,,,
bird_1033,Defog-Llama3-SQLCoder-8B,bird,,,
bird_1034,Defog-Llama3-SQLCoder-8B,bird,,,
bird_1035,Defog-Llama3-SQLCoder-8B,bird,,,
bird_1036,Defog-Llama3-SQLCoder-8B,bird,,,
bird_1037,Defog-Llama3-SQLCoder-8B,bird,,,
bird_1038,Defog-Llama3-SQLCoder-8B,bird,,,
bird_1039,Defog-Llama3-SQLCoder-8B,bird,,,
bird_1040,Defog-Llama3-SQLCoder-8B,bird,,,
bird_1041,Defog-Llama3-SQLCoder-8B,bird,,,
bird_1042,Defog-Llama3-SQLCoder-8B,bird,,,
bird_1043,Defog-Llama3-SQLCoder-8B,bird,,,
bird_1044,Defog-Llama3-SQLCoder-8B,bird,,,
bird_1045,Defog-Llama3-SQLCoder-8B,bird,,,
bird_1046,Defog-Llama3-SQLCoder-8B,bird,,,
bird_1047,Defog-Llama3-SQLCoder-8B,bird,,,
bird_1048,Defog-Llama3-SQLCoder-8B,bird,,,
bird_1049,Defog-Llama3-SQLCoder-8B,bird,,,
bird_1050,Defog-Llama3-SQLCoder-8B,bird,,,
bird_1051,Defog-Llama3-SQLCoder-8B,bird,,,
bird_1052,Defog-Llama3-SQLCoder-8B,bird,,,
bird_1053,Defog-Llama3-SQLCoder-8B,bird,,,
bird_1054,Defog-Llama3-SQLCoder-8B,bird,,,
bird_1055,Defog-Llama3-SQLCoder-8B,bird,,,
bird_1056,Defog-Llama3-SQLCoder-8B,bird,,,
bird_1057,Defog-Llama3-SQLCoder-8B,bird,,,
bird_1058,Defog-Llama3-SQLCoder-8B,bird,,,
bird_1059,Defog-Llama3-SQLCoder-8B,bird,,,
bird_1060,Defog-Llama3-SQLCoder-8B,bird,,,
bird_1061,Defog-Llama3-SQLCoder-8B,bird,,,
bird_1062,Defog-Llama3-SQLCoder-8B,bird,,,
bird_1063,Defog-Llama3-SQLCoder-8B,bird,,,
bird_1064,Defog-Llama3-SQLCoder-8B,bird,,,
bird_1065,Defog-Llama3-SQLCoder-8B,bird,,,
bird_1066,Defog-Llama3-SQLCoder-8B,bird,,,
bird_1067,Defog-Llama3-SQLCoder-8B,bird,,,
bird_1068,Defog-Llama3-SQLCoder-8B,bird,,,
bird_1069,Defog-Llama3-SQLCoder-8B,bird,,,
bird_1070,Defog-Llama3-SQLCoder-8B,bird,,,
bird_1071,Defog-Llama3-SQLCoder-8B,bird,,,
bird_1072,Defog-Llama3-SQLCoder-8B,bird,,,
bird_1073,Defog-Llama3-SQLCoder-8B,bird,,,
bird_1074,Defog-Llama3-SQLCoder-8B,bird,,,
bird_1075,Defog-Llama3-SQLCoder-8B,bird,,,
bird_1076,Defog-Llama3-SQLCoder-8B,bird,,,
bird_1077,Defog-Llama3-SQLCoder-8B,bird,,,
bird_1078,Defog-Llama3-SQLCoder-8B,bird,,,
bird_1079,Defog-Llama3-SQLCoder-8B,bird,,,
bird_1080,Defog-Llama3-SQLCoder-8B,bird,,,
bird_1081,Defog-Llama3-SQLCoder-8B,bird,,,
bird_1082,Defog-Llama3-SQLCoder-8B,bird,,,
bird_1083,Defog-Llama3-SQLCoder-8B,bird,,,
bird_1084,Defog-Llama3-SQLCoder-8B,bird,,,
bird_1085,Defog-Llama3-SQLCoder-8B,bird,,,
bird_1086,Defog-Llama3-SQLCoder-8B,bird,,,
bird_1087,Defog-Llama3-SQLCoder-8B,bird,,,
bird_1088,Defog-Llama3-SQLCoder-8B,bird,,,
bird_1089,Defog-Llama3-SQLCoder-8B,bird,,,
bird_1090,Defog-Llama3-SQLCoder-8B,bird,,,
bird_1091,Defog-Llama3-SQLCoder-8B,bird,,,
bird_1092,Defog-Llama3-SQLCoder-8B,bird,,,
bird_1093,Defog-Llama3-SQLCoder-8B,bird,,,
bird_1094,Defog-Llama3-SQLCoder-8B,bird,,,
bird_1095,Defog-Llama3-SQLCoder-8B,bird,,,
bird_1096,Defog-Llama3-SQLCoder-8B,bird,,,
bird_1097,Defog-Llama3-SQLCoder-8B,bird,,,
bird_1098,Defog-Llama3-SQLCoder-8B,bird,,,
bird_1099,Defog-Llama3-SQLCoder-8B,bird,,,
bird_1100,Defog-Llama3-SQLCoder-8B,bird,,,
bird_1101,Defog-Llama3-SQLCoder-8B,bird,,,
bird_1102,Defog-Llama3-SQLCoder-8B,bird,,,
bird_1103,Defog-Llama3-SQLCoder-8B,bird,,,
bird_1104,Defog-Llama3-SQLCoder-8B,bird,,,
bird_1105,Defog-Llama3-SQLCoder-8B,bird,,,
bird_1106,Defog-Llama3-SQLCoder-8B,bird,,,
bird_1107,Defog-Llama3-SQLCoder-8B,bird,,,
bird_1108,Defog-Llama3-SQLCoder-8B,bird,,,
bird_1109,Defog-Llama3-SQLCoder-8B,bird,,,
bird_1110,Defog-Llama3-SQLCoder-8B,bird,,,
bird_1111,Defog-Llama3-SQLCoder-8B,bird,,,
bird_1112,Defog-Llama3-SQLCoder-8B,bird,,,
bird_1113,Defog-Llama3-SQLCoder-8B,bird,,,
bird_1114,Defog-Llama3-SQLCoder-8B,bird,,,
bird_1115,Defog-Llama3-SQLCoder-8B,bird,,,
bird_1116,Defog-Llama3-SQLCoder-8B,bird,,,
bird_1117,Defog-Llama3-SQLCoder-8B,bird,,,
bird_1118,Defog-Llama3-SQLCoder-8B,bird,,,
bird_1119,Defog-Llama3-SQLCoder-8B,bird,,,
bird_1120,Defog-Llama3-SQLCoder-8B,bird,,,
bird_1121,Defog-Llama3-SQLCoder-8B,bird,,,
bird_1122,Defog-Llama3-SQLCoder-8B,bird,,,
bird_1123,Defog-Llama3-SQLCoder-8B,bird,,,
bird_1124,Defog-Llama3-SQLCoder-8B,bird,,,
bird_1125,Defog-Llama3-SQLCoder-8B,bird,,,
bird_1126,Defog-Llama3-SQLCoder-8B,bird,,,
bird_1127,Defog-Llama3-SQLCoder-8B,bird,,,
bird_1128,Defog-Llama3-SQLCoder-8B,bird,,,
bird_1129,Defog-Llama3-SQLCoder-8B,bird,,,
bird_1130,Defog-Llama3-SQLCoder-8B,bird,,,
bird_1131,Defog-Llama3-SQLCoder-8B,bird,,,
bird_1132,Defog-Llama3-SQLCoder-8B,bird,,,
bird_1133,Defog-Llama3-SQLCoder-8B,bird,,,
bird_1134,Defog-Llama3-SQLCoder-8B,bird,,,
bird_1135,Defog-Llama3-SQLCoder-8B,bird,,,
bird_1136,Defog-Llama3-SQLCoder-8B,bird,,,
bird_1137,Defog-Llama3-SQLCoder-8B,bird,,,
bird_1138,Defog-Llama3-SQLCoder-8B,bird,,,
bird_1139,Defog-Llama3-SQLCoder-8B,bird,,,
bird_1140,Defog-Llama3-SQLCoder-8B,bird,,,
bird_1141,Defog-Llama3-SQLCoder-8B,bird,,,
bird_1142,Defog-Llama3-SQLCoder-8B,bird,,,
bird_1143,Defog-Llama3-SQLCoder-8B,bird,,,
bird_1144,Defog-Llama3-SQLCoder-8B,bird,,,
bird_1145,Defog-Llama3-SQLCoder-8B,bird,,,
bird_1146,Defog-Llama3-SQLCoder-8B,bird,,,
bird_1147,Defog-Llama3-SQLCoder-8B,bird,,,
bird_1148,Defog-Llama3-SQLCoder-8B,bird,,,
bird_1149,Defog-Llama3-SQLCoder-8B,bird,,,
bird_1150,Defog-Llama3-SQLCoder-8B,bird,,,
bird_1151,Defog-Llama3-SQLCoder-8B,bird,,,
bird_1152,Defog-Llama3-SQLCoder-8B,bird,,,
bird_1153,Defog-Llama3-SQLCoder-8B,bird,,,
bird_1154,Defog-Llama3-SQLCoder-8B,bird,,,
bird_1155,Defog-Llama3-SQLCoder-8B,bird,,,
bird_1156,Defog-Llama3-SQLCoder-8B,bird,,,
bird_1157,Defog-Llama3-SQLCoder-8B,bird,,,
bird_1158,Defog-Llama3-SQLCoder-8B,bird,,,
bird_1159,Defog-Llama3-SQLCoder-8B,bird,,,
bird_1160,Defog-Llama3-SQLCoder-8B,bird,,,
bird_1161,Defog-Llama3-SQLCoder-8B,bird,,,
bird_1162,Defog-Llama3-SQLCoder-8B,bird,,,
bird_1163,Defog-Llama3-SQLCoder-8B,bird,,,
bird_1164,Defog-Llama3-SQLCoder-8B,bird,,,
bird_1165,Defog-Llama3-SQLCoder-8B,bird,,,
bird_1166,Defog-Llama3-SQLCoder-8B,bird,,,
bird_1167,Defog-Llama3-SQLCoder-8B,bird,,,
bird_1168,Defog-Llama3-SQLCoder-8B,bird,,,
bird_1169,Defog-Llama3-SQLCoder-8B,bird,,,
bird_1170,Defog-Llama3-SQLCoder-8B,bird,,,
bird_1171,Defog-Llama3-SQLCoder-8B,bird,,,
bird_1172,Defog-Llama3-SQLCoder-8B,bird,,,
bird_1173,Defog-Llama3-SQLCoder-8B,bird,,,
bird_1174,Defog-Llama3-SQLCoder-8B,bird,,,
bird_1175,Defog-Llama3-SQLCoder-8B,bird,,,
bird_1176,Defog-Llama3-SQLCoder-8B,bird,,,
bird_1177,Defog-Llama3-SQLCoder-8B,bird,,,
bird_1178,Defog-Llama3-SQLCoder-8B,bird,,,
bird_1179,Defog-Llama3-SQLCoder-8B,bird,,,
bird_1180,Defog-Llama3-SQLCoder-8B,bird,,,
bird_1181,Defog-Llama3-SQLCoder-8B,bird,,,
bird_1182,Defog-Llama3-SQLCoder-8B,bird,,,
bird_1183,Defog-Llama3-SQLCoder-8B,bird,,,
bird_1184,Defog-Llama3-SQLCoder-8B,bird,,,
bird_1185,Defog-Llama3-SQLCoder-8B,bird,,,
bird_1186,Defog-Llama3-SQLCoder-8B,bird,,,
bird_1187,Defog-Llama3-SQLCoder-8B,bird,,,
bird_1188,Defog-Llama3-SQLCoder-8B,bird,,,
bird_1189,Defog-Llama3-SQLCoder-8B,bird,,,
bird_1190,Defog-Llama3-SQLCoder-8B,bird,,,
bird_1191,Defog-Llama3-SQLCoder-8B,bird,,,
bird_1192,Defog-Llama3-SQLCoder-8B,bird,,,
bird_1193,Defog-Llama3-SQLCoder-8B,bird,,,
bird_1194,Defog-Llama3-SQLCoder-8B,bird,,,
bird_1195,Defog-Llama3-SQLCoder-8B,bird,,,
bird_1196,Defog-Llama3-SQLCoder-8B,bird,,,
bird_1197,Defog-Llama3-SQLCoder-8B,bird,,,
bird_1198,Defog-Llama3-SQLCoder-8B,bird,,,
bird_1199,Defog-Llama3-SQLCoder-8B,bird,,,
bird_1200,Defog-Llama3-SQLCoder-8B,bird,,,
bird_1201,Defog-Llama3-SQLCoder-8B,bird,,,
bird_1202,Defog-Llama3-SQLCoder-8B,bird,,,
bird_1203,Defog-Llama3-SQLCoder-8B,bird,,,
bird_1204,Defog-Llama3-SQLCoder-8B,bird,,,
bird_1205,Defog-Llama3-SQLCoder-8B,bird,,,
bird_1206,Defog-Llama3-SQLCoder-8B,bird,,,
bird_1207,Defog-Llama3-SQLCoder-8B,bird,,,
bird_1208,Defog-Llama3-SQLCoder-8B,bird,,,
bird_1209,Defog-Llama3-SQLCoder-8B,bird,,,
bird_1210,Defog-Llama3-SQLCoder-8B,bird,,,
bird_1211,Defog-Llama3-SQLCoder-8B,bird,,,
bird_1212,Defog-Llama3-SQLCoder-8B,bird,,,
bird_1213,Defog-Llama3-SQLCoder-8B,bird,,,
bird_1214,Defog-Llama3-SQLCoder-8B,bird,,,
bird_1215,Defog-Llama3-SQLCoder-8B,bird,,,
bird_1216,Defog-Llama3-SQLCoder-8B,bird,,,
bird_1217,Defog-Llama3-SQLCoder-8B,bird,,,
bird_1218,Defog-Llama3-SQLCoder-8B,bird,,,
bird_1219,Defog-Llama3-SQLCoder-8B,bird,,,
bird_1220,Defog-Llama3-SQLCoder-8B,bird,,,
bird_1221,Defog-Llama3-SQLCoder-8B,bird,,,
bird_1222,Defog-Llama3-SQLCoder-8B,bird,,,
bird_1223,Defog-Llama3-SQLCoder-8B,bird,,,
bird_1224,Defog-Llama3-SQLCoder-8B,bird,,,
bird_1225,Defog-Llama3-SQLCoder-8B,bird,,,
bird_1226,Defog-Llama3-SQLCoder-8B,bird,,,
bird_1227,Defog-Llama3-SQLCoder-8B,bird,,,
bird_1228,Defog-Llama3-SQLCoder-8B,bird,,,
bird_1229,Defog-Llama3-SQLCoder-8B,bird,,,
bird_1230,Defog-Llama3-SQLCoder-8B,bird,,,
bird_1231,Defog-Llama3-SQLCoder-8B,bird,,,
bird_1232,Defog-Llama3-SQLCoder-8B,bird,,,
bird_1233,Defog-Llama3-SQLCoder-8B,bird,,,
bird_1234,Defog-Llama3-SQLCoder-8B,bird,,,
bird_1235,Defog-Llama3-SQLCoder-8B,bird,,,
bird_1236,Defog-Llama3-SQLCoder-8B,bird,,,
bird_1237,Defog-Llama3-SQLCoder-8B,bird,,,
bird_1238,Defog-Llama3-SQLCoder-8B,bird,,,
bird_1239,Defog-Llama3-SQLCoder-8B,bird,,,
bird_1240,Defog-Llama3-SQLCoder-8B,bird,,,
bird_1241,Defog-Llama3-SQLCoder-8B,bird,,,
bird_1242,Defog-Llama3-SQLCoder-8B,bird,,,
bird_1243,Defog-Llama3-SQLCoder-8B,bird,,,
bird_1244,Defog-Llama3-SQLCoder-8B,bird,,,
bird_1245,Defog-Llama3-SQLCoder-8B,bird,,,
bird_1246,Defog-Llama3-SQLCoder-8B,bird,,,
bird_1247,Defog-Llama3-SQLCoder-8B,bird,,,
bird_1248,Defog-Llama3-SQLCoder-8B,bird,,,
bird_1249,Defog-Llama3-SQLCoder-8B,bird,,,
bird_1250,Defog-Llama3-SQLCoder-8B,bird,,,
bird_1251,Defog-Llama3-SQLCoder-8B,bird,,,
bird_1252,Defog-Llama3-SQLCoder-8B,bird,,,
bird_1253,Defog-Llama3-SQLCoder-8B,bird,,,
bird_1254,Defog-Llama3-SQLCoder-8B,bird,,,
bird_1255,Defog-Llama3-SQLCoder-8B,bird,,,
bird_1256,Defog-Llama3-SQLCoder-8B,bird,,,
bird_1257,Defog-Llama3-SQLCoder-8B,bird,,,
bird_1258,Defog-Llama3-SQLCoder-8B,bird,,,
bird_1259,Defog-Llama3-SQLCoder-8B,bird,,,
bird_1260,Defog-Llama3-SQLCoder-8B,bird,,,
bird_1261,Defog-Llama3-SQLCoder-8B,bird,,,
bird_1262,Defog-Llama3-SQLCoder-8B,bird,,,
bird_1263,Defog-Llama3-SQLCoder-8B,bird,,,
bird_1264,Defog-Llama3-SQLCoder-8B,bird,,,
bird_1265,Defog-Llama3-SQLCoder-8B,bird,,,
bird_1266,Defog-Llama3-SQLCoder-8B,bird,,,
bird_1267,Defog-Llama3-SQLCoder-8B,bird,,,
bird_1268,Defog-Llama3-SQLCoder-8B,bird,,,
bird_1269,Defog-Llama3-SQLCoder-8B,bird,,,
bird_1270,Defog-Llama3-SQLCoder-8B,bird,,,
bird_1271,Defog-Llama3-SQLCoder-8B,bird,,,
bird_1272,Defog-Llama3-SQLCoder-8B,bird,,,
bird_1273,Defog-Llama3-SQLCoder-8B,bird,,,
bird_1274,Defog-Llama3-SQLCoder-8B,bird,,,
bird_1275,Defog-Llama3-SQLCoder-8B,bird,,,
bird_1276,Defog-Llama3-SQLCoder-8B,bird,,,
bird_1277,Defog-Llama3-SQLCoder-8B,bird,,,
bird_1278,Defog-Llama3-SQLCoder-8B,bird,,,
bird_1279,Defog-Llama3-SQLCoder-8B,bird,,,
bird_1280,Defog-Llama3-SQLCoder-8B,bird,,,
bird_1281,Defog-Llama3-SQLCoder-8B,bird,,,
bird_1282,Defog-Llama3-SQLCoder-8B,bird,,,
bird_1283,Defog-Llama3-SQLCoder-8B,bird,,,
bird_1284,Defog-Llama3-SQLCoder-8B,bird,,,
bird_1285,Defog-Llama3-SQLCoder-8B,bird,,,
bird_1286,Defog-Llama3-SQLCoder-8B,bird,,,
bird_1287,Defog-Llama3-SQLCoder-8B,bird,,,
bird_1288,Defog-Llama3-SQLCoder-8B,bird,,,
bird_1289,Defog-Llama3-SQLCoder-8B,bird,,,
bird_1290,Defog-Llama3-SQLCoder-8B,bird,,,
bird_1291,Defog-Llama3-SQLCoder-8B,bird,,,
bird_1292,Defog-Llama3-SQLCoder-8B,bird,,,
bird_1293,Defog-Llama3-SQLCoder-8B,bird,,,
bird_1294,Defog-Llama3-SQLCoder-8B,bird,,,
bird_1295,Defog-Llama3-SQLCoder-8B,bird,,,
bird_1296,Defog-Llama3-SQLCoder-8B,bird,,,
bird_1297,Defog-Llama3-SQLCoder-8B,bird,,,
bird_1298,Defog-Llama3-SQLCoder-8B,bird,,,
bird_1299,Defog-Llama3-SQLCoder-8B,bird,,,
bird_1300,Defog-Llama3-SQLCoder-8B,bird,,,
bird_1301,Defog-Llama3-SQLCoder-8B,bird,,,
bird_1302,Defog-Llama3-SQLCoder-8B,bird,,,
bird_1303,Defog-Llama3-SQLCoder-8B,bird,,,
bird_1304,Defog-Llama3-SQLCoder-8B,bird,,,
bird_1305,Defog-Llama3-SQLCoder-8B,bird,,,
bird_1306,Defog-Llama3-SQLCoder-8B,bird,,,
bird_1307,Defog-Llama3-SQLCoder-8B,bird,,,
bird_1308,Defog-Llama3-SQLCoder-8B,bird,,,
bird_1309,Defog-Llama3-SQLCoder-8B,bird,,,
bird_1310,Defog-Llama3-SQLCoder-8B,bird,,,
bird_1311,Defog-Llama3-SQLCoder-8B,bird,,,
bird_1312,Defog-Llama3-SQLCoder-8B,bird,,,
bird_1313,Defog-Llama3-SQLCoder-8B,bird,,,
bird_1314,Defog-Llama3-SQLCoder-8B,bird,,,
bird_1315,Defog-Llama3-SQLCoder-8B,bird,,,
bird_1316,Defog-Llama3-SQLCoder-8B,bird,,,
bird_1317,Defog-Llama3-SQLCoder-8B,bird,,,
bird_1318,Defog-Llama3-SQLCoder-8B,bird,,,
bird_1319,Defog-Llama3-SQLCoder-8B,bird,,,
bird_1320,Defog-Llama3-SQLCoder-8B,bird,,,
bird_1321,Defog-Llama3-SQLCoder-8B,bird,,,
bird_1322,Defog-Llama3-SQLCoder-8B,bird,,,
bird_1323,Defog-Llama3-SQLCoder-8B,bird,,,
bird_1324,Defog-Llama3-SQLCoder-8B,bird,,,
bird_1325,Defog-Llama3-SQLCoder-8B,bird,,,
bird_1326,Defog-Llama3-SQLCoder-8B,bird,,,
bird_1327,Defog-Llama3-SQLCoder-8B,bird,,,
bird_1328,Defog-Llama3-SQLCoder-8B,bird,,,
bird_1329,Defog-Llama3-SQLCoder-8B,bird,,,
bird_1330,Defog-Llama3-SQLCoder-8B,bird,,,
bird_1331,Defog-Llama3-SQLCoder-8B,bird,,,
bird_1332,Defog-Llama3-SQLCoder-8B,bird,,,
bird_1333,Defog-Llama3-SQLCoder-8B,bird,,,
bird_1334,Defog-Llama3-SQLCoder-8B,bird,,,
bird_1335,Defog-Llama3-SQLCoder-8B,bird,,,
bird_1336,Defog-Llama3-SQLCoder-8B,bird,,,
bird_1337,Defog-Llama3-SQLCoder-8B,bird,,,
bird_1338,Defog-Llama3-SQLCoder-8B,bird,,,
bird_1339,Defog-Llama3-SQLCoder-8B,bird,,,
bird_1340,Defog-Llama3-SQLCoder-8B,bird,,,
bird_1341,Defog-Llama3-SQLCoder-8B,bird,,,
bird_1342,Defog-Llama3-SQLCoder-8B,bird,,,
bird_1343,Defog-Llama3-SQLCoder-8B,bird,,,
bird_1344,Defog-Llama3-SQLCoder-8B,bird,,,
bird_1345,Defog-Llama3-SQLCoder-8B,bird,,,
bird_1346,Defog-Llama3-SQLCoder-8B,bird,,,
bird_1347,Defog-Llama3-SQLCoder-8B,bird,,,
bird_1348,Defog-Llama3-SQLCoder-8B,bird,,,
bird_1349,Defog-Llama3-SQLCoder-8B,bird,,,
bird_1350,Defog-Llama3-SQLCoder-8B,bird,,,
bird_1351,Defog-Llama3-SQLCoder-8B,bird,,,
bird_1352,Defog-Llama3-SQLCoder-8B,bird,,,
bird_1353,Defog-Llama3-SQLCoder-8B,bird,,,
bird_1354,Defog-Llama3-SQLCoder-8B,bird,,,
bird_1355,Defog-Llama3-SQLCoder-8B,bird,,,
bird_1356,Defog-Llama3-SQLCoder-8B,bird,,,
bird_1357,Defog-Llama3-SQLCoder-8B,bird,,,
bird_1358,Defog-Llama3-SQLCoder-8B,bird,,,
bird_1359,Defog-Llama3-SQLCoder-8B,bird,,,
bird_1360,Defog-Llama3-SQLCoder-8B,bird,,,
bird_1361,Defog-Llama3-SQLCoder-8B,bird,,,
bird_1362,Defog-Llama3-SQLCoder-8B,bird,,,
bird_1363,Defog-Llama3-SQLCoder-8B,bird,,,
bird_1364,Defog-Llama3-SQLCoder-8B,bird,,,
bird_1365,Defog-Llama3-SQLCoder-8B,bird,,,
bird_1366,Defog-Llama3-SQLCoder-8B,bird,,,
bird_1367,Defog-Llama3-SQLCoder-8B,bird,,,
bird_1368,Defog-Llama3-SQLCoder-8B,bird,,,
bird_1369,Defog-Llama3-SQLCoder-8B,bird,,,
bird_1370,Defog-Llama3-SQLCoder-8B,bird,,,
bird_1371,Defog-Llama3-SQLCoder-8B,bird,,,
bird_1372,Defog-Llama3-SQLCoder-8B,bird,,,
bird_1373,Defog-Llama3-SQLCoder-8B,bird,,,
bird_1374,Defog-Llama3-SQLCoder-8B,bird,,,
bird_1375,Defog-Llama3-SQLCoder-8B,bird,,,
bird_1376,Defog-Llama3-SQLCoder-8B,bird,,,
bird_1377,Defog-Llama3-SQLCoder-8B,bird,,,
bird_1378,Defog-Llama3-SQLCoder-8B,bird,,,
bird_1379,Defog-Llama3-SQLCoder-8B,bird,,,
bird_1380,Defog-Llama3-SQLCoder-8B,bird,,,
bird_1381,Defog-Llama3-SQLCoder-8B,bird,,,
bird_1382,Defog-Llama3-SQLCoder-8B,bird,,,
bird_1383,Defog-Llama3-SQLCoder-8B,bird,,,
bird_1384,Defog-Llama3-SQLCoder-8B,bird,,,
bird_1385,Defog-Llama3-SQLCoder-8B,bird,,,
bird_1386,Defog-Llama3-SQLCoder-8B,bird,,,
bird_1387,Defog-Llama3-SQLCoder-8B,bird,,,
bird_1388,Defog-Llama3-SQLCoder-8B,bird,,,
bird_1389,Defog-Llama3-SQLCoder-8B,bird,,,
bird_1390,Defog-Llama3-SQLCoder-8B,bird,,,
bird_1391,Defog-Llama3-SQLCoder-8B,bird,,,
bird_1392,Defog-Llama3-SQLCoder-8B,bird,,,
bird_1393,Defog-Llama3-SQLCoder-8B,bird,,,
bird_1394,Defog-Llama3-SQLCoder-8B,bird,,,
bird_1395,Defog-Llama3-SQLCoder-8B,bird,,,
bird_1396,Defog-Llama3-SQLCoder-8B,bird,,,
bird_1397,Defog-Llama3-SQLCoder-8B,bird,,,
bird_1398,Defog-Llama3-SQLCoder-8B,bird,,,
bird_1399,Defog-Llama3-SQLCoder-8B,bird,,,
bird_1400,Defog-Llama3-SQLCoder-8B,bird,,,
bird_1401,Defog-Llama3-SQLCoder-8B,bird,,,
bird_1402,Defog-Llama3-SQLCoder-8B,bird,,,
bird_1403,Defog-Llama3-SQLCoder-8B,bird,,,
bird_1404,Defog-Llama3-SQLCoder-8B,bird,,,
bird_1405,Defog-Llama3-SQLCoder-8B,bird,,,
bird_1406,Defog-Llama3-SQLCoder-8B,bird,,,
bird_1407,Defog-Llama3-SQLCoder-8B,bird,,,
bird_1408,Defog-Llama3-SQLCoder-8B,bird,,,
bird_1409,Defog-Llama3-SQLCoder-8B,bird,,,
bird_1410,Defog-Llama3-SQLCoder-8B,bird,,,
bird_1411,Defog-Llama3-SQLCoder-8B,bird,,,
bird_1412,Defog-Llama3-SQLCoder-8B,bird,,,
bird_1413,Defog-Llama3-SQLCoder-8B,bird,,,
bird_1414,Defog-Llama3-SQLCoder-8B,bird,,,
bird_1415,Defog-Llama3-SQLCoder-8B,bird,,,
bird_1416,Defog-Llama3-SQLCoder-8B,bird,,,
bird_1417,Defog-Llama3-SQLCoder-8B,bird,,,
bird_1418,Defog-Llama3-SQLCoder-8B,bird,,,
bird_1419,Defog-Llama3-SQLCoder-8B,bird,,,
bird_1420,Defog-Llama3-SQLCoder-8B,bird,,,
bird_1421,Defog-Llama3-SQLCoder-8B,bird,,,
bird_1422,Defog-Llama3-SQLCoder-8B,bird,,,
bird_1423,Defog-Llama3-SQLCoder-8B,bird,,,
bird_1424,Defog-Llama3-SQLCoder-8B,bird,,,
bird_1425,Defog-Llama3-SQLCoder-8B,bird,,,
bird_1426,Defog-Llama3-SQLCoder-8B,bird,,,
bird_1427,Defog-Llama3-SQLCoder-8B,bird,,,
bird_1428,Defog-Llama3-SQLCoder-8B,bird,,,
bird_1429,Defog-Llama3-SQLCoder-8B,bird,,,
bird_1430,Defog-Llama3-SQLCoder-8B,bird,,,
bird_1431,Defog-Llama3-SQLCoder-8B,bird,,,
bird_1432,Defog-Llama3-SQLCoder-8B,bird,,,
bird_1433,Defog-Llama3-SQLCoder-8B,bird,,,
bird_1434,Defog-Llama3-SQLCoder-8B,bird,,,
bird_1435,Defog-Llama3-SQLCoder-8B,bird,,,
bird_1436,Defog-Llama3-SQLCoder-8B,bird,,,
bird_1437,Defog-Llama3-SQLCoder-8B,bird,,,
bird_1438,Defog-Llama3-SQLCoder-8B,bird,,,
bird_1439,Defog-Llama3-SQLCoder-8B,bird,,,
bird_1440,Defog-Llama3-SQLCoder-8B,bird,,,
bird_1441,Defog-Llama3-SQLCoder-8B,bird,,,
bird_1442,Defog-Llama3-SQLCoder-8B,bird,,,
bird_1443,Defog-Llama3-SQLCoder-8B,bird,,,
bird_1444,Defog-Llama3-SQLCoder-8B,bird,,,
bird_1445,Defog-Llama3-SQLCoder-8B,bird,,,
bird_1446,Defog-Llama3-SQLCoder-8B,bird,,,
bird_1447,Defog-Llama3-SQLCoder-8B,bird,,,
bird_1448,Defog-Llama3-SQLCoder-8B,bird,,,
bird_1449,Defog-Llama3-SQLCoder-8B,bird,,,
bird_1450,Defog-Llama3-SQLCoder-8B,bird,,,
bird_1451,Defog-Llama3-SQLCoder-8B,bird,,,
bird_1452,Defog-Llama3-SQLCoder-8B,bird,,,
bird_1453,Defog-Llama3-SQLCoder-8B,bird,,,
bird_1454,Defog-Llama3-SQLCoder-8B,bird,,,
bird_1455,Defog-Llama3-SQLCoder-8B,bird,,,
bird_1456,Defog-Llama3-SQLCoder-8B,bird,,,
bird_1457,Defog-Llama3-SQLCoder-8B,bird,,,
bird_1458,Defog-Llama3-SQLCoder-8B,bird,,,
bird_1459,Defog-Llama3-SQLCoder-8B,bird,,,
bird_1460,Defog-Llama3-SQLCoder-8B,bird,,,
bird_1461,Defog-Llama3-SQLCoder-8B,bird,,,
bird_1462,Defog-Llama3-SQLCoder-8B,bird,,,
bird_1463,Defog-Llama3-SQLCoder-8B,bird,,,
bird_1464,Defog-Llama3-SQLCoder-8B,bird,,,
bird_1465,Defog-Llama3-SQLCoder-8B,bird,,,
bird_1466,Defog-Llama3-SQLCoder-8B,bird,,,
bird_1467,Defog-Llama3-SQLCoder-8B,bird,,,
bird_1468,Defog-Llama3-SQLCoder-8B,bird,,,
bird_1469,Defog-Llama3-SQLCoder-8B,bird,,,
bird_1470,Defog-Llama3-SQLCoder-8B,bird,,,
bird_1471,Defog-Llama3-SQLCoder-8B,bird,,,
bird_1472,Defog-Llama3-SQLCoder-8B,bird,,,
bird_1473,Defog-Llama3-SQLCoder-8B,bird,,,
bird_1474,Defog-Llama3-SQLCoder-8B,bird,,,
bird_1475,Defog-Llama3-SQLCoder-8B,bird,,,
bird_1476,Defog-Llama3-SQLCoder-8B,bird,,,
bird_1477,Defog-Llama3-SQLCoder-8B,bird,,,
bird_1478,Defog-Llama3-SQLCoder-8B,bird,,,
bird_1479,Defog-Llama3-SQLCoder-8B,bird,,,
bird_1480,Defog-Llama3-SQLCoder-8B,bird,,,
bird_1481,Defog-Llama3-SQLCoder-8B,bird,,,
bird_1482,Defog-Llama3-SQLCoder-8B,bird,,,
bird_1483,Defog-Llama3-SQLCoder-8B,bird,,,
bird_1484,Defog-Llama3-SQLCoder-8B,bird,,,
bird_1485,Defog-Llama3-SQLCoder-8B,bird,,,
bird_1486,Defog-Llama3-SQLCoder-8B,bird,,,
bird_1487,Defog-Llama3-SQLCoder-8B,bird,,,
bird_1488,Defog-Llama3-SQLCoder-8B,bird,,,
bird_1489,Defog-Llama3-SQLCoder-8B,bird,,,
bird_1490,Defog-Llama3-SQLCoder-8B,bird,,,
bird_1491,Defog-Llama3-SQLCoder-8B,bird,,,
bird_1492,Defog-Llama3-SQLCoder-8B,bird,,,
bird_1493,Defog-Llama3-SQLCoder-8B,bird,,,
bird_1494,Defog-Llama3-SQLCoder-8B,bird,,,
bird_1495,Defog-Llama3-SQLCoder-8B,bird,,,
bird_1496,Defog-Llama3-SQLCoder-8B,bird,,,
bird_1497,Defog-Llama3-SQLCoder-8B,bird,,,
bird_1498,Defog-Llama3-SQLCoder-8B,bird,,,
bird_1499,Defog-Llama3-SQLCoder-8B,bird,,,
bird_1500,Defog-Llama3-SQLCoder-8B,bird,,,
bird_1501,Defog-Llama3-SQLCoder-8B,bird,,,
bird_1502,Defog-Llama3-SQLCoder-8B,bird,,,
bird_1503,Defog-Llama3-SQLCoder-8B,bird,,,
bird_1504,Defog-Llama3-SQLCoder-8B,bird,,,
bird_1505,Defog-Llama3-SQLCoder-8B,bird,,,
bird_1506,Defog-Llama3-SQLCoder-8B,bird,,,
bird_1507,Defog-Llama3-SQLCoder-8B,bird,,,
bird_1508,Defog-Llama3-SQLCoder-8B,bird,,,
bird_1509,Defog-Llama3-SQLCoder-8B,bird,,,
bird_1510,Defog-Llama3-SQLCoder-8B,bird,,,
bird_1511,Defog-Llama3-SQLCoder-8B,bird,,,
bird_1512,Defog-Llama3-SQLCoder-8B,bird,,,
bird_1513,Defog-Llama3-SQLCoder-8B,bird,,,
bird_1514,Defog-Llama3-SQLCoder-8B,bird,,,
bird_1515,Defog-Llama3-SQLCoder-8B,bird,,,
bird_1516,Defog-Llama3-SQLCoder-8B,bird,,,
bird_1517,Defog-Llama3-SQLCoder-8B,bird,,,
bird_1518,Defog-Llama3-SQLCoder-8B,bird,,,
bird_1519,Defog-Llama3-SQLCoder-8B,bird,,,
bird_1520,Defog-Llama3-SQLCoder-8B,bird,,,
bird_1521,Defog-Llama3-SQLCoder-8B,bird,,,
bird_1522,Defog-Llama3-SQLCoder-8B,bird,,,
bird_1523,Defog-Llama3-SQLCoder-8B,bird,,,
bird_1524,Defog-Llama3-SQLCoder-8B,bird,,,
bird_1525,Defog-Llama3-SQLCoder-8B,bird,,,
bird_1526,Defog-Llama3-SQLCoder-8B,bird,,,
bird_1527,Defog-Llama3-SQLCoder-8B,bird,,,
bird_1528,Defog-Llama3-SQLCoder-8B,bird,,,
bird_1529,Defog-Llama3-SQLCoder-8B,bird,,,
bird_1530,Defog-Llama3-SQLCoder-8B,bird,,,
bird_1531,Defog-Llama3-SQLCoder-8B,bird,,,
bird_1532,Defog-Llama3-SQLCoder-8B,bird,,,
bird_1533,Defog-Llama3-SQLCoder-8B,bird,,,
spider_0,Defog-Llama3-SQLCoder-8B,spider,,,
spider_1,Defog-Llama3-SQLCoder-8B,spider,,,
spider_2,Defog-Llama3-SQLCoder-8B,spider,,,
spider_3,Defog-Llama3-SQLCoder-8B,spider,,,
spider_4,Defog-Llama3-SQLCoder-8B,spider,,,
spider_5,Defog-Llama3-SQLCoder-8B,spider,,,
spider_6,Defog-Llama3-SQLCoder-8B,spider,,,
spider_7,Defog-Llama3-SQLCoder-8B,spider,,,
spider_8,Defog-Llama3-SQLCoder-8B,spider,,,
spider_9,Defog-Llama3-SQLCoder-8B,spider,,,
spider_10,Defog-Llama3-SQLCoder-8B,spider,,,
spider_11,Defog-Llama3-SQLCoder-8B,spider,,,
spider_12,Defog-Llama3-SQLCoder-8B,spider,,,
spider_13,Defog-Llama3-SQLCoder-8B,spider,,,
spider_14,Defog-Llama3-SQLCoder-8B,spider,,,
spider_15,Defog-Llama3-SQLCoder-8B,spider,,,
spider_16,Defog-Llama3-SQLCoder-8B,spider,,,
spider_17,Defog-Llama3-SQLCoder-8B,spider,,,
spider_18,Defog-Llama3-SQLCoder-8B,spider,,,
spider_19,Defog-Llama3-SQLCoder-8B,spider,,,
spider_20,Defog-Llama3-SQLCoder-8B,spider,,,
spider_21,Defog-Llama3-SQLCoder-8B,spider,,,
spider_22,Defog-Llama3-SQLCoder-8B,spider,,,
spider_23,Defog-Llama3-SQLCoder-8B,spider,,,
spider_24,Defog-Llama3-SQLCoder-8B,spider,,,
spider_25,Defog-Llama3-SQLCoder-8B,spider,,,
spider_26,Defog-Llama3-SQLCoder-8B,spider,,,
spider_27,Defog-Llama3-SQLCoder-8B,spider,,,
spider_28,Defog-Llama3-SQLCoder-8B,spider,,,
spider_29,Defog-Llama3-SQLCoder-8B,spider,,,
spider_30,Defog-Llama3-SQLCoder-8B,spider,,,
spider_31,Defog-Llama3-SQLCoder-8B,spider,,,
spider_32,Defog-Llama3-SQLCoder-8B,spider,,,
spider_33,Defog-Llama3-SQLCoder-8B,spider,,,
spider_34,Defog-Llama3-SQLCoder-8B,spider,,,
spider_35,Defog-Llama3-SQLCoder-8B,spider,,,
spider_36,Defog-Llama3-SQLCoder-8B,spider,,,
spider_37,Defog-Llama3-SQLCoder-8B,spider,,,
spider_38,Defog-Llama3-SQLCoder-8B,spider,,,
spider_39,Defog-Llama3-SQLCoder-8B,spider,,,
spider_40,Defog-Llama3-SQLCoder-8B,spider,,,
spider_41,Defog-Llama3-SQLCoder-8B,spider,,,
spider_42,Defog-Llama3-SQLCoder-8B,spider,,,
spider_43,Defog-Llama3-SQLCoder-8B,spider,,,
spider_44,Defog-Llama3-SQLCoder-8B,spider,,,
spider_45,Defog-Llama3-SQLCoder-8B,spider,,,
spider_46,Defog-Llama3-SQLCoder-8B,spider,,,
spider_47,Defog-Llama3-SQLCoder-8B,spider,,,
spider_48,Defog-Llama3-SQLCoder-8B,spider,,,
spider_49,Defog-Llama3-SQLCoder-8B,spider,,,
spider_50,Defog-Llama3-SQLCoder-8B,spider,,,
spider_51,Defog-Llama3-SQLCoder-8B,spider,,,
spider_52,Defog-Llama3-SQLCoder-8B,spider,,,
spider_53,Defog-Llama3-SQLCoder-8B,spider,,,
spider_54,Defog-Llama3-SQLCoder-8B,spider,,,
spider_55,Defog-Llama3-SQLCoder-8B,spider,,,
spider_56,Defog-Llama3-SQLCoder-8B,spider,,,
spider_57,Defog-Llama3-SQLCoder-8B,spider,,,
spider_58,Defog-Llama3-SQLCoder-8B,spider,,,
spider_59,Defog-Llama3-SQLCoder-8B,spider,,,
spider_60,Defog-Llama3-SQLCoder-8B,spider,,,
spider_61,Defog-Llama3-SQLCoder-8B,spider,,,
spider_62,Defog-Llama3-SQLCoder-8B,spider,,,
spider_63,Defog-Llama3-SQLCoder-8B,spider,,,
spider_64,Defog-Llama3-SQLCoder-8B,spider,,,
spider_65,Defog-Llama3-SQLCoder-8B,spider,,,
spider_66,Defog-Llama3-SQLCoder-8B,spider,,,
spider_67,Defog-Llama3-SQLCoder-8B,spider,,,
spider_68,Defog-Llama3-SQLCoder-8B,spider,,,
spider_69,Defog-Llama3-SQLCoder-8B,spider,,,
spider_70,Defog-Llama3-SQLCoder-8B,spider,,,
spider_71,Defog-Llama3-SQLCoder-8B,spider,,,
spider_72,Defog-Llama3-SQLCoder-8B,spider,,,
spider_73,Defog-Llama3-SQLCoder-8B,spider,,,
spider_74,Defog-Llama3-SQLCoder-8B,spider,,,
spider_75,Defog-Llama3-SQLCoder-8B,spider,,,
spider_76,Defog-Llama3-SQLCoder-8B,spider,,,
spider_77,Defog-Llama3-SQLCoder-8B,spider,,,
spider_78,Defog-Llama3-SQLCoder-8B,spider,,,
spider_79,Defog-Llama3-SQLCoder-8B,spider,,,
spider_80,Defog-Llama3-SQLCoder-8B,spider,,,
spider_81,Defog-Llama3-SQLCoder-8B,spider,,,
spider_82,Defog-Llama3-SQLCoder-8B,spider,,,
spider_83,Defog-Llama3-SQLCoder-8B,spider,,,
spider_84,Defog-Llama3-SQLCoder-8B,spider,,,
spider_85,Defog-Llama3-SQLCoder-8B,spider,,,
spider_86,Defog-Llama3-SQLCoder-8B,spider,,,
spider_87,Defog-Llama3-SQLCoder-8B,spider,,,
spider_88,Defog-Llama3-SQLCoder-8B,spider,,,
spider_89,Defog-Llama3-SQLCoder-8B,spider,,,
spider_90,Defog-Llama3-SQLCoder-8B,spider,,,
spider_91,Defog-Llama3-SQLCoder-8B,spider,,,
spider_92,Defog-Llama3-SQLCoder-8B,spider,,,
spider_93,Defog-Llama3-SQLCoder-8B,spider,,,
spider_94,Defog-Llama3-SQLCoder-8B,spider,,,
spider_95,Defog-Llama3-SQLCoder-8B,spider,,,
spider_96,Defog-Llama3-SQLCoder-8B,spider,,,
spider_97,Defog-Llama3-SQLCoder-8B,spider,,,
spider_98,Defog-Llama3-SQLCoder-8B,spider,,,
spider_99,Defog-Llama3-SQLCoder-8B,spider,,,
spider_100,Defog-Llama3-SQLCoder-8B,spider,,,
spider_101,Defog-Llama3-SQLCoder-8B,spider,,,
spider_102,Defog-Llama3-SQLCoder-8B,spider,,,
spider_103,Defog-Llama3-SQLCoder-8B,spider,,,
spider_104,Defog-Llama3-SQLCoder-8B,spider,,,
spider_105,Defog-Llama3-SQLCoder-8B,spider,,,
spider_106,Defog-Llama3-SQLCoder-8B,spider,,,
spider_107,Defog-Llama3-SQLCoder-8B,spider,,,
spider_108,Defog-Llama3-SQLCoder-8B,spider,,,
spider_109,Defog-Llama3-SQLCoder-8B,spider,,,
spider_110,Defog-Llama3-SQLCoder-8B,spider,,,
spider_111,Defog-Llama3-SQLCoder-8B,spider,,,
spider_112,Defog-Llama3-SQLCoder-8B,spider,,,
spider_113,Defog-Llama3-SQLCoder-8B,spider,,,
spider_114,Defog-Llama3-SQLCoder-8B,spider,,,
spider_115,Defog-Llama3-SQLCoder-8B,spider,,,
spider_116,Defog-Llama3-SQLCoder-8B,spider,,,
spider_117,Defog-Llama3-SQLCoder-8B,spider,,,
spider_118,Defog-Llama3-SQLCoder-8B,spider,,,
spider_119,Defog-Llama3-SQLCoder-8B,spider,,,
spider_120,Defog-Llama3-SQLCoder-8B,spider,,,
spider_121,Defog-Llama3-SQLCoder-8B,spider,,,
spider_122,Defog-Llama3-SQLCoder-8B,spider,,,
spider_123,Defog-Llama3-SQLCoder-8B,spider,,,
spider_124,Defog-Llama3-SQLCoder-8B,spider,,,
spider_125,Defog-Llama3-SQLCoder-8B,spider,,,
spider_126,Defog-Llama3-SQLCoder-8B,spider,,,
spider_127,Defog-Llama3-SQLCoder-8B,spider,,,
spider_128,Defog-Llama3-SQLCoder-8B,spider,,,
spider_129,Defog-Llama3-SQLCoder-8B,spider,,,
spider_130,Defog-Llama3-SQLCoder-8B,spider,,,
spider_131,Defog-Llama3-SQLCoder-8B,spider,,,
spider_132,Defog-Llama3-SQLCoder-8B,spider,,,
spider_133,Defog-Llama3-SQLCoder-8B,spider,,,
spider_134,Defog-Llama3-SQLCoder-8B,spider,,,
spider_135,Defog-Llama3-SQLCoder-8B,spider,,,
spider_136,Defog-Llama3-SQLCoder-8B,spider,,,
spider_137,Defog-Llama3-SQLCoder-8B,spider,,,
spider_138,Defog-Llama3-SQLCoder-8B,spider,,,
spider_139,Defog-Llama3-SQLCoder-8B,spider,,,
spider_140,Defog-Llama3-SQLCoder-8B,spider,,,
spider_141,Defog-Llama3-SQLCoder-8B,spider,,,
spider_142,Defog-Llama3-SQLCoder-8B,spider,,,
spider_143,Defog-Llama3-SQLCoder-8B,spider,,,
spider_144,Defog-Llama3-SQLCoder-8B,spider,,,
spider_145,Defog-Llama3-SQLCoder-8B,spider,,,
spider_146,Defog-Llama3-SQLCoder-8B,spider,,,
spider_147,Defog-Llama3-SQLCoder-8B,spider,,,
spider_148,Defog-Llama3-SQLCoder-8B,spider,,,
spider_149,Defog-Llama3-SQLCoder-8B,spider,,,
spider_150,Defog-Llama3-SQLCoder-8B,spider,,,
spider_151,Defog-Llama3-SQLCoder-8B,spider,,,
spider_152,Defog-Llama3-SQLCoder-8B,spider,,,
spider_153,Defog-Llama3-SQLCoder-8B,spider,,,
spider_154,Defog-Llama3-SQLCoder-8B,spider,,,
spider_155,Defog-Llama3-SQLCoder-8B,spider,,,
spider_156,Defog-Llama3-SQLCoder-8B,spider,,,
spider_157,Defog-Llama3-SQLCoder-8B,spider,,,
spider_158,Defog-Llama3-SQLCoder-8B,spider,,,
spider_159,Defog-Llama3-SQLCoder-8B,spider,,,
spider_160,Defog-Llama3-SQLCoder-8B,spider,,,
spider_161,Defog-Llama3-SQLCoder-8B,spider,,,
spider_162,Defog-Llama3-SQLCoder-8B,spider,,,
spider_163,Defog-Llama3-SQLCoder-8B,spider,,,
spider_164,Defog-Llama3-SQLCoder-8B,spider,,,
spider_165,Defog-Llama3-SQLCoder-8B,spider,,,
spider_166,Defog-Llama3-SQLCoder-8B,spider,,,
spider_167,Defog-Llama3-SQLCoder-8B,spider,,,
spider_168,Defog-Llama3-SQLCoder-8B,spider,,,
spider_169,Defog-Llama3-SQLCoder-8B,spider,,,
spider_170,Defog-Llama3-SQLCoder-8B,spider,,,
spider_171,Defog-Llama3-SQLCoder-8B,spider,,,
spider_172,Defog-Llama3-SQLCoder-8B,spider,,,
spider_173,Defog-Llama3-SQLCoder-8B,spider,,,
spider_174,Defog-Llama3-SQLCoder-8B,spider,,,
spider_175,Defog-Llama3-SQLCoder-8B,spider,,,
spider_176,Defog-Llama3-SQLCoder-8B,spider,,,
spider_177,Defog-Llama3-SQLCoder-8B,spider,,,
spider_178,Defog-Llama3-SQLCoder-8B,spider,,,
spider_179,Defog-Llama3-SQLCoder-8B,spider,,,
spider_180,Defog-Llama3-SQLCoder-8B,spider,,,
spider_181,Defog-Llama3-SQLCoder-8B,spider,,,
spider_182,Defog-Llama3-SQLCoder-8B,spider,,,
spider_183,Defog-Llama3-SQLCoder-8B,spider,,,
spider_184,Defog-Llama3-SQLCoder-8B,spider,,,
spider_185,Defog-Llama3-SQLCoder-8B,spider,,,
spider_186,Defog-Llama3-SQLCoder-8B,spider,,,
spider_187,Defog-Llama3-SQLCoder-8B,spider,,,
spider_188,Defog-Llama3-SQLCoder-8B,spider,,,
spider_189,Defog-Llama3-SQLCoder-8B,spider,,,
spider_190,Defog-Llama3-SQLCoder-8B,spider,,,
spider_191,Defog-Llama3-SQLCoder-8B,spider,,,
spider_192,Defog-Llama3-SQLCoder-8B,spider,,,
spider_193,Defog-Llama3-SQLCoder-8B,spider,,,
spider_194,Defog-Llama3-SQLCoder-8B,spider,,,
spider_195,Defog-Llama3-SQLCoder-8B,spider,,,
spider_196,Defog-Llama3-SQLCoder-8B,spider,,,
spider_197,Defog-Llama3-SQLCoder-8B,spider,,,
spider_198,Defog-Llama3-SQLCoder-8B,spider,,,
spider_199,Defog-Llama3-SQLCoder-8B,spider,,,
spider_200,Defog-Llama3-SQLCoder-8B,spider,,,
spider_201,Defog-Llama3-SQLCoder-8B,spider,,,
spider_202,Defog-Llama3-SQLCoder-8B,spider,,,
spider_203,Defog-Llama3-SQLCoder-8B,spider,,,
spider_204,Defog-Llama3-SQLCoder-8B,spider,,,
spider_205,Defog-Llama3-SQLCoder-8B,spider,,,
spider_206,Defog-Llama3-SQLCoder-8B,spider,,,
spider_207,Defog-Llama3-SQLCoder-8B,spider,,,
spider_208,Defog-Llama3-SQLCoder-8B,spider,,,
spider_209,Defog-Llama3-SQLCoder-8B,spider,,,
spider_210,Defog-Llama3-SQLCoder-8B,spider,,,
spider_211,Defog-Llama3-SQLCoder-8B,spider,,,
spider_212,Defog-Llama3-SQLCoder-8B,spider,,,
spider_213,Defog-Llama3-SQLCoder-8B,spider,,,
spider_214,Defog-Llama3-SQLCoder-8B,spider,,,
spider_215,Defog-Llama3-SQLCoder-8B,spider,,,
spider_216,Defog-Llama3-SQLCoder-8B,spider,,,
spider_217,Defog-Llama3-SQLCoder-8B,spider,,,
spider_218,Defog-Llama3-SQLCoder-8B,spider,,,
spider_219,Defog-Llama3-SQLCoder-8B,spider,,,
spider_220,Defog-Llama3-SQLCoder-8B,spider,,,
spider_221,Defog-Llama3-SQLCoder-8B,spider,,,
spider_222,Defog-Llama3-SQLCoder-8B,spider,,,
spider_223,Defog-Llama3-SQLCoder-8B,spider,,,
spider_224,Defog-Llama3-SQLCoder-8B,spider,,,
spider_225,Defog-Llama3-SQLCoder-8B,spider,,,
spider_226,Defog-Llama3-SQLCoder-8B,spider,,,
spider_227,Defog-Llama3-SQLCoder-8B,spider,,,
spider_228,Defog-Llama3-SQLCoder-8B,spider,,,
spider_229,Defog-Llama3-SQLCoder-8B,spider,,,
spider_230,Defog-Llama3-SQLCoder-8B,spider,,,
spider_231,Defog-Llama3-SQLCoder-8B,spider,,,
spider_232,Defog-Llama3-SQLCoder-8B,spider,,,
spider_233,Defog-Llama3-SQLCoder-8B,spider,,,
spider_234,Defog-Llama3-SQLCoder-8B,spider,,,
spider_235,Defog-Llama3-SQLCoder-8B,spider,,,
spider_236,Defog-Llama3-SQLCoder-8B,spider,,,
spider_237,Defog-Llama3-SQLCoder-8B,spider,,,
spider_238,Defog-Llama3-SQLCoder-8B,spider,,,
spider_239,Defog-Llama3-SQLCoder-8B,spider,,,
spider_240,Defog-Llama3-SQLCoder-8B,spider,,,
spider_241,Defog-Llama3-SQLCoder-8B,spider,,,
spider_242,Defog-Llama3-SQLCoder-8B,spider,,,
spider_243,Defog-Llama3-SQLCoder-8B,spider,,,
spider_244,Defog-Llama3-SQLCoder-8B,spider,,,
spider_245,Defog-Llama3-SQLCoder-8B,spider,,,
spider_246,Defog-Llama3-SQLCoder-8B,spider,,,
spider_247,Defog-Llama3-SQLCoder-8B,spider,,,
spider_248,Defog-Llama3-SQLCoder-8B,spider,,,
spider_249,Defog-Llama3-SQLCoder-8B,spider,,,
spider_250,Defog-Llama3-SQLCoder-8B,spider,,,
spider_251,Defog-Llama3-SQLCoder-8B,spider,,,
spider_252,Defog-Llama3-SQLCoder-8B,spider,,,
spider_253,Defog-Llama3-SQLCoder-8B,spider,,,
spider_254,Defog-Llama3-SQLCoder-8B,spider,,,
spider_255,Defog-Llama3-SQLCoder-8B,spider,,,
spider_256,Defog-Llama3-SQLCoder-8B,spider,,,
spider_257,Defog-Llama3-SQLCoder-8B,spider,,,
spider_258,Defog-Llama3-SQLCoder-8B,spider,,,
spider_259,Defog-Llama3-SQLCoder-8B,spider,,,
spider_260,Defog-Llama3-SQLCoder-8B,spider,,,
spider_261,Defog-Llama3-SQLCoder-8B,spider,,,
spider_262,Defog-Llama3-SQLCoder-8B,spider,,,
spider_263,Defog-Llama3-SQLCoder-8B,spider,,,
spider_264,Defog-Llama3-SQLCoder-8B,spider,,,
spider_265,Defog-Llama3-SQLCoder-8B,spider,,,
spider_266,Defog-Llama3-SQLCoder-8B,spider,,,
spider_267,Defog-Llama3-SQLCoder-8B,spider,,,
spider_268,Defog-Llama3-SQLCoder-8B,spider,,,
spider_269,Defog-Llama3-SQLCoder-8B,spider,,,
spider_270,Defog-Llama3-SQLCoder-8B,spider,,,
spider_271,Defog-Llama3-SQLCoder-8B,spider,,,
spider_272,Defog-Llama3-SQLCoder-8B,spider,,,
spider_273,Defog-Llama3-SQLCoder-8B,spider,,,
spider_274,Defog-Llama3-SQLCoder-8B,spider,,,
spider_275,Defog-Llama3-SQLCoder-8B,spider,,,
spider_276,Defog-Llama3-SQLCoder-8B,spider,,,
spider_277,Defog-Llama3-SQLCoder-8B,spider,,,
spider_278,Defog-Llama3-SQLCoder-8B,spider,,,
spider_279,Defog-Llama3-SQLCoder-8B,spider,,,
spider_280,Defog-Llama3-SQLCoder-8B,spider,,,
spider_281,Defog-Llama3-SQLCoder-8B,spider,,,
spider_282,Defog-Llama3-SQLCoder-8B,spider,,,
spider_283,Defog-Llama3-SQLCoder-8B,spider,,,
spider_284,Defog-Llama3-SQLCoder-8B,spider,,,
spider_285,Defog-Llama3-SQLCoder-8B,spider,,,
spider_286,Defog-Llama3-SQLCoder-8B,spider,,,
spider_287,Defog-Llama3-SQLCoder-8B,spider,,,
spider_288,Defog-Llama3-SQLCoder-8B,spider,,,
spider_289,Defog-Llama3-SQLCoder-8B,spider,,,
spider_290,Defog-Llama3-SQLCoder-8B,spider,,,
spider_291,Defog-Llama3-SQLCoder-8B,spider,,,
spider_292,Defog-Llama3-SQLCoder-8B,spider,,,
spider_293,Defog-Llama3-SQLCoder-8B,spider,,,
spider_294,Defog-Llama3-SQLCoder-8B,spider,,,
spider_295,Defog-Llama3-SQLCoder-8B,spider,,,
spider_296,Defog-Llama3-SQLCoder-8B,spider,,,
spider_297,Defog-Llama3-SQLCoder-8B,spider,,,
spider_298,Defog-Llama3-SQLCoder-8B,spider,,,
spider_299,Defog-Llama3-SQLCoder-8B,spider,,,
spider_300,Defog-Llama3-SQLCoder-8B,spider,,,
spider_301,Defog-Llama3-SQLCoder-8B,spider,,,
spider_302,Defog-Llama3-SQLCoder-8B,spider,,,
spider_303,Defog-Llama3-SQLCoder-8B,spider,,,
spider_304,Defog-Llama3-SQLCoder-8B,spider,,,
spider_305,Defog-Llama3-SQLCoder-8B,spider,,,
spider_306,Defog-Llama3-SQLCoder-8B,spider,,,
spider_307,Defog-Llama3-SQLCoder-8B,spider,,,
spider_308,Defog-Llama3-SQLCoder-8B,spider,,,
spider_309,Defog-Llama3-SQLCoder-8B,spider,,,
spider_310,Defog-Llama3-SQLCoder-8B,spider,,,
spider_311,Defog-Llama3-SQLCoder-8B,spider,,,
spider_312,Defog-Llama3-SQLCoder-8B,spider,,,
spider_313,Defog-Llama3-SQLCoder-8B,spider,,,
spider_314,Defog-Llama3-SQLCoder-8B,spider,,,
spider_315,Defog-Llama3-SQLCoder-8B,spider,,,
spider_316,Defog-Llama3-SQLCoder-8B,spider,,,
spider_317,Defog-Llama3-SQLCoder-8B,spider,,,
spider_318,Defog-Llama3-SQLCoder-8B,spider,,,
spider_319,Defog-Llama3-SQLCoder-8B,spider,,,
spider_320,Defog-Llama3-SQLCoder-8B,spider,,,
spider_321,Defog-Llama3-SQLCoder-8B,spider,,,
spider_322,Defog-Llama3-SQLCoder-8B,spider,,,
spider_323,Defog-Llama3-SQLCoder-8B,spider,,,
spider_324,Defog-Llama3-SQLCoder-8B,spider,,,
spider_325,Defog-Llama3-SQLCoder-8B,spider,,,
spider_326,Defog-Llama3-SQLCoder-8B,spider,,,
spider_327,Defog-Llama3-SQLCoder-8B,spider,,,
spider_328,Defog-Llama3-SQLCoder-8B,spider,,,
spider_329,Defog-Llama3-SQLCoder-8B,spider,,,
spider_330,Defog-Llama3-SQLCoder-8B,spider,,,
spider_331,Defog-Llama3-SQLCoder-8B,spider,,,
spider_332,Defog-Llama3-SQLCoder-8B,spider,,,
spider_333,Defog-Llama3-SQLCoder-8B,spider,,,
spider_334,Defog-Llama3-SQLCoder-8B,spider,,,
spider_335,Defog-Llama3-SQLCoder-8B,spider,,,
spider_336,Defog-Llama3-SQLCoder-8B,spider,,,
spider_337,Defog-Llama3-SQLCoder-8B,spider,,,
spider_338,Defog-Llama3-SQLCoder-8B,spider,,,
spider_339,Defog-Llama3-SQLCoder-8B,spider,,,
spider_340,Defog-Llama3-SQLCoder-8B,spider,,,
spider_341,Defog-Llama3-SQLCoder-8B,spider,,,
spider_342,Defog-Llama3-SQLCoder-8B,spider,,,
spider_343,Defog-Llama3-SQLCoder-8B,spider,,,
spider_344,Defog-Llama3-SQLCoder-8B,spider,,,
spider_345,Defog-Llama3-SQLCoder-8B,spider,,,
spider_346,Defog-Llama3-SQLCoder-8B,spider,,,
spider_347,Defog-Llama3-SQLCoder-8B,spider,,,
spider_348,Defog-Llama3-SQLCoder-8B,spider,,,
spider_349,Defog-Llama3-SQLCoder-8B,spider,,,
spider_350,Defog-Llama3-SQLCoder-8B,spider,,,
spider_351,Defog-Llama3-SQLCoder-8B,spider,,,
spider_352,Defog-Llama3-SQLCoder-8B,spider,,,
spider_353,Defog-Llama3-SQLCoder-8B,spider,,,
spider_354,Defog-Llama3-SQLCoder-8B,spider,,,
spider_355,Defog-Llama3-SQLCoder-8B,spider,,,
spider_356,Defog-Llama3-SQLCoder-8B,spider,,,
spider_357,Defog-Llama3-SQLCoder-8B,spider,,,
spider_358,Defog-Llama3-SQLCoder-8B,spider,,,
spider_359,Defog-Llama3-SQLCoder-8B,spider,,,
spider_360,Defog-Llama3-SQLCoder-8B,spider,,,
spider_361,Defog-Llama3-SQLCoder-8B,spider,,,
spider_362,Defog-Llama3-SQLCoder-8B,spider,,,
spider_363,Defog-Llama3-SQLCoder-8B,spider,,,
spider_364,Defog-Llama3-SQLCoder-8B,spider,,,
spider_365,Defog-Llama3-SQLCoder-8B,spider,,,
spider_366,Defog-Llama3-SQLCoder-8B,spider,,,
spider_367,Defog-Llama3-SQLCoder-8B,spider,,,
spider_368,Defog-Llama3-SQLCoder-8B,spider,,,
spider_369,Defog-Llama3-SQLCoder-8B,spider,,,
spider_370,Defog-Llama3-SQLCoder-8B,spider,,,
spider_371,Defog-Llama3-SQLCoder-8B,spider,,,
spider_372,Defog-Llama3-SQLCoder-8B,spider,,,
spider_373,Defog-Llama3-SQLCoder-8B,spider,,,
spider_374,Defog-Llama3-SQLCoder-8B,spider,,,
spider_375,Defog-Llama3-SQLCoder-8B,spider,,,
spider_376,Defog-Llama3-SQLCoder-8B,spider,,,
spider_377,Defog-Llama3-SQLCoder-8B,spider,,,
spider_378,Defog-Llama3-SQLCoder-8B,spider,,,
spider_379,Defog-Llama3-SQLCoder-8B,spider,,,
spider_380,Defog-Llama3-SQLCoder-8B,spider,,,
spider_381,Defog-Llama3-SQLCoder-8B,spider,,,
spider_382,Defog-Llama3-SQLCoder-8B,spider,,,
spider_383,Defog-Llama3-SQLCoder-8B,spider,,,
spider_384,Defog-Llama3-SQLCoder-8B,spider,,,
spider_385,Defog-Llama3-SQLCoder-8B,spider,,,
spider_386,Defog-Llama3-SQLCoder-8B,spider,,,
spider_387,Defog-Llama3-SQLCoder-8B,spider,,,
spider_388,Defog-Llama3-SQLCoder-8B,spider,,,
spider_389,Defog-Llama3-SQLCoder-8B,spider,,,
spider_390,Defog-Llama3-SQLCoder-8B,spider,,,
spider_391,Defog-Llama3-SQLCoder-8B,spider,,,
spider_392,Defog-Llama3-SQLCoder-8B,spider,,,
spider_393,Defog-Llama3-SQLCoder-8B,spider,,,
spider_394,Defog-Llama3-SQLCoder-8B,spider,,,
spider_395,Defog-Llama3-SQLCoder-8B,spider,,,
spider_396,Defog-Llama3-SQLCoder-8B,spider,,,
spider_397,Defog-Llama3-SQLCoder-8B,spider,,,
spider_398,Defog-Llama3-SQLCoder-8B,spider,,,
spider_399,Defog-Llama3-SQLCoder-8B,spider,,,
spider_400,Defog-Llama3-SQLCoder-8B,spider,,,
spider_401,Defog-Llama3-SQLCoder-8B,spider,,,
spider_402,Defog-Llama3-SQLCoder-8B,spider,,,
spider_403,Defog-Llama3-SQLCoder-8B,spider,,,
spider_404,Defog-Llama3-SQLCoder-8B,spider,,,
spider_405,Defog-Llama3-SQLCoder-8B,spider,,,
spider_406,Defog-Llama3-SQLCoder-8B,spider,,,
spider_407,Defog-Llama3-SQLCoder-8B,spider,,,
spider_408,Defog-Llama3-SQLCoder-8B,spider,,,
spider_409,Defog-Llama3-SQLCoder-8B,spider,,,
spider_410,Defog-Llama3-SQLCoder-8B,spider,,,
spider_411,Defog-Llama3-SQLCoder-8B,spider,,,
spider_412,Defog-Llama3-SQLCoder-8B,spider,,,
spider_413,Defog-Llama3-SQLCoder-8B,spider,,,
spider_414,Defog-Llama3-SQLCoder-8B,spider,,,
spider_415,Defog-Llama3-SQLCoder-8B,spider,,,
spider_416,Defog-Llama3-SQLCoder-8B,spider,,,
spider_417,Defog-Llama3-SQLCoder-8B,spider,,,
spider_418,Defog-Llama3-SQLCoder-8B,spider,,,
spider_419,Defog-Llama3-SQLCoder-8B,spider,,,
spider_420,Defog-Llama3-SQLCoder-8B,spider,,,
spider_421,Defog-Llama3-SQLCoder-8B,spider,,,
spider_422,Defog-Llama3-SQLCoder-8B,spider,,,
spider_423,Defog-Llama3-SQLCoder-8B,spider,,,
spider_424,Defog-Llama3-SQLCoder-8B,spider,,,
spider_425,Defog-Llama3-SQLCoder-8B,spider,,,
spider_426,Defog-Llama3-SQLCoder-8B,spider,,,
spider_427,Defog-Llama3-SQLCoder-8B,spider,,,
spider_428,Defog-Llama3-SQLCoder-8B,spider,,,
spider_429,Defog-Llama3-SQLCoder-8B,spider,,,
spider_430,Defog-Llama3-SQLCoder-8B,spider,,,
spider_431,Defog-Llama3-SQLCoder-8B,spider,,,
spider_432,Defog-Llama3-SQLCoder-8B,spider,,,
spider_433,Defog-Llama3-SQLCoder-8B,spider,,,
spider_434,Defog-Llama3-SQLCoder-8B,spider,,,
spider_435,Defog-Llama3-SQLCoder-8B,spider,,,
spider_436,Defog-Llama3-SQLCoder-8B,spider,,,
spider_437,Defog-Llama3-SQLCoder-8B,spider,,,
spider_438,Defog-Llama3-SQLCoder-8B,spider,,,
spider_439,Defog-Llama3-SQLCoder-8B,spider,,,
spider_440,Defog-Llama3-SQLCoder-8B,spider,,,
spider_441,Defog-Llama3-SQLCoder-8B,spider,,,
spider_442,Defog-Llama3-SQLCoder-8B,spider,,,
spider_443,Defog-Llama3-SQLCoder-8B,spider,,,
spider_444,Defog-Llama3-SQLCoder-8B,spider,,,
spider_445,Defog-Llama3-SQLCoder-8B,spider,,,
spider_446,Defog-Llama3-SQLCoder-8B,spider,,,
spider_447,Defog-Llama3-SQLCoder-8B,spider,,,
spider_448,Defog-Llama3-SQLCoder-8B,spider,,,
spider_449,Defog-Llama3-SQLCoder-8B,spider,,,
spider_450,Defog-Llama3-SQLCoder-8B,spider,,,
spider_451,Defog-Llama3-SQLCoder-8B,spider,,,
spider_452,Defog-Llama3-SQLCoder-8B,spider,,,
spider_453,Defog-Llama3-SQLCoder-8B,spider,,,
spider_454,Defog-Llama3-SQLCoder-8B,spider,,,
spider_455,Defog-Llama3-SQLCoder-8B,spider,,,
spider_456,Defog-Llama3-SQLCoder-8B,spider,,,
spider_457,Defog-Llama3-SQLCoder-8B,spider,,,
spider_458,Defog-Llama3-SQLCoder-8B,spider,,,
spider_459,Defog-Llama3-SQLCoder-8B,spider,,,
spider_460,Defog-Llama3-SQLCoder-8B,spider,,,
spider_461,Defog-Llama3-SQLCoder-8B,spider,,,
spider_462,Defog-Llama3-SQLCoder-8B,spider,,,
spider_463,Defog-Llama3-SQLCoder-8B,spider,,,
spider_464,Defog-Llama3-SQLCoder-8B,spider,,,
spider_465,Defog-Llama3-SQLCoder-8B,spider,,,
spider_466,Defog-Llama3-SQLCoder-8B,spider,,,
spider_467,Defog-Llama3-SQLCoder-8B,spider,,,
spider_468,Defog-Llama3-SQLCoder-8B,spider,,,
spider_469,Defog-Llama3-SQLCoder-8B,spider,,,
spider_470,Defog-Llama3-SQLCoder-8B,spider,,,
spider_471,Defog-Llama3-SQLCoder-8B,spider,,,
spider_472,Defog-Llama3-SQLCoder-8B,spider,,,
spider_473,Defog-Llama3-SQLCoder-8B,spider,,,
spider_474,Defog-Llama3-SQLCoder-8B,spider,,,
spider_475,Defog-Llama3-SQLCoder-8B,spider,,,
spider_476,Defog-Llama3-SQLCoder-8B,spider,,,
spider_477,Defog-Llama3-SQLCoder-8B,spider,,,
spider_478,Defog-Llama3-SQLCoder-8B,spider,,,
spider_479,Defog-Llama3-SQLCoder-8B,spider,,,
spider_480,Defog-Llama3-SQLCoder-8B,spider,,,
spider_481,Defog-Llama3-SQLCoder-8B,spider,,,
spider_482,Defog-Llama3-SQLCoder-8B,spider,,,
spider_483,Defog-Llama3-SQLCoder-8B,spider,,,
spider_484,Defog-Llama3-SQLCoder-8B,spider,,,
spider_485,Defog-Llama3-SQLCoder-8B,spider,,,
spider_486,Defog-Llama3-SQLCoder-8B,spider,,,
spider_487,Defog-Llama3-SQLCoder-8B,spider,,,
spider_488,Defog-Llama3-SQLCoder-8B,spider,,,
spider_489,Defog-Llama3-SQLCoder-8B,spider,,,
spider_490,Defog-Llama3-SQLCoder-8B,spider,,,
spider_491,Defog-Llama3-SQLCoder-8B,spider,,,
spider_492,Defog-Llama3-SQLCoder-8B,spider,,,
spider_493,Defog-Llama3-SQLCoder-8B,spider,,,
spider_494,Defog-Llama3-SQLCoder-8B,spider,,,
spider_495,Defog-Llama3-SQLCoder-8B,spider,,,
spider_496,Defog-Llama3-SQLCoder-8B,spider,,,
spider_497,Defog-Llama3-SQLCoder-8B,spider,,,
spider_498,Defog-Llama3-SQLCoder-8B,spider,,,
spider_499,Defog-Llama3-SQLCoder-8B,spider,,,
spider_500,Defog-Llama3-SQLCoder-8B,spider,,,
spider_501,Defog-Llama3-SQLCoder-8B,spider,,,
spider_502,Defog-Llama3-SQLCoder-8B,spider,,,
spider_503,Defog-Llama3-SQLCoder-8B,spider,,,
spider_504,Defog-Llama3-SQLCoder-8B,spider,,,
spider_505,Defog-Llama3-SQLCoder-8B,spider,,,
spider_506,Defog-Llama3-SQLCoder-8B,spider,,,
spider_507,Defog-Llama3-SQLCoder-8B,spider,,,
spider_508,Defog-Llama3-SQLCoder-8B,spider,,,
spider_509,Defog-Llama3-SQLCoder-8B,spider,,,
spider_510,Defog-Llama3-SQLCoder-8B,spider,,,
spider_511,Defog-Llama3-SQLCoder-8B,spider,,,
spider_512,Defog-Llama3-SQLCoder-8B,spider,,,
spider_513,Defog-Llama3-SQLCoder-8B,spider,,,
spider_514,Defog-Llama3-SQLCoder-8B,spider,,,
spider_515,Defog-Llama3-SQLCoder-8B,spider,,,
spider_516,Defog-Llama3-SQLCoder-8B,spider,,,
spider_517,Defog-Llama3-SQLCoder-8B,spider,,,
spider_518,Defog-Llama3-SQLCoder-8B,spider,,,
spider_519,Defog-Llama3-SQLCoder-8B,spider,,,
spider_520,Defog-Llama3-SQLCoder-8B,spider,,,
spider_521,Defog-Llama3-SQLCoder-8B,spider,,,
spider_522,Defog-Llama3-SQLCoder-8B,spider,,,
spider_523,Defog-Llama3-SQLCoder-8B,spider,,,
spider_524,Defog-Llama3-SQLCoder-8B,spider,,,
spider_525,Defog-Llama3-SQLCoder-8B,spider,,,
spider_526,Defog-Llama3-SQLCoder-8B,spider,,,
spider_527,Defog-Llama3-SQLCoder-8B,spider,,,
spider_528,Defog-Llama3-SQLCoder-8B,spider,,,
spider_529,Defog-Llama3-SQLCoder-8B,spider,,,
spider_530,Defog-Llama3-SQLCoder-8B,spider,,,
spider_531,Defog-Llama3-SQLCoder-8B,spider,,,
spider_532,Defog-Llama3-SQLCoder-8B,spider,,,
spider_533,Defog-Llama3-SQLCoder-8B,spider,,,
spider_534,Defog-Llama3-SQLCoder-8B,spider,,,
spider_535,Defog-Llama3-SQLCoder-8B,spider,,,
spider_536,Defog-Llama3-SQLCoder-8B,spider,,,
spider_537,Defog-Llama3-SQLCoder-8B,spider,,,
spider_538,Defog-Llama3-SQLCoder-8B,spider,,,
spider_539,Defog-Llama3-SQLCoder-8B,spider,,,
spider_540,Defog-Llama3-SQLCoder-8B,spider,,,
spider_541,Defog-Llama3-SQLCoder-8B,spider,,,
spider_542,Defog-Llama3-SQLCoder-8B,spider,,,
spider_543,Defog-Llama3-SQLCoder-8B,spider,,,
spider_544,Defog-Llama3-SQLCoder-8B,spider,,,
spider_545,Defog-Llama3-SQLCoder-8B,spider,,,
spider_546,Defog-Llama3-SQLCoder-8B,spider,,,
spider_547,Defog-Llama3-SQLCoder-8B,spider,,,
spider_548,Defog-Llama3-SQLCoder-8B,spider,,,
spider_549,Defog-Llama3-SQLCoder-8B,spider,,,
spider_550,Defog-Llama3-SQLCoder-8B,spider,,,
spider_551,Defog-Llama3-SQLCoder-8B,spider,,,
spider_552,Defog-Llama3-SQLCoder-8B,spider,,,
spider_553,Defog-Llama3-SQLCoder-8B,spider,,,
spider_554,Defog-Llama3-SQLCoder-8B,spider,,,
spider_555,Defog-Llama3-SQLCoder-8B,spider,,,
spider_556,Defog-Llama3-SQLCoder-8B,spider,,,
spider_557,Defog-Llama3-SQLCoder-8B,spider,,,
spider_558,Defog-Llama3-SQLCoder-8B,spider,,,
spider_559,Defog-Llama3-SQLCoder-8B,spider,,,
spider_560,Defog-Llama3-SQLCoder-8B,spider,,,
spider_561,Defog-Llama3-SQLCoder-8B,spider,,,
spider_562,Defog-Llama3-SQLCoder-8B,spider,,,
spider_563,Defog-Llama3-SQLCoder-8B,spider,,,
spider_564,Defog-Llama3-SQLCoder-8B,spider,,,
spider_565,Defog-Llama3-SQLCoder-8B,spider,,,
spider_566,Defog-Llama3-SQLCoder-8B,spider,,,
spider_567,Defog-Llama3-SQLCoder-8B,spider,,,
spider_568,Defog-Llama3-SQLCoder-8B,spider,,,
spider_569,Defog-Llama3-SQLCoder-8B,spider,,,
spider_570,Defog-Llama3-SQLCoder-8B,spider,,,
spider_571,Defog-Llama3-SQLCoder-8B,spider,,,
spider_572,Defog-Llama3-SQLCoder-8B,spider,,,
spider_573,Defog-Llama3-SQLCoder-8B,spider,,,
spider_574,Defog-Llama3-SQLCoder-8B,spider,,,
spider_575,Defog-Llama3-SQLCoder-8B,spider,,,
spider_576,Defog-Llama3-SQLCoder-8B,spider,,,
spider_577,Defog-Llama3-SQLCoder-8B,spider,,,
spider_578,Defog-Llama3-SQLCoder-8B,spider,,,
spider_579,Defog-Llama3-SQLCoder-8B,spider,,,
spider_580,Defog-Llama3-SQLCoder-8B,spider,,,
spider_581,Defog-Llama3-SQLCoder-8B,spider,,,
spider_582,Defog-Llama3-SQLCoder-8B,spider,,,
spider_583,Defog-Llama3-SQLCoder-8B,spider,,,
spider_584,Defog-Llama3-SQLCoder-8B,spider,,,
spider_585,Defog-Llama3-SQLCoder-8B,spider,,,
spider_586,Defog-Llama3-SQLCoder-8B,spider,,,
spider_587,Defog-Llama3-SQLCoder-8B,spider,,,
spider_588,Defog-Llama3-SQLCoder-8B,spider,,,
spider_589,Defog-Llama3-SQLCoder-8B,spider,,,
spider_590,Defog-Llama3-SQLCoder-8B,spider,,,
spider_591,Defog-Llama3-SQLCoder-8B,spider,,,
spider_592,Defog-Llama3-SQLCoder-8B,spider,,,
spider_593,Defog-Llama3-SQLCoder-8B,spider,,,
spider_594,Defog-Llama3-SQLCoder-8B,spider,,,
spider_595,Defog-Llama3-SQLCoder-8B,spider,,,
spider_596,Defog-Llama3-SQLCoder-8B,spider,,,
spider_597,Defog-Llama3-SQLCoder-8B,spider,,,
spider_598,Defog-Llama3-SQLCoder-8B,spider,,,
spider_599,Defog-Llama3-SQLCoder-8B,spider,,,
spider_600,Defog-Llama3-SQLCoder-8B,spider,,,
spider_601,Defog-Llama3-SQLCoder-8B,spider,,,
spider_602,Defog-Llama3-SQLCoder-8B,spider,,,
spider_603,Defog-Llama3-SQLCoder-8B,spider,,,
spider_604,Defog-Llama3-SQLCoder-8B,spider,,,
spider_605,Defog-Llama3-SQLCoder-8B,spider,,,
spider_606,Defog-Llama3-SQLCoder-8B,spider,,,
spider_607,Defog-Llama3-SQLCoder-8B,spider,,,
spider_608,Defog-Llama3-SQLCoder-8B,spider,,,
spider_609,Defog-Llama3-SQLCoder-8B,spider,,,
spider_610,Defog-Llama3-SQLCoder-8B,spider,,,
spider_611,Defog-Llama3-SQLCoder-8B,spider,,,
spider_612,Defog-Llama3-SQLCoder-8B,spider,,,
spider_613,Defog-Llama3-SQLCoder-8B,spider,,,
spider_614,Defog-Llama3-SQLCoder-8B,spider,,,
spider_615,Defog-Llama3-SQLCoder-8B,spider,,,
spider_616,Defog-Llama3-SQLCoder-8B,spider,,,
spider_617,Defog-Llama3-SQLCoder-8B,spider,,,
spider_618,Defog-Llama3-SQLCoder-8B,spider,,,
spider_619,Defog-Llama3-SQLCoder-8B,spider,,,
spider_620,Defog-Llama3-SQLCoder-8B,spider,,,
spider_621,Defog-Llama3-SQLCoder-8B,spider,,,
spider_622,Defog-Llama3-SQLCoder-8B,spider,,,
spider_623,Defog-Llama3-SQLCoder-8B,spider,,,
spider_624,Defog-Llama3-SQLCoder-8B,spider,,,
spider_625,Defog-Llama3-SQLCoder-8B,spider,,,
spider_626,Defog-Llama3-SQLCoder-8B,spider,,,
spider_627,Defog-Llama3-SQLCoder-8B,spider,,,
spider_628,Defog-Llama3-SQLCoder-8B,spider,,,
spider_629,Defog-Llama3-SQLCoder-8B,spider,,,
spider_630,Defog-Llama3-SQLCoder-8B,spider,,,
spider_631,Defog-Llama3-SQLCoder-8B,spider,,,
spider_632,Defog-Llama3-SQLCoder-8B,spider,,,
spider_633,Defog-Llama3-SQLCoder-8B,spider,,,
spider_634,Defog-Llama3-SQLCoder-8B,spider,,,
spider_635,Defog-Llama3-SQLCoder-8B,spider,,,
spider_636,Defog-Llama3-SQLCoder-8B,spider,,,
spider_637,Defog-Llama3-SQLCoder-8B,spider,,,
spider_638,Defog-Llama3-SQLCoder-8B,spider,,,
spider_639,Defog-Llama3-SQLCoder-8B,spider,,,
spider_640,Defog-Llama3-SQLCoder-8B,spider,,,
spider_641,Defog-Llama3-SQLCoder-8B,spider,,,
spider_642,Defog-Llama3-SQLCoder-8B,spider,,,
spider_643,Defog-Llama3-SQLCoder-8B,spider,,,
spider_644,Defog-Llama3-SQLCoder-8B,spider,,,
spider_645,Defog-Llama3-SQLCoder-8B,spider,,,
spider_646,Defog-Llama3-SQLCoder-8B,spider,,,
spider_647,Defog-Llama3-SQLCoder-8B,spider,,,
spider_648,Defog-Llama3-SQLCoder-8B,spider,,,
spider_649,Defog-Llama3-SQLCoder-8B,spider,,,
spider_650,Defog-Llama3-SQLCoder-8B,spider,,,
spider_651,Defog-Llama3-SQLCoder-8B,spider,,,
spider_652,Defog-Llama3-SQLCoder-8B,spider,,,
spider_653,Defog-Llama3-SQLCoder-8B,spider,,,
spider_654,Defog-Llama3-SQLCoder-8B,spider,,,
spider_655,Defog-Llama3-SQLCoder-8B,spider,,,
spider_656,Defog-Llama3-SQLCoder-8B,spider,,,
spider_657,Defog-Llama3-SQLCoder-8B,spider,,,
spider_658,Defog-Llama3-SQLCoder-8B,spider,,,
spider_659,Defog-Llama3-SQLCoder-8B,spider,,,
spider_660,Defog-Llama3-SQLCoder-8B,spider,,,
spider_661,Defog-Llama3-SQLCoder-8B,spider,,,
spider_662,Defog-Llama3-SQLCoder-8B,spider,,,
spider_663,Defog-Llama3-SQLCoder-8B,spider,,,
spider_664,Defog-Llama3-SQLCoder-8B,spider,,,
spider_665,Defog-Llama3-SQLCoder-8B,spider,,,
spider_666,Defog-Llama3-SQLCoder-8B,spider,,,
spider_667,Defog-Llama3-SQLCoder-8B,spider,,,
spider_668,Defog-Llama3-SQLCoder-8B,spider,,,
spider_669,Defog-Llama3-SQLCoder-8B,spider,,,
spider_670,Defog-Llama3-SQLCoder-8B,spider,,,
spider_671,Defog-Llama3-SQLCoder-8B,spider,,,
spider_672,Defog-Llama3-SQLCoder-8B,spider,,,
spider_673,Defog-Llama3-SQLCoder-8B,spider,,,
spider_674,Defog-Llama3-SQLCoder-8B,spider,,,
spider_675,Defog-Llama3-SQLCoder-8B,spider,,,
spider_676,Defog-Llama3-SQLCoder-8B,spider,,,
spider_677,Defog-Llama3-SQLCoder-8B,spider,,,
spider_678,Defog-Llama3-SQLCoder-8B,spider,,,
spider_679,Defog-Llama3-SQLCoder-8B,spider,,,
spider_680,Defog-Llama3-SQLCoder-8B,spider,,,
spider_681,Defog-Llama3-SQLCoder-8B,spider,,,
spider_682,Defog-Llama3-SQLCoder-8B,spider,,,
spider_683,Defog-Llama3-SQLCoder-8B,spider,,,
spider_684,Defog-Llama3-SQLCoder-8B,spider,,,
spider_685,Defog-Llama3-SQLCoder-8B,spider,,,
spider_686,Defog-Llama3-SQLCoder-8B,spider,,,
spider_687,Defog-Llama3-SQLCoder-8B,spider,,,
spider_688,Defog-Llama3-SQLCoder-8B,spider,,,
spider_689,Defog-Llama3-SQLCoder-8B,spider,,,
spider_690,Defog-Llama3-SQLCoder-8B,spider,,,
spider_691,Defog-Llama3-SQLCoder-8B,spider,,,
spider_692,Defog-Llama3-SQLCoder-8B,spider,,,
spider_693,Defog-Llama3-SQLCoder-8B,spider,,,
spider_694,Defog-Llama3-SQLCoder-8B,spider,,,
spider_695,Defog-Llama3-SQLCoder-8B,spider,,,
spider_696,Defog-Llama3-SQLCoder-8B,spider,,,
spider_697,Defog-Llama3-SQLCoder-8B,spider,,,
spider_698,Defog-Llama3-SQLCoder-8B,spider,,,
spider_699,Defog-Llama3-SQLCoder-8B,spider,,,
spider_700,Defog-Llama3-SQLCoder-8B,spider,,,
spider_701,Defog-Llama3-SQLCoder-8B,spider,,,
spider_702,Defog-Llama3-SQLCoder-8B,spider,,,
spider_703,Defog-Llama3-SQLCoder-8B,spider,,,
spider_704,Defog-Llama3-SQLCoder-8B,spider,,,
spider_705,Defog-Llama3-SQLCoder-8B,spider,,,
spider_706,Defog-Llama3-SQLCoder-8B,spider,,,
spider_707,Defog-Llama3-SQLCoder-8B,spider,,,
spider_708,Defog-Llama3-SQLCoder-8B,spider,,,
spider_709,Defog-Llama3-SQLCoder-8B,spider,,,
spider_710,Defog-Llama3-SQLCoder-8B,spider,,,
spider_711,Defog-Llama3-SQLCoder-8B,spider,,,
spider_712,Defog-Llama3-SQLCoder-8B,spider,,,
spider_713,Defog-Llama3-SQLCoder-8B,spider,,,
spider_714,Defog-Llama3-SQLCoder-8B,spider,,,
spider_715,Defog-Llama3-SQLCoder-8B,spider,,,
spider_716,Defog-Llama3-SQLCoder-8B,spider,,,
spider_717,Defog-Llama3-SQLCoder-8B,spider,,,
spider_718,Defog-Llama3-SQLCoder-8B,spider,,,
spider_719,Defog-Llama3-SQLCoder-8B,spider,,,
spider_720,Defog-Llama3-SQLCoder-8B,spider,,,
spider_721,Defog-Llama3-SQLCoder-8B,spider,,,
spider_722,Defog-Llama3-SQLCoder-8B,spider,,,
spider_723,Defog-Llama3-SQLCoder-8B,spider,,,
spider_724,Defog-Llama3-SQLCoder-8B,spider,,,
spider_725,Defog-Llama3-SQLCoder-8B,spider,,,
spider_726,Defog-Llama3-SQLCoder-8B,spider,,,
spider_727,Defog-Llama3-SQLCoder-8B,spider,,,
spider_728,Defog-Llama3-SQLCoder-8B,spider,,,
spider_729,Defog-Llama3-SQLCoder-8B,spider,,,
spider_730,Defog-Llama3-SQLCoder-8B,spider,,,
spider_731,Defog-Llama3-SQLCoder-8B,spider,,,
spider_732,Defog-Llama3-SQLCoder-8B,spider,,,
spider_733,Defog-Llama3-SQLCoder-8B,spider,,,
spider_734,Defog-Llama3-SQLCoder-8B,spider,,,
spider_735,Defog-Llama3-SQLCoder-8B,spider,,,
spider_736,Defog-Llama3-SQLCoder-8B,spider,,,
spider_737,Defog-Llama3-SQLCoder-8B,spider,,,
spider_738,Defog-Llama3-SQLCoder-8B,spider,,,
spider_739,Defog-Llama3-SQLCoder-8B,spider,,,
spider_740,Defog-Llama3-SQLCoder-8B,spider,,,
spider_741,Defog-Llama3-SQLCoder-8B,spider,,,
spider_742,Defog-Llama3-SQLCoder-8B,spider,,,
spider_743,Defog-Llama3-SQLCoder-8B,spider,,,
spider_744,Defog-Llama3-SQLCoder-8B,spider,,,
spider_745,Defog-Llama3-SQLCoder-8B,spider,,,
spider_746,Defog-Llama3-SQLCoder-8B,spider,,,
spider_747,Defog-Llama3-SQLCoder-8B,spider,,,
spider_748,Defog-Llama3-SQLCoder-8B,spider,,,
spider_749,Defog-Llama3-SQLCoder-8B,spider,,,
spider_750,Defog-Llama3-SQLCoder-8B,spider,,,
spider_751,Defog-Llama3-SQLCoder-8B,spider,,,
spider_752,Defog-Llama3-SQLCoder-8B,spider,,,
spider_753,Defog-Llama3-SQLCoder-8B,spider,,,
spider_754,Defog-Llama3-SQLCoder-8B,spider,,,
spider_755,Defog-Llama3-SQLCoder-8B,spider,,,
spider_756,Defog-Llama3-SQLCoder-8B,spider,,,
spider_757,Defog-Llama3-SQLCoder-8B,spider,,,
spider_758,Defog-Llama3-SQLCoder-8B,spider,,,
spider_759,Defog-Llama3-SQLCoder-8B,spider,,,
spider_760,Defog-Llama3-SQLCoder-8B,spider,,,
spider_761,Defog-Llama3-SQLCoder-8B,spider,,,
spider_762,Defog-Llama3-SQLCoder-8B,spider,,,
spider_763,Defog-Llama3-SQLCoder-8B,spider,,,
spider_764,Defog-Llama3-SQLCoder-8B,spider,,,
spider_765,Defog-Llama3-SQLCoder-8B,spider,,,
spider_766,Defog-Llama3-SQLCoder-8B,spider,,,
spider_767,Defog-Llama3-SQLCoder-8B,spider,,,
spider_768,Defog-Llama3-SQLCoder-8B,spider,,,
spider_769,Defog-Llama3-SQLCoder-8B,spider,,,
spider_770,Defog-Llama3-SQLCoder-8B,spider,,,
spider_771,Defog-Llama3-SQLCoder-8B,spider,,,
spider_772,Defog-Llama3-SQLCoder-8B,spider,,,
spider_773,Defog-Llama3-SQLCoder-8B,spider,,,
spider_774,Defog-Llama3-SQLCoder-8B,spider,,,
spider_775,Defog-Llama3-SQLCoder-8B,spider,,,
spider_776,Defog-Llama3-SQLCoder-8B,spider,,,
spider_777,Defog-Llama3-SQLCoder-8B,spider,,,
spider_778,Defog-Llama3-SQLCoder-8B,spider,,,
spider_779,Defog-Llama3-SQLCoder-8B,spider,,,
spider_780,Defog-Llama3-SQLCoder-8B,spider,,,
spider_781,Defog-Llama3-SQLCoder-8B,spider,,,
spider_782,Defog-Llama3-SQLCoder-8B,spider,,,
spider_783,Defog-Llama3-SQLCoder-8B,spider,,,
spider_784,Defog-Llama3-SQLCoder-8B,spider,,,
spider_785,Defog-Llama3-SQLCoder-8B,spider,,,
spider_786,Defog-Llama3-SQLCoder-8B,spider,,,
spider_787,Defog-Llama3-SQLCoder-8B,spider,,,
spider_788,Defog-Llama3-SQLCoder-8B,spider,,,
spider_789,Defog-Llama3-SQLCoder-8B,spider,,,
spider_790,Defog-Llama3-SQLCoder-8B,spider,,,
spider_791,Defog-Llama3-SQLCoder-8B,spider,,,
spider_792,Defog-Llama3-SQLCoder-8B,spider,,,
spider_793,Defog-Llama3-SQLCoder-8B,spider,,,
spider_794,Defog-Llama3-SQLCoder-8B,spider,,,
spider_795,Defog-Llama3-SQLCoder-8B,spider,,,
spider_796,Defog-Llama3-SQLCoder-8B,spider,,,
spider_797,Defog-Llama3-SQLCoder-8B,spider,,,
spider_798,Defog-Llama3-SQLCoder-8B,spider,,,
spider_799,Defog-Llama3-SQLCoder-8B,spider,,,
spider_800,Defog-Llama3-SQLCoder-8B,spider,,,
spider_801,Defog-Llama3-SQLCoder-8B,spider,,,
spider_802,Defog-Llama3-SQLCoder-8B,spider,,,
spider_803,Defog-Llama3-SQLCoder-8B,spider,,,
spider_804,Defog-Llama3-SQLCoder-8B,spider,,,
spider_805,Defog-Llama3-SQLCoder-8B,spider,,,
spider_806,Defog-Llama3-SQLCoder-8B,spider,,,
spider_807,Defog-Llama3-SQLCoder-8B,spider,,,
spider_808,Defog-Llama3-SQLCoder-8B,spider,,,
spider_809,Defog-Llama3-SQLCoder-8B,spider,,,
spider_810,Defog-Llama3-SQLCoder-8B,spider,,,
spider_811,Defog-Llama3-SQLCoder-8B,spider,,,
spider_812,Defog-Llama3-SQLCoder-8B,spider,,,
spider_813,Defog-Llama3-SQLCoder-8B,spider,,,
spider_814,Defog-Llama3-SQLCoder-8B,spider,,,
spider_815,Defog-Llama3-SQLCoder-8B,spider,,,
spider_816,Defog-Llama3-SQLCoder-8B,spider,,,
spider_817,Defog-Llama3-SQLCoder-8B,spider,,,
spider_818,Defog-Llama3-SQLCoder-8B,spider,,,
spider_819,Defog-Llama3-SQLCoder-8B,spider,,,
spider_820,Defog-Llama3-SQLCoder-8B,spider,,,
spider_821,Defog-Llama3-SQLCoder-8B,spider,,,
spider_822,Defog-Llama3-SQLCoder-8B,spider,,,
spider_823,Defog-Llama3-SQLCoder-8B,spider,,,
spider_824,Defog-Llama3-SQLCoder-8B,spider,,,
spider_825,Defog-Llama3-SQLCoder-8B,spider,,,
spider_826,Defog-Llama3-SQLCoder-8B,spider,,,
spider_827,Defog-Llama3-SQLCoder-8B,spider,,,
spider_828,Defog-Llama3-SQLCoder-8B,spider,,,
spider_829,Defog-Llama3-SQLCoder-8B,spider,,,
spider_830,Defog-Llama3-SQLCoder-8B,spider,,,
spider_831,Defog-Llama3-SQLCoder-8B,spider,,,
spider_832,Defog-Llama3-SQLCoder-8B,spider,,,
spider_833,Defog-Llama3-SQLCoder-8B,spider,,,
spider_834,Defog-Llama3-SQLCoder-8B,spider,,,
spider_835,Defog-Llama3-SQLCoder-8B,spider,,,
spider_836,Defog-Llama3-SQLCoder-8B,spider,,,
spider_837,Defog-Llama3-SQLCoder-8B,spider,,,
spider_838,Defog-Llama3-SQLCoder-8B,spider,,,
spider_839,Defog-Llama3-SQLCoder-8B,spider,,,
spider_840,Defog-Llama3-SQLCoder-8B,spider,,,
spider_841,Defog-Llama3-SQLCoder-8B,spider,,,
spider_842,Defog-Llama3-SQLCoder-8B,spider,,,
spider_843,Defog-Llama3-SQLCoder-8B,spider,,,
spider_844,Defog-Llama3-SQLCoder-8B,spider,,,
spider_845,Defog-Llama3-SQLCoder-8B,spider,,,
spider_846,Defog-Llama3-SQLCoder-8B,spider,,,
spider_847,Defog-Llama3-SQLCoder-8B,spider,,,
spider_848,Defog-Llama3-SQLCoder-8B,spider,,,
spider_849,Defog-Llama3-SQLCoder-8B,spider,,,
spider_850,Defog-Llama3-SQLCoder-8B,spider,,,
spider_851,Defog-Llama3-SQLCoder-8B,spider,,,
spider_852,Defog-Llama3-SQLCoder-8B,spider,,,
spider_853,Defog-Llama3-SQLCoder-8B,spider,,,
spider_854,Defog-Llama3-SQLCoder-8B,spider,,,
spider_855,Defog-Llama3-SQLCoder-8B,spider,,,
spider_856,Defog-Llama3-SQLCoder-8B,spider,,,
spider_857,Defog-Llama3-SQLCoder-8B,spider,,,
spider_858,Defog-Llama3-SQLCoder-8B,spider,,,
spider_859,Defog-Llama3-SQLCoder-8B,spider,,,
spider_860,Defog-Llama3-SQLCoder-8B,spider,,,
spider_861,Defog-Llama3-SQLCoder-8B,spider,,,
spider_862,Defog-Llama3-SQLCoder-8B,spider,,,
spider_863,Defog-Llama3-SQLCoder-8B,spider,,,
spider_864,Defog-Llama3-SQLCoder-8B,spider,,,
spider_865,Defog-Llama3-SQLCoder-8B,spider,,,
spider_866,Defog-Llama3-SQLCoder-8B,spider,,,
spider_867,Defog-Llama3-SQLCoder-8B,spider,,,
spider_868,Defog-Llama3-SQLCoder-8B,spider,,,
spider_869,Defog-Llama3-SQLCoder-8B,spider,,,
spider_870,Defog-Llama3-SQLCoder-8B,spider,,,
spider_871,Defog-Llama3-SQLCoder-8B,spider,,,
spider_872,Defog-Llama3-SQLCoder-8B,spider,,,
spider_873,Defog-Llama3-SQLCoder-8B,spider,,,
spider_874,Defog-Llama3-SQLCoder-8B,spider,,,
spider_875,Defog-Llama3-SQLCoder-8B,spider,,,
spider_876,Defog-Llama3-SQLCoder-8B,spider,,,
spider_877,Defog-Llama3-SQLCoder-8B,spider,,,
spider_878,Defog-Llama3-SQLCoder-8B,spider,,,
spider_879,Defog-Llama3-SQLCoder-8B,spider,,,
spider_880,Defog-Llama3-SQLCoder-8B,spider,,,
spider_881,Defog-Llama3-SQLCoder-8B,spider,,,
spider_882,Defog-Llama3-SQLCoder-8B,spider,,,
spider_883,Defog-Llama3-SQLCoder-8B,spider,,,
spider_884,Defog-Llama3-SQLCoder-8B,spider,,,
spider_885,Defog-Llama3-SQLCoder-8B,spider,,,
spider_886,Defog-Llama3-SQLCoder-8B,spider,,,
spider_887,Defog-Llama3-SQLCoder-8B,spider,,,
spider_888,Defog-Llama3-SQLCoder-8B,spider,,,
spider_889,Defog-Llama3-SQLCoder-8B,spider,,,
spider_890,Defog-Llama3-SQLCoder-8B,spider,,,
spider_891,Defog-Llama3-SQLCoder-8B,spider,,,
spider_892,Defog-Llama3-SQLCoder-8B,spider,,,
spider_893,Defog-Llama3-SQLCoder-8B,spider,,,
spider_894,Defog-Llama3-SQLCoder-8B,spider,,,
spider_895,Defog-Llama3-SQLCoder-8B,spider,,,
spider_896,Defog-Llama3-SQLCoder-8B,spider,,,
spider_897,Defog-Llama3-SQLCoder-8B,spider,,,
spider_898,Defog-Llama3-SQLCoder-8B,spider,,,
spider_899,Defog-Llama3-SQLCoder-8B,spider,,,
spider_900,Defog-Llama3-SQLCoder-8B,spider,,,
spider_901,Defog-Llama3-SQLCoder-8B,spider,,,
spider_902,Defog-Llama3-SQLCoder-8B,spider,,,
spider_903,Defog-Llama3-SQLCoder-8B,spider,,,
spider_904,Defog-Llama3-SQLCoder-8B,spider,,,
spider_905,Defog-Llama3-SQLCoder-8B,spider,,,
spider_906,Defog-Llama3-SQLCoder-8B,spider,,,
spider_907,Defog-Llama3-SQLCoder-8B,spider,,,
spider_908,Defog-Llama3-SQLCoder-8B,spider,,,
spider_909,Defog-Llama3-SQLCoder-8B,spider,,,
spider_910,Defog-Llama3-SQLCoder-8B,spider,,,
spider_911,Defog-Llama3-SQLCoder-8B,spider,,,
spider_912,Defog-Llama3-SQLCoder-8B,spider,,,
spider_913,Defog-Llama3-SQLCoder-8B,spider,,,
spider_914,Defog-Llama3-SQLCoder-8B,spider,,,
spider_915,Defog-Llama3-SQLCoder-8B,spider,,,
spider_916,Defog-Llama3-SQLCoder-8B,spider,,,
spider_917,Defog-Llama3-SQLCoder-8B,spider,,,
spider_918,Defog-Llama3-SQLCoder-8B,spider,,,
spider_919,Defog-Llama3-SQLCoder-8B,spider,,,
spider_920,Defog-Llama3-SQLCoder-8B,spider,,,
spider_921,Defog-Llama3-SQLCoder-8B,spider,,,
spider_922,Defog-Llama3-SQLCoder-8B,spider,,,
spider_923,Defog-Llama3-SQLCoder-8B,spider,,,
spider_924,Defog-Llama3-SQLCoder-8B,spider,,,
spider_925,Defog-Llama3-SQLCoder-8B,spider,,,
spider_926,Defog-Llama3-SQLCoder-8B,spider,,,
spider_927,Defog-Llama3-SQLCoder-8B,spider,,,
spider_928,Defog-Llama3-SQLCoder-8B,spider,,,
spider_929,Defog-Llama3-SQLCoder-8B,spider,,,
spider_930,Defog-Llama3-SQLCoder-8B,spider,,,
spider_931,Defog-Llama3-SQLCoder-8B,spider,,,
spider_932,Defog-Llama3-SQLCoder-8B,spider,,,
spider_933,Defog-Llama3-SQLCoder-8B,spider,,,
spider_934,Defog-Llama3-SQLCoder-8B,spider,,,
spider_935,Defog-Llama3-SQLCoder-8B,spider,,,
spider_936,Defog-Llama3-SQLCoder-8B,spider,,,
spider_937,Defog-Llama3-SQLCoder-8B,spider,,,
spider_938,Defog-Llama3-SQLCoder-8B,spider,,,
spider_939,Defog-Llama3-SQLCoder-8B,spider,,,
spider_940,Defog-Llama3-SQLCoder-8B,spider,,,
spider_941,Defog-Llama3-SQLCoder-8B,spider,,,
spider_942,Defog-Llama3-SQLCoder-8B,spider,,,
spider_943,Defog-Llama3-SQLCoder-8B,spider,,,
spider_944,Defog-Llama3-SQLCoder-8B,spider,,,
spider_945,Defog-Llama3-SQLCoder-8B,spider,,,
spider_946,Defog-Llama3-SQLCoder-8B,spider,,,
spider_947,Defog-Llama3-SQLCoder-8B,spider,,,
spider_948,Defog-Llama3-SQLCoder-8B,spider,,,
spider_949,Defog-Llama3-SQLCoder-8B,spider,,,
spider_950,Defog-Llama3-SQLCoder-8B,spider,,,
spider_951,Defog-Llama3-SQLCoder-8B,spider,,,
spider_952,Defog-Llama3-SQLCoder-8B,spider,,,
spider_953,Defog-Llama3-SQLCoder-8B,spider,,,
spider_954,Defog-Llama3-SQLCoder-8B,spider,,,
spider_955,Defog-Llama3-SQLCoder-8B,spider,,,
spider_956,Defog-Llama3-SQLCoder-8B,spider,,,
spider_957,Defog-Llama3-SQLCoder-8B,spider,,,
spider_958,Defog-Llama3-SQLCoder-8B,spider,,,
spider_959,Defog-Llama3-SQLCoder-8B,spider,,,
spider_960,Defog-Llama3-SQLCoder-8B,spider,,,
spider_961,Defog-Llama3-SQLCoder-8B,spider,,,
spider_962,Defog-Llama3-SQLCoder-8B,spider,,,
spider_963,Defog-Llama3-SQLCoder-8B,spider,,,
spider_964,Defog-Llama3-SQLCoder-8B,spider,,,
spider_965,Defog-Llama3-SQLCoder-8B,spider,,,
spider_966,Defog-Llama3-SQLCoder-8B,spider,,,
spider_967,Defog-Llama3-SQLCoder-8B,spider,,,
spider_968,Defog-Llama3-SQLCoder-8B,spider,,,
spider_969,Defog-Llama3-SQLCoder-8B,spider,,,
spider_970,Defog-Llama3-SQLCoder-8B,spider,,,
spider_971,Defog-Llama3-SQLCoder-8B,spider,,,
spider_972,Defog-Llama3-SQLCoder-8B,spider,,,
spider_973,Defog-Llama3-SQLCoder-8B,spider,,,
spider_974,Defog-Llama3-SQLCoder-8B,spider,,,
spider_975,Defog-Llama3-SQLCoder-8B,spider,,,
spider_976,Defog-Llama3-SQLCoder-8B,spider,,,
spider_977,Defog-Llama3-SQLCoder-8B,spider,,,
spider_978,Defog-Llama3-SQLCoder-8B,spider,,,
spider_979,Defog-Llama3-SQLCoder-8B,spider,,,
spider_980,Defog-Llama3-SQLCoder-8B,spider,,,
spider_981,Defog-Llama3-SQLCoder-8B,spider,,,
spider_982,Defog-Llama3-SQLCoder-8B,spider,,,
spider_983,Defog-Llama3-SQLCoder-8B,spider,,,
spider_984,Defog-Llama3-SQLCoder-8B,spider,,,
spider_985,Defog-Llama3-SQLCoder-8B,spider,,,
spider_986,Defog-Llama3-SQLCoder-8B,spider,,,
spider_987,Defog-Llama3-SQLCoder-8B,spider,,,
spider_988,Defog-Llama3-SQLCoder-8B,spider,,,
spider_989,Defog-Llama3-SQLCoder-8B,spider,,,
spider_990,Defog-Llama3-SQLCoder-8B,spider,,,
spider_991,Defog-Llama3-SQLCoder-8B,spider,,,
spider_992,Defog-Llama3-SQLCoder-8B,spider,,,
spider_993,Defog-Llama3-SQLCoder-8B,spider,,,
spider_994,Defog-Llama3-SQLCoder-8B,spider,,,
spider_995,Defog-Llama3-SQLCoder-8B,spider,,,
spider_996,Defog-Llama3-SQLCoder-8B,spider,,,
spider_997,Defog-Llama3-SQLCoder-8B,spider,,,
spider_998,Defog-Llama3-SQLCoder-8B,spider,,,
spider_999,Defog-Llama3-SQLCoder-8B,spider,,,
spider_1000,Defog-Llama3-SQLCoder-8B,spider,,,
spider_1001,Defog-Llama3-SQLCoder-8B,spider,,,
spider_1002,Defog-Llama3-SQLCoder-8B,spider,,,
spider_1003,Defog-Llama3-SQLCoder-8B,spider,,,
spider_1004,Defog-Llama3-SQLCoder-8B,spider,,,
spider_1005,Defog-Llama3-SQLCoder-8B,spider,,,
spider_1006,Defog-Llama3-SQLCoder-8B,spider,,,
spider_1007,Defog-Llama3-SQLCoder-8B,spider,,,
spider_1008,Defog-Llama3-SQLCoder-8B,spider,,,
spider_1009,Defog-Llama3-SQLCoder-8B,spider,,,
spider_1010,Defog-Llama3-SQLCoder-8B,spider,,,
spider_1011,Defog-Llama3-SQLCoder-8B,spider,,,
spider_1012,Defog-Llama3-SQLCoder-8B,spider,,,
spider_1013,Defog-Llama3-SQLCoder-8B,spider,,,
spider_1014,Defog-Llama3-SQLCoder-8B,spider,,,
spider_1015,Defog-Llama3-SQLCoder-8B,spider,,,
spider_1016,Defog-Llama3-SQLCoder-8B,spider,,,
spider_1017,Defog-Llama3-SQLCoder-8B,spider,,,
spider_1018,Defog-Llama3-SQLCoder-8B,spider,,,
spider_1019,Defog-Llama3-SQLCoder-8B,spider,,,
spider_1020,Defog-Llama3-SQLCoder-8B,spider,,,
spider_1021,Defog-Llama3-SQLCoder-8B,spider,,,
spider_1022,Defog-Llama3-SQLCoder-8B,spider,,,
spider_1023,Defog-Llama3-SQLCoder-8B,spider,,,
spider_1024,Defog-Llama3-SQLCoder-8B,spider,,,
spider_1025,Defog-Llama3-SQLCoder-8B,spider,,,
spider_1026,Defog-Llama3-SQLCoder-8B,spider,,,
spider_1027,Defog-Llama3-SQLCoder-8B,spider,,,
spider_1028,Defog-Llama3-SQLCoder-8B,spider,,,
spider_1029,Defog-Llama3-SQLCoder-8B,spider,,,
spider_1030,Defog-Llama3-SQLCoder-8B,spider,,,
spider_1031,Defog-Llama3-SQLCoder-8B,spider,,,
spider_1032,Defog-Llama3-SQLCoder-8B,spider,,,
spider_1033,Defog-Llama3-SQLCoder-8B,spider,,,
