any_hit,benchmark,candidate_hits,db_id,db_path,difficulty,empty_sql,evidence,first_hit,first_pred_error,first_pred_sql,first_pred_success,gold_error,gold_sql,gold_sql_len,gold_success,model_name,n_candidates,n_generations,question,question_len,run_label,sample_id,source_path
False,bird,"[false, false, false, false, false]",california_schools,data/bird/dev_databases/california_schools/california_schools.sqlite,simple,False,,False,,SELECT T1.`FRPM Count (Ages 5-17)` FROM frpm AS T1 INNER JOIN satscores AS T2 ON T1.CDSCode = T2.cds WHERE T2.rtype = 'All Students' AND T2.AvgScrRead IS NOT NULL ORDER BY T2.AvgScrRead DESC LIMIT 1,True,,SELECT T2.`FRPM Count (Ages 5-17)` FROM satscores AS T1 INNER JOIN frpm AS T2 ON T1.cds = T2.CDSCode ORDER BY T1.AvgScrRead DESC LIMIT 1,136,True,Arctic-Text2SQL-R1-7B,5,5,"For the school with the highest average score in Reading in the SAT test, what is its FRPM count for students aged 5-17?",120,pass_k,bird_10,results/raw/Arctic-Text2SQL-R1-7B_bird_pass_k_20260326_223940.jsonl
False,bird,"[false, false, false, false, false]",california_schools,data/bird/dev_databases/california_schools/california_schools.sqlite,simple,False,,False,incomplete input,SELECT COUNT(*) FROM schools WHERE CDSCode IN (SELECT cds FROM satscores WHERE AvgScrMath > 560 AND rtype = 'Total') AND FundingType = 'Direct Charter'.,False,,SELECT COUNT(T2.`School Code`) FROM satscores AS T1 INNER JOIN frpm AS T2 ON T1.cds = T2.CDSCode WHERE T1.AvgScrMath > 560 AND T2.`Charter Funding Type` = 'Directly funded',172,True,Arctic-Text2SQL-R1-7B,5,5,"Among the schools with the average score in Math over 560 in the SAT test, how many schools are directly charter-funded?",120,pass_k,bird_9,results/raw/Arctic-Text2SQL-R1-7B_bird_pass_k_20260326_223940.jsonl
False,bird,"[false, false, false, false, false]",california_schools,data/bird/dev_databases/california_schools/california_schools.sqlite,simple,False,,False,no such column: FRPM_Count_k_12,SELECT NumTstTakr FROM satscores WHERE cds IN (SELECT CDSCode FROM frpm ORDER BY FRPM_Count_k_12 DESC LIMIT 1),False,,SELECT NumTstTakr FROM satscores WHERE cds = ( SELECT CDSCode FROM frpm ORDER BY `FRPM Count (K-12)` DESC LIMIT 1 ),115,True,Arctic-Text2SQL-R1-7B,5,5,What is the number of SAT test takers of the schools with the highest FRPM count for K-12 students?,99,pass_k,bird_8,results/raw/Arctic-Text2SQL-R1-7B_bird_pass_k_20260326_223940.jsonl
True,bird,"[true, true, true, true, true]",california_schools,data/bird/dev_databases/california_schools/california_schools.sqlite,moderate,False,Excellence rate = NumGE1500 / NumTstTakr; Eligible free rates for students aged 5-17 = `Free Meal Count (Ages 5-17)` / `Enrollment (Ages 5-17)`,True,,SELECT MAX(T2.`Percent (%) Eligible Free (Ages 5-17)`) AS max_free_eligible FROM frpm AS T2 INNER JOIN satscores AS T1 ON T2.CDSCode = T1.cds WHERE T1.NumGE1500 / CAST(T1.enroll12 AS REAL) > 0.3,True,,SELECT MAX(CAST(T1.`Free Meal Count (Ages 5-17)` AS REAL) / T1.`Enrollment (Ages 5-17)`) FROM frpm AS T1 INNER JOIN satscores AS T2 ON T1.CDSCode = T2.cds WHERE CAST(T2.NumGE1500 AS REAL) / T2.NumTstTakr > 0.3,209,True,Arctic-Text2SQL-R1-7B,5,5,"Among the schools with an SAT excellence rate of over 0.3, what is the highest eligible free rate for students aged 5-17?",121,pass_k,bird_12,results/raw/Arctic-Text2SQL-R1-7B_bird_pass_k_20260326_223940.jsonl
False,bird,"[false, false, false, false, false]",california_schools,data/bird/dev_databases/california_schools/california_schools.sqlite,simple,False,,False,You can only execute one statement at a time.,SELECT COUNT(*) FROM frpm WHERE `County Name` = 'Los Angeles' AND (`Free Meal Count (K-12)` > 500 AND `FRPM Count (K-12)` < 700);},False,,SELECT COUNT(CDSCode) FROM frpm WHERE `County Name` = 'Los Angeles' AND `Free Meal Count (K-12)` > 500 AND `FRPM Count (K-12)`< 700,131,True,Arctic-Text2SQL-R1-7B,5,5,In Los Angeles how many schools have more than 500 free meals but less than 700 free or reduced price meals for K-12?,117,pass_k,bird_21,results/raw/Arctic-Text2SQL-R1-7B_bird_pass_k_20260326_223940.jsonl
False,bird,"[false, false, false, false, false]",california_schools,data/bird/dev_databases/california_schools/california_schools.sqlite,moderate,False,Percent eligible for free meals = Free Meal Count (K-12) / Total (Enrollment (K-12),False,"near ""The"": syntax error",The question asks for school names where 'Percent (%) Eligible Free (K-12)' in the frpm table is more than 0.1 and also requires checking if there are test takers (from satscores) with scores ≥ 1500.,False,,SELECT T2.`School Name` FROM satscores AS T1 INNER JOIN frpm AS T2 ON T1.cds = T2.CDSCode WHERE CAST(T2.`Free Meal Count (K-12)` AS REAL) / T2.`Enrollment (K-12)` > 0.1 AND T1.NumGE1500 > 0,189,True,Arctic-Text2SQL-R1-7B,5,5,Give the names of the schools with the percent eligible for free meals in K-12 is more than 0.1 and test takers whose test score is greater than or equal to 1500?,162,pass_k,bird_24,results/raw/Arctic-Text2SQL-R1-7B_bird_pass_k_20260326_223940.jsonl
False,bird,"[false, false, false, false, false]",california_schools,data/bird/dev_databases/california_schools/california_schools.sqlite,moderate,False,Average of average math = sum(average math scores) / count(schools).,False,misuse of aggregate: AVG(),"SELECT T1.School, T1.FundingType FROM schools AS T1 INNER JOIN satscores AS T2 ON T1.CDSCode = T2.cds WHERE T1.County = 'Riverside' AND AVG(T2.AvgScrMath) > 400 GROUP BY T1.School, T1.FundingType",False,,"SELECT T1.sname, T2.`Charter Funding Type` FROM satscores AS T1 INNER JOIN frpm AS T2 ON T1.cds = T2.CDSCode WHERE T2.`District Name` LIKE 'Riverside%' GROUP BY T1.sname, T2.`Charter Funding Type` HAVING CAST(SUM(T1.AvgScrMath) AS REAL) / COUNT(T1.cds) > 400",258,True,Arctic-Text2SQL-R1-7B,5,5,"Name schools in Riverside which the average of average math score for SAT is grater than 400, what is the funding type of these schools?",136,pass_k,bird_25,results/raw/Arctic-Text2SQL-R1-7B_bird_pass_k_20260326_223940.jsonl
False,bird,"[false, false, false, false, false]",california_schools,data/bird/dev_databases/california_schools/california_schools.sqlite,simple,False,,False,no such column: T2.FRPM_Count_K_12,SELECT T1.MailStreet FROM schools AS T1 INNER JOIN frpm AS T2 ON T1.CDSCode = T2.CDSCode ORDER BY T2.FRPM_Count_K_12 DESC LIMIT 1,False,,SELECT T2.MailStreet FROM frpm AS T1 INNER JOIN schools AS T2 ON T1.CDSCode = T2.CDSCode ORDER BY T1.`FRPM Count (K-12)` DESC LIMIT 1,133,True,Arctic-Text2SQL-R1-7B,5,5,What is the unabbreviated mailing street address of the school with the highest FRPM count for K-12 students?,109,pass_k,bird_3,results/raw/Arctic-Text2SQL-R1-7B_bird_pass_k_20260326_223940.jsonl
False,bird,"[false, false, false, false, false]",california_schools,data/bird/dev_databases/california_schools/california_schools.sqlite,simple,False,Total enrollment can be represented by `Enrollment (K-12)` + `Enrollment (Ages 5-17)`,False,,SELECT DISTINCT cds FROM satscores WHERE enroll12 > 500,True,,SELECT T2.CDSCode FROM schools AS T1 INNER JOIN frpm AS T2 ON T1.CDSCode = T2.CDSCode WHERE T2.`Enrollment (K-12)` + T2.`Enrollment (Ages 5-17)` > 500,150,True,Arctic-Text2SQL-R1-7B,5,5,Please list the codes of the schools with a total enrollment of over 500.,73,pass_k,bird_11,results/raw/Arctic-Text2SQL-R1-7B_bird_pass_k_20260326_223940.jsonl
False,bird,"[false, false, false, false, false]",california_schools,data/bird/dev_databases/california_schools/california_schools.sqlite,moderate,False,"Full communication address should include Street, City, State and zip code if any.",False,"near ""The"": syntax error","The question asks for high schools within Monterey County, which have more than 800 free/reduced-price meals (FRPM) specifically for ages 15-17 years old.",False,,"SELECT T1.`School Name`, T2.Street, T2.City, T2.State, T2.Zip FROM frpm AS T1 INNER JOIN schools AS T2 ON T1.CDSCode = T2.CDSCode WHERE T2.County = 'Monterey' AND T1.`Free Meal Count (Ages 5-17)` > 800 AND T1.`School Type` = 'High Schools (Public)'",248,True,Arctic-Text2SQL-R1-7B,5,5,State the names and full communication address of high schools in Monterey which has more than 800 free or reduced price meals for ages 15-17?,142,pass_k,bird_26,results/raw/Arctic-Text2SQL-R1-7B_bird_pass_k_20260326_223940.jsonl
False,bird,"[false, false, false, false, false]",california_schools,data/bird/dev_databases/california_schools/california_schools.sqlite,simple,False,,False,,SELECT s.School FROM schools AS s INNER JOIN satscores AS st ON s.CDSCode = st.cds WHERE s.County = 'Contra Costa' ORDER BY st.NumTstTakr DESC LIMIT 1,True,,SELECT sname FROM satscores WHERE cname = 'Contra Costa' AND sname IS NOT NULL ORDER BY NumTstTakr DESC LIMIT 1,111,True,Arctic-Text2SQL-R1-7B,5,5,Which school in Contra Costa has the highest number of test takers?,67,pass_k,bird_22,results/raw/Arctic-Text2SQL-R1-7B_bird_pass_k_20260326_223940.jsonl
False,bird,"[false, false, false, false, false]",california_schools,data/bird/dev_databases/california_schools/california_schools.sqlite,simple,False,,False,,SELECT COUNT(*) FROM schools AS s JOIN satscores AS sa ON s.CDSCode = sa.cds WHERE s.County = 'Fresno' AND sa.NumTstTakr <= 250 AND s.FundingType = 'Direct',True,,SELECT COUNT(T1.CDSCode) FROM frpm AS T1 INNER JOIN satscores AS T2 ON T1.CDSCode = T2.cds WHERE T1.`Charter Funding Type` = 'Directly funded' AND T1.`County Name` = 'Fresno' AND T2.NumTstTakr <= 250,199,True,Arctic-Text2SQL-R1-7B,5,5,How many schools in Fresno (directly funded) have number of test takers not more than 250?,90,pass_k,bird_18,results/raw/Arctic-Text2SQL-R1-7B_bird_pass_k_20260326_223940.jsonl
True,bird,"[true, true, true, true, true]",california_schools,data/bird/dev_databases/california_schools/california_schools.sqlite,simple,False,,True,,SELECT T1.Phone FROM schools AS T1 INNER JOIN satscores AS T2 ON T1.CDSCode = T2.cds ORDER BY T2.NumTstTakr DESC LIMIT 1,True,,SELECT T2.Phone FROM satscores AS T1 INNER JOIN schools AS T2 ON T1.cds = T2.CDSCode ORDER BY T1.NumGE1500 DESC LIMIT 1,119,True,Arctic-Text2SQL-R1-7B,5,5,What is the phone number of the school that has the highest number of test takers with an SAT score of over 1500?,113,pass_k,bird_7,results/raw/Arctic-Text2SQL-R1-7B_bird_pass_k_20260326_223940.jsonl
False,bird,"[false, false, false, false, false]",california_schools,data/bird/dev_databases/california_schools/california_schools.sqlite,simple,False,,False,,SELECT COUNT(*) FROM satscores WHERE NumTstTakr < 100 AND cname = 'Alameda',True,,SELECT COUNT(T1.CDSCode) FROM schools AS T1 INNER JOIN satscores AS T2 ON T1.CDSCode = T2.cds WHERE T1.StatusType = 'Merged' AND T2.NumTstTakr < 100 AND T1.County = 'Lake',171,True,Arctic-Text2SQL-R1-7B,5,5,How many schools in merged Alameda have number of test takers less than 100?,76,pass_k,bird_16,results/raw/Arctic-Text2SQL-R1-7B_bird_pass_k_20260326_223940.jsonl
False,bird,"[false, false, false, false, false]",california_schools,data/bird/dev_databases/california_schools/california_schools.sqlite,simple,False,Eligible free rate for K-12 = `Free Meal Count (K-12)` / `Enrollment (K-12)`,False,,SELECT MAX(T1.`Percent (%) Eligible Free (K-12)`) AS Highest_Free_Rate FROM frpm AS T1 INNER JOIN schools AS T2 ON T1.CDSCode = T2.CDSCode WHERE T2.County = 'Alameda County',True,,SELECT `Free Meal Count (K-12)` / `Enrollment (K-12)` FROM frpm WHERE `County Name` = 'Alameda' ORDER BY (CAST(`Free Meal Count (K-12)` AS REAL) / `Enrollment (K-12)`) DESC LIMIT 1,180,True,Arctic-Text2SQL-R1-7B,5,5,What is the highest eligible free rate for K-12 students in the schools in Alameda County?,90,pass_k,bird_0,results/raw/Arctic-Text2SQL-R1-7B_bird_pass_k_20260326_223940.jsonl
True,bird,"[true, true, true, true, true]",california_schools,data/bird/dev_databases/california_schools/california_schools.sqlite,simple,False,,True,,SELECT T1.Phone FROM schools AS T1 INNER JOIN satscores AS T2 ON T1.CDSCode = T2.cds ORDER BY T2.AvgScrMath DESC LIMIT 1,True,,SELECT T1.Phone FROM schools AS T1 INNER JOIN satscores AS T2 ON T1.CDSCode = T2.cds ORDER BY T2.AvgScrMath DESC LIMIT 1,120,True,Arctic-Text2SQL-R1-7B,5,5,What is the phone number of the school that has the highest average score in Math?,82,pass_k,bird_19,results/raw/Arctic-Text2SQL-R1-7B_bird_pass_k_20260326_223940.jsonl
False,bird,"[false, false, false, false, false]",california_schools,data/bird/dev_databases/california_schools/california_schools.sqlite,simple,False,Excellence rate = NumGE1500 / NumTstTakr,False,,SELECT T1.Phone FROM schools AS T1 INNER JOIN satscores AS T2 ON T1.CDSCode = T2.cds WHERE T2.rtype = 'sat' ORDER BY (T2.AvgScrRead + T2.AvgScrMath + T2.AvgScrWrite) DESC LIMIT 3,True,,SELECT T1.Phone FROM schools AS T1 INNER JOIN satscores AS T2 ON T1.CDSCode = T2.cds ORDER BY CAST(T2.NumGE1500 AS REAL) / T2.NumTstTakr DESC LIMIT 3,149,True,Arctic-Text2SQL-R1-7B,5,5,Please list the phone numbers of the schools with the top 3 SAT excellence rate.,80,pass_k,bird_13,results/raw/Arctic-Text2SQL-R1-7B_bird_pass_k_20260326_223940.jsonl
True,bird,"[true, true, true, true, true]",california_schools,data/bird/dev_databases/california_schools/california_schools.sqlite,simple,False,,True,,SELECT T1.NCESSchool FROM schools AS T1 INNER JOIN frpm AS T2 ON T1.CDSCode = T2.CDSCode ORDER BY T2.`Enrollment (Ages 5-17)` DESC LIMIT 5,True,,SELECT T1.NCESSchool FROM schools AS T1 INNER JOIN frpm AS T2 ON T1.CDSCode = T2.CDSCode ORDER BY T2.`Enrollment (Ages 5-17)` DESC LIMIT 5,138,True,Arctic-Text2SQL-R1-7B,5,5,"List the top five schools, by descending order, from the highest to the lowest, the most number of Enrollment (Ages 5-17). Please give their NCES school identification number.",175,pass_k,bird_14,results/raw/Arctic-Text2SQL-R1-7B_bird_pass_k_20260326_223940.jsonl
False,bird,"[false, false, false, false, false]",california_schools,data/bird/dev_databases/california_schools/california_schools.sqlite,simple,False,Valid charter number means the number is not null,False,no such column: s.CDSCode,"SELECT s.CDSCode, s.Charternum",False,,"SELECT CharterNum, AvgScrWrite, RANK() OVER (ORDER BY AvgScrWrite DESC) AS WritingScoreRank FROM schools AS T1  INNER JOIN satscores AS T2 ON T1.CDSCode = T2.cds WHERE T2.AvgScrWrite > 499 AND CharterNum is not null",215,True,Arctic-Text2SQL-R1-7B,5,5,"Rank schools by their average score in Writing where the score is greater than 499, showing their charter numbers.",114,pass_k,bird_17,results/raw/Arctic-Text2SQL-R1-7B_bird_pass_k_20260326_223940.jsonl
True,bird,"[true, true, true, true, true]",california_schools,data/bird/dev_databases/california_schools/california_schools.sqlite,simple,False,,True,,SELECT COUNT(*) FROM frpm WHERE `County Name` = 'Amador' AND `Low Grade` = '9' AND `High Grade` = '12',True,,SELECT COUNT(T1.`School Name`) FROM frpm AS T1 INNER JOIN schools AS T2 ON T1.CDSCode = T2.CDSCode WHERE T2.County = 'Amador' AND T1.`Low Grade` = 9 AND T1.`High Grade` = 12,173,True,Arctic-Text2SQL-R1-7B,5,5,How many schools in Amador which the Low Grade is 9 and the High Grade is 12?,77,pass_k,bird_20,results/raw/Arctic-Text2SQL-R1-7B_bird_pass_k_20260326_223940.jsonl
False,bird,"[false, false, false, false, false]",california_schools,data/bird/dev_databases/california_schools/california_schools.sqlite,moderate,False,Eligible free rates for students aged 5-17 = `Free Meal Count (Ages 5-17)` / `Enrollment (Ages 5-17)`,False,,SELECT MIN(T2.`Percent (%) Eligible Free (Ages 5-17)`) as lowest_eligible_free_rate FROM schools T1 INNER JOIN frpm T2 ON T1.CDSCode = T2.CDSCode WHERE T1.StatusType = 'Continuation School',True,,SELECT `Free Meal Count (Ages 5-17)` / `Enrollment (Ages 5-17)` FROM frpm WHERE `Educational Option Type` = 'Continuation School' AND `Free Meal Count (Ages 5-17)` / `Enrollment (Ages 5-17)` IS NOT NULL ORDER BY `Free Meal Count (Ages 5-17)` / `Enrollment (Ages 5-17)` ASC LIMIT 3,280,True,Arctic-Text2SQL-R1-7B,5,5,Please list the lowest three eligible free rates for students aged 5-17 in continuation schools.,96,pass_k,bird_1,results/raw/Arctic-Text2SQL-R1-7B_bird_pass_k_20260326_223940.jsonl
False,bird,"[false, false, false, false, false]",california_schools,data/bird/dev_databases/california_schools/california_schools.sqlite,moderate,False,Diffrence in enrollement = `Enrollment (K-12)` - `Enrollment (Ages 5-17)`,False,"near ""The"": syntax error","The question asks for schools where enrollment difference exceeds 30 between K-12 and ages 5-17. We're also asked to provide their full address, which is straightforwardly found in the `schools` table.",False,,"SELECT T1.School, T1.Street FROM schools AS T1 INNER JOIN frpm AS T2 ON T1.CDSCode = T2.CDSCode WHERE T2.`Enrollment (K-12)` - T2.`Enrollment (Ages 5-17)` > 30",159,True,Arctic-Text2SQL-R1-7B,5,5,List the names of schools with more than 30 difference in enrollements between K-12 and ages 5-17? Please also give the full street adress of the schools.,154,pass_k,bird_23,results/raw/Arctic-Text2SQL-R1-7B_bird_pass_k_20260326_223940.jsonl
False,bird,"[false, false, false, false, false]",california_schools,data/bird/dev_databases/california_schools/california_schools.sqlite,moderate,False,K-12 refers to students in grades 1 through 12; Eligible free rate for K-12 = `Free Meal Count (K-12)` / `Enrollment (K-12)`,False,,SELECT 'The solution here',True,,"SELECT CAST(`Free Meal Count (K-12)` AS REAL) / `Enrollment (K-12)` FROM frpm ORDER BY `Enrollment (K-12)` DESC LIMIT 9, 2",122,True,Arctic-Text2SQL-R1-7B,5,5,What is the eligible free rate of the 10th and 11th schools with the highest enrolment for students in grades 1 through 12?,123,pass_k,bird_31,results/raw/Arctic-Text2SQL-R1-7B_bird_pass_k_20260326_223940.jsonl
False,bird,"[false, false, false, false, false]",california_schools,data/bird/dev_databases/california_schools/california_schools.sqlite,moderate,False,"Execellence Rate = NumGE1500 / NumTstTakr; complete address has Street, City, State, Zip code",False,no such column: ExcellenceRate,"SELECT Street, City, Zip, State FROM schools ORDER BY ExcellenceRate ASC LIMIT 1",False,,"SELECT T2.Street, T2.City, T2.State, T2.Zip FROM satscores AS T1 INNER JOIN schools AS T2 ON T1.cds = T2.CDSCode ORDER BY CAST(T1.NumGE1500 AS REAL) / T1.NumTstTakr ASC LIMIT 1",176,True,Arctic-Text2SQL-R1-7B,5,5,"What is the complete address of the school with the lowest excellence rate? Indicate the Street, City, Zip and State.",117,pass_k,bird_37,results/raw/Arctic-Text2SQL-R1-7B_bird_pass_k_20260326_223940.jsonl
False,bird,"[false, false, false, false, false]",california_schools,data/bird/dev_databases/california_schools/california_schools.sqlite,challenging,False,"full name means first name, last name; There are at most 3 administrators for each school; SAT Scores are greater or equal to 1500 refers to NumGE1500",False,,"SELECT T1.AdmFName1, T1.AdmLName1 FROM schools AS T1 INNER JOIN satscores AS T2 ON T1.CDSCode = T2.cds WHERE T2.NumGE1500 > 0 ORDER BY T2.NumGE1500 DESC LIMIT 1",True,,"SELECT T2.AdmFName1, T2.AdmLName1, T2.AdmFName2, T2.AdmLName2, T2.AdmFName3, T2.AdmLName3 FROM satscores AS T1 INNER JOIN schools AS T2 ON T1.cds = T2.CDSCode ORDER BY T1.NumGE1500 DESC LIMIT 1",193,True,Arctic-Text2SQL-R1-7B,5,5,Under whose administration is the school with the highest number of students scoring 1500 or more on the SAT? Indicate their full names.,136,pass_k,bird_36,results/raw/Arctic-Text2SQL-R1-7B_bird_pass_k_20260326_223940.jsonl
False,bird,"[false, false, false, false, false]",california_schools,data/bird/dev_databases/california_schools/california_schools.sqlite,simple,False,Charter schools refers to `Charter School (Y/N)` = 1 in the table fprm,False,,SELECT Zip FROM schools WHERE Charter = 1 AND DOCType LIKE '%Fresno%',True,,SELECT T2.Zip FROM frpm AS T1 INNER JOIN schools AS T2 ON T1.CDSCode = T2.CDSCode WHERE T1.`District Name` = 'Fresno County Office of Education' AND T1.`Charter School (Y/N)` = 1,178,True,Arctic-Text2SQL-R1-7B,5,5,Please list the zip code of all the charter schools in Fresno County Office of Education.,89,pass_k,bird_2,results/raw/Arctic-Text2SQL-R1-7B_bird_pass_k_20260326_223940.jsonl
False,bird,"[false, false, false, false, false]",california_schools,data/bird/dev_databases/california_schools/california_schools.sqlite,moderate,False,,False,,"SELECT s.Website, s.School FROM schools s INNER JOIN frpm f ON s.CDSCode = f.CDSCode WHERE f.`Free Meal Count (Ages 5-17)` >= 1900 AND f.`Free Meal Count (Ages 5-17)` <= 2000",True,,"SELECT T2.Website, T1.`School Name` FROM frpm AS T1 INNER JOIN schools AS T2 ON T1.CDSCode = T2.CDSCode WHERE T1.`Free Meal Count (Ages 5-17)` BETWEEN 1900 AND 2000 AND T2.Website IS NOT NULL",191,True,Arctic-Text2SQL-R1-7B,5,5,"If there are any, what are the websites address of the schools with a free meal count of 1,900-2,000 to students aged 5-17? Include the name of the school.",155,pass_k,bird_33,results/raw/Arctic-Text2SQL-R1-7B_bird_pass_k_20260326_223940.jsonl
False,bird,"[false, false, false, false, false]",california_schools,data/bird/dev_databases/california_schools/california_schools.sqlite,moderate,False,Charted school means `Charter School (Y/N)` = 1 in the table frpm; Students enrolled in grades 1 through 12 refers to `Enrollment (K-12)`,False,"near ""The"": syntax error",The goal is to find an administrator's email address specifically for a chartered school with the lowest enrollment in K-12 grades.,False,,SELECT T2.AdmEmail1 FROM frpm AS T1 INNER JOIN schools AS T2 ON T1.CDSCode = T2.CDSCode WHERE T1.`Charter School (Y/N)` = 1 ORDER BY T1.`Enrollment (K-12)` ASC LIMIT 1,167,True,Arctic-Text2SQL-R1-7B,5,5,What is the administrator's email address of the chartered school with the fewest students enrolled in grades 1 through 12?,123,pass_k,bird_35,results/raw/Arctic-Text2SQL-R1-7B_bird_pass_k_20260326_223940.jsonl
False,bird,"[false, false, false, false, false]",california_schools,data/bird/dev_databases/california_schools/california_schools.sqlite,simple,False,K-12 means First-through-twelfth-grade,False,no such column: Enrollment,SELECT OpenDate FROM schools ORDER BY Enrollment ASC LIMIT 1,False,,SELECT T2.OpenDate FROM frpm AS T1 INNER JOIN schools AS T2 ON T1.CDSCode = T2.CDSCode ORDER BY T1.`Enrollment (K-12)` DESC LIMIT 1,131,True,Arctic-Text2SQL-R1-7B,5,5,When did the first-through-twelfth-grade school with the largest enrollment open?,81,pass_k,bird_29,results/raw/Arctic-Text2SQL-R1-7B_bird_pass_k_20260326_223940.jsonl
True,bird,"[true, true, true, true, true]",california_schools,data/bird/dev_databases/california_schools/california_schools.sqlite,simple,False,,True,,SELECT Website FROM schools WHERE County = 'Los Angeles' AND CDSCode IN (SELECT cds FROM satscores WHERE NumTstTakr BETWEEN 2000 AND 3000),True,,SELECT T2.Website FROM satscores AS T1 INNER JOIN schools AS T2 ON T1.cds = T2.CDSCode WHERE T1.NumTstTakr BETWEEN 2000 AND 3000 AND T2.County = 'Los Angeles',158,True,Arctic-Text2SQL-R1-7B,5,5,"What are the webpages for the Los Angeles County school that has between 2,000 and 3,000 test takers?",101,pass_k,bird_38,results/raw/Arctic-Text2SQL-R1-7B_bird_pass_k_20260326_223940.jsonl
False,bird,"[false, false, false, false, false]",california_schools,data/bird/dev_databases/california_schools/california_schools.sqlite,moderate,False,Average score for all subjects can be computed by AvgScrMath + AvgScrRead + AvgScrWrite,False,"near ""The"": syntax error",The question asks for two things - the lowest average math score among all schools and its corresponding county.,False,,"SELECT T1.AvgScrMath, T2.County FROM satscores AS T1 INNER JOIN schools AS T2 ON T1.cds = T2.CDSCode WHERE T1.AvgScrMath IS NOT NULL ORDER BY T1.AvgScrMath + T1.AvgScrRead + T1.AvgScrWrite ASC LIMIT 1",200,True,Arctic-Text2SQL-R1-7B,5,5,"What is the average math score of the school with the lowest average score for all subjects, and in which county is it located?",127,pass_k,bird_43,results/raw/Arctic-Text2SQL-R1-7B_bird_pass_k_20260326_223940.jsonl
False,bird,"[false, false, false, false, false]",california_schools,data/bird/dev_databases/california_schools/california_schools.sqlite,simple,False,Exclusively virtual refers to Virtual = 'F',False,,SELECT COUNT(*) FROM schools s JOIN satscores ss ON s.CDSCode = ss.cds WHERE ss.AvgScrMath > 400 AND s.Virtual = 'YES',True,,SELECT COUNT(DISTINCT T2.School) FROM satscores AS T1 INNER JOIN schools AS T2 ON T1.cds = T2.CDSCode WHERE T2.Virtual = 'F' AND T1.AvgScrMath > 400,148,True,Arctic-Text2SQL-R1-7B,5,5,How many schools with an average score in Math greater than 400 in the SAT test are exclusively virtual?,104,pass_k,bird_5,results/raw/Arctic-Text2SQL-R1-7B_bird_pass_k_20260326_223940.jsonl
True,bird,"[true, true, true, true, true]",california_schools,data/bird/dev_databases/california_schools/california_schools.sqlite,simple,False,,True,,"SELECT AVG(T2.AvgScrWrite) as Average_Write_Score, T1.City FROM schools AS T1 INNER JOIN satscores AS T2 ON T1.CDSCode = T2.cds WHERE T2.NumTstTakr = (SELECT MAX(NumTstTakr) FROM satscores) ORDER BY T2.NumGE1500 DESC LIMIT 1",True,,"SELECT T1.AvgScrWrite, T2.City FROM satscores AS T1 INNER JOIN schools AS T2 ON T1.cds = T2.CDSCode ORDER BY T1.NumGE1500 DESC LIMIT 1",134,True,Arctic-Text2SQL-R1-7B,5,5,What is the average writing score of the school who has the highest number of test takers whose total SAT sscores are greater or equal to 1500? Indicate the city to where the school is situated.,194,pass_k,bird_44,results/raw/Arctic-Text2SQL-R1-7B_bird_pass_k_20260326_223940.jsonl
False,bird,"[false, false, false, false, false]",california_schools,data/bird/dev_databases/california_schools/california_schools.sqlite,moderate,False,Communication number refers to phone number.,False,"near ""The"": syntax error","The question asks for an average score across all selected schools, and it requires a list of school names that meet the criteria along with the writing scores and their communication numbers if they exist.",False,,"SELECT T2.School, T1.AvgScrWrite, T2.Phone FROM schools AS T2 LEFT JOIN satscores AS T1 ON T2.CDSCode = T1.cds WHERE strftime('%Y', T2.OpenDate) > '1991' OR strftime('%Y', T2.ClosedDate) < '2000'",195,True,Arctic-Text2SQL-R1-7B,5,5,"What is the average score in writing for the schools that were opened after 1991 or closed before 2000? List the school names along with the score. Also, list the communication number of the schools if there is any.",215,pass_k,bird_27,results/raw/Arctic-Text2SQL-R1-7B_bird_pass_k_20260326_223940.jsonl
False,bird,"[false, false, false, false, false]",california_schools,data/bird/dev_databases/california_schools/california_schools.sqlite,simple,False,Exclusively virtual refers to Virtual = 'F'; respective counties means PARTITION BY County,False,"near ""The"": syntax error",The goal is to find virtual schools among the top 5 for average reading scores within their respective counties.,False,,"SELECT School FROM (SELECT T2.School,T1.AvgScrRead, RANK() OVER (PARTITION BY T2.County ORDER BY T1.AvgScrRead DESC) AS rnk FROM satscores AS T1 INNER JOIN schools AS T2 ON T1.cds = T2.CDSCode WHERE T2.Virtual = 'F' ) ranked_schools WHERE rnk <= 5",247,True,Arctic-Text2SQL-R1-7B,5,5,List the names of virtual schools that are among the top 5 in their respective counties based on average reading scores.,120,pass_k,bird_41,results/raw/Arctic-Text2SQL-R1-7B_bird_pass_k_20260326_223940.jsonl
False,bird,"[false, false, false, false, false]",california_schools,data/bird/dev_databases/california_schools/california_schools.sqlite,moderate,False,Charter schools refers to `Charter School (Y/N)` = 1 in the frpm,False,,SELECT Phone FROM schools WHERE Charter = 1 AND FundingType = 'Direct' AND OpenDate > DATE('2000-01-01'),True,,SELECT T2.Phone FROM frpm AS T1 INNER JOIN schools AS T2 ON T1.CDSCode = T2.CDSCode WHERE T1.`Charter Funding Type` = 'Directly funded' AND T1.`Charter School (Y/N)` = 1 AND T2.OpenDate > '2000-01-01',200,True,Arctic-Text2SQL-R1-7B,5,5,Please list the phone numbers of the direct charter-funded schools that are opened after 2000/1/1.,98,pass_k,bird_4,results/raw/Arctic-Text2SQL-R1-7B_bird_pass_k_20260326_223940.jsonl
False,bird,"[false, false, false, false, false]",california_schools,data/bird/dev_databases/california_schools/california_schools.sqlite,moderate,False,grades 1-12 means K-12; Eligible free or reduced price meal rate for K-12 = `FRPM Count (K-12)` / `Enrollment (K-12)`,False,"near ""The"": syntax error","The question asks for the eligible free/reduced price meal rates for top 5 schools in grades K-12 with the highest FRPM count among those owning code '66'. The schema of frpm table has all necessary fields, including `FRPM Count (K-12)` and `Percent (%) Eligible Free (K-12)`. We should focus on sorting based on the `FRPM Count (K-12)` while also ensuring we're getting only those schools with DOCType '66'.",False,,SELECT CAST(T1.`FRPM Count (K-12)` AS REAL) / T1.`Enrollment (K-12)` FROM frpm AS T1 INNER JOIN schools AS T2 ON T1.CDSCode = T2.CDSCode WHERE T2.SOC = 66 ORDER BY T1.`FRPM Count (K-12)` DESC LIMIT 5,199,True,Arctic-Text2SQL-R1-7B,5,5,What is the eligible free or reduced price meal rate for the top 5 schools in grades 1-12 with the highest free or reduced price meal count of the schools with the ownership code 66?,182,pass_k,bird_32,results/raw/Arctic-Text2SQL-R1-7B_bird_pass_k_20260326_223940.jsonl
False,bird,"[false, false, false, false, false]",california_schools,data/bird/dev_databases/california_schools/california_schools.sqlite,simple,False,Postal street and mailing street are synonyms.,False,"near ""The"": syntax error",The query needs to fetch the postal street address and name of a school based on its average math score ranking.,False,,"SELECT T2.MailStreet, T2.School FROM satscores AS T1 INNER JOIN schools AS T2 ON T1.cds = T2.CDSCode ORDER BY T1.AvgScrMath DESC LIMIT 6, 1",139,True,Arctic-Text2SQL-R1-7B,5,5,What is the postal street address for the school with the 7th highest Math average? Indicate the school's name.,111,pass_k,bird_50,results/raw/Arctic-Text2SQL-R1-7B_bird_pass_k_20260326_223940.jsonl
False,bird,"[false, false, false, false, false]",california_schools,data/bird/dev_databases/california_schools/california_schools.sqlite,moderate,False,Fresno Unified is a name of district;,False,,SELECT T1.Phone FROM schools AS T1 INNER JOIN satscores AS T2 ON T1.CDSCode = T2.cds WHERE T2.rtype = 'Reading' AND T1.District = 'Fresno Unified' ORDER BY T2.AvgScrRead ASC LIMIT 1,True,,SELECT T2.Phone FROM satscores AS T1 INNER JOIN schools AS T2 ON T1.cds = T2.CDSCode WHERE T2.District = 'Fresno Unified' AND T1.AvgScrRead IS NOT NULL ORDER BY T1.AvgScrRead ASC LIMIT 1,186,True,Arctic-Text2SQL-R1-7B,5,5,What is the telephone number for the school with the lowest average score in reading in Fresno Unified?,103,pass_k,bird_40,results/raw/Arctic-Text2SQL-R1-7B_bird_pass_k_20260326_223940.jsonl
False,bird,"[false, false, false, false, false]",california_schools,data/bird/dev_databases/california_schools/california_schools.sqlite,simple,False,,False,,SELECT T2.District FROM satscores AS T1 INNER JOIN schools AS T2 ON T1.cds = T2.CDSCode WHERE T2.StatusType = 'Active' GROUP BY T2.District ORDER BY AVG(T1.AvgScrRead) DESC LIMIT 1,True,,SELECT T1.District FROM schools AS T1 INNER JOIN satscores AS T2 ON T1.CDSCode = T2.cds WHERE T1.StatusType = 'Active' ORDER BY T2.AvgScrRead DESC LIMIT 1,154,True,Arctic-Text2SQL-R1-7B,5,5,Which active district has the highest average score in Reading?,63,pass_k,bird_15,results/raw/Arctic-Text2SQL-R1-7B_bird_pass_k_20260326_223940.jsonl
True,bird,"[true, true, true, true, true]",california_schools,data/bird/dev_databases/california_schools/california_schools.sqlite,simple,False,Magnet schools or offer a magnet program means that Magnet = 1,True,,SELECT DISTINCT s.School FROM schools AS s INNER JOIN satscores AS st ON s.CDSCode = st.cds WHERE st.NumTstTakr > 500 AND (s.Magnet = 1 OR s.GSoffered LIKE '%Magnet%'),True,,SELECT T2.School FROM satscores AS T1 INNER JOIN schools AS T2 ON T1.cds = T2.CDSCode WHERE T2.Magnet = 1 AND T1.NumTstTakr > 500,129,True,Arctic-Text2SQL-R1-7B,5,5,"Among the schools with the SAT test takers of over 500, please list the schools that are magnet schools or offer a magnet program.",130,pass_k,bird_6,results/raw/Arctic-Text2SQL-R1-7B_bird_pass_k_20260326_223940.jsonl
True,bird,"[true, true, true, true, true]",california_schools,data/bird/dev_databases/california_schools/california_schools.sqlite,simple,False,,True,,SELECT T1.EdOpsName FROM schools AS T1 INNER JOIN satscores AS T2 ON T1.CDSCode = T2.cds ORDER BY T2.AvgScrMath DESC LIMIT 1,True,,SELECT T2.EdOpsName FROM satscores AS T1 INNER JOIN schools AS T2 ON T1.cds = T2.CDSCode ORDER BY T1.AvgScrMath DESC LIMIT 1,124,True,Arctic-Text2SQL-R1-7B,5,5,What is the type of education offered in the school who scored the highest average in Math?,91,pass_k,bird_42,results/raw/Arctic-Text2SQL-R1-7B_bird_pass_k_20260326_223940.jsonl
True,bird,"[true, true, true, true, true]",california_schools,data/bird/dev_databases/california_schools/california_schools.sqlite,simple,False,,True,,"SELECT School, MailZip FROM schools WHERE AdmFName1 = 'Avetik' AND AdmLName1 = 'Atoian'",True,,"SELECT School, MailZip FROM schools WHERE AdmFName1 = 'Avetik' AND AdmLName1 = 'Atoian'",87,True,Arctic-Text2SQL-R1-7B,5,5,Please specify all of the schools and their related mailing zip codes that are under Avetik Atoian's administration.,116,pass_k,bird_54,results/raw/Arctic-Text2SQL-R1-7B_bird_pass_k_20260326_223940.jsonl
False,bird,"[false, false, false, false, false]",california_schools,data/bird/dev_databases/california_schools/california_schools.sqlite,moderate,False,Elementary School District refers to DOC = 52; Unified School District refers to DOC = 54.,False,"near ""."": syntax error",SELECT ...,False,,SELECT CAST(SUM(CASE WHEN DOC = 54 THEN 1 ELSE 0 END) AS REAL) / SUM(CASE WHEN DOC = 52 THEN 1 ELSE 0 END) FROM schools WHERE StatusType = 'Merged' AND County = 'Orange',169,True,Arctic-Text2SQL-R1-7B,5,5,What is the ratio of merged Unified School District schools in Orange County to merged Elementary School District schools?,122,pass_k,bird_48,results/raw/Arctic-Text2SQL-R1-7B_bird_pass_k_20260326_223940.jsonl
False,bird,"[false, false, false, false, false]",california_schools,data/bird/dev_databases/california_schools/california_schools.sqlite,moderate,False,Eligible free rates for students aged 5-17 = `Free Meal Count (Ages 5-17)` / `Enrollment (Ages 5-17)`,False,,SELECT `Percent (%) Eligible Free (Ages 5-17)` AS free_rate FROM frpm WHERE `School Name` LIKE '%Kacey Gibson%' LIMIT 1,True,,SELECT CAST(T2.`Free Meal Count (Ages 5-17)` AS REAL) / T2.`Enrollment (Ages 5-17)` FROM schools AS T1 INNER JOIN frpm AS T2 ON T1.CDSCode = T2.CDSCode WHERE T1.AdmFName1 = 'Kacey' AND T1.AdmLName1 = 'Gibson',208,True,Arctic-Text2SQL-R1-7B,5,5,What is the free rate for students between the ages of 5 and 17 at the school run by Kacey Gibson?,98,pass_k,bird_34,results/raw/Arctic-Text2SQL-R1-7B_bird_pass_k_20260326_223940.jsonl
False,bird,"[false, false, false, false, false]",california_schools,data/bird/dev_databases/california_schools/california_schools.sqlite,simple,False,,False,,"SELECT T1.MailStreet, T1.School FROM schools AS T1 INNER JOIN satscores AS T2 ON T1.CDSCode = T2.cds ORDER BY T2.AvgScrRead ASC LIMIT 1",True,,"SELECT T2.MailStreet, T2.School FROM satscores AS T1 INNER JOIN schools AS T2 ON T1.cds = T2.CDSCode WHERE T1.AvgScrRead IS NOT NULL ORDER BY T1.AvgScrRead ASC LIMIT 1",167,True,Arctic-Text2SQL-R1-7B,5,5,In which mailing street address can you find the school that has the lowest average score in reading? Also give the school's name.,130,pass_k,bird_51,results/raw/Arctic-Text2SQL-R1-7B_bird_pass_k_20260326_223940.jsonl
False,bird,"[false, false, false, false, false]",california_schools,data/bird/dev_databases/california_schools/california_schools.sqlite,simple,False,State Special Schools refers to DOC = 31; Grades 1 through 12 means K-12,False,"near ""The"": syntax error","The query aims to identify special schools categorized as 'State Special' and then compare their enrollment numbers from K-12 levels across all states, fetching the one with the highest enrollment count.",False,,SELECT T2.School FROM frpm AS T1 INNER JOIN schools AS T2 ON T1.CDSCode = T2.CDSCode WHERE T2.DOC = 31 ORDER BY T1.`Enrollment (K-12)` DESC LIMIT 1,147,True,Arctic-Text2SQL-R1-7B,5,5,Which state special schools have the highest number of enrollees from grades 1 through 12?,90,pass_k,bird_46,results/raw/Arctic-Text2SQL-R1-7B_bird_pass_k_20260326_223940.jsonl
False,bird,"[false, false, false, false, false]",california_schools,data/bird/dev_databases/california_schools/california_schools.sqlite,simple,False,Virtual = 'P' means partially virtual; Charter schools refers to Charter = 1 in the table schools,False,"near ""What"": syntax error",What are the websites for all the partially virtual chartered schools located in San Joaquin?,False,,SELECT Website FROM schools WHERE County = 'San Joaquin' AND Virtual = 'P' AND Charter = 1,90,True,Arctic-Text2SQL-R1-7B,5,5,What are the websites for all the partially virtual chartered schools located in San Joaquin?,93,pass_k,bird_60,results/raw/Arctic-Text2SQL-R1-7B_bird_pass_k_20260326_223940.jsonl
False,bird,"[false, false, false, false, false]",california_schools,data/bird/dev_databases/california_schools/california_schools.sqlite,moderate,False,Closure date and closed date are synonyms; 'Closed' was mentioned in schools.StatusType.,False,"near ""The"": syntax error","The question aims to identify a county and its closed schools with the highest count of school closures. The SQL query has to find counties where schools have been closed, sort them based on the number of closures in descending order and then limit it to the top one which represents the county with most closed schools. It should present the name of each school alongside the closure date.",False,,"SELECT DISTINCT County, School, ClosedDate FROM schools WHERE County = ( SELECT County FROM schools WHERE StatusType = 'Closed' GROUP BY County ORDER BY COUNT(School) DESC LIMIT 1 ) AND StatusType = 'Closed' AND school IS NOT NULL",230,True,Arctic-Text2SQL-R1-7B,5,5,Which different county has the most number of closed schools? Please provide the name of each school as well as the closure date.,129,pass_k,bird_49,results/raw/Arctic-Text2SQL-R1-7B_bird_pass_k_20260326_223940.jsonl
True,bird,"[true, true, true, true, true]",california_schools,data/bird/dev_databases/california_schools/california_schools.sqlite,simple,False,between 1/1/1980 and 12/31/1980 means the year = 1980,True,,SELECT AVG(NumTstTakr) AS average_test_takers FROM satscores ss JOIN schools s ON ss.cds = s.CDSCode WHERE s.County = 'Fresno' AND s.OpenDate BETWEEN '1980-01-01' AND '1980-12-31',True,,"SELECT AVG(T1.NumTstTakr) FROM satscores AS T1 INNER JOIN schools AS T2 ON T1.cds = T2.CDSCode WHERE strftime('%Y', T2.OpenDate) = '1980' AND T2.County = 'Fresno'",162,True,Arctic-Text2SQL-R1-7B,5,5,What is the average number of test takers from Fresno schools that opened between 1/1/1980 and 12/31/1980?,106,pass_k,bird_39,results/raw/Arctic-Text2SQL-R1-7B_bird_pass_k_20260326_223940.jsonl
True,bird,"[true, true, true, true, true]",california_schools,data/bird/dev_databases/california_schools/california_schools.sqlite,moderate,False,Ratio = count(schools in Colusa) / count(schools in Humboldt),True,,SELECT CAST(SUM(CASE WHEN County = 'Colusa' THEN 1 ELSE 0 END) AS REAL) / SUM(CASE WHEN County = 'Humboldt' THEN 1 ELSE 0 END) AS Ratio FROM schools WHERE MailState = 'CA' AND (County = 'Colusa' OR County = 'Humboldt'),True,,SELECT CAST(SUM(CASE WHEN County = 'Colusa' THEN 1 ELSE 0 END) AS REAL) / SUM(CASE WHEN County = 'Humboldt' THEN 1 ELSE 0 END) FROM schools WHERE MailState = 'CA',162,True,Arctic-Text2SQL-R1-7B,5,5,"Of the schools with a mailing state address in California, what is the ratio of the schools located in the county of Colusa against the school located in the county of Humboldt?",177,pass_k,bird_55,results/raw/Arctic-Text2SQL-R1-7B_bird_pass_k_20260326_223940.jsonl
True,bird,"[true, true, true, true, true]",california_schools,data/bird/dev_databases/california_schools/california_schools.sqlite,simple,False,,True,,SELECT COUNT(*) FROM schools WHERE StatusType = 'Active' AND City = 'San Joaquin' AND MailState = 'CA',True,,SELECT COUNT(CDSCode) FROM schools WHERE City = 'San Joaquin' AND MailState = 'CA' AND StatusType = 'Active',108,True,Arctic-Text2SQL-R1-7B,5,5,"Of all the schools with a mailing state address in California, how many are active in San Joaquin city?",103,pass_k,bird_56,results/raw/Arctic-Text2SQL-R1-7B_bird_pass_k_20260326_223940.jsonl
True,bird,"[true, true, true, true, true]",california_schools,data/bird/dev_databases/california_schools/california_schools.sqlite,simple,False,Total SAT scores can be computed by AvgScrRead + AvgScrMath + AvgScrWrite,True,,"SELECT COUNT(*) AS total_schools 
FROM schools s 
JOIN satscores ss ON s.CDSCode = ss.cds 
WHERE ss.NumGE1500 > 0 AND s.MailCity = 'Lakeport'",True,,SELECT COUNT(T1.cds) FROM satscores AS T1 INNER JOIN schools AS T2 ON T1.cds = T2.CDSCode WHERE T2.MailCity = 'Lakeport' AND (T1.AvgScrRead + T1.AvgScrMath + T1.AvgScrWrite) >= 1500,181,True,Arctic-Text2SQL-R1-7B,5,5,What is the total number of schools whose total SAT scores are greater or equal to 1500 whose mailing city is Lakeport?,119,pass_k,bird_52,results/raw/Arctic-Text2SQL-R1-7B_bird_pass_k_20260326_223940.jsonl
True,bird,"[true, true, true, true, true]",california_schools,data/bird/dev_databases/california_schools/california_schools.sqlite,simple,False,,True,,SELECT Website FROM schools WHERE (AdmFName1 = 'Mike' AND AdmLName1 = 'Larson') OR (AdmFName2 = 'Mike' AND AdmLName2 = 'Larson') OR (AdmFName3 = 'Mike' AND AdmLName3 = 'Larson') OR (AdmFName1 = 'Dante' AND AdmLName1 = 'Alvarez') OR (AdmFName2 = 'Dante' AND AdmLName2 = 'Alvarez') OR (AdmFName3 = 'Dante' AND AdmLName3 = 'Alvarez'),True,,SELECT Website FROM schools WHERE (AdmFName1 = 'Mike' AND AdmLName1 = 'Larson') OR (AdmFName1 = 'Dante' AND AdmLName1 = 'Alvarez'),130,True,Arctic-Text2SQL-R1-7B,5,5,What is the website for the schools under the administrations of Mike Larson and Dante Alvarez?,95,pass_k,bird_59,results/raw/Arctic-Text2SQL-R1-7B_bird_pass_k_20260326_223940.jsonl
False,bird,"[false, false, false, false, false]",california_schools,data/bird/dev_databases/california_schools/california_schools.sqlite,moderate,False,Ratio in percentage = (count(locally funded schools in Santa Clara) / count(all funding type schools in Santa Clara) * 100%,False,no such column: T1.FundingType,SELECT (SUM(CASE WHEN T1.FundingType = 'Local' THEN 1 ELSE 0 END) * 100.0 / SUM(CASE WHEN T1.FundingType NOT IN ('Local') THEN 1 ELSE 0 END)) AS LocalFundingRatio FROM schools,False,,SELECT CAST(SUM(CASE WHEN FundingType = 'Locally funded' THEN 1 ELSE 0 END) AS REAL) * 100 / SUM(CASE WHEN FundingType != 'Locally funded' THEN 1 ELSE 0 END) FROM schools WHERE County = 'Santa Clara' AND Charter = 1,215,True,Arctic-Text2SQL-R1-7B,5,5,What is the ratio in percentage of Santa Clara County schools that are locally funded compared to all other types of charter school funding?,140,pass_k,bird_65,results/raw/Arctic-Text2SQL-R1-7B_bird_pass_k_20260326_223940.jsonl
True,bird,"[true, true, true, true, true]",california_schools,data/bird/dev_databases/california_schools/california_schools.sqlite,simple,False,,True,,"SELECT T1.Phone, T1.Ext FROM schools AS T1 INNER JOIN satscores AS T2 ON T1.CDSCode = T2.cds ORDER BY T2.AvgScrWrite DESC LIMIT 1 OFFSET 332",True,,"SELECT T2.Phone, T2.Ext FROM satscores AS T1 INNER JOIN schools AS T2 ON T1.cds = T2.CDSCode ORDER BY T1.AvgScrWrite DESC LIMIT 332, 1",134,True,Arctic-Text2SQL-R1-7B,5,5,What is the phone number and extension number for the school that had the 333rd highest average writing score?,110,pass_k,bird_57,results/raw/Arctic-Text2SQL-R1-7B_bird_pass_k_20260326_223940.jsonl
True,bird,"[true, true, true, true, true]",california_schools,data/bird/dev_databases/california_schools/california_schools.sqlite,moderate,False,"Usually, administrators manage the school stuff.",True,,"SELECT T1.School, AVG(T2.AvgScrWrite) as Average_Score FROM schools AS T1 INNER JOIN satscores AS T2 ON T1.CDSCode = T2.cds WHERE T1.AdmFName1 = 'Ricci' AND T1.AdmLName1 = 'Ulrich' GROUP BY T1.School",True,,"SELECT T2.School, T1.AvgScrWrite FROM satscores AS T1 INNER JOIN schools AS T2 ON T1.cds = T2.CDSCode WHERE T2.AdmFName1 = 'Ricci' AND T2.AdmLName1 = 'Ulrich'",158,True,Arctic-Text2SQL-R1-7B,5,5,What is the average writing score of each of the schools managed by Ricci Ulrich? List the schools and the corresponding average writing scores.,144,pass_k,bird_45,results/raw/Arctic-Text2SQL-R1-7B_bird_pass_k_20260326_223940.jsonl
False,bird,"[false, false, false, false, false]",california_schools,data/bird/dev_databases/california_schools/california_schools.sqlite,simple,False,K-12 refers to students in grades 1 through 12.,False,,SELECT s.City FROM schools AS s JOIN frpm AS f ON s.CDSCode = f.CDSCode ORDER BY f.`Enrollment (K-12)` ASC LIMIT 5,True,,SELECT T2.City FROM frpm AS T1 INNER JOIN schools AS T2 ON T1.CDSCode = T2.CDSCode GROUP BY T2.City ORDER BY SUM(T1.`Enrollment (K-12)`) ASC LIMIT 5,148,True,Arctic-Text2SQL-R1-7B,5,5,Which cities have the top 5 lowest enrollment number for students in grades 1 through 12?,89,pass_k,bird_30,results/raw/Arctic-Text2SQL-R1-7B_bird_pass_k_20260326_223940.jsonl
False,bird,"[false, false, false, false, false]",california_schools,data/bird/dev_databases/california_schools/california_schools.sqlite,simple,False,,False,,"SELECT School, Phone, Ext FROM schools WHERE Zip = '95203-3704'",True,,"SELECT Phone, Ext, School FROM schools WHERE Zip = '95203-3704'",63,True,Arctic-Text2SQL-R1-7B,5,5,What is the phone number and extension number for the school with the zip code 95203-3704? Indicate the school's name.,118,pass_k,bird_58,results/raw/Arctic-Text2SQL-R1-7B_bird_pass_k_20260326_223940.jsonl
True,bird,"[true, true, true, true, true]",california_schools,data/bird/dev_databases/california_schools/california_schools.sqlite,simple,False,,True,,SELECT COUNT(*) FROM schools WHERE MailCity = 'Hickman' AND CharterNum = '00D4',True,,SELECT COUNT(*) FROM schools WHERE CharterNum = '00D4' AND MailCity = 'Hickman',79,True,Arctic-Text2SQL-R1-7B,5,5,What is the total number of schools with a mailing city in Hickman belonging to the charter number 00D4?,104,pass_k,bird_64,results/raw/Arctic-Text2SQL-R1-7B_bird_pass_k_20260326_223940.jsonl
False,bird,"[false, false, false, false, false]",california_schools,data/bird/dev_databases/california_schools/california_schools.sqlite,simple,False,,False,"near ""Provision"": syntax error","SELECT frpm.School Name, frpm.School Type FROM frpm WHERE frpm.NSLP Provision Status = 'Breakfast Provision 2' AND frpm.County Code = '37'",False,,"SELECT T2.EILName, T2.School FROM frpm AS T1 INNER JOIN schools AS T2 ON T1.CDSCode = T2.CDSCode WHERE T1.`NSLP Provision Status` = 'Breakfast Provision 2' AND T1.`County Code` = 37",181,True,Arctic-Text2SQL-R1-7B,5,5,What is the educational level name for the schools with Breakfast Provision 2 in county code 37? Indicate the name of the school.,129,pass_k,bird_75,results/raw/Arctic-Text2SQL-R1-7B_bird_pass_k_20260326_223940.jsonl
False,bird,"[false, false, false, false, false]",california_schools,data/bird/dev_databases/california_schools/california_schools.sqlite,challenging,False,Difference between K-12 enrollment and 15-17 enrollment can be computed by `Enrollment (K-12)` - `Enrollment (Ages 5-17)`,False,,"SELECT s.School, s.DOCType FROM schools AS s JOIN frpm AS f ON s.CDSCode = f.CDSCode WHERE s.DocType = 'Local' AND (f.`Enrollment (K-12)` - f.`Enrollment (Ages 5-17)`) > (SELECT AVG(f2.`Enrollment (K-12)` - f2.`Enrollment (Ages 5-17)`) FROM frpm AS f2 WHERE f2.CDSCode IN (SELECT s2.CDSCode FROM schools AS s2 WHERE s2.DOCType = 'Local'))",True,,"SELECT T2.School, T2.DOC FROM frpm AS T1 INNER JOIN schools AS T2 ON T1.CDSCode = T2.CDSCode WHERE T2.FundingType = 'Locally funded' AND (T1.`Enrollment (K-12)` - T1.`Enrollment (Ages 5-17)`) > (SELECT AVG(T3.`Enrollment (K-12)` - T3.`Enrollment (Ages 5-17)`) FROM frpm AS T3 INNER JOIN schools AS T4 ON T3.CDSCode = T4.CDSCode WHERE T4.FundingType = 'Locally funded')",368,True,Arctic-Text2SQL-R1-7B,5,5,"Consider the average difference between K-12 enrollment and 15-17 enrollment of schools that are locally funded, list the names and DOC type of schools which has a difference above this average.",194,pass_k,bird_28,results/raw/Arctic-Text2SQL-R1-7B_bird_pass_k_20260326_223940.jsonl
False,bird,"[false, false, false, false, false]",california_schools,data/bird/dev_databases/california_schools/california_schools.sqlite,simple,False,,False,,SELECT SUM(NumTstTakr) AS total_test_takers FROM satscores INNER JOIN schools ON satscores.cds = schools.CDSCode WHERE MailCity = 'Fresno',True,,SELECT T1.NumTstTakr FROM satscores AS T1 INNER JOIN schools AS T2 ON T1.cds = T2.CDSCode WHERE T2.MailCity = 'Fresno',118,True,Arctic-Text2SQL-R1-7B,5,5,How many test takers are there at the school/s whose mailing city address is in Fresno?,87,pass_k,bird_53,results/raw/Arctic-Text2SQL-R1-7B_bird_pass_k_20260326_223940.jsonl
False,bird,"[false, false, false, false, false]",california_schools,data/bird/dev_databases/california_schools/california_schools.sqlite,moderate,False,Elementary School District refers to DOC = 52; Monthly average number of schools that opened in 1980 = count(schools that opened in 1980) / 12,False,,"SELECT strftime('%m', OpenDate) AS Month, COUNT(*) / CAST(strftime('%Y', '1980-01-31') - strftime('%Y', MIN(OpenDate)) + 1 AS REAL) AS AverageSchoolsOpenedMonthly FROM schools WHERE StatusType = 'Elementary School District' AND County = 'Alameda' AND strftime('%Y', OpenDate) = '1980' GROUP BY Month ORDER BY Month",True,,"SELECT CAST(COUNT(School) AS REAL) / 12 FROM schools WHERE DOC = 52 AND County = 'Alameda' AND strftime('%Y', OpenDate) = '1980'",128,True,Arctic-Text2SQL-R1-7B,5,5,What is the monthly average number of schools that opened in Alameda County under the jurisdiction of the Elementary School District in 1980?,141,pass_k,bird_47,results/raw/Arctic-Text2SQL-R1-7B_bird_pass_k_20260326_223940.jsonl
False,bird,"[false, false, false, false, false]",california_schools,data/bird/dev_databases/california_schools/california_schools.sqlite,simple,False,"When magent is equal to 0 in the database, it means ths school doesn't offer a magnet program.",False,,SELECT NCESDist FROM schools WHERE Magnet = 0 AND City = 'Fresno' LIMIT 1,True,,SELECT T1.`District Code` FROM frpm AS T1 INNER JOIN schools AS T2 ON T1.CDSCode = T2.CDSCode WHERE T2.City = 'Fresno' AND T2.Magnet = 0,136,True,Arctic-Text2SQL-R1-7B,5,5,What is the district code for the School that does not offer a magnet program in the city of Fresno?,100,pass_k,bird_71,results/raw/Arctic-Text2SQL-R1-7B_bird_pass_k_20260326_223940.jsonl
False,bird,"[false, false, false, false, false]",california_schools,data/bird/dev_databases/california_schools/california_schools.sqlite,moderate,False,State Special School means EdOpsCode = 'SSS',False,"near ""The"": syntax error","The question is asking for the count of students aged 5 to 17 from a specific school in Fremont during an academic year, which directly points at using 'frpm' table as it includes fields like `Enrollment (Ages 5-17)` and also mentions the school name (`School Name`) and the academic year (`Academic Year`). It seems the question is already providing clear filters on county name, school name, and academic year. So we'll stick to frpm table here, but ensure all necessary fields are correctly selected.",False,,SELECT T1.`Enrollment (Ages 5-17)` FROM frpm AS T1 INNER JOIN schools AS T2 ON T1.CDSCode = T2.CDSCode WHERE T2.EdOpsCode = 'SSS' AND T2.City = 'Fremont' AND T1.`Academic Year` BETWEEN 2014 AND 2015,198,True,Arctic-Text2SQL-R1-7B,5,5,How many students from the ages of 5 to 17 are enrolled at the State Special School school in Fremont for the 2014-2015 academic year?,134,pass_k,bird_72,results/raw/Arctic-Text2SQL-R1-7B_bird_pass_k_20260326_223940.jsonl
False,bird,"[false, false, false, false, false]",california_schools,data/bird/dev_databases/california_schools/california_schools.sqlite,challenging,False,non-chartered schools refer to schools whose Charter = 0; K-12 means grades 1 through 12; percent of eligible free rate for K-12 = `Free Meal Count (K-12)` * 100 / `Enrollment (K-12)`,False,no such column: Percent (%) Eligible Free (K-12),SELECT COUNT(*) FROM schools WHERE StatusType <> 'Charter' AND County = 'Los Angeles' AND `Percent (%) Eligible Free (K-12)` < 0.18,False,,SELECT COUNT(T2.School) FROM frpm AS T1 INNER JOIN schools AS T2 ON T1.CDSCode = T2.CDSCode WHERE T2.County = 'Los Angeles' AND T2.Charter = 0 AND CAST(T1.`Free Meal Count (K-12)` AS REAL) * 100 / T1.`Enrollment (K-12)` < 0.18,226,True,Arctic-Text2SQL-R1-7B,5,5,What is the total number of non-chartered schools in the county of Los Angeles with a percent (%) of eligible free meals for grades 1 through 12 that is less than 0.18%?,169,pass_k,bird_62,results/raw/Arctic-Text2SQL-R1-7B_bird_pass_k_20260326_223940.jsonl
True,bird,"[false, true, true, true, true]",california_schools,data/bird/dev_databases/california_schools/california_schools.sqlite,simple,False,Elementary School District refers to DOC = 52; Chartered schools refer to Charter = 1 in the table schools,False,,SELECT COUNT(*) FROM schools WHERE City = 'Hickman' AND Charter = 1 AND DOCType = 'Elem.Sch.District',True,,SELECT COUNT(School) FROM schools WHERE DOC = 52 AND Charter = 1 AND City = 'Hickman',85,True,Arctic-Text2SQL-R1-7B,5,5,How many chartered schools located in the city of Hickman are owned by the Elementary School District?,102,pass_k,bird_61,results/raw/Arctic-Text2SQL-R1-7B_bird_pass_k_20260326_223940.jsonl
False,bird,"[false, false, false, false, false]",california_schools,data/bird/dev_databases/california_schools/california_schools.sqlite,challenging,False,Kindergarten to 8th grade refers to K-8; 'Offers a magnet program' means Magnet = 1; Multiple Provision Types refers to `NSLP Provision Status` = 'Multiple Provision Types',False,"near ""We"": syntax error","We need to count schools that have a Magnet program and serve grades K-8. This involves filtering the `schools` table, where the `Magnet` field is '1' (indicating it offers a magnet program) and `GSserved` equals 'K-8'. We also want the count of unique cities that offer these schools.",False,,"SELECT T2.City, COUNT(T2.CDSCode) FROM frpm AS T1 INNER JOIN schools AS T2 ON T1.CDSCode = T2.CDSCode WHERE T2.Magnet = 1 AND T2.GSoffered = 'K-8' AND T1.`NSLP Provision Status` = 'Multiple Provision Types' GROUP BY T2.City",223,True,Arctic-Text2SQL-R1-7B,5,5,"Of the schools that offers a magnet program serving a grade span of Kindergarten to 8th grade, how many offers Multiple Provision Types? List the number of cities that offers a Kindergarten to 8th grade span and indicate how many schools are there serving such grade span for each city.",286,pass_k,bird_83,results/raw/Arctic-Text2SQL-R1-7B_bird_pass_k_20260326_223940.jsonl
False,bird,"[false, false, false, false, false]",california_schools,data/bird/dev_databases/california_schools/california_schools.sqlite,simple,False,"Chartered schools refer to Charter = 1 in the table schools; Full name refers to first name, last name",False,,"SELECT DISTINCT T1.School, T1.City, (T1.AdmFName1 || ' ' || T1.AdmLName1) AS Admin1, (T1.AdmFName2 || ' ' || T1.AdmLName2) AS Admin2, (T1.AdmFName3 || ' ' || T1.AdmLName3) AS Admin3 
FROM schools AS T1 
WHERE T1.CharTer = 'Chartered' AND T1.CharterNum = '00D2'",True,,"SELECT AdmFName1, AdmLName1, School, City FROM schools WHERE Charter = 1 AND CharterNum = '00D2'",96,True,Arctic-Text2SQL-R1-7B,5,5,"In chartered schools with charter number 00D2, what are the names of all the administrators? Include the name of the school and the city to which it belongs",156,pass_k,bird_63,results/raw/Arctic-Text2SQL-R1-7B_bird_pass_k_20260326_223940.jsonl
False,bird,"[false, false, false, false, false]",california_schools,data/bird/dev_databases/california_schools/california_schools.sqlite,simple,False,,False,no such column: MailStreet,SELECT `FRPM Count (Ages 5-17)` FROM frpm WHERE `School Name` = 'Youth Authority School' AND MailStreet = 'PO Box 1040',False,,SELECT T1.`FRPM Count (Ages 5-17)` FROM frpm AS T1 INNER JOIN schools AS T2 ON T1.CDSCode = T2.CDSCode WHERE T2.MailStreet = 'PO Box 1040' AND T2.SOCType = 'Youth Authority Facilities',184,True,Arctic-Text2SQL-R1-7B,5,5,What is the free or reduced price meal count for ages 5 to 17 in the Youth Authority School with a mailing street address of PO Box 1040?,137,pass_k,bird_73,results/raw/Arctic-Text2SQL-R1-7B_bird_pass_k_20260326_223940.jsonl
False,bird,"[false, false, false, false, false]",california_schools,data/bird/dev_databases/california_schools/california_schools.sqlite,simple,False,,False,,"SELECT SUM(CASE WHEN StatusType = 'Community College District' AND City = 'San Francisco' AND strftime('%Y', LastUpdate) = '1989' THEN 1 ELSE 0 END) AS total_closures FROM schools",True,,"SELECT COUNT(School) FROM schools WHERE strftime('%Y', ClosedDate) = '1989' AND City = 'San Francisco' AND DOCType = 'Community College District'",145,True,Arctic-Text2SQL-R1-7B,5,5,What is the total amount of Community College District closure in 1989 in the city of San Francisco?,100,pass_k,bird_67,results/raw/Arctic-Text2SQL-R1-7B_bird_pass_k_20260326_223940.jsonl
False,bird,"[false, false, false, false, false]",california_schools,data/bird/dev_databases/california_schools/california_schools.sqlite,simple,False,,False,"near ""The"": syntax error","The query needs to focus on finding out an administrator’s email for a school with the highest number of students testing at or above SAT scores of 1500. From our schema, it is clear that we need to use both `schools` and `satscores` tables. We should join these two based on the CDS code which is common in both and then sort by 'NumTstTakr' (number of test takers) descendingly and limit the result to one to get our answer.",False,,"SELECT T2.AdmEmail1, T2.School FROM satscores AS T1 INNER JOIN schools AS T2 ON T1.cds = T2.CDSCode ORDER BY T1.NumGE1500 DESC LIMIT 1",134,True,Arctic-Text2SQL-R1-7B,5,5,What is the administrator's email address for the school with the highest number of test takers who received SAT scores of at least 1500?Provide the name of the school.,168,pass_k,bird_88,results/raw/Arctic-Text2SQL-R1-7B_bird_pass_k_20260326_223940.jsonl
False,bird,"[false, false, false, false, false]",financial,data/bird/dev_databases/financial/financial.sqlite,simple,False,A12 refers to unemploymant rate 1995; A13 refers to unemploymant rate 1996,False,"near ""We"": syntax error","We need to select from a table where the columns are relevant for 'unemployment ratio'. The relevant column seems to be `A16` in the district table, as it seems to represent unemployment ratios or percentages.",False,,"SELECT DISTINCT IIF(AVG(A13) > AVG(A12), '1996', '1995') FROM district",70,True,Arctic-Text2SQL-R1-7B,5,5,"The average unemployment ratio of 1995 and 1996, which one has higher percentage?",81,pass_k,bird_91,results/raw/Arctic-Text2SQL-R1-7B_bird_pass_k_20260326_223940.jsonl
False,bird,"[false, false, false, false, false]",california_schools,data/bird/dev_databases/california_schools/california_schools.sqlite,moderate,False,High school can be represented as EILCode = 'HS',False,"near ""Provision"": syntax error",SELECT T1.City FROM schools AS T1 INNER JOIN frpm AS T2 ON T1.CDSCode = T2.CDSCode WHERE T2.`County Name` = 'Merced' AND T2.`Low Grade` = '9' AND T2.`High Grade` = '12' AND T1.StatusType = 'High School' AND T2.NSLP Provision Status = 'Lunch Provision 2',False,,SELECT T2.City FROM frpm AS T1 INNER JOIN schools AS T2 ON T1.CDSCode = T2.CDSCode WHERE T1.`NSLP Provision Status` = 'Lunch Provision 2' AND T2.County = 'Merced' AND T1.`Low Grade` = 9 AND T1.`High Grade` = 12 AND T2.EILCode = 'HS',232,True,Arctic-Text2SQL-R1-7B,5,5,What is the city location of the high school level school with Lunch Provision 2 whose lowest grade is 9 and the highest grade is 12 in the county of Merced?,157,pass_k,bird_76,results/raw/Arctic-Text2SQL-R1-7B_bird_pass_k_20260326_223940.jsonl
False,bird,"[false, false, false, false, false]",california_schools,data/bird/dev_databases/california_schools/california_schools.sqlite,simple,False,State Special Schools means that SOC = 31.,False,,SELECT NCESDist FROM schools WHERE SOC = 'State Special Schools',True,,SELECT NCESDist FROM schools WHERE SOC = 31,43,True,Arctic-Text2SQL-R1-7B,5,5,Please provide the National Center for Educational Statistics school district identification number for all schools with a School Ownership Code that are part of the State Special Schools.,188,pass_k,bird_69,results/raw/Arctic-Text2SQL-R1-7B_bird_pass_k_20260326_223940.jsonl
False,bird,"[false, false, false, false, false]",california_schools,data/bird/dev_databases/california_schools/california_schools.sqlite,moderate,False,Percent (%) Eligible FRPM (Ages 5-17) can be acquired by `FRPM Count (Ages 5-17)` / `Enrollment (Ages 5-17)` * 100,False,"near ""."": syntax error",SELECT ...,False,,"SELECT T2.School, T1.`FRPM Count (Ages 5-17)` * 100 / T1.`Enrollment (Ages 5-17)` FROM frpm AS T1 INNER JOIN schools AS T2 ON T1.CDSCode = T2.CDSCode WHERE T2.County = 'Los Angeles' AND T2.GSserved = 'K-9'",205,True,Arctic-Text2SQL-R1-7B,5,5,Which schools served a grade span of Kindergarten to 9th grade in the county of Los Angeles and what is its Percent (%) Eligible FRPM (Ages 5-17)?,146,pass_k,bird_77,results/raw/Arctic-Text2SQL-R1-7B_bird_pass_k_20260326_223940.jsonl
False,bird,"[false, false, false, false, false]",california_schools,data/bird/dev_databases/california_schools/california_schools.sqlite,moderate,False,State of California refers to state = 'CA',False,"near ""."": syntax error",SELECT ...,False,,"SELECT T2.City, T1.`Low Grade`, T1.`School Name` FROM frpm AS T1 INNER JOIN schools AS T2 ON T1.CDSCode = T2.CDSCode WHERE T2.State = 'CA' ORDER BY T2.Latitude ASC LIMIT 1",171,True,Arctic-Text2SQL-R1-7B,5,5,In which city can you find the school in the state of California with the lowest latitude coordinates and what is its lowest grade? Indicate the school name.,157,pass_k,bird_81,results/raw/Arctic-Text2SQL-R1-7B_bird_pass_k_20260326_223940.jsonl
False,bird,"[false, false, false, false, false]",california_schools,data/bird/dev_databases/california_schools/california_schools.sqlite,moderate,False,District Special Education Consortia School refers to EdOpsCode = 'SPECON'.,False,,SELECT MIN(frpm.`Low Grade`) AS Lowest_Grade FROM frpm JOIN schools ON frpm.CDSCode = schools.CDSCode WHERE schools.NCESDist = '0613360' AND schools.StatusType = 'District Special Education Consortia School',True,,SELECT MIN(T1.`Low Grade`) FROM frpm AS T1 INNER JOIN schools AS T2 ON T1.CDSCode = T2.CDSCode WHERE T2.NCESDist = '0613360' AND T2.EdOpsCode = 'SPECON',152,True,Arctic-Text2SQL-R1-7B,5,5,What is the lowest grade for the District Special Education Consortia School with National Center for Educational Statistics school district identification number of 0613360?,174,pass_k,bird_74,results/raw/Arctic-Text2SQL-R1-7B_bird_pass_k_20260326_223940.jsonl
False,bird,"[false, false, false, false, false]",california_schools,data/bird/dev_databases/california_schools/california_schools.sqlite,moderate,False,Youth Authority Facilities (CEA) refers to SOC = 11; 1980s = years between 1980 and 1989,False,,"SELECT County FROM schools WHERE StatusType = 'Closed' AND SOCType = 'Youth Authority Facilities (CEA)' AND strftime('%Y', OpenDate) BETWEEN '1980' AND '1989' GROUP BY County ORDER BY COUNT(*) DESC LIMIT 1",True,,"SELECT County FROM schools WHERE strftime('%Y', ClosedDate) BETWEEN '1980' AND '1989' AND StatusType = 'Closed' AND SOC = 11 GROUP BY County ORDER BY COUNT(School) DESC LIMIT 1",176,True,Arctic-Text2SQL-R1-7B,5,5,Which county reported the most number of school closure in the 1980s with school wonership code belonging to Youth Authority Facilities (CEA)?,142,pass_k,bird_68,results/raw/Arctic-Text2SQL-R1-7B_bird_pass_k_20260326_223940.jsonl
False,bird,"[false, false, false, false, false]",california_schools,data/bird/dev_databases/california_schools/california_schools.sqlite,simple,False,the highest longitude refers to the school with the maximum absolute longitude value.,False,,SELECT GSoffered FROM schools ORDER BY Longitude DESC LIMIT 1,True,,SELECT GSoffered FROM schools ORDER BY ABS(longitude) DESC LIMIT 1,66,True,Arctic-Text2SQL-R1-7B,5,5,What is the grade span offered in the school with the highest longitude?,72,pass_k,bird_82,results/raw/Arctic-Text2SQL-R1-7B_bird_pass_k_20260326_223940.jsonl
False,bird,"[false, false, false, false, false]",california_schools,data/bird/dev_databases/california_schools/california_schools.sqlite,simple,False,Directly funded schools refers to FundingType = 'Directly Funded',False,,SELECT COUNT(*) FROM schools WHERE StatusType = 'Directly Funded' AND OpenDate BETWEEN '2000-01-01' AND '2005-12-31' AND County = 'Stanislaus',True,,"SELECT COUNT(School) FROM schools WHERE strftime('%Y', OpenDate) BETWEEN '2000' AND '2005' AND County = 'Stanislaus' AND FundingType = 'Directly funded'",152,True,Arctic-Text2SQL-R1-7B,5,5,"Between 1/1/2000 to 12/31/2005, how many directly funded schools opened in the county of Stanislaus?",100,pass_k,bird_66,results/raw/Arctic-Text2SQL-R1-7B_bird_pass_k_20260326_223940.jsonl
False,bird,"[false, false, false, false, false]",california_schools,data/bird/dev_databases/california_schools/california_schools.sqlite,simple,False,,False,,"SELECT COUNT(*) AS TotalSchoolCount FROM schools WHERE County = 'Alpine' AND StatusType IN ('Active', 'Closed') AND DOCType = 'District Community Day School'",True,,SELECT COUNT(School) FROM schools WHERE (StatusType = 'Closed' OR StatusType = 'Active') AND SOC = 69 AND County = 'Alpine',123,True,Arctic-Text2SQL-R1-7B,5,5,How many active and closed District Community Day Schools are there in the county of Alpine?,92,pass_k,bird_70,results/raw/Arctic-Text2SQL-R1-7B_bird_pass_k_20260326_223940.jsonl
False,bird,"[false, false, false, false, false]",california_schools,data/bird/dev_databases/california_schools/california_schools.sqlite,moderate,False,Percent (%) Eligible Free (K-12) = `Free Meal Count (K-12)` / `Enrollment (K-12)` * 100%,False,,"SELECT T1.`Percent (%) Eligible Free (K-12)`, T1.`District Code` FROM frpm AS T1 JOIN schools AS T2 ON T1.CDSCode = T2.CDSCode WHERE T2.AdmFName1 = 'Alusine'",True,,"SELECT T1.`Free Meal Count (K-12)` * 100 / T1.`Enrollment (K-12)`, T1.`District Code` FROM frpm AS T1 INNER JOIN schools AS T2 ON T1.CDSCode = T2.CDSCode WHERE T2.AdmFName1 = 'Alusine'",184,True,Arctic-Text2SQL-R1-7B,5,5,What is the Percent (%) Eligible Free (K-12) in the school administered by an administrator whose first name is Alusine. List the district code of the school.,158,pass_k,bird_85,results/raw/Arctic-Text2SQL-R1-7B_bird_pass_k_20260326_223940.jsonl
False,bird,"[false, false, false, false, false]",california_schools,data/bird/dev_databases/california_schools/california_schools.sqlite,simple,False,,False,,"SELECT AdmLName1, District, County, School FROM schools WHERE CharterNum = '40'",True,,"SELECT AdmLName1, District, County, School FROM schools WHERE CharterNum = '0040'",81,True,Arctic-Text2SQL-R1-7B,5,5,"What is the administrator's last name that oversees the school with Charter number 40? Indicate the district, the county where the school is situated, and the name of the school.",178,pass_k,bird_86,results/raw/Arctic-Text2SQL-R1-7B_bird_pass_k_20260326_223940.jsonl
False,bird,"[false, false, false, false, false]",california_schools,data/bird/dev_databases/california_schools/california_schools.sqlite,moderate,False,'Does not offer physical building' means Virtual = F in the database.,False,,"SELECT County, COUNT(*) as num FROM schools WHERE Virtual = 'N' AND (County = 'San Diego' OR County = 'Santa Barbara') GROUP BY County ORDER BY num DESC LIMIT 1",True,,"SELECT County, COUNT(Virtual) FROM schools WHERE (County = 'San Diego' OR County = 'Santa Barbara') AND Virtual = 'F' GROUP BY County ORDER BY COUNT(Virtual) DESC LIMIT 1",170,True,Arctic-Text2SQL-R1-7B,5,5,"Between San Diego and Santa Barbara, which county offers the most number of schools that does not offer physical building? Indicate the amount.",143,pass_k,bird_79,results/raw/Arctic-Text2SQL-R1-7B_bird_pass_k_20260326_223940.jsonl
False,bird,"[false, false, false, false, false]",california_schools,data/bird/dev_databases/california_schools/california_schools.sqlite,challenging,False,Intermediate/Middle Schools refers to SOC = 62; Unified School refers to DOC = 54; years between 2009 and 2010 can refer to 'between 1/1/2009 to 12/31/2010',False,,"SELECT DISTINCT AdmEmail1 FROM schools WHERE County = 'San Bernardino' AND District LIKE '%City of San Bernardino City Unified%' AND OpenDate >= DATE('2009-01-01') AND OpenDate <= DATE('2010-12-31') AND StatusType IN ('Public Intermediate/Middle School', 'Public Unified School')",True,,"SELECT T2.AdmEmail1, T2.AdmEmail2 FROM frpm AS T1 INNER JOIN schools AS T2 ON T1.CDSCode = T2.CDSCode WHERE T2.County = 'San Bernardino' AND T2.City = 'San Bernardino' AND T2.DOC = 54 AND strftime('%Y', T2.OpenDate) BETWEEN '2009' AND '2010' AND T2.SOC = 62",257,True,Arctic-Text2SQL-R1-7B,5,5,"What are the valid e-mail addresses of the administrator of the school located in the San Bernardino county, City of San Bernardino City Unified that opened between 1/1/2009 to 12/31/2010 whose school types are public Intermediate/Middle Schools and Unified Schools?",266,pass_k,bird_87,results/raw/Arctic-Text2SQL-R1-7B_bird_pass_k_20260326_223940.jsonl
True,bird,"[true, true, true, true, true]",california_schools,data/bird/dev_databases/california_schools/california_schools.sqlite,simple,False,,True,,SELECT GSserved FROM schools WHERE City = 'Adelanto' GROUP BY GSserved ORDER BY COUNT(*) DESC LIMIT 1,True,,SELECT GSserved FROM schools WHERE City = 'Adelanto' GROUP BY GSserved ORDER BY COUNT(GSserved) DESC LIMIT 1,108,True,Arctic-Text2SQL-R1-7B,5,5,What is the most common type of grade span served in the city of Adelanto?,74,pass_k,bird_78,results/raw/Arctic-Text2SQL-R1-7B_bird_pass_k_20260326_223940.jsonl
False,bird,"[false, false, false, false, false]",financial,data/bird/dev_databases/financial/financial.sqlite,moderate,False,A3 contains the data of region; 'POPLATEK PO OBRATU' represents for 'issuance after transaction'.,False,"near ""The"": syntax error",The question is asking for a count of accounts that chose 'issuance' as their transaction type while also being located in East Bohemia region.,False,,SELECT COUNT(T2.account_id) FROM district AS T1 INNER JOIN account AS T2 ON T1.district_id = T2.district_id WHERE T1.A3 = 'east Bohemia' AND T2.frequency = 'POPLATEK PO OBRATU',176,True,Arctic-Text2SQL-R1-7B,5,5,How many accounts who choose issuance after transaction are staying in East Bohemia region?,91,pass_k,bird_89,results/raw/Arctic-Text2SQL-R1-7B_bird_pass_k_20260326_223940.jsonl
False,bird,"[false, false, false, false, false]",financial,data/bird/dev_databases/financial/financial.sqlite,simple,False,A11 refers to average salary; Female mapps to gender = 'F',False,"near ""The"": syntax error","The question asks for districts with female client average salaries between 6000 and 10000, so we look into the `district` and `client` tables along with `trans`, since transactions can be used to calculate the average salary. However, it's important that we're considering only females, hence, using the gender field on client table is necessary.",False,,SELECT COUNT(DISTINCT T2.district_id)  FROM client AS T1 INNER JOIN district AS T2 ON T1.district_id = T2.district_id WHERE T1.gender = 'F' AND T2.A11 BETWEEN 6000 AND 10000,173,True,Arctic-Text2SQL-R1-7B,5,5,List out the no. of districts that have female average salary is more than 6000 but less than 10000?,100,pass_k,bird_92,results/raw/Arctic-Text2SQL-R1-7B_bird_pass_k_20260326_223940.jsonl
False,bird,"[false, false, false, false, false]",financial,data/bird/dev_databases/financial/financial.sqlite,moderate,False,Loan validity more than 12 months refers to duration > 12,False,"near ""Among"": syntax error","Among the accounts who have loan validity more than 12 months, list out the accounts that have the highest approved amount and have account opening date in 1993.",False,,"SELECT T1.account_id FROM loan AS T1 INNER JOIN account AS T2 ON T1.account_id = T2.account_id WHERE STRFTIME('%Y', T2.date) = '1993' AND T1.duration > 12 ORDER BY T1.amount DESC LIMIT 1",186,True,Arctic-Text2SQL-R1-7B,5,5,"Among the accounts who have loan validity more than 12 months, list out the accounts that have the highest approved amount and have account opening date in 1993.",161,pass_k,bird_99,results/raw/Arctic-Text2SQL-R1-7B_bird_pass_k_20260326_223940.jsonl
False,bird,"[false, false, false, false, false]",financial,data/bird/dev_databases/financial/financial.sqlite,moderate,False,'POPLATEK TYDNE' stands for weekly issuance,False,,"SELECT account_id FROM loan WHERE status = 'approved' AND strftime('%Y', date) = '1997' ORDER BY amount LIMIT 1",True,,"SELECT T2.account_id FROM loan AS T1 INNER JOIN account AS T2 ON T1.account_id = T2.account_id WHERE STRFTIME('%Y', T1.date) = '1997' AND T2.frequency = 'POPLATEK TYDNE' ORDER BY T1.amount LIMIT 1",196,True,Arctic-Text2SQL-R1-7B,5,5,"Among the accounts who have approved loan date in 1997, list out the accounts that have the lowest approved amount and choose weekly issuance statement.",152,pass_k,bird_98,results/raw/Arctic-Text2SQL-R1-7B_bird_pass_k_20260326_223940.jsonl
False,bird,"[false, false, false, false, false]",financial,data/bird/dev_databases/financial/financial.sqlite,simple,False,A3 contains the data of region,False,"near ""How"": syntax error",How many accounts who have region in Prague are eligible for loans?,False,,SELECT COUNT(T1.account_id) FROM account AS T1 INNER JOIN loan AS T2 ON T1.account_id = T2.account_id INNER JOIN district AS T3 ON T1.district_id = T3.district_id WHERE T3.A3 = 'Prague',185,True,Arctic-Text2SQL-R1-7B,5,5,How many accounts who have region in Prague are eligible for loans?,67,pass_k,bird_90,results/raw/Arctic-Text2SQL-R1-7B_bird_pass_k_20260326_223940.jsonl
False,bird,"[false, false, false, false, false]",financial,data/bird/dev_databases/financial/financial.sqlite,moderate,False,Male means that gender = 'M'; A3 refers to region; A11 pertains to average salary.,False,,SELECT COUNT(*) FROM client WHERE gender = 'male' AND district_id IN (SELECT district_id FROM district WHERE A12 > 8000) AND district_id IN (SELECT district_id FROM district WHERE A3 = 'North Bohemia'),True,,SELECT COUNT(T1.client_id) FROM client AS T1 INNER JOIN district AS T2 ON T1.district_id = T2.district_id WHERE T1.gender = 'M' AND T2.A3 = 'north Bohemia' AND T2.A11 > 8000,173,True,Arctic-Text2SQL-R1-7B,5,5,How many male customers who are living in North Bohemia have average salary greater than 8000?,94,pass_k,bird_93,results/raw/Arctic-Text2SQL-R1-7B_bird_pass_k_20260326_223940.jsonl
False,bird,"[false, false, false, false, false]",california_schools,data/bird/dev_databases/california_schools/california_schools.sqlite,simple,False,,False,,"SELECT School Type, School Name, Latitude as Lat from schools ORDER BY Latitude DESC LIMIT 1",True,,"SELECT T1.`School Type`, T1.`School Name`, T2.Latitude FROM frpm AS T1 INNER JOIN schools AS T2 ON T1.CDSCode = T2.CDSCode ORDER BY T2.Latitude DESC LIMIT 1",156,True,Arctic-Text2SQL-R1-7B,5,5,What is the school type of the school with the highest latitude? Indicate the name of the school as well as the latitude coordinates.,133,pass_k,bird_80,results/raw/Arctic-Text2SQL-R1-7B_bird_pass_k_20260326_223940.jsonl
False,bird,"[false, false, false, false, false]",financial,data/bird/dev_databases/financial/financial.sqlite,simple,False,'POPLATEK TYDNE' stands for weekly issuance,False,"near ""The"": syntax error","The question is asking for a count of customers who both choose weekly issuance and have an account with the type 'Owner' as their primary type. For this, we need to connect two tables: `account` and `disp`. The `account` table contains information about when statements are issued (daily/weekly/monthly), while `disp` provides details on the type of account holder ('Owner', 'Co-Owner', 'Junior Owner').",False,,SELECT COUNT(T1.account_id) FROM account AS T1 INNER JOIN disp AS T2 ON T1.account_id = T2.account_id WHERE T2.type = 'OWNER' AND T1.frequency = 'POPLATEK TYDNE',161,True,Arctic-Text2SQL-R1-7B,5,5,How many customers who choose statement of weekly issuance are Owner?,69,pass_k,bird_96,results/raw/Arctic-Text2SQL-R1-7B_bird_pass_k_20260326_223940.jsonl
False,bird,"[false, false, false, false, false]",financial,data/bird/dev_databases/financial/financial.sqlite,simple,False,'POPLATEK PO OBRATU' stands for issuance after transaction,False,"near ""We"": syntax error","We need to understand that Disponent is a type of account holder listed in the 'disp' table. Also, transactions and issuance statements are recorded in the 'trans' table and linked with accounts through 'account_id'. Therefore, we should first find out what account IDs belong to those whose Dispensation status is `statement_of_issuance`. Then, we will link these back to the clients for their `client_id`.",False,,SELECT T2.client_id FROM account AS T1 INNER JOIN disp AS T2 ON T1.account_id = T2.account_id WHERE T1.frequency = 'POPLATEK PO OBRATU' AND T2.type = 'DISPONENT',161,True,Arctic-Text2SQL-R1-7B,5,5,List out the id number of client who choose statement of issuance after transaction are Disponent?,98,pass_k,bird_97,results/raw/Arctic-Text2SQL-R1-7B_bird_pass_k_20260326_223940.jsonl
False,bird,"[false, false, false, false, false]",financial,data/bird/dev_databases/financial/financial.sqlite,moderate,False,"If the person A's birthdate < B's birthdate, it means that person B is younger than person A; A11 refers to average salary",False,no such column: account_id,"SELECT account_id FROM (SELECT c.district_id, d.A12 AS avg_salary, MIN(c.birth_date) as youngest FROM client c INNER JOIN district d ON c.district_id = d.district_id GROUP BY c.district_id ORDER BY youngest ASC, avg_salary DESC LIMIT 1)",False,,"SELECT T1.account_id  FROM account AS T1 INNER JOIN disp AS T2 ON T1.account_id = T2.account_id INNER JOIN client AS T3 ON T2.client_id = T3.client_id INNER JOIN district AS T4 on T4.district_id = T1.district_id WHERE T2.client_id = ( SELECT client_id FROM client ORDER BY birth_date DESC LIMIT 1) GROUP BY T4.A11, T1.account_id",328,True,Arctic-Text2SQL-R1-7B,5,5,List out the account numbers of clients who are youngest and have highest average salary?,89,pass_k,bird_95,results/raw/Arctic-Text2SQL-R1-7B_bird_pass_k_20260326_223940.jsonl
False,bird,"[false, false, false, false, false]",california_schools,data/bird/dev_databases/california_schools/california_schools.sqlite,simple,False,,False,"unrecognized token: "":""",SELECT 'Understand': 'True' FROM schools LIMIT 1,False,,"SELECT DISTINCT T1.AdmFName1, T1.District FROM schools AS T1 INNER JOIN ( SELECT admfname1 FROM schools GROUP BY admfname1 ORDER BY COUNT(admfname1) DESC LIMIT 2 ) AS T2 ON T1.AdmFName1 = T2.admfname1",200,True,Arctic-Text2SQL-R1-7B,5,5,What are the two most common first names among the school administrators? Indicate the district to which they administer.,121,pass_k,bird_84,results/raw/Arctic-Text2SQL-R1-7B_bird_pass_k_20260326_223940.jsonl
False,bird,"[false, false, false, false, false]",financial,data/bird/dev_databases/financial/financial.sqlite,challenging,False,"Female means gender = 'F'; A11 refers to average salary; Gap = highest average salary - lowest average salary; If the person A's birthdate > B's birthdate, it means that person B is order than person A.",False,no such column: L.lowest_average_salary,"SELECT json_object('lowest_avg_salary', L.lowest_average_salary, 'highest_avg_salary', H.highest_average_salary, 'salary_gap', (H.highest_average_salary - L.lowest_average_salary)) as result",False,,"SELECT T1.account_id , ( SELECT MAX(A11) - MIN(A11) FROM district ) FROM account AS T1 INNER JOIN district AS T2 ON T1.district_id = T2.district_id INNER JOIN disp AS T3 ON T1.account_id = T3.account_id INNER JOIN client AS T4 ON T3.client_id = T4.client_id WHERE T2.district_id = ( SELECT district_id FROM client WHERE gender = 'F' ORDER BY birth_date ASC LIMIT 1 ) ORDER BY T2.A11 DESC LIMIT 1",395,True,Arctic-Text2SQL-R1-7B,5,5,"List out the account numbers of female clients who are oldest and has lowest average salary, calculate the gap between this lowest average salary with the highest average salary?",178,pass_k,bird_94,results/raw/Arctic-Text2SQL-R1-7B_bird_pass_k_20260326_223940.jsonl
True,spider,"[true, true, true, true, true]",concert_singer,data/spider/database/concert_singer/concert_singer.sqlite,,False,,True,,"SELECT AVG(age), MIN(age), MAX(age) FROM singer WHERE Country = 'France'",True,,"SELECT avg(age) ,  min(age) ,  max(age) FROM singer WHERE country  =  'France'",78,True,Arctic-Text2SQL-R1-7B,5,5,"What is the average, minimum, and maximum age of all singers from France?",73,pass_k,spider_4,results/raw/Arctic-Text2SQL-R1-7B_spider_pass_k_20260326_222630.jsonl
True,spider,"[true, true, true, true, true]",concert_singer,data/spider/database/concert_singer/concert_singer.sqlite,,False,,True,,"SELECT Song_Name, Song_release_year FROM singer ORDER BY Age ASC LIMIT 1",True,,"SELECT song_name ,  song_release_year FROM singer ORDER BY age LIMIT 1",70,True,Arctic-Text2SQL-R1-7B,5,5,Show the name and the release year of the song by the youngest singer.,70,pass_k,spider_6,results/raw/Arctic-Text2SQL-R1-7B_spider_pass_k_20260326_222630.jsonl
True,spider,"[true, true, true, true, true]",concert_singer,data/spider/database/concert_singer/concert_singer.sqlite,,False,,True,,"SELECT Song_Name, Song_release_year FROM singer ORDER BY Age ASC LIMIT 1",True,,"SELECT song_name ,  song_release_year FROM singer ORDER BY age LIMIT 1",70,True,Arctic-Text2SQL-R1-7B,5,5,What are the names and release years for all the songs of the youngest singer?,78,pass_k,spider_7,results/raw/Arctic-Text2SQL-R1-7B_spider_pass_k_20260326_222630.jsonl
True,spider,"[true, true, true, true, true]",concert_singer,data/spider/database/concert_singer/concert_singer.sqlite,,False,,True,,"SELECT Name, Country, Age FROM singer ORDER BY Age DESC",True,,"SELECT name ,  country ,  age FROM singer ORDER BY age DESC",59,True,Arctic-Text2SQL-R1-7B,5,5,"Show name, country, age for all singers ordered by age from the oldest to the youngest.",87,pass_k,spider_2,results/raw/Arctic-Text2SQL-R1-7B_spider_pass_k_20260326_222630.jsonl
True,spider,"[true, true, true, true, true]",concert_singer,data/spider/database/concert_singer/concert_singer.sqlite,,False,,True,,"SELECT AVG(age), MIN(age), MAX(age) FROM singer WHERE Country = 'France'",True,,"SELECT avg(age) ,  min(age) ,  max(age) FROM singer WHERE country  =  'France'",78,True,Arctic-Text2SQL-R1-7B,5,5,"What is the average, minimum, and maximum age for all French singers?",69,pass_k,spider_5,results/raw/Arctic-Text2SQL-R1-7B_spider_pass_k_20260326_222630.jsonl
True,spider,"[true, true, true, true, true]",concert_singer,data/spider/database/concert_singer/concert_singer.sqlite,,False,,True,,SELECT COUNT(*) FROM singer,True,,SELECT count(*) FROM singer,27,True,Arctic-Text2SQL-R1-7B,5,5,How many singers do we have?,28,pass_k,spider_0,results/raw/Arctic-Text2SQL-R1-7B_spider_pass_k_20260326_222630.jsonl
False,spider,"[false, false, false, false, false]",concert_singer,data/spider/database/concert_singer/concert_singer.sqlite,,False,,False,,"SELECT MAX(Capacity) AS Max_Capacity , AVG(Capacity) as Average_Capacity FROM stadium",True,,"select max(capacity), average from stadium",42,True,Arctic-Text2SQL-R1-7B,5,5,What is the maximum capacity and the average of all stadiums ?,62,pass_k,spider_16,results/raw/Arctic-Text2SQL-R1-7B_spider_pass_k_20260326_222630.jsonl
True,spider,"[true, true, true, true, true]",concert_singer,data/spider/database/concert_singer/concert_singer.sqlite,,False,,True,,"SELECT Name, Capacity FROM stadium ORDER BY Average DESC LIMIT 1",True,,"SELECT name ,  capacity FROM stadium ORDER BY average DESC LIMIT 1",66,True,Arctic-Text2SQL-R1-7B,5,5,What is the name and capacity for the stadium with highest average attendance?,78,pass_k,spider_18,results/raw/Arctic-Text2SQL-R1-7B_spider_pass_k_20260326_222630.jsonl
True,spider,"[true, true, true, true, true]",concert_singer,data/spider/database/concert_singer/concert_singer.sqlite,,False,,True,,SELECT COUNT(*) FROM `concert` WHERE `Year` = '2014' OR `Year` = '2015',True,,SELECT count(*) FROM concert WHERE YEAR  =  2014 OR YEAR  =  2015,65,True,Arctic-Text2SQL-R1-7B,5,5,How many concerts are there in year 2014 or 2015?,49,pass_k,spider_20,results/raw/Arctic-Text2SQL-R1-7B_spider_pass_k_20260326_222630.jsonl
True,spider,"[true, true, true, true, true]",concert_singer,data/spider/database/concert_singer/concert_singer.sqlite,,False,,True,,SELECT COUNT(*) FROM singer,True,,SELECT count(*) FROM singer,27,True,Arctic-Text2SQL-R1-7B,5,5,What is the total number of singers?,36,pass_k,spider_1,results/raw/Arctic-Text2SQL-R1-7B_spider_pass_k_20260326_222630.jsonl
True,spider,"[true, true, true, true, true]",concert_singer,data/spider/database/concert_singer/concert_singer.sqlite,,False,,True,,"SELECT T2.Name AS Stadium_Name, COUNT(*) AS Concert_Count FROM concert AS T1 JOIN stadium AS T2 ON T1.Stadium_ID = T2.Stadium_ID GROUP BY T2.Name",True,,"SELECT T2.name ,  count(*) FROM concert AS T1 JOIN stadium AS T2 ON T1.stadium_id  =  T2.stadium_id GROUP BY T1.stadium_id",122,True,Arctic-Text2SQL-R1-7B,5,5,"For each stadium, how many concerts play there?",47,pass_k,spider_23,results/raw/Arctic-Text2SQL-R1-7B_spider_pass_k_20260326_222630.jsonl
True,spider,"[true, true, true, true, true]",concert_singer,data/spider/database/concert_singer/concert_singer.sqlite,,False,,True,,"SELECT s.Name AS stadium_name, COUNT(c.concert_ID) as concerts_count FROM 'stadium' s JOIN 'concert' c ON s.Stadium_ID = c.Stadium_ID GROUP BY s.Name",True,,"SELECT T2.name ,  count(*) FROM concert AS T1 JOIN stadium AS T2 ON T1.stadium_id  =  T2.stadium_id GROUP BY T1.stadium_id",122,True,Arctic-Text2SQL-R1-7B,5,5,Show the stadium name and the number of concerts in each stadium.,65,pass_k,spider_22,results/raw/Arctic-Text2SQL-R1-7B_spider_pass_k_20260326_222630.jsonl
True,spider,"[true, true, true, true, true]",concert_singer,data/spider/database/concert_singer/concert_singer.sqlite,,False,,True,,SELECT DISTINCT Country FROM singer WHERE Age > 20,True,,SELECT DISTINCT country FROM singer WHERE age  >  20,52,True,Arctic-Text2SQL-R1-7B,5,5,What are all distinct countries where singers above age 20 are from?,68,pass_k,spider_8,results/raw/Arctic-Text2SQL-R1-7B_spider_pass_k_20260326_222630.jsonl
True,spider,"[true, true, true, true, true]",concert_singer,data/spider/database/concert_singer/concert_singer.sqlite,,False,,True,,"SELECT Name, Country, Age FROM singer ORDER BY Age DESC",True,,"SELECT name ,  country ,  age FROM singer ORDER BY age DESC",59,True,Arctic-Text2SQL-R1-7B,5,5,"What are the names, countries, and ages for every singer in descending order of age?",84,pass_k,spider_3,results/raw/Arctic-Text2SQL-R1-7B_spider_pass_k_20260326_222630.jsonl
True,spider,"[true, true, true, true, true]",concert_singer,data/spider/database/concert_singer/concert_singer.sqlite,,False,,True,,"SELECT COUNT(*) FROM concert WHERE `Year` IN (2014, 2015)",True,,SELECT count(*) FROM concert WHERE YEAR  =  2014 OR YEAR  =  2015,65,True,Arctic-Text2SQL-R1-7B,5,5,How many concerts occurred in 2014 or 2015?,43,pass_k,spider_21,results/raw/Arctic-Text2SQL-R1-7B_spider_pass_k_20260326_222630.jsonl
True,spider,"[true, true, true, true, true]",concert_singer,data/spider/database/concert_singer/concert_singer.sqlite,,False,,True,,SELECT Year FROM concert GROUP BY Year ORDER BY COUNT(*) DESC LIMIT 1,True,,SELECT YEAR FROM concert GROUP BY YEAR ORDER BY count(*) DESC LIMIT 1,69,True,Arctic-Text2SQL-R1-7B,5,5,What is the year that had the most concerts?,44,pass_k,spider_27,results/raw/Arctic-Text2SQL-R1-7B_spider_pass_k_20260326_222630.jsonl
True,spider,"[true, true, true, true, true]",concert_singer,data/spider/database/concert_singer/concert_singer.sqlite,,False,,True,,SELECT Year FROM concert GROUP BY Year ORDER BY COUNT(*) DESC LIMIT 1,True,,SELECT YEAR FROM concert GROUP BY YEAR ORDER BY count(*) DESC LIMIT 1,69,True,Arctic-Text2SQL-R1-7B,5,5,Which year has most number of concerts?,39,pass_k,spider_26,results/raw/Arctic-Text2SQL-R1-7B_spider_pass_k_20260326_222630.jsonl
True,spider,"[true, true, true, true, true]",concert_singer,data/spider/database/concert_singer/concert_singer.sqlite,,False,,True,,"SELECT T2.Name, T2.Capacity FROM concert AS T1 INNER JOIN stadium AS T2 ON T1.Stadium_ID = T2.Stadium_ID WHERE T1.Year >= '2014' GROUP BY T1.Stadium_ID ORDER BY COUNT(*) DESC LIMIT 1",True,,"SELECT T2.name ,  T2.capacity FROM concert AS T1 JOIN stadium AS T2 ON T1.stadium_id  =  T2.stadium_id WHERE T1.year  >=  2014 GROUP BY T2.stadium_id ORDER BY count(*) DESC LIMIT 1",180,True,Arctic-Text2SQL-R1-7B,5,5,Show the stadium name and capacity with most number of concerts in year 2014 or after.,86,pass_k,spider_24,results/raw/Arctic-Text2SQL-R1-7B_spider_pass_k_20260326_222630.jsonl
False,spider,"[false, false, false, false, false]",concert_singer,data/spider/database/concert_singer/concert_singer.sqlite,,False,,False,"near ""The"": syntax error","The goal is to show names of stadiums with no concerts happening there. To achieve that: we need a way, as an outer join or simply excluding the stadium IDs found in 'concert' table from our primary list of stadium records.",False,,SELECT name FROM stadium WHERE stadium_id NOT IN (SELECT stadium_id FROM concert),81,True,Arctic-Text2SQL-R1-7B,5,5,Show the stadium names without any concert.,43,pass_k,spider_28,results/raw/Arctic-Text2SQL-R1-7B_spider_pass_k_20260326_222630.jsonl
True,spider,"[true, true, true, true, true]",concert_singer,data/spider/database/concert_singer/concert_singer.sqlite,,False,,True,,SELECT DISTINCT Country FROM singer WHERE Age > 20,True,,SELECT DISTINCT country FROM singer WHERE age  >  20,52,True,Arctic-Text2SQL-R1-7B,5,5,What are  the different countries with singers above age 20?,60,pass_k,spider_9,results/raw/Arctic-Text2SQL-R1-7B_spider_pass_k_20260326_222630.jsonl
True,spider,"[true, true, true, true, true]",concert_singer,data/spider/database/concert_singer/concert_singer.sqlite,,False,,True,,"SELECT Location, Name FROM stadium WHERE Capacity BETWEEN 5000 AND 10000",True,,"SELECT LOCATION ,  name FROM stadium WHERE capacity BETWEEN 5000 AND 10000",74,True,Arctic-Text2SQL-R1-7B,5,5,Show location and name for all stadiums with a capacity between 5000 and 10000.,79,pass_k,spider_14,results/raw/Arctic-Text2SQL-R1-7B_spider_pass_k_20260326_222630.jsonl
True,spider,"[true, true, true, true, true]",concert_singer,data/spider/database/concert_singer/concert_singer.sqlite,,False,,True,,"SELECT AVG(Capacity) AS average_capacity , MAX(Capacity) as max_capacity FROM stadium",True,,"select avg(capacity) ,  max(capacity) from stadium",50,True,Arctic-Text2SQL-R1-7B,5,5,What is the average and maximum capacities for all stadiums ?,61,pass_k,spider_17,results/raw/Arctic-Text2SQL-R1-7B_spider_pass_k_20260326_222630.jsonl
True,spider,"[false, true, true, true, true]",concert_singer,data/spider/database/concert_singer/concert_singer.sqlite,,False,,False,"near ""The"": syntax error","The goal is to retrieve all countries of singers that have at least one member older than 40 and also another member younger than 30, regardless of their country. This needs a logical approach where we ensure the selection of countries based on the criteria.",False,,SELECT country FROM singer WHERE age  >  40 INTERSECT SELECT country FROM singer WHERE age  <  30,97,True,Arctic-Text2SQL-R1-7B,5,5,Show countries where a singer above age 40 and a singer below 30 are from.,74,pass_k,spider_30,results/raw/Arctic-Text2SQL-R1-7B_spider_pass_k_20260326_222630.jsonl
True,spider,"[true, true, true, true, true]",concert_singer,data/spider/database/concert_singer/concert_singer.sqlite,,False,,True,,"SELECT T2.Name, T2.Capacity FROM concert AS T1 JOIN stadium AS T2 ON T1.Stadium_ID = T2.Stadium_ID WHERE T1.Year > '2013' GROUP BY T2.Stadium_ID ORDER BY COUNT(T1.concert_ID) DESC LIMIT 1",True,,"select t2.name ,  t2.capacity from concert as t1 join stadium as t2 on t1.stadium_id  =  t2.stadium_id where t1.year  >  2013 group by t2.stadium_id order by count(*) desc limit 1",179,True,Arctic-Text2SQL-R1-7B,5,5,What is the name and capacity of the stadium with the most concerts after 2013 ?,80,pass_k,spider_25,results/raw/Arctic-Text2SQL-R1-7B_spider_pass_k_20260326_222630.jsonl
True,spider,"[true, true, true, true, true]",concert_singer,data/spider/database/concert_singer/concert_singer.sqlite,,False,,True,,"SELECT Country, COUNT(*) FROM singer GROUP BY Country",True,,"SELECT country ,  count(*) FROM singer GROUP BY country",55,True,Arctic-Text2SQL-R1-7B,5,5,How many singers are from each country?,39,pass_k,spider_11,results/raw/Arctic-Text2SQL-R1-7B_spider_pass_k_20260326_222630.jsonl
True,spider,"[true, true, true, true, true]",concert_singer,data/spider/database/concert_singer/concert_singer.sqlite,,False,,True,,SELECT DISTINCT T1.Song_Name FROM singer AS T1 WHERE T1.Age > ( SELECT AVG(Age) FROM singer),True,,SELECT song_name FROM singer WHERE age  >  (SELECT avg(age) FROM singer),72,True,Arctic-Text2SQL-R1-7B,5,5,What are all the song names by singers who are older than average?,66,pass_k,spider_13,results/raw/Arctic-Text2SQL-R1-7B_spider_pass_k_20260326_222630.jsonl
True,spider,"[true, true, true, true, true]",concert_singer,data/spider/database/concert_singer/concert_singer.sqlite,,False,,True,,SELECT Name FROM stadium WHERE Stadium_ID NOT IN (SELECT Stadium_ID FROM concert),True,,SELECT name FROM stadium WHERE stadium_id NOT IN (SELECT stadium_id FROM concert),81,True,Arctic-Text2SQL-R1-7B,5,5,What are the names of the stadiums without any concerts?,56,pass_k,spider_29,results/raw/Arctic-Text2SQL-R1-7B_spider_pass_k_20260326_222630.jsonl
True,spider,"[true, true, true, true, true]",concert_singer,data/spider/database/concert_singer/concert_singer.sqlite,,False,,True,,SELECT DISTINCT Song_Name FROM singer WHERE Age > (SELECT AVG(Age) FROM singer),True,,SELECT song_name FROM singer WHERE age  >  (SELECT avg(age) FROM singer),72,True,Arctic-Text2SQL-R1-7B,5,5,List all song names by singers above the average age.,53,pass_k,spider_12,results/raw/Arctic-Text2SQL-R1-7B_spider_pass_k_20260326_222630.jsonl
True,spider,"[true, true, true, true, true]",concert_singer,data/spider/database/concert_singer/concert_singer.sqlite,,False,,True,,"SELECT Country , COUNT(*) as Count FROM singer GROUP BY Country",True,,"SELECT country ,  count(*) FROM singer GROUP BY country",55,True,Arctic-Text2SQL-R1-7B,5,5,Show all countries and the number of singers in each country.,61,pass_k,spider_10,results/raw/Arctic-Text2SQL-R1-7B_spider_pass_k_20260326_222630.jsonl
True,spider,"[true, true, true, true, true]",concert_singer,data/spider/database/concert_singer/concert_singer.sqlite,,False,,True,,"SELECT Name, Capacity FROM stadium ORDER BY Average DESC LIMIT 1",True,,"SELECT name ,  capacity FROM stadium ORDER BY average DESC LIMIT 1",66,True,Arctic-Text2SQL-R1-7B,5,5,What is the name and capacity for the stadium with the highest average attendance?,82,pass_k,spider_19,results/raw/Arctic-Text2SQL-R1-7B_spider_pass_k_20260326_222630.jsonl
True,spider,"[true, true, true, true, true]",concert_singer,data/spider/database/concert_singer/concert_singer.sqlite,,False,,True,,"SELECT Location, Name FROM stadium WHERE Capacity BETWEEN 5000 AND 10000",True,,"SELECT LOCATION ,  name FROM stadium WHERE capacity BETWEEN 5000 AND 10000",74,True,Arctic-Text2SQL-R1-7B,5,5,What are the locations and names of all stations with capacity between 5000 and 10000?,86,pass_k,spider_15,results/raw/Arctic-Text2SQL-R1-7B_spider_pass_k_20260326_222630.jsonl
True,spider,"[true, true, true, true, true]",concert_singer,data/spider/database/concert_singer/concert_singer.sqlite,,False,,True,,SELECT Name FROM stadium WHERE Stadium_ID NOT IN (SELECT Stadium_ID FROM concert WHERE Year = '2014'),True,,SELECT name FROM stadium EXCEPT SELECT T2.name FROM concert AS T1 JOIN stadium AS T2 ON T1.stadium_id  =  T2.stadium_id WHERE T1.year  =  2014,142,True,Arctic-Text2SQL-R1-7B,5,5,Show names for all stadiums except for stadiums having a concert in year 2014.,78,pass_k,spider_31,results/raw/Arctic-Text2SQL-R1-7B_spider_pass_k_20260326_222630.jsonl
True,spider,"[true, true, true, true, true]",concert_singer,data/spider/database/concert_singer/concert_singer.sqlite,,False,,True,,"SELECT s.Name, COUNT(*) AS num_concerts FROM singer s INNER JOIN singer_in_concert sic ON s.Singer_ID = sic.Singer_ID GROUP BY s.Name",True,,"SELECT T2.name ,  count(*) FROM singer_in_concert AS T1 JOIN singer AS T2 ON T1.singer_id  =  T2.singer_id GROUP BY T2.singer_id",128,True,Arctic-Text2SQL-R1-7B,5,5,What are the names of the singers and number of concerts for each person?,73,pass_k,spider_36,results/raw/Arctic-Text2SQL-R1-7B_spider_pass_k_20260326_222630.jsonl
False,spider,"[false, false, false, false, false]",concert_singer,data/spider/database/concert_singer/concert_singer.sqlite,,False,,False,,SELECT DISTINCT s.Name FROM singer AS s JOIN singer_in_concert AS sic ON s.Singer_ID = sic.Singer_ID JOIN concert AS c ON sic.concert_ID = c.concert_ID WHERE c.Year = '2014',True,,SELECT T2.name FROM singer_in_concert AS T1 JOIN singer AS T2 ON T1.singer_id  =  T2.singer_id JOIN concert AS T3 ON T1.concert_id  =  T3.concert_id WHERE T3.year  =  2014,171,True,Arctic-Text2SQL-R1-7B,5,5,List all singer names in concerts in year 2014.,47,pass_k,spider_37,results/raw/Arctic-Text2SQL-R1-7B_spider_pass_k_20260326_222630.jsonl
True,spider,"[true, true, true, true, true]",concert_singer,data/spider/database/concert_singer/concert_singer.sqlite,,False,,True,,"SELECT Name, Country FROM singer WHERE Song_Name LIKE '%Hey%'",True,,"SELECT name ,  country FROM singer WHERE song_name LIKE '%Hey%'",63,True,Arctic-Text2SQL-R1-7B,5,5,what is the name and nation of the singer who have a song having 'Hey' in its name?,83,pass_k,spider_39,results/raw/Arctic-Text2SQL-R1-7B_spider_pass_k_20260326_222630.jsonl
False,spider,"[false, false, false, false, false]",concert_singer,data/spider/database/concert_singer/concert_singer.sqlite,,False,,False,,SELECT DISTINCT s.Name FROM singer AS s JOIN singer_in_concert AS sic ON s.Singer_ID = sic.Singer_ID JOIN concert AS c ON sic.concert_ID = c.concert_ID WHERE c.Year = '2014',True,,SELECT T2.name FROM singer_in_concert AS T1 JOIN singer AS T2 ON T1.singer_id  =  T2.singer_id JOIN concert AS T3 ON T1.concert_id  =  T3.concert_id WHERE T3.year  =  2014,171,True,Arctic-Text2SQL-R1-7B,5,5,What are the names of the singers who performed in a concert in 2014?,69,pass_k,spider_38,results/raw/Arctic-Text2SQL-R1-7B_spider_pass_k_20260326_222630.jsonl
True,spider,"[true, true, true, true, true]",concert_singer,data/spider/database/concert_singer/concert_singer.sqlite,,False,,True,,"SELECT s.Name, COUNT(*) AS num_concerts FROM singer_in_concert AS sic JOIN singer AS s ON sic.Singer_ID = s.Singer_ID GROUP BY s.Name",True,,"SELECT T2.name ,  count(*) FROM singer_in_concert AS T1 JOIN singer AS T2 ON T1.singer_id  =  T2.singer_id GROUP BY T2.singer_id",128,True,Arctic-Text2SQL-R1-7B,5,5,List singer names and number of concerts for each singer.,57,pass_k,spider_35,results/raw/Arctic-Text2SQL-R1-7B_spider_pass_k_20260326_222630.jsonl
True,spider,"[true, true, true, true, true]",concert_singer,data/spider/database/concert_singer/concert_singer.sqlite,,False,,True,,"SELECT Name, Country FROM singer WHERE Song_Name LIKE '%Hey%'",True,,"SELECT name ,  country FROM singer WHERE song_name LIKE '%Hey%'",63,True,Arctic-Text2SQL-R1-7B,5,5,What is the name and country of origin of every singer who has a song with the word 'Hey' in its title?,103,pass_k,spider_40,results/raw/Arctic-Text2SQL-R1-7B_spider_pass_k_20260326_222630.jsonl
True,spider,"[true, true, true, true, true]",concert_singer,data/spider/database/concert_singer/concert_singer.sqlite,,False,,True,,SELECT COUNT(*) FROM concert AS c INNER JOIN stadium AS s ON c.Stadium_ID = s.Stadium_ID WHERE s.Capacity = (SELECT MAX(Capacity) FROM stadium),True,,select count(*) from concert where stadium_id = (select stadium_id from stadium order by capacity desc limit 1),111,True,Arctic-Text2SQL-R1-7B,5,5,Find the number of concerts happened in the stadium with the highest capacity .,79,pass_k,spider_43,results/raw/Arctic-Text2SQL-R1-7B_spider_pass_k_20260326_222630.jsonl
False,spider,"[false, false, false, false, false]",concert_singer,data/spider/database/concert_singer/concert_singer.sqlite,,False,,False,,"SELECT DISTINCT T1.Name, T1.Location FROM stadium AS T1 INNER JOIN concert AS T2 ON T1.Stadium_ID = T2.Stadium_ID WHERE T2.Year IN (2014, 2015)",True,,"SELECT T2.name ,  T2.location FROM concert AS T1 JOIN stadium AS T2 ON T1.stadium_id  =  T2.stadium_id WHERE T1.Year  =  2014 INTERSECT SELECT T2.name ,  T2.location FROM concert AS T1 JOIN stadium AS T2 ON T1.stadium_id  =  T2.stadium_id WHERE T1.Year  =  2015",261,True,Arctic-Text2SQL-R1-7B,5,5,What are the names and locations of the stadiums that had concerts that occurred in both 2014 and 2015?,103,pass_k,spider_42,results/raw/Arctic-Text2SQL-R1-7B_spider_pass_k_20260326_222630.jsonl
True,spider,"[true, true, true, true, true]",concert_singer,data/spider/database/concert_singer/concert_singer.sqlite,,False,,True,,"SELECT c.concert_Name, c.Theme, COUNT(sic.Singer_ID) AS number_of_singers FROM concert AS c JOIN singer_in_concert AS sic ON c.concert_ID = sic.concert_ID GROUP BY c.concert_Name, c.Theme",True,,"select t2.concert_name ,  t2.theme ,  count(*) from singer_in_concert as t1 join concert as t2 on t1.concert_id  =  t2.concert_id group by t2.concert_id",152,True,Arctic-Text2SQL-R1-7B,5,5,"What are the names , themes , and number of singers for every concert ?",71,pass_k,spider_34,results/raw/Arctic-Text2SQL-R1-7B_spider_pass_k_20260326_222630.jsonl
False,spider,"[false, false, false, false, false]",concert_singer,data/spider/database/concert_singer/concert_singer.sqlite,,False,,False,no such column: Stadia_ID,SELECT COUNT(*) FROM concert WHERE Stadia_ID = (SELECT Stadium_ID FROM stadium ORDER BY Capacity DESC LIMIT 1),False,,select count(*) from concert where stadium_id = (select stadium_id from stadium order by capacity desc limit 1),111,True,Arctic-Text2SQL-R1-7B,5,5,What are the number of concerts that occurred in the stadium with the largest capacity ?,88,pass_k,spider_44,results/raw/Arctic-Text2SQL-R1-7B_spider_pass_k_20260326_222630.jsonl
False,spider,"[false, false, false, false, false]",concert_singer,data/spider/database/concert_singer/concert_singer.sqlite,,False,,False,,"SELECT DISTINCT T1.Name, T1.Location FROM stadium AS T1 INNER JOIN concert AS T2 ON T1.Stadium_ID = T2.Stadium_ID WHERE T2.Year IN ('2014', '2015')",True,,"SELECT T2.name ,  T2.location FROM concert AS T1 JOIN stadium AS T2 ON T1.stadium_id  =  T2.stadium_id WHERE T1.Year  =  2014 INTERSECT SELECT T2.name ,  T2.location FROM concert AS T1 JOIN stadium AS T2 ON T1.stadium_id  =  T2.stadium_id WHERE T1.Year  =  2015",261,True,Arctic-Text2SQL-R1-7B,5,5,Find the name and location of the stadiums which some concerts happened in the years of both 2014 and 2015.,107,pass_k,spider_41,results/raw/Arctic-Text2SQL-R1-7B_spider_pass_k_20260326_222630.jsonl
True,spider,"[true, true, true, true, true]",concert_singer,data/spider/database/concert_singer/concert_singer.sqlite,,False,,True,,"SELECT c.concert_Name, c.Theme, COUNT(sic.Singer_ID) as num_singers FROM concert AS c INNER JOIN singer_in_concert AS sic ON c.concert_ID = sic.concert_ID GROUP BY c.concert_Name, c.Theme",True,,"SELECT T2.concert_name ,  T2.theme ,  count(*) FROM singer_in_concert AS T1 JOIN concert AS T2 ON T1.concert_id  =  T2.concert_id GROUP BY T2.concert_id",152,True,Arctic-Text2SQL-R1-7B,5,5,Show the name and theme for all concerts and the number of singers in each concert.,83,pass_k,spider_33,results/raw/Arctic-Text2SQL-R1-7B_spider_pass_k_20260326_222630.jsonl
True,spider,"[true, true, true, true, true]",concert_singer,data/spider/database/concert_singer/concert_singer.sqlite,,False,,True,,SELECT Name FROM stadium WHERE Stadium_ID NOT IN (SELECT Stadium_ID FROM concert WHERE Year = '2014'),True,,SELECT name FROM stadium EXCEPT SELECT T2.name FROM concert AS T1 JOIN stadium AS T2 ON T1.stadium_id  =  T2.stadium_id WHERE T1.year  =  2014,142,True,Arctic-Text2SQL-R1-7B,5,5,What are the names of all stadiums that did not have a concert in 2014?,71,pass_k,spider_32,results/raw/Arctic-Text2SQL-R1-7B_spider_pass_k_20260326_222630.jsonl
False,spider,"[false, false, false, false, false]",pets_1,data/spider/database/pets_1/pets_1.sqlite,,False,,False,"near ""COUNT"": syntax error",COUNT(*) FROM Has_Pet WHERE StuID IN (SELECT StuID FROM Student WHERE Age > 20),False,,SELECT count(*) FROM student AS T1 JOIN has_pet AS T2 ON T1.stuid  =  T2.stuid WHERE T1.age  >  20,98,True,Arctic-Text2SQL-R1-7B,5,5,Find number of pets owned by students who are older than 20.,60,pass_k,spider_51,results/raw/Arctic-Text2SQL-R1-7B_spider_pass_k_20260326_222630.jsonl
True,spider,"[true, true, true, true, true]",pets_1,data/spider/database/pets_1/pets_1.sqlite,,False,,True,,SELECT COUNT(*) FROM Pets WHERE weight > 10,True,,SELECT count(*) FROM pets WHERE weight  >  10,45,True,Arctic-Text2SQL-R1-7B,5,5,Find the number of pets whose weight is heavier than 10.,56,pass_k,spider_45,results/raw/Arctic-Text2SQL-R1-7B_spider_pass_k_20260326_222630.jsonl
True,spider,"[false, true, true, true, true]",pets_1,data/spider/database/pets_1/pets_1.sqlite,,False,,False,"near ""COUNT"": syntax error",COUNT(*) FROM Pets WHERE weight > 10,False,,SELECT count(*) FROM pets WHERE weight  >  10,45,True,Arctic-Text2SQL-R1-7B,5,5,How many pets have a greater weight than 10?,44,pass_k,spider_46,results/raw/Arctic-Text2SQL-R1-7B_spider_pass_k_20260326_222630.jsonl
False,spider,"[false, false, false, false, false]",pets_1,data/spider/database/pets_1/pets_1.sqlite,,False,,False,,"SELECT PetType, MAX(weight) AS Max_Weight FROM Pets GROUP BY PetType",True,,"SELECT max(weight) ,  petType FROM pets GROUP BY petType",56,True,Arctic-Text2SQL-R1-7B,5,5,Find the maximum weight for each type of pet. List the maximum weight and pet type.,83,pass_k,spider_49,results/raw/Arctic-Text2SQL-R1-7B_spider_pass_k_20260326_222630.jsonl
False,spider,"[false, false, false, false, false]",pets_1,data/spider/database/pets_1/pets_1.sqlite,,False,,False,,SELECT weight FROM Pets WHERE PetType = 'Dog' ORDER BY pet_age ASC LIMIT 1,True,,SELECT weight FROM pets ORDER BY pet_age LIMIT 1,48,True,Arctic-Text2SQL-R1-7B,5,5,Find the weight of the youngest dog.,36,pass_k,spider_47,results/raw/Arctic-Text2SQL-R1-7B_spider_pass_k_20260326_222630.jsonl
False,spider,"[false, false, false, false, false]",pets_1,data/spider/database/pets_1/pets_1.sqlite,,False,,False,,SELECT MIN(weight) FROM Pets WHERE PetType = 'Dog',True,,SELECT weight FROM pets ORDER BY pet_age LIMIT 1,48,True,Arctic-Text2SQL-R1-7B,5,5,How much does the youngest dog weigh?,37,pass_k,spider_48,results/raw/Arctic-Text2SQL-R1-7B_spider_pass_k_20260326_222630.jsonl
False,spider,"[false, false, false, false, false]",pets_1,data/spider/database/pets_1/pets_1.sqlite,,False,,False,,"SELECT PetType, MAX(weight) AS Max_Weight FROM Pets GROUP BY PetType",True,,"SELECT max(weight) ,  petType FROM pets GROUP BY petType",56,True,Arctic-Text2SQL-R1-7B,5,5,List the maximum weight and type for each type of pet.,54,pass_k,spider_50,results/raw/Arctic-Text2SQL-R1-7B_spider_pass_k_20260326_222630.jsonl
False,spider,"[false, false, false, false, false]",pets_1,data/spider/database/pets_1/pets_1.sqlite,,False,,False,"near ""COUNT"": syntax error",COUNT(*) FROM Has_Pet HP JOIN Student S ON HP.StuID = S.StuID WHERE S.Age > 20,False,,SELECT count(*) FROM student AS T1 JOIN has_pet AS T2 ON T1.stuid  =  T2.stuid WHERE T1.age  >  20,98,True,Arctic-Text2SQL-R1-7B,5,5,How many pets are owned by students that have an age greater than 20?,69,pass_k,spider_52,results/raw/Arctic-Text2SQL-R1-7B_spider_pass_k_20260326_222630.jsonl
True,spider,"[true, false, false, false, false]",pets_1,data/spider/database/pets_1/pets_1.sqlite,,False,,True,,SELECT COUNT(*) FROM Has_Pet HP INNER JOIN Pets P ON HP.PetID = P.PetID WHERE P.PetType LIKE '%Dog%' AND HP.StuID IN (SELECT StuID FROM Student WHERE Sex = 'F'),True,,SELECT count(*) FROM student AS T1 JOIN has_pet AS T2 ON T1.stuid  =  T2.stuid JOIN pets AS T3 ON T2.petid  =  T3.petid WHERE T1.sex  =  'F' AND T3.pettype  =  'dog',165,True,Arctic-Text2SQL-R1-7B,5,5,Find the number of dog pets that are raised by female students (with sex F).,76,pass_k,spider_53,results/raw/Arctic-Text2SQL-R1-7B_spider_pass_k_20260326_222630.jsonl
False,spider,"[false, false, false, false, false]",pets_1,data/spider/database/pets_1/pets_1.sqlite,,False,,False,"near ""The"": syntax error","The question is asking for a count of dog pets belonging to female students. To get that we first need to know which Students are females, then find which Pets they have and filter only the ones that are dogs. We will use JOIN operation on tables as required.",False,,SELECT count(*) FROM student AS T1 JOIN has_pet AS T2 ON T1.stuid  =  T2.stuid JOIN pets AS T3 ON T2.petid  =  T3.petid WHERE T1.sex  =  'F' AND T3.pettype  =  'dog',165,True,Arctic-Text2SQL-R1-7B,5,5,How many dog pets are raised by female students?,48,pass_k,spider_54,results/raw/Arctic-Text2SQL-R1-7B_spider_pass_k_20260326_222630.jsonl
False,spider,"[false, false, false, false, false]",pets_1,data/spider/database/pets_1/pets_1.sqlite,,False,,False,,"SELECT DISTINCT S.Fname FROM Student AS S JOIN Has_Pet HP ON S.StuID = HP.StuID JOIN Pets P ON P.PetID = HP.PetID WHERE P.PetType IN ('Cat', 'Dog')",True,,SELECT DISTINCT T1.Fname FROM student AS T1 JOIN has_pet AS T2 ON T1.stuid  =  T2.stuid JOIN pets AS T3 ON T3.petid  =  T2.petid WHERE T3.pettype  =  'cat' OR T3.pettype  =  'dog',179,True,Arctic-Text2SQL-R1-7B,5,5,Find the first name of students who have cat or dog pet.,56,pass_k,spider_57,results/raw/Arctic-Text2SQL-R1-7B_spider_pass_k_20260326_222630.jsonl
False,spider,"[false, false, false, false, false]",pets_1,data/spider/database/pets_1/pets_1.sqlite,,False,,False,"near ""The"": syntax error","The question is asking for a count of distinct types of pets, and the Pets table has a column that lists pet types. From there we need to select just one type of information from that table; hence no joins are necessary.",False,,SELECT count(DISTINCT pettype) FROM pets,40,True,Arctic-Text2SQL-R1-7B,5,5,Find the number of distinct type of pets.,41,pass_k,spider_55,results/raw/Arctic-Text2SQL-R1-7B_spider_pass_k_20260326_222630.jsonl
False,spider,"[false, false, false, false, false]",pets_1,data/spider/database/pets_1/pets_1.sqlite,,False,,False,"near ""COUNT"": syntax error",COUNT(DISTINCT PetType),False,,SELECT count(DISTINCT pettype) FROM pets,40,True,Arctic-Text2SQL-R1-7B,5,5,How many different types of pet are there?,42,pass_k,spider_56,results/raw/Arctic-Text2SQL-R1-7B_spider_pass_k_20260326_222630.jsonl
False,spider,"[false, false, false, false, false]",pets_1,data/spider/database/pets_1/pets_1.sqlite,,False,,False,"near ""The"": syntax error","The query should be focused on obtaining first names for students who have pets of type 'cat' or 'dog'. This requires joining two tables: Student and Pets, where the Has_Pet table is used as an intermediary to connect them properly.",False,,SELECT DISTINCT T1.Fname FROM student AS T1 JOIN has_pet AS T2 ON T1.stuid  =  T2.stuid JOIN pets AS T3 ON T3.petid  =  T2.petid WHERE T3.pettype  =  'cat' OR T3.pettype  =  'dog',179,True,Arctic-Text2SQL-R1-7B,5,5,What are the first names of every student who has a cat or dog as a pet?,72,pass_k,spider_58,results/raw/Arctic-Text2SQL-R1-7B_spider_pass_k_20260326_222630.jsonl
False,spider,"[false, false, false, false, false]",pets_1,data/spider/database/pets_1/pets_1.sqlite,,False,,False,,SELECT StuID FROM Student WHERE StuID NOT IN (SELECT H.PetID FROM Has_Pet AS H INNER JOIN Pets AS P ON H.PetID = P.PetID WHERE P.PetType = 'Cat'),True,,SELECT stuid FROM student EXCEPT SELECT T1.stuid FROM student AS T1 JOIN has_pet AS T2 ON T1.stuid  =  T2.stuid JOIN pets AS T3 ON T3.petid  =  T2.petid WHERE T3.pettype  =  'cat',179,True,Arctic-Text2SQL-R1-7B,5,5,Find the id of students who do not have a cat pet.,50,pass_k,spider_63,results/raw/Arctic-Text2SQL-R1-7B_spider_pass_k_20260326_222630.jsonl
False,spider,"[false, false, false, false, false]",pets_1,data/spider/database/pets_1/pets_1.sqlite,,False,,False,,"SELECT Major, Age FROM Student WHERE StuID NOT IN (SELECT StuID FROM Has_Pet JOIN Pets ON Has_Pet.PetID = Pets.PetID WHERE PetType = 'Cat')",True,,"SELECT major ,  age FROM student WHERE stuid NOT IN (SELECT T1.stuid FROM student AS T1 JOIN has_pet AS T2 ON T1.stuid  =  T2.stuid JOIN pets AS T3 ON T3.petid  =  T2.petid WHERE T3.pettype  =  'cat')",200,True,Arctic-Text2SQL-R1-7B,5,5,Find the major and age of students who do not have a cat pet.,61,pass_k,spider_61,results/raw/Arctic-Text2SQL-R1-7B_spider_pass_k_20260326_222630.jsonl
False,spider,"[false, false, false, false, false]",pets_1,data/spider/database/pets_1/pets_1.sqlite,,False,,False,"near ""."": syntax error","SELECT DISTINCT S.Fname, S.Age FROM Student S WHERE EXISTS (...)",False,,"SELECT T1.fname ,  T1.age FROM student AS T1 JOIN has_pet AS T2 ON T1.stuid  =  T2.stuid JOIN pets AS T3 ON T3.petid  =  T2.petid WHERE T3.pettype  =  'dog' AND T1.stuid NOT IN (SELECT T1.stuid FROM student AS T1 JOIN has_pet AS T2 ON T1.stuid  =  T2.stuid JOIN pets AS T3 ON T3.petid  =  T2.petid WHERE T3.pettype  =  'cat')",325,True,Arctic-Text2SQL-R1-7B,5,5,Find the first name and age of students who have a dog but do not have a cat as a pet.,86,pass_k,spider_65,results/raw/Arctic-Text2SQL-R1-7B_spider_pass_k_20260326_222630.jsonl
False,spider,"[false, false, false, false, false]",pets_1,data/spider/database/pets_1/pets_1.sqlite,,False,,False,,SELECT DISTINCT S.Fname FROM Student AS S INNER JOIN Has_Pet HP ON S.StuID = HP.StuID INNER JOIN Pets P ON HP.PetID = P.PetID WHERE P.PetType = 'Dog' AND S.StuID NOT IN (SELECT HP2.StuID FROM Has_Pet AS HP2 INNER JOIN Pets AS P2 ON HP2.PetID = P2.PetID WHERE P2.PetType = 'Cat'),True,,"SELECT T1.fname ,  T1.age FROM student AS T1 JOIN has_pet AS T2 ON T1.stuid  =  T2.stuid JOIN pets AS T3 ON T3.petid  =  T2.petid WHERE T3.pettype  =  'dog' AND T1.stuid NOT IN (SELECT T1.stuid FROM student AS T1 JOIN has_pet AS T2 ON T1.stuid  =  T2.stuid JOIN pets AS T3 ON T3.petid  =  T2.petid WHERE T3.pettype  =  'cat')",325,True,Arctic-Text2SQL-R1-7B,5,5,What is the first name of every student who has a dog but does not have a cat?,78,pass_k,spider_66,results/raw/Arctic-Text2SQL-R1-7B_spider_pass_k_20260326_222630.jsonl
True,spider,"[true, true, true, true, true]",pets_1,data/spider/database/pets_1/pets_1.sqlite,,False,,True,,"SELECT PetID, weight FROM Pets WHERE pet_age > 1",True,,"SELECT petid ,  weight FROM pets WHERE pet_age  >  1",52,True,Arctic-Text2SQL-R1-7B,5,5,What is the id and weight of every pet who is older than 1?,59,pass_k,spider_70,results/raw/Arctic-Text2SQL-R1-7B_spider_pass_k_20260326_222630.jsonl
False,spider,"[false, false, false, false, false]",pets_1,data/spider/database/pets_1/pets_1.sqlite,,False,,False,"near ""The"": syntax error","The goal is to find student IDs for students without cats as pets. We can achieve it by excluding the IDs of those who do have cats. The best way would be a NOT IN query or a LEFT JOIN with a NULL condition, but we'll avoid LEFT JOINs if we don't need them. Notably, we should focus on filtering out any student ID which is connected to pets whose type is 'Cat' through the Has_Pet table as an intermediary.",False,,SELECT stuid FROM student EXCEPT SELECT T1.stuid FROM student AS T1 JOIN has_pet AS T2 ON T1.stuid  =  T2.stuid JOIN pets AS T3 ON T3.petid  =  T2.petid WHERE T3.pettype  =  'cat',179,True,Arctic-Text2SQL-R1-7B,5,5,What are the ids of the students who do not own cats as pets?,61,pass_k,spider_64,results/raw/Arctic-Text2SQL-R1-7B_spider_pass_k_20260326_222630.jsonl
True,spider,"[true, true, true, true, true]",pets_1,data/spider/database/pets_1/pets_1.sqlite,,False,,True,,"SELECT PetID, weight FROM Pets WHERE pet_age > 1",True,,"SELECT petid ,  weight FROM pets WHERE pet_age  >  1",52,True,Arctic-Text2SQL-R1-7B,5,5,Find the id and weight of all pets whose age is older than 1.,61,pass_k,spider_69,results/raw/Arctic-Text2SQL-R1-7B_spider_pass_k_20260326_222630.jsonl
False,spider,"[false, false, false, false, false]",pets_1,data/spider/database/pets_1/pets_1.sqlite,,False,,False,,"SELECT PetType, AVG(pet_age) AS avg_pet_age, MAX(pet_age) AS max_pet_age FROM Pets GROUP BY PetType",True,,"SELECT avg(pet_age) ,  max(pet_age) ,  pettype FROM pets GROUP BY pettype",73,True,Arctic-Text2SQL-R1-7B,5,5,What is the average and maximum age for each pet type?,54,pass_k,spider_72,results/raw/Arctic-Text2SQL-R1-7B_spider_pass_k_20260326_222630.jsonl
False,spider,"[false, false, false, false, false]",pets_1,data/spider/database/pets_1/pets_1.sqlite,,False,,False,,"SELECT DISTINCT S.Major, S.Age FROM Student AS S WHERE S.StuID NOT IN (SELECT H.PetID FROM Has_Pet AS H JOIN Pets AS P ON H.PetID = P.PetID WHERE P.PetType = 'cat')",True,,"SELECT major ,  age FROM student WHERE stuid NOT IN (SELECT T1.stuid FROM student AS T1 JOIN has_pet AS T2 ON T1.stuid  =  T2.stuid JOIN pets AS T3 ON T3.petid  =  T2.petid WHERE T3.pettype  =  'cat')",200,True,Arctic-Text2SQL-R1-7B,5,5,"What major is every student who does not own a cat as a pet, and also how old are they?",87,pass_k,spider_62,results/raw/Arctic-Text2SQL-R1-7B_spider_pass_k_20260326_222630.jsonl
True,spider,"[true, true, true, true, true]",pets_1,data/spider/database/pets_1/pets_1.sqlite,,False,,True,,"SELECT PetType, weight FROM Pets ORDER BY pet_age ASC LIMIT 1",True,,"SELECT pettype ,  weight FROM pets ORDER BY pet_age LIMIT 1",59,True,Arctic-Text2SQL-R1-7B,5,5,"What type of pet is the youngest animal, and how much does it weigh?",68,pass_k,spider_68,results/raw/Arctic-Text2SQL-R1-7B_spider_pass_k_20260326_222630.jsonl
False,spider,"[false, false, false, false, false]",pets_1,data/spider/database/pets_1/pets_1.sqlite,,False,,False,"near ""The"": syntax error",The goal is to retrieve student first names with two conditions: having a cat and also a dog as pets.,False,,select t1.fname from student as t1 join has_pet as t2 on t1.stuid  =  t2.stuid join pets as t3 on t3.petid  =  t2.petid where t3.pettype  =  'cat' intersect select t1.fname from student as t1 join has_pet as t2 on t1.stuid  =  t2.stuid join pets as t3 on t3.petid  =  t2.petid where t3.pettype  =  'dog',303,True,Arctic-Text2SQL-R1-7B,5,5,Find the first name of students who have both cat and dog pets .,64,pass_k,spider_59,results/raw/Arctic-Text2SQL-R1-7B_spider_pass_k_20260326_222630.jsonl
False,spider,"[false, false, false, false, false]",pets_1,data/spider/database/pets_1/pets_1.sqlite,,False,,False,,"SELECT PetType, AVG(weight) FROM Pets GROUP BY PetType",True,,"SELECT avg(weight) ,  pettype FROM pets GROUP BY pettype",56,True,Arctic-Text2SQL-R1-7B,5,5,Find the average weight for each pet type.,42,pass_k,spider_73,results/raw/Arctic-Text2SQL-R1-7B_spider_pass_k_20260326_222630.jsonl
False,spider,"[false, false, false, false, false]",pets_1,data/spider/database/pets_1/pets_1.sqlite,,False,,False,,"SELECT PetType, AVG(weight) FROM Pets GROUP BY PetType",True,,"SELECT avg(weight) ,  pettype FROM pets GROUP BY pettype",56,True,Arctic-Text2SQL-R1-7B,5,5,What is the average weight for each type of pet?,48,pass_k,spider_74,results/raw/Arctic-Text2SQL-R1-7B_spider_pass_k_20260326_222630.jsonl
False,spider,"[false, false, false, false, false]",pets_1,data/spider/database/pets_1/pets_1.sqlite,,False,,False,,"SELECT S.Fname, S.Age FROM Student AS S JOIN Has_Pet AS HP ON S.StuID = HP.StuID",True,,"SELECT DISTINCT T1.fname ,  T1.age FROM student AS T1 JOIN has_pet AS T2 ON T1.stuid  =  T2.stuid",97,True,Arctic-Text2SQL-R1-7B,5,5,Find the first name and age of students who have a pet.,55,pass_k,spider_75,results/raw/Arctic-Text2SQL-R1-7B_spider_pass_k_20260326_222630.jsonl
False,spider,"[false, false, false, false, false]",pets_1,data/spider/database/pets_1/pets_1.sqlite,,False,,False,incomplete input,"SELECT PetType, AVG(pet_age) AS avg_age, MAX(pet_age) AS max_age FROM Pets GROUP BY PetType.",False,,"SELECT avg(pet_age) ,  max(pet_age) ,  pettype FROM pets GROUP BY pettype",73,True,Arctic-Text2SQL-R1-7B,5,5,Find the average and maximum age for each type of pet.,54,pass_k,spider_71,results/raw/Arctic-Text2SQL-R1-7B_spider_pass_k_20260326_222630.jsonl
True,spider,"[true, true, true, true, true]",pets_1,data/spider/database/pets_1/pets_1.sqlite,,False,,True,,SELECT HP.PetID FROM Has_Pet AS HP JOIN Student AS S ON HP.StuID = S.StuID WHERE S.LName = 'Smith',True,,SELECT T2.petid FROM student AS T1 JOIN has_pet AS T2 ON T1.stuid  =  T2.stuid WHERE T1.Lname  =  'Smith',105,True,Arctic-Text2SQL-R1-7B,5,5,What is the id of the pet owned by the student whose last name is 'Smith'?,74,pass_k,spider_78,results/raw/Arctic-Text2SQL-R1-7B_spider_pass_k_20260326_222630.jsonl
False,spider,"[false, false, false, false, false]",pets_1,data/spider/database/pets_1/pets_1.sqlite,,False,,False,,"SELECT StuID, COUNT(PetID) as number_of_pets FROM Has_Pet GROUP BY StuID",True,,"SELECT count(*) ,  T1.stuid FROM student AS T1 JOIN has_pet AS T2 ON T1.stuid  =  T2.stuid GROUP BY T1.stuid",108,True,Arctic-Text2SQL-R1-7B,5,5,Find the number of pets for each student who has any pet and student id.,72,pass_k,spider_79,results/raw/Arctic-Text2SQL-R1-7B_spider_pass_k_20260326_222630.jsonl
False,spider,"[false, false, false, false, false]",pets_1,data/spider/database/pets_1/pets_1.sqlite,,False,,False,,SELECT Student.LName FROM Student JOIN Has_Pet ON Student.StuID = Has_Pet.StuID JOIN Pets ON Has_Pet.PetID = Pets.PetID WHERE Pets.PetType = 'Cat' AND Pets.pet_age = 3,True,,SELECT T1.lname FROM student AS T1 JOIN has_pet AS T2 ON T1.stuid  =  T2.stuid JOIN pets AS T3 ON T3.petid  =  T2.petid WHERE T3.pet_age  =  3 AND T3.pettype  =  'cat',167,True,Arctic-Text2SQL-R1-7B,5,5,Find the last name of the student who has a cat that is age 3.,62,pass_k,spider_83,results/raw/Arctic-Text2SQL-R1-7B_spider_pass_k_20260326_222630.jsonl
False,spider,"[false, false, false, false, false]",pets_1,data/spider/database/pets_1/pets_1.sqlite,,False,,False,"near ""The"": syntax error","The goal is to identify students who possess both a cat and a dog as pets. So we need two sets of data where each set corresponds to one type of pet, then intersect those sets for the final answer.",False,,SELECT T1.Fname FROM student AS T1 JOIN has_pet AS T2 ON T1.stuid  =  T2.stuid JOIN pets AS T3 ON T3.petid  =  T2.petid WHERE T3.pettype  =  'cat' INTERSECT SELECT T1.Fname FROM student AS T1 JOIN has_pet AS T2 ON T1.stuid  =  T2.stuid JOIN pets AS T3 ON T3.petid  =  T2.petid WHERE T3.pettype  =  'dog',303,True,Arctic-Text2SQL-R1-7B,5,5,What are the students' first names who have both cats and dogs as pets?,71,pass_k,spider_60,results/raw/Arctic-Text2SQL-R1-7B_spider_pass_k_20260326_222630.jsonl
True,spider,"[true, true, true, true, true]",pets_1,data/spider/database/pets_1/pets_1.sqlite,,False,,True,,SELECT Has_Pet.PetID FROM Student JOIN Has_Pet ON Student.StuID = Has_Pet.StuID WHERE Student.LName = 'Smith',True,,SELECT T2.petid FROM student AS T1 JOIN has_pet AS T2 ON T1.stuid  =  T2.stuid WHERE T1.Lname  =  'Smith',105,True,Arctic-Text2SQL-R1-7B,5,5,Find the id of the pet owned by student whose last name is ‘Smith’.,67,pass_k,spider_77,results/raw/Arctic-Text2SQL-R1-7B_spider_pass_k_20260326_222630.jsonl
True,spider,"[true, true, true, true, true]",pets_1,data/spider/database/pets_1/pets_1.sqlite,,False,,True,,SELECT S.LName FROM Student AS S JOIN Has_Pet AS HP ON S.StuID = HP.StuID JOIN Pets AS P ON HP.PetID = P.PetID WHERE P.PetType = 'cat' AND P.pet_age = 3,True,,SELECT T1.lname FROM student AS T1 JOIN has_pet AS T2 ON T1.stuid  =  T2.stuid JOIN pets AS T3 ON T3.petid  =  T2.petid WHERE T3.pet_age  =  3 AND T3.pettype  =  'cat',167,True,Arctic-Text2SQL-R1-7B,5,5,What is the last name of the student who has a cat that is 3 years old?,71,pass_k,spider_84,results/raw/Arctic-Text2SQL-R1-7B_spider_pass_k_20260326_222630.jsonl
True,spider,"[true, true, true, true, true]",pets_1,data/spider/database/pets_1/pets_1.sqlite,,False,,True,,"SELECT PetType, weight FROM Pets ORDER BY pet_age ASC LIMIT 1",True,,"SELECT pettype ,  weight FROM pets ORDER BY pet_age LIMIT 1",59,True,Arctic-Text2SQL-R1-7B,5,5,Find the type and weight of the youngest pet.,45,pass_k,spider_67,results/raw/Arctic-Text2SQL-R1-7B_spider_pass_k_20260326_222630.jsonl
True,spider,"[true, true, true, true, true]",pets_1,data/spider/database/pets_1/pets_1.sqlite,,False,,True,,"SELECT Student.Fname, Student.Sex FROM Student JOIN Has_Pet ON Student.StuID = Has_Pet.StuID GROUP BY Has_Pet.StuID HAVING COUNT(Has_Pet.PetID) > 1",True,,"SELECT T1.fname ,  T1.sex FROM student AS T1 JOIN has_pet AS T2 ON T1.stuid  =  T2.stuid GROUP BY T1.stuid HAVING count(*)  >  1",128,True,Arctic-Text2SQL-R1-7B,5,5,What is the first name and gender of the all the students who have more than one pet?,85,pass_k,spider_82,results/raw/Arctic-Text2SQL-R1-7B_spider_pass_k_20260326_222630.jsonl
True,spider,"[true, true, true, true, true]",pets_1,data/spider/database/pets_1/pets_1.sqlite,,False,,True,,"SELECT DISTINCT S.Fname, S.Age FROM Student S JOIN Has_Pet HP ON S.StuID = HP.StuID",True,,"SELECT DISTINCT T1.fname ,  T1.age FROM student AS T1 JOIN has_pet AS T2 ON T1.stuid  =  T2.stuid",97,True,Arctic-Text2SQL-R1-7B,5,5,What are the different first names and ages of the students who do have pets?,77,pass_k,spider_76,results/raw/Arctic-Text2SQL-R1-7B_spider_pass_k_20260326_222630.jsonl
True,spider,"[true, true, true, true, true]",pets_1,data/spider/database/pets_1/pets_1.sqlite,,False,,True,,SELECT AVG(age) FROM student WHERE StuID NOT IN (SELECT StuID FROM has_pet),True,,select avg(age) from student where stuid not in (select stuid from has_pet),75,True,Arctic-Text2SQL-R1-7B,5,5,What is the average age for all students who do not own any pets ?,66,pass_k,spider_86,results/raw/Arctic-Text2SQL-R1-7B_spider_pass_k_20260326_222630.jsonl
False,spider,"[false, false, false, false, false]",pets_1,data/spider/database/pets_1/pets_1.sqlite,,False,,False,"near ""The"": syntax error","The goal is to identify students with multiple pets and retrieve their first name and gender, which are 'Fname' and 'Sex'. The necessary tables for this operation are `Student` and `Has_Pet`, where we can link the student ID (`StuID`) in both to find out about how many pets each student has.",False,,"SELECT T1.fname ,  T1.sex FROM student AS T1 JOIN has_pet AS T2 ON T1.stuid  =  T2.stuid GROUP BY T1.stuid HAVING count(*)  >  1",128,True,Arctic-Text2SQL-R1-7B,5,5,Find the first name and gender of student who have more than one pet.,69,pass_k,spider_81,results/raw/Arctic-Text2SQL-R1-7B_spider_pass_k_20260326_222630.jsonl
False,spider,"[false, false, false, false, false]",pets_1,data/spider/database/pets_1/pets_1.sqlite,,False,,False,"near ""To"": syntax error","To answer the question, we first need to retrieve a list of students who have pets and calculate how many pets each student owns. Given that the requirement asks for student IDs instead of names, our SQL statement should focus on counting the number of entries in Has_Pet table grouped by StuID (student ID). That means our main table should be Has_Pet since it connects both Students and Pets through their IDs. No additional joins or unnecessary columns are needed beyond those in Has_Pet.",False,,"select count(*) ,  t1.stuid from student as t1 join has_pet as t2 on t1.stuid  =  t2.stuid group by t1.stuid",108,True,Arctic-Text2SQL-R1-7B,5,5,"For students who have pets , how many pets does each student have ? list their ids instead of names .",101,pass_k,spider_80,results/raw/Arctic-Text2SQL-R1-7B_spider_pass_k_20260326_222630.jsonl
True,spider,"[true, true, true, true, true]",pets_1,data/spider/database/pets_1/pets_1.sqlite,,False,,True,,SELECT AVG(age) FROM student WHERE StuID NOT IN (SELECT StuID FROM Has_Pet),True,,select avg(age) from student where stuid not in (select stuid from has_pet),75,True,Arctic-Text2SQL-R1-7B,5,5,Find the average age of students who do not have any pet .,58,pass_k,spider_85,results/raw/Arctic-Text2SQL-R1-7B_spider_pass_k_20260326_222630.jsonl
True,spider,"[false, true, true, true, true]",car_1,data/spider/database/car_1/car_1.sqlite,,False,,False,"near ""The"": syntax error","The question is asking for a count of countries in the database. The relevant table here is 'countries', which has an explicit column to identify each country named 'CountryName'. Therefore, we need only one SELECT statement with COUNT function on that column.",False,,SELECT count(*) FROM COUNTRIES;,31,True,Arctic-Text2SQL-R1-7B,5,5,How many countries are listed?,30,pass_k,spider_91,results/raw/Arctic-Text2SQL-R1-7B_spider_pass_k_20260326_222630.jsonl
False,spider,"[false, false, false, false, false]",car_1,data/spider/database/car_1/car_1.sqlite,,False,,False,"near ""To"": syntax error","To answer 'How many continents are there?', we need to count unique entries in the `continents` table. Since each row represents a continent, just counting the rows will give us what we want.",False,,SELECT count(*) FROM CONTINENTS;,32,True,Arctic-Text2SQL-R1-7B,5,5,How many continents are there?,30,pass_k,spider_87,results/raw/Arctic-Text2SQL-R1-7B_spider_pass_k_20260326_222630.jsonl
False,spider,"[false, false, false, false, false]",car_1,data/spider/database/car_1/car_1.sqlite,,False,,False,"near ""The"": syntax error","The task is to count countries within each continent from the schema provided. We will need information from two tables: `countries` and `continents`. To connect them, we'll use a JOIN operation based on their related fields. The `COUNT()` function will help us tally the number of countries for each unique continent id.",False,,"SELECT T1.ContId ,  T1.Continent ,  count(*) FROM CONTINENTS AS T1 JOIN COUNTRIES AS T2 ON T1.ContId  =  T2.Continent GROUP BY T1.ContId;",137,True,Arctic-Text2SQL-R1-7B,5,5,"How many countries does each continent have? List the continent id, continent name and the number of countries.",111,pass_k,spider_89,results/raw/Arctic-Text2SQL-R1-7B_spider_pass_k_20260326_222630.jsonl
True,spider,"[true, false, false, false, false]",car_1,data/spider/database/car_1/car_1.sqlite,,False,,True,,"SELECT c.Continent AS id, con.Continent AS continent_name, COUNT(c.CountryId) AS country_count FROM countries c INNER JOIN continents con ON c.Continent = con.ContId GROUP BY c.Continent",True,,"SELECT T1.ContId ,  T1.Continent ,  count(*) FROM CONTINENTS AS T1 JOIN COUNTRIES AS T2 ON T1.ContId  =  T2.Continent GROUP BY T1.ContId;",137,True,Arctic-Text2SQL-R1-7B,5,5,"For each continent, list its id, name, and how many countries it has?",69,pass_k,spider_90,results/raw/Arctic-Text2SQL-R1-7B_spider_pass_k_20260326_222630.jsonl
True,spider,"[true, true, true, true, true]",car_1,data/spider/database/car_1/car_1.sqlite,,False,,True,,SELECT COUNT(*) FROM countries,True,,SELECT count(*) FROM COUNTRIES;,31,True,Arctic-Text2SQL-R1-7B,5,5,How many countries exist?,25,pass_k,spider_92,results/raw/Arctic-Text2SQL-R1-7B_spider_pass_k_20260326_222630.jsonl
False,spider,"[false, false, false, false, false]",car_1,data/spider/database/car_1/car_1.sqlite,,False,,False,"near ""The"": syntax error","The question is asking for the count of continents directly. Given that we have a table named `continents` which has unique information about continents, counting rows from this table will give us the number of continents.",False,,SELECT count(*) FROM CONTINENTS;,32,True,Arctic-Text2SQL-R1-7B,5,5,What is the number of continents?,33,pass_k,spider_88,results/raw/Arctic-Text2SQL-R1-7B_spider_pass_k_20260326_222630.jsonl
False,spider,"[false, false, false, false, false]",car_1,data/spider/database/car_1/car_1.sqlite,,False,,False,"near ""The"": syntax error",The question asks for a count of models produced per car maker with their full name and ID.,False,,"SELECT T1.FullName ,  T1.Id ,  count(*) FROM CAR_MAKERS AS T1 JOIN MODEL_LIST AS T2 ON T1.Id  =  T2.Maker GROUP BY T1.Id;",121,True,Arctic-Text2SQL-R1-7B,5,5,"How many models does each car maker produce? List maker full name, id and the number.",85,pass_k,spider_93,results/raw/Arctic-Text2SQL-R1-7B_spider_pass_k_20260326_222630.jsonl
False,spider,"[false, false, false, false, false]",car_1,data/spider/database/car_1/car_1.sqlite,,False,,False,no such column: Horsepower,SELECT Model FROM car_names WHERE Horsepower IN (SELECT MIN(Horsepower) FROM cars_data),False,,SELECT T1.Model FROM CAR_NAMES AS T1 JOIN CARS_DATA AS T2 ON T1.MakeId  =  T2.Id ORDER BY T2.horsepower ASC LIMIT 1;,116,True,Arctic-Text2SQL-R1-7B,5,5,Which model of the car has the minimum horsepower?,50,pass_k,spider_95,results/raw/Arctic-Text2SQL-R1-7B_spider_pass_k_20260326_222630.jsonl
False,spider,"[false, false, false, false, false]",car_1,data/spider/database/car_1/car_1.sqlite,,False,,False,"near ""The"": syntax error",The query should be focused on aggregating data on the number of models each car maker produces and its full name alongside the ID.,False,,"SELECT T1.FullName ,  T1.Id ,  count(*) FROM CAR_MAKERS AS T1 JOIN MODEL_LIST AS T2 ON T1.Id  =  T2.Maker GROUP BY T1.Id;",121,True,Arctic-Text2SQL-R1-7B,5,5,"What is the full name of each car maker, along with its id and how many models it produces?",91,pass_k,spider_94,results/raw/Arctic-Text2SQL-R1-7B_spider_pass_k_20260326_222630.jsonl
True,spider,"[true, true, true, true, true]",car_1,data/spider/database/car_1/car_1.sqlite,,False,,True,,SELECT cn.Model FROM cars_data cd INNER JOIN car_names cn ON cd.Id = cn.MakeId ORDER BY cd.Horsepower ASC LIMIT 1,True,,SELECT T1.Model FROM CAR_NAMES AS T1 JOIN CARS_DATA AS T2 ON T1.MakeId  =  T2.Id ORDER BY T2.horsepower ASC LIMIT 1;,116,True,Arctic-Text2SQL-R1-7B,5,5,What is the model of the car with the smallest amount of horsepower?,68,pass_k,spider_96,results/raw/Arctic-Text2SQL-R1-7B_spider_pass_k_20260326_222630.jsonl
False,spider,"[false, false, false, false, false]",car_1,data/spider/database/car_1/car_1.sqlite,,False,,False,"near ""The"": syntax error","The query needs to return the name of the makers. From the schema, we know that we need to connect `cars_data` with `car_names`, and from there link back to `model_list` to get the maker names. The condition is specifically for cars made in the year 1970.",False,,SELECT DISTINCT T1.Maker FROM CAR_MAKERS AS T1 JOIN MODEL_LIST AS T2 ON T1.Id  =  T2.Maker JOIN CAR_NAMES AS T3 ON T2.model  =  T3.model JOIN CARS_DATA AS T4 ON T3.MakeId  =  T4.id WHERE T4.year  =  '1970';,206,True,Arctic-Text2SQL-R1-7B,5,5,Find the name of the makers that produced some cars in the year of 1970?,72,pass_k,spider_99,results/raw/Arctic-Text2SQL-R1-7B_spider_pass_k_20260326_222630.jsonl
False,spider,"[false, false, false, false, false]",car_1,data/spider/database/car_1/car_1.sqlite,,False,,False,"near ""The"": syntax error",The query needs to fetch a car's model where the weight is less than the average weight of cars in the database.,False,,SELECT T1.model FROM CAR_NAMES AS T1 JOIN CARS_DATA AS T2 ON T1.MakeId  =  T2.Id WHERE T2.Weight  <  (SELECT avg(Weight) FROM CARS_DATA),136,True,Arctic-Text2SQL-R1-7B,5,5,What is the model for the car with a weight smaller than the average?,69,pass_k,spider_98,results/raw/Arctic-Text2SQL-R1-7B_spider_pass_k_20260326_222630.jsonl
True,spider,"[true, true, true, true, true]",car_1,data/spider/database/car_1/car_1.sqlite,,False,,True,,SELECT T2.Model FROM cars_data AS T1 INNER JOIN car_names AS T2 ON T1.Id = T2.MakeId WHERE CAST(T1.Weight AS REAL) < ( SELECT AVG(CAST(Weight AS REAL)) FROM cars_data ),True,,SELECT T1.model FROM CAR_NAMES AS T1 JOIN CARS_DATA AS T2 ON T1.MakeId  =  T2.Id WHERE T2.Weight  <  (SELECT avg(Weight) FROM CARS_DATA),136,True,Arctic-Text2SQL-R1-7B,5,5,Find the model of the car whose weight is below the average weight.,67,pass_k,spider_97,results/raw/Arctic-Text2SQL-R1-7B_spider_pass_k_20260326_222630.jsonl
True,bird,"[true, true, true, true, true]",california_schools,data/bird/dev_databases/california_schools/california_schools.sqlite,simple,False,,True,,"SELECT sc.Phone
FROM satscores AS sa
JOIN schools AS sc ON sc.CDSCode = sa.cds
ORDER BY sa.NumGE1500 DESC
LIMIT 1",True,,SELECT T2.Phone FROM satscores AS T1 INNER JOIN schools AS T2 ON T1.cds = T2.CDSCode ORDER BY T1.NumGE1500 DESC LIMIT 1,119,True,ChatGPT,5,5,What is the phone number of the school that has the highest number of test takers with an SAT score of over 1500?,113,pass_k,bird_7,results/raw/ChatGPT_bird_pass_k_20260326_211605.jsonl
True,bird,"[true, false, true, false, true]",california_schools,data/bird/dev_databases/california_schools/california_schools.sqlite,simple,False,,True,,"SELECT f.`FRPM Count (Ages 5-17)` AS frpm_count_ages_5_17
FROM satscores s
JOIN frpm f ON f.CDSCode = s.cds
WHERE s.AvgScrRead IS NOT NULL
ORDER BY s.AvgScrRead DESC
LIMIT 1",True,,SELECT T2.`FRPM Count (Ages 5-17)` FROM satscores AS T1 INNER JOIN frpm AS T2 ON T1.cds = T2.CDSCode ORDER BY T1.AvgScrRead DESC LIMIT 1,136,True,ChatGPT,5,5,"For the school with the highest average score in Reading in the SAT test, what is its FRPM count for students aged 5-17?",120,pass_k,bird_10,results/raw/ChatGPT_bird_pass_k_20260326_211605.jsonl
True,bird,"[true, true, true, true, true]",california_schools,data/bird/dev_databases/california_schools/california_schools.sqlite,simple,False,Eligible free rate for K-12 = `Free Meal Count (K-12)` / `Enrollment (K-12)`,True,,SELECT MAX(f.`Percent (%) Eligible Free (K-12)`) AS highest_eligible_free_rate_k12 FROM frpm AS f WHERE f.`County Name` = 'Alameda',True,,SELECT `Free Meal Count (K-12)` / `Enrollment (K-12)` FROM frpm WHERE `County Name` = 'Alameda' ORDER BY (CAST(`Free Meal Count (K-12)` AS REAL) / `Enrollment (K-12)`) DESC LIMIT 1,180,True,ChatGPT,5,5,What is the highest eligible free rate for K-12 students in the schools in Alameda County?,90,pass_k,bird_0,results/raw/ChatGPT_bird_pass_k_20260326_211605.jsonl
True,bird,"[true, true, true, true, true]",california_schools,data/bird/dev_databases/california_schools/california_schools.sqlite,moderate,False,Excellence rate = NumGE1500 / NumTstTakr; Eligible free rates for students aged 5-17 = `Free Meal Count (Ages 5-17)` / `Enrollment (Ages 5-17)`,True,,"SELECT MAX(f.`Percent (%) Eligible Free (Ages 5-17)`) AS highest_eligible_free_rate_ages_5_17
FROM satscores s
JOIN frpm f ON f.CDSCode = s.cds
WHERE (CAST(s.NumGE1500 AS REAL) / NULLIF(s.NumTstTakr, 0)) > 0.3",True,,SELECT MAX(CAST(T1.`Free Meal Count (Ages 5-17)` AS REAL) / T1.`Enrollment (Ages 5-17)`) FROM frpm AS T1 INNER JOIN satscores AS T2 ON T1.CDSCode = T2.cds WHERE CAST(T2.NumGE1500 AS REAL) / T2.NumTstTakr > 0.3,209,True,ChatGPT,5,5,"Among the schools with an SAT excellence rate of over 0.3, what is the highest eligible free rate for students aged 5-17?",121,pass_k,bird_12,results/raw/ChatGPT_bird_pass_k_20260326_211605.jsonl
True,bird,"[true, true, true, true, true]",california_schools,data/bird/dev_databases/california_schools/california_schools.sqlite,simple,False,,True,,SELECT s.NumTstTakr FROM satscores AS s JOIN frpm AS f ON f.CDSCode = s.cds WHERE f.`FRPM Count (K-12)` = (SELECT MAX(`FRPM Count (K-12)`) FROM frpm),True,,SELECT NumTstTakr FROM satscores WHERE cds = ( SELECT CDSCode FROM frpm ORDER BY `FRPM Count (K-12)` DESC LIMIT 1 ),115,True,ChatGPT,5,5,What is the number of SAT test takers of the schools with the highest FRPM count for K-12 students?,99,pass_k,bird_8,results/raw/ChatGPT_bird_pass_k_20260326_211605.jsonl
True,bird,"[true, true, true, true, true]",california_schools,data/bird/dev_databases/california_schools/california_schools.sqlite,simple,False,,True,,SELECT COUNT(*) AS num_schools FROM frpm WHERE `County Name` = 'Los Angeles' AND `Free Meal Count (K-12)` > 500 AND `FRPM Count (K-12)` < 700,True,,SELECT COUNT(CDSCode) FROM frpm WHERE `County Name` = 'Los Angeles' AND `Free Meal Count (K-12)` > 500 AND `FRPM Count (K-12)`< 700,131,True,ChatGPT,5,5,In Los Angeles how many schools have more than 500 free meals but less than 700 free or reduced price meals for K-12?,117,pass_k,bird_21,results/raw/ChatGPT_bird_pass_k_20260326_211605.jsonl
True,bird,"[true, true, true, true, true]",california_schools,data/bird/dev_databases/california_schools/california_schools.sqlite,simple,False,Excellence rate = NumGE1500 / NumTstTakr,True,,"SELECT sc.Phone
FROM satscores AS sa
JOIN schools AS sc ON sc.CDSCode = sa.cds
WHERE sa.NumTstTakr > 0 AND sa.NumGE1500 IS NOT NULL
ORDER BY (1.0 * sa.NumGE1500 / sa.NumTstTakr) DESC
LIMIT 3",True,,SELECT T1.Phone FROM schools AS T1 INNER JOIN satscores AS T2 ON T1.CDSCode = T2.cds ORDER BY CAST(T2.NumGE1500 AS REAL) / T2.NumTstTakr DESC LIMIT 3,149,True,ChatGPT,5,5,Please list the phone numbers of the schools with the top 3 SAT excellence rate.,80,pass_k,bird_13,results/raw/ChatGPT_bird_pass_k_20260326_211605.jsonl
False,bird,"[false, false, false, false, false]",california_schools,data/bird/dev_databases/california_schools/california_schools.sqlite,simple,False,Valid charter number means the number is not null,False,,"SELECT sc.School AS school_name, sc.CharterNum AS charter_number, sa.AvgScrWrite AS avg_writing_score FROM satscores sa JOIN schools sc ON sc.CDSCode = sa.cds WHERE sa.AvgScrWrite > 499 ORDER BY sa.AvgScrWrite DESC, sc.School ASC",True,,"SELECT CharterNum, AvgScrWrite, RANK() OVER (ORDER BY AvgScrWrite DESC) AS WritingScoreRank FROM schools AS T1  INNER JOIN satscores AS T2 ON T1.CDSCode = T2.cds WHERE T2.AvgScrWrite > 499 AND CharterNum is not null",215,True,ChatGPT,5,5,"Rank schools by their average score in Writing where the score is greater than 499, showing their charter numbers.",114,pass_k,bird_17,results/raw/ChatGPT_bird_pass_k_20260326_211605.jsonl
False,bird,"[false, false, false, false, false]",california_schools,data/bird/dev_databases/california_schools/california_schools.sqlite,moderate,False,Eligible free rates for students aged 5-17 = `Free Meal Count (Ages 5-17)` / `Enrollment (Ages 5-17)`,False,,"SELECT f.CDSCode, f.`School Name`, f.`Percent (%) Eligible Free (Ages 5-17)` AS eligible_free_rate_5_17
FROM frpm AS f
WHERE f.`School Type` = 'Continuation School'
  AND f.`Percent (%) Eligible Free (Ages 5-17)` IS NOT NULL
ORDER BY f.`Percent (%) Eligible Free (Ages 5-17)` ASC
LIMIT 3",True,,SELECT `Free Meal Count (Ages 5-17)` / `Enrollment (Ages 5-17)` FROM frpm WHERE `Educational Option Type` = 'Continuation School' AND `Free Meal Count (Ages 5-17)` / `Enrollment (Ages 5-17)` IS NOT NULL ORDER BY `Free Meal Count (Ages 5-17)` / `Enrollment (Ages 5-17)` ASC LIMIT 3,280,True,ChatGPT,5,5,Please list the lowest three eligible free rates for students aged 5-17 in continuation schools.,96,pass_k,bird_1,results/raw/ChatGPT_bird_pass_k_20260326_211605.jsonl
False,bird,"[false, false, false, false, false]",california_schools,data/bird/dev_databases/california_schools/california_schools.sqlite,simple,False,,False,,"SELECT COUNT(*) AS num_schools
FROM satscores
WHERE cname = 'Alameda'
  AND rtype = 'S'
  AND NumTstTakr < 100",True,,SELECT COUNT(T1.CDSCode) FROM schools AS T1 INNER JOIN satscores AS T2 ON T1.CDSCode = T2.cds WHERE T1.StatusType = 'Merged' AND T2.NumTstTakr < 100 AND T1.County = 'Lake',171,True,ChatGPT,5,5,How many schools in merged Alameda have number of test takers less than 100?,76,pass_k,bird_16,results/raw/ChatGPT_bird_pass_k_20260326_211605.jsonl
True,bird,"[true, true, true, true, true]",california_schools,data/bird/dev_databases/california_schools/california_schools.sqlite,simple,False,,True,,SELECT s.MailStreet FROM frpm f JOIN schools s ON s.CDSCode = f.CDSCode WHERE f.`FRPM Count (K-12)` IS NOT NULL ORDER BY f.`FRPM Count (K-12)` DESC LIMIT 1,True,,SELECT T2.MailStreet FROM frpm AS T1 INNER JOIN schools AS T2 ON T1.CDSCode = T2.CDSCode ORDER BY T1.`FRPM Count (K-12)` DESC LIMIT 1,133,True,ChatGPT,5,5,What is the unabbreviated mailing street address of the school with the highest FRPM count for K-12 students?,109,pass_k,bird_3,results/raw/ChatGPT_bird_pass_k_20260326_211605.jsonl
True,bird,"[true, true, true, true, true]",california_schools,data/bird/dev_databases/california_schools/california_schools.sqlite,simple,False,,True,,SELECT sc.Phone FROM satscores AS ss JOIN schools AS sc ON sc.CDSCode = ss.cds WHERE ss.AvgScrMath IS NOT NULL ORDER BY ss.AvgScrMath DESC LIMIT 1,True,,SELECT T1.Phone FROM schools AS T1 INNER JOIN satscores AS T2 ON T1.CDSCode = T2.cds ORDER BY T2.AvgScrMath DESC LIMIT 1,120,True,ChatGPT,5,5,What is the phone number of the school that has the highest average score in Math?,82,pass_k,bird_19,results/raw/ChatGPT_bird_pass_k_20260326_211605.jsonl
False,bird,"[false, false, false, false, false]",california_schools,data/bird/dev_databases/california_schools/california_schools.sqlite,simple,False,,False,,"SELECT s.NCESSchool, s.School, f.`Enrollment (Ages 5-17)` AS enrollment_ages_5_17
FROM frpm AS f
JOIN schools AS s ON s.CDSCode = f.CDSCode
WHERE f.`Enrollment (Ages 5-17)` IS NOT NULL
ORDER BY f.`Enrollment (Ages 5-17)` DESC
LIMIT 5",True,,SELECT T1.NCESSchool FROM schools AS T1 INNER JOIN frpm AS T2 ON T1.CDSCode = T2.CDSCode ORDER BY T2.`Enrollment (Ages 5-17)` DESC LIMIT 5,138,True,ChatGPT,5,5,"List the top five schools, by descending order, from the highest to the lowest, the most number of Enrollment (Ages 5-17). Please give their NCES school identification number.",175,pass_k,bird_14,results/raw/ChatGPT_bird_pass_k_20260326_211605.jsonl
False,bird,"[false, false, false, false, false]",california_schools,data/bird/dev_databases/california_schools/california_schools.sqlite,simple,False,Charter schools refers to `Charter School (Y/N)` = 1 in the table fprm,False,,SELECT DISTINCT s.Zip FROM schools AS s WHERE s.Charter = 1 AND s.District = 'Fresno County Office of Education' AND s.County = 'Fresno' AND s.Zip IS NOT NULL,True,,SELECT T2.Zip FROM frpm AS T1 INNER JOIN schools AS T2 ON T1.CDSCode = T2.CDSCode WHERE T1.`District Name` = 'Fresno County Office of Education' AND T1.`Charter School (Y/N)` = 1,178,True,ChatGPT,5,5,Please list the zip code of all the charter schools in Fresno County Office of Education.,89,pass_k,bird_2,results/raw/ChatGPT_bird_pass_k_20260326_211605.jsonl
True,bird,"[false, false, false, true, true]",california_schools,data/bird/dev_databases/california_schools/california_schools.sqlite,simple,False,Exclusively virtual refers to Virtual = 'F',False,"unrecognized token: ""{""","{""sql"":""SELECT COUNT(*) AS num_schools FROM satscores sa JOIN schools sc ON sc.CDSCode = sa.cds WHERE sa.AvgScrMath > 400 AND sc.Virtual = 'F'}",False,,SELECT COUNT(DISTINCT T2.School) FROM satscores AS T1 INNER JOIN schools AS T2 ON T1.cds = T2.CDSCode WHERE T2.Virtual = 'F' AND T1.AvgScrMath > 400,148,True,ChatGPT,5,5,How many schools with an average score in Math greater than 400 in the SAT test are exclusively virtual?,104,pass_k,bird_5,results/raw/ChatGPT_bird_pass_k_20260326_211605.jsonl
True,bird,"[true, true, true, true, true]",california_schools,data/bird/dev_databases/california_schools/california_schools.sqlite,simple,False,,True,,SELECT COUNT(*) AS num_schools FROM frpm WHERE `County Name` = 'Amador' AND `Low Grade` = '9' AND `High Grade` = '12',True,,SELECT COUNT(T1.`School Name`) FROM frpm AS T1 INNER JOIN schools AS T2 ON T1.CDSCode = T2.CDSCode WHERE T2.County = 'Amador' AND T1.`Low Grade` = 9 AND T1.`High Grade` = 12,173,True,ChatGPT,5,5,How many schools in Amador which the Low Grade is 9 and the High Grade is 12?,77,pass_k,bird_20,results/raw/ChatGPT_bird_pass_k_20260326_211605.jsonl
True,bird,"[true, true, true, true, false]",california_schools,data/bird/dev_databases/california_schools/california_schools.sqlite,simple,False,,True,,"SELECT COUNT(*) AS num_schools
FROM satscores sa
JOIN schools sc ON sc.CDSCode = sa.cds
WHERE sc.County = 'Fresno'
  AND sc.FundingType = 'Directly funded'
  AND sa.NumTstTakr <= 250",True,,SELECT COUNT(T1.CDSCode) FROM frpm AS T1 INNER JOIN satscores AS T2 ON T1.CDSCode = T2.cds WHERE T1.`Charter Funding Type` = 'Directly funded' AND T1.`County Name` = 'Fresno' AND T2.NumTstTakr <= 250,199,True,ChatGPT,5,5,How many schools in Fresno (directly funded) have number of test takers not more than 250?,90,pass_k,bird_18,results/raw/ChatGPT_bird_pass_k_20260326_211605.jsonl
False,bird,"[false, false, false, false, false]",california_schools,data/bird/dev_databases/california_schools/california_schools.sqlite,simple,False,K-12 means First-through-twelfth-grade,False,,SELECT s.OpenDate FROM schools AS s JOIN frpm AS f ON f.CDSCode = s.CDSCode WHERE f.`Low Grade` = '1' AND f.`High Grade` = '12' ORDER BY f.`Enrollment (K-12)` DESC LIMIT 1,True,,SELECT T2.OpenDate FROM frpm AS T1 INNER JOIN schools AS T2 ON T1.CDSCode = T2.CDSCode ORDER BY T1.`Enrollment (K-12)` DESC LIMIT 1,131,True,ChatGPT,5,5,When did the first-through-twelfth-grade school with the largest enrollment open?,81,pass_k,bird_29,results/raw/ChatGPT_bird_pass_k_20260326_211605.jsonl
False,bird,"[false, false, false, false, false]",california_schools,data/bird/dev_databases/california_schools/california_schools.sqlite,simple,False,Magnet schools or offer a magnet program means that Magnet = 1,False,,"SELECT sc.School, sc.District, sc.County, ss.NumTstTakr, sc.Magnet
FROM satscores AS ss
JOIN schools AS sc ON sc.CDSCode = ss.cds
WHERE ss.NumTstTakr > 500
  AND sc.Magnet = 1",True,,SELECT T2.School FROM satscores AS T1 INNER JOIN schools AS T2 ON T1.cds = T2.CDSCode WHERE T2.Magnet = 1 AND T1.NumTstTakr > 500,129,True,ChatGPT,5,5,"Among the schools with the SAT test takers of over 500, please list the schools that are magnet schools or offer a magnet program.",130,pass_k,bird_6,results/raw/ChatGPT_bird_pass_k_20260326_211605.jsonl
False,bird,"[false, false, false, false, false]",california_schools,data/bird/dev_databases/california_schools/california_schools.sqlite,challenging,False,"full name means first name, last name; There are at most 3 administrators for each school; SAT Scores are greater or equal to 1500 refers to NumGE1500",False,,"SELECT s.AdmFName1 || ' ' || s.AdmLName1 AS AdministratorFullName1, s.AdmFName2 || ' ' || s.AdmLName2 AS AdministratorFullName2, s.AdmFName3 || ' ' || s.AdmLName3 AS AdministratorFullName3 FROM satscores sc JOIN schools s ON s.CDSCode = sc.cds WHERE sc.NumGE1500 = (SELECT MAX(NumGE1500) FROM satscores) LIMIT 1",True,,"SELECT T2.AdmFName1, T2.AdmLName1, T2.AdmFName2, T2.AdmLName2, T2.AdmFName3, T2.AdmLName3 FROM satscores AS T1 INNER JOIN schools AS T2 ON T1.cds = T2.CDSCode ORDER BY T1.NumGE1500 DESC LIMIT 1",193,True,ChatGPT,5,5,Under whose administration is the school with the highest number of students scoring 1500 or more on the SAT? Indicate their full names.,136,pass_k,bird_36,results/raw/ChatGPT_bird_pass_k_20260326_211605.jsonl
False,bird,"[false, false, false, false, false]",california_schools,data/bird/dev_databases/california_schools/california_schools.sqlite,moderate,False,"Execellence Rate = NumGE1500 / NumTstTakr; complete address has Street, City, State, Zip code",False,,"SELECT s.Street, s.City, s.Zip, s.State FROM satscores sc JOIN schools s ON s.CDSCode = sc.cds WHERE sc.rtype = 'S' AND sc.NumTstTakr > 0 AND sc.NumGE1500 IS NOT NULL ORDER BY (CAST(sc.NumGE1500 AS REAL) / CAST(sc.NumTstTakr AS REAL)) ASC, sc.cds ASC LIMIT 1",True,,"SELECT T2.Street, T2.City, T2.State, T2.Zip FROM satscores AS T1 INNER JOIN schools AS T2 ON T1.cds = T2.CDSCode ORDER BY CAST(T1.NumGE1500 AS REAL) / T1.NumTstTakr ASC LIMIT 1",176,True,ChatGPT,5,5,"What is the complete address of the school with the lowest excellence rate? Indicate the Street, City, Zip and State.",117,pass_k,bird_37,results/raw/ChatGPT_bird_pass_k_20260326_211605.jsonl
False,bird,"[false, false, false, false, false]",california_schools,data/bird/dev_databases/california_schools/california_schools.sqlite,simple,False,,False,,"SELECT s.School, st.NumTstTakr FROM satscores AS st JOIN schools AS s ON s.CDSCode = st.cds WHERE s.County = 'Contra Costa' AND s.School IS NOT NULL ORDER BY st.NumTstTakr DESC LIMIT 1",True,,SELECT sname FROM satscores WHERE cname = 'Contra Costa' AND sname IS NOT NULL ORDER BY NumTstTakr DESC LIMIT 1,111,True,ChatGPT,5,5,Which school in Contra Costa has the highest number of test takers?,67,pass_k,bird_22,results/raw/ChatGPT_bird_pass_k_20260326_211605.jsonl
True,bird,"[true, true, true, true, true]",california_schools,data/bird/dev_databases/california_schools/california_schools.sqlite,simple,False,,True,,SELECT COUNT(DISTINCT s.cds) AS num_directly_charter_funded_schools FROM satscores AS s JOIN schools AS sc ON sc.CDSCode = s.cds WHERE s.AvgScrMath > 560 AND sc.FundingType = 'Directly funded',True,,SELECT COUNT(T2.`School Code`) FROM satscores AS T1 INNER JOIN frpm AS T2 ON T1.cds = T2.CDSCode WHERE T1.AvgScrMath > 560 AND T2.`Charter Funding Type` = 'Directly funded',172,True,ChatGPT,5,5,"Among the schools with the average score in Math over 560 in the SAT test, how many schools are directly charter-funded?",120,pass_k,bird_9,results/raw/ChatGPT_bird_pass_k_20260326_211605.jsonl
True,bird,"[true, true, true, true, true]",california_schools,data/bird/dev_databases/california_schools/california_schools.sqlite,moderate,False,Eligible free rates for students aged 5-17 = `Free Meal Count (Ages 5-17)` / `Enrollment (Ages 5-17)`,True,,SELECT f.`Percent (%) Eligible Free (Ages 5-17)` AS free_rate_percent_ages_5_17 FROM schools s JOIN frpm f ON f.CDSCode = s.CDSCode WHERE s.AdmFName1 = 'Kacey' AND s.AdmLName1 = 'Gibson' LIMIT 1,True,,SELECT CAST(T2.`Free Meal Count (Ages 5-17)` AS REAL) / T2.`Enrollment (Ages 5-17)` FROM schools AS T1 INNER JOIN frpm AS T2 ON T1.CDSCode = T2.CDSCode WHERE T1.AdmFName1 = 'Kacey' AND T1.AdmLName1 = 'Gibson',208,True,ChatGPT,5,5,What is the free rate for students between the ages of 5 and 17 at the school run by Kacey Gibson?,98,pass_k,bird_34,results/raw/ChatGPT_bird_pass_k_20260326_211605.jsonl
False,bird,"[false, false, false, false, false]",california_schools,data/bird/dev_databases/california_schools/california_schools.sqlite,moderate,False,Average of average math = sum(average math scores) / count(schools).,False,,"SELECT sc.School AS school_name, sc.FundingType AS funding_type
FROM schools sc
JOIN satscores sa ON sa.cds = sc.CDSCode
WHERE sc.County = 'Riverside'
GROUP BY sc.CDSCode, sc.School, sc.FundingType
HAVING AVG(sa.AvgScrMath) > 400",True,,"SELECT T1.sname, T2.`Charter Funding Type` FROM satscores AS T1 INNER JOIN frpm AS T2 ON T1.cds = T2.CDSCode WHERE T2.`District Name` LIKE 'Riverside%' GROUP BY T1.sname, T2.`Charter Funding Type` HAVING CAST(SUM(T1.AvgScrMath) AS REAL) / COUNT(T1.cds) > 400",258,True,ChatGPT,5,5,"Name schools in Riverside which the average of average math score for SAT is grater than 400, what is the funding type of these schools?",136,pass_k,bird_25,results/raw/ChatGPT_bird_pass_k_20260326_211605.jsonl
False,bird,"[false, false, false, false, false]",california_schools,data/bird/dev_databases/california_schools/california_schools.sqlite,moderate,False,Charter schools refers to `Charter School (Y/N)` = 1 in the frpm,False,,SELECT s.Phone FROM schools AS s WHERE s.FundingType = 'Directly funded' AND s.OpenDate > '2000-01-01',True,,SELECT T2.Phone FROM frpm AS T1 INNER JOIN schools AS T2 ON T1.CDSCode = T2.CDSCode WHERE T1.`Charter Funding Type` = 'Directly funded' AND T1.`Charter School (Y/N)` = 1 AND T2.OpenDate > '2000-01-01',200,True,ChatGPT,5,5,Please list the phone numbers of the direct charter-funded schools that are opened after 2000/1/1.,98,pass_k,bird_4,results/raw/ChatGPT_bird_pass_k_20260326_211605.jsonl
True,bird,"[true, true, true, true, true]",california_schools,data/bird/dev_databases/california_schools/california_schools.sqlite,simple,False,,True,,"SELECT sc.Website
FROM satscores AS sa
JOIN schools AS sc ON sc.CDSCode = sa.cds
WHERE sa.cname = 'Los Angeles'
  AND sa.NumTstTakr BETWEEN 2000 AND 3000",True,,SELECT T2.Website FROM satscores AS T1 INNER JOIN schools AS T2 ON T1.cds = T2.CDSCode WHERE T1.NumTstTakr BETWEEN 2000 AND 3000 AND T2.County = 'Los Angeles',158,True,ChatGPT,5,5,"What are the webpages for the Los Angeles County school that has between 2,000 and 3,000 test takers?",101,pass_k,bird_38,results/raw/ChatGPT_bird_pass_k_20260326_211605.jsonl
False,bird,"[false, false, false, false, false]",california_schools,data/bird/dev_databases/california_schools/california_schools.sqlite,moderate,False,K-12 refers to students in grades 1 through 12; Eligible free rate for K-12 = `Free Meal Count (K-12)` / `Enrollment (K-12)`,False,,"SELECT `School Name`, `Percent (%) Eligible Free (K-12)` AS eligible_free_rate FROM frpm WHERE `Enrollment (K-12)` IS NOT NULL ORDER BY `Enrollment (K-12)` DESC LIMIT 1 OFFSET 9",True,,"SELECT CAST(`Free Meal Count (K-12)` AS REAL) / `Enrollment (K-12)` FROM frpm ORDER BY `Enrollment (K-12)` DESC LIMIT 9, 2",122,True,ChatGPT,5,5,What is the eligible free rate of the 10th and 11th schools with the highest enrolment for students in grades 1 through 12?,123,pass_k,bird_31,results/raw/ChatGPT_bird_pass_k_20260326_211605.jsonl
False,bird,"[false, false, false, false, false]",california_schools,data/bird/dev_databases/california_schools/california_schools.sqlite,moderate,False,Average score for all subjects can be computed by AvgScrMath + AvgScrRead + AvgScrWrite,False,,"SELECT s.AvgScrMath AS avg_math_score, sc.County AS county
FROM satscores s
JOIN schools sc ON sc.CDSCode = s.cds
WHERE s.rtype = 'S'
ORDER BY (COALESCE(s.AvgScrRead,0) + COALESCE(s.AvgScrMath,0) + COALESCE(s.AvgScrWrite,0)) ASC
LIMIT 1",True,,"SELECT T1.AvgScrMath, T2.County FROM satscores AS T1 INNER JOIN schools AS T2 ON T1.cds = T2.CDSCode WHERE T1.AvgScrMath IS NOT NULL ORDER BY T1.AvgScrMath + T1.AvgScrRead + T1.AvgScrWrite ASC LIMIT 1",200,True,ChatGPT,5,5,"What is the average math score of the school with the lowest average score for all subjects, and in which county is it located?",127,pass_k,bird_43,results/raw/ChatGPT_bird_pass_k_20260326_211605.jsonl
True,bird,"[true, false, true, true, true]",california_schools,data/bird/dev_databases/california_schools/california_schools.sqlite,simple,False,,True,,SELECT frpm.`Educational Option Type` AS `Educational Option Type` FROM satscores JOIN frpm ON frpm.CDSCode = satscores.cds ORDER BY satscores.AvgScrMath DESC LIMIT 1,True,,SELECT T2.EdOpsName FROM satscores AS T1 INNER JOIN schools AS T2 ON T1.cds = T2.CDSCode ORDER BY T1.AvgScrMath DESC LIMIT 1,124,True,ChatGPT,5,5,What is the type of education offered in the school who scored the highest average in Math?,91,pass_k,bird_42,results/raw/ChatGPT_bird_pass_k_20260326_211605.jsonl
False,bird,"[false, false, false, false, false]",california_schools,data/bird/dev_databases/california_schools/california_schools.sqlite,moderate,False,,False,,"SELECT s.School AS `School Name`, s.Website AS `Website` FROM frpm f JOIN schools s ON s.CDSCode = f.CDSCode WHERE f.`Free Meal Count (Ages 5-17)` BETWEEN 1900 AND 2000 AND s.Website IS NOT NULL AND TRIM(s.Website) <> ''",True,,"SELECT T2.Website, T1.`School Name` FROM frpm AS T1 INNER JOIN schools AS T2 ON T1.CDSCode = T2.CDSCode WHERE T1.`Free Meal Count (Ages 5-17)` BETWEEN 1900 AND 2000 AND T2.Website IS NOT NULL",191,True,ChatGPT,5,5,"If there are any, what are the websites address of the schools with a free meal count of 1,900-2,000 to students aged 5-17? Include the name of the school.",155,pass_k,bird_33,results/raw/ChatGPT_bird_pass_k_20260326_211605.jsonl
True,bird,"[false, false, false, true, true]",california_schools,data/bird/dev_databases/california_schools/california_schools.sqlite,simple,False,,False,,"SELECT s.City, sa.AvgScrWrite AS AvgWritingScore
FROM satscores sa
JOIN schools s ON s.CDSCode = sa.cds
WHERE sa.NumGE1500 IS NOT NULL
ORDER BY sa.NumGE1500 DESC
LIMIT 1",True,,"SELECT T1.AvgScrWrite, T2.City FROM satscores AS T1 INNER JOIN schools AS T2 ON T1.cds = T2.CDSCode ORDER BY T1.NumGE1500 DESC LIMIT 1",134,True,ChatGPT,5,5,What is the average writing score of the school who has the highest number of test takers whose total SAT sscores are greater or equal to 1500? Indicate the city to where the school is situated.,194,pass_k,bird_44,results/raw/ChatGPT_bird_pass_k_20260326_211605.jsonl
True,bird,"[true, true, true, true, true]",california_schools,data/bird/dev_databases/california_schools/california_schools.sqlite,moderate,False,Fresno Unified is a name of district;,True,,"SELECT sc.Phone
FROM satscores AS sa
JOIN schools AS sc ON sc.CDSCode = sa.cds
WHERE sa.dname = 'Fresno Unified'
  AND sa.AvgScrRead IS NOT NULL
ORDER BY sa.AvgScrRead ASC
LIMIT 1",True,,SELECT T2.Phone FROM satscores AS T1 INNER JOIN schools AS T2 ON T1.cds = T2.CDSCode WHERE T2.District = 'Fresno Unified' AND T1.AvgScrRead IS NOT NULL ORDER BY T1.AvgScrRead ASC LIMIT 1,186,True,ChatGPT,5,5,What is the telephone number for the school with the lowest average score in reading in Fresno Unified?,103,pass_k,bird_40,results/raw/ChatGPT_bird_pass_k_20260326_211605.jsonl
True,bird,"[false, true, true, true, true]",california_schools,data/bird/dev_databases/california_schools/california_schools.sqlite,simple,False,,False,no such column: s.School,"SELECT sc.MailStreet AS mailing_street_address, s.School AS school_name
FROM satscores s
JOIN schools sc ON sc.CDSCode = s.cds
WHERE s.AvgScrRead IS NOT NULL
ORDER BY s.AvgScrRead ASC
LIMIT 1",False,,"SELECT T2.MailStreet, T2.School FROM satscores AS T1 INNER JOIN schools AS T2 ON T1.cds = T2.CDSCode WHERE T1.AvgScrRead IS NOT NULL ORDER BY T1.AvgScrRead ASC LIMIT 1",167,True,ChatGPT,5,5,In which mailing street address can you find the school that has the lowest average score in reading? Also give the school's name.,130,pass_k,bird_51,results/raw/ChatGPT_bird_pass_k_20260326_211605.jsonl
False,bird,"[false, false, false, false, false]",california_schools,data/bird/dev_databases/california_schools/california_schools.sqlite,simple,False,Postal street and mailing street are synonyms.,False,,"SELECT s.School AS `School Name`, s.Street AS `Postal Street Address`
FROM satscores ss
JOIN schools s ON s.CDSCode = ss.cds
WHERE ss.AvgScrMath IS NOT NULL
ORDER BY ss.AvgScrMath DESC
LIMIT 1 OFFSET 6",True,,"SELECT T2.MailStreet, T2.School FROM satscores AS T1 INNER JOIN schools AS T2 ON T1.cds = T2.CDSCode ORDER BY T1.AvgScrMath DESC LIMIT 6, 1",139,True,ChatGPT,5,5,What is the postal street address for the school with the 7th highest Math average? Indicate the school's name.,111,pass_k,bird_50,results/raw/ChatGPT_bird_pass_k_20260326_211605.jsonl
False,bird,"[false, false, false, false, false]",california_schools,data/bird/dev_databases/california_schools/california_schools.sqlite,simple,False,,False,,"SELECT s.District AS district_name, AVG(sa.AvgScrRead) AS avg_reading_score
FROM satscores sa
JOIN schools s ON s.CDSCode = sa.cds
WHERE s.StatusType = 'Active'
  AND sa.AvgScrRead IS NOT NULL
GROUP BY s.District
ORDER BY avg_reading_score DESC
LIMIT 1",True,,SELECT T1.District FROM schools AS T1 INNER JOIN satscores AS T2 ON T1.CDSCode = T2.cds WHERE T1.StatusType = 'Active' ORDER BY T2.AvgScrRead DESC LIMIT 1,154,True,ChatGPT,5,5,Which active district has the highest average score in Reading?,63,pass_k,bird_15,results/raw/ChatGPT_bird_pass_k_20260326_211605.jsonl
False,bird,"[false, false, false, false, false]",california_schools,data/bird/dev_databases/california_schools/california_schools.sqlite,moderate,False,"Full communication address should include Street, City, State and zip code if any.",False,,"SELECT s.School AS ""School Name"", s.MailStreet AS ""Mail Street"", s.MailCity AS ""Mail City"", s.MailState AS ""Mail State"", s.MailZip AS ""Mail Zip"", s.Street AS ""Street"", s.City AS ""City"", s.State AS ""State"", s.Zip AS ""Zip"", s.Phone, s.Website FROM schools s JOIN frpm f ON f.CDSCode = s.CDSCode WHERE s.County = 'Monterey' AND s.DOCType = 'High' AND f.""FRPM Count (Ages 5-17)"" > 800",True,,"SELECT T1.`School Name`, T2.Street, T2.City, T2.State, T2.Zip FROM frpm AS T1 INNER JOIN schools AS T2 ON T1.CDSCode = T2.CDSCode WHERE T2.County = 'Monterey' AND T1.`Free Meal Count (Ages 5-17)` > 800 AND T1.`School Type` = 'High Schools (Public)'",248,True,ChatGPT,5,5,State the names and full communication address of high schools in Monterey which has more than 800 free or reduced price meals for ages 15-17?,142,pass_k,bird_26,results/raw/ChatGPT_bird_pass_k_20260326_211605.jsonl
True,bird,"[true, true, true, true, true]",california_schools,data/bird/dev_databases/california_schools/california_schools.sqlite,simple,False,between 1/1/1980 and 12/31/1980 means the year = 1980,True,,SELECT AVG(ss.NumTstTakr) AS avg_test_takers FROM satscores ss JOIN schools s ON s.CDSCode = ss.cds WHERE s.County = 'Fresno' AND s.OpenDate BETWEEN '1980-01-01' AND '1980-12-31',True,,"SELECT AVG(T1.NumTstTakr) FROM satscores AS T1 INNER JOIN schools AS T2 ON T1.cds = T2.CDSCode WHERE strftime('%Y', T2.OpenDate) = '1980' AND T2.County = 'Fresno'",162,True,ChatGPT,5,5,What is the average number of test takers from Fresno schools that opened between 1/1/1980 and 12/31/1980?,106,pass_k,bird_39,results/raw/ChatGPT_bird_pass_k_20260326_211605.jsonl
False,bird,"[false, false, false, false, false]",california_schools,data/bird/dev_databases/california_schools/california_schools.sqlite,moderate,False,Percent eligible for free meals = Free Meal Count (K-12) / Total (Enrollment (K-12),False,,"SELECT DISTINCT s.School AS `School Name`
FROM schools s
JOIN frpm f ON f.CDSCode = s.CDSCode
JOIN satscores t ON t.cds = s.CDSCode
WHERE f.`Percent (%) Eligible Free (K-12)` > 0.1
  AND t.NumGE1500 IS NOT NULL
  AND t.NumGE1500 > 0",True,,SELECT T2.`School Name` FROM satscores AS T1 INNER JOIN frpm AS T2 ON T1.cds = T2.CDSCode WHERE CAST(T2.`Free Meal Count (K-12)` AS REAL) / T2.`Enrollment (K-12)` > 0.1 AND T1.NumGE1500 > 0,189,True,ChatGPT,5,5,Give the names of the schools with the percent eligible for free meals in K-12 is more than 0.1 and test takers whose test score is greater than or equal to 1500?,162,pass_k,bird_24,results/raw/ChatGPT_bird_pass_k_20260326_211605.jsonl
True,bird,"[false, false, false, true, true]",california_schools,data/bird/dev_databases/california_schools/california_schools.sqlite,moderate,False,Charted school means `Charter School (Y/N)` = 1 in the table frpm; Students enrolled in grades 1 through 12 refers to `Enrollment (K-12)`,False,,"SELECT s.AdmEmail1
FROM schools AS s
JOIN satscores AS sa ON sa.cds = s.CDSCode
WHERE s.Charter = 1
  AND s.StatusType = 'Active'
  AND sa.rtype = 'S'
  AND sa.enroll12 IS NOT NULL
ORDER BY sa.enroll12 ASC
LIMIT 1",True,,SELECT T2.AdmEmail1 FROM frpm AS T1 INNER JOIN schools AS T2 ON T1.CDSCode = T2.CDSCode WHERE T1.`Charter School (Y/N)` = 1 ORDER BY T1.`Enrollment (K-12)` ASC LIMIT 1,167,True,ChatGPT,5,5,What is the administrator's email address of the chartered school with the fewest students enrolled in grades 1 through 12?,123,pass_k,bird_35,results/raw/ChatGPT_bird_pass_k_20260326_211605.jsonl
False,bird,"[false, false, false, false, false]",california_schools,data/bird/dev_databases/california_schools/california_schools.sqlite,simple,False,State Special Schools refers to DOC = 31; Grades 1 through 12 means K-12,False,,"SELECT s.School AS school_name, s.District AS district_name, s.County AS county_name, ss.enroll12 AS enroll_grades_1_12 FROM satscores ss JOIN schools s ON s.CDSCode = ss.cds WHERE ss.rtype = 'S' AND ss.sname IS NOT NULL ORDER BY ss.enroll12 DESC LIMIT 1",True,,SELECT T2.School FROM frpm AS T1 INNER JOIN schools AS T2 ON T1.CDSCode = T2.CDSCode WHERE T2.DOC = 31 ORDER BY T1.`Enrollment (K-12)` DESC LIMIT 1,147,True,ChatGPT,5,5,Which state special schools have the highest number of enrollees from grades 1 through 12?,90,pass_k,bird_46,results/raw/ChatGPT_bird_pass_k_20260326_211605.jsonl
False,bird,"[false, false, false, false, false]",california_schools,data/bird/dev_databases/california_schools/california_schools.sqlite,moderate,False,grades 1-12 means K-12; Eligible free or reduced price meal rate for K-12 = `FRPM Count (K-12)` / `Enrollment (K-12)`,False,,"SELECT s.School AS school_name, f.`FRPM Count (K-12)` AS frpm_count_k12, f.`Percent (%) Eligible FRPM (K-12)` AS frpm_rate_k12 FROM schools s JOIN frpm f ON f.CDSCode = s.CDSCode WHERE s.DOC = '66' AND f.`FRPM Count (K-12)` IS NOT NULL AND f.`Percent (%) Eligible FRPM (K-12)` IS NOT NULL ORDER BY f.`FRPM Count (K-12)` DESC LIMIT 5",True,,SELECT CAST(T1.`FRPM Count (K-12)` AS REAL) / T1.`Enrollment (K-12)` FROM frpm AS T1 INNER JOIN schools AS T2 ON T1.CDSCode = T2.CDSCode WHERE T2.SOC = 66 ORDER BY T1.`FRPM Count (K-12)` DESC LIMIT 5,199,True,ChatGPT,5,5,What is the eligible free or reduced price meal rate for the top 5 schools in grades 1-12 with the highest free or reduced price meal count of the schools with the ownership code 66?,182,pass_k,bird_32,results/raw/ChatGPT_bird_pass_k_20260326_211605.jsonl
True,bird,"[false, false, true, true, true]",california_schools,data/bird/dev_databases/california_schools/california_schools.sqlite,moderate,False,Elementary School District refers to DOC = 52; Unified School District refers to DOC = 54.,False,,"SELECT 1.0 * SUM(CASE WHEN s.DOCType = 'Unified School District' THEN 1 ELSE 0 END) / NULLIF(SUM(CASE WHEN s.DOCType = 'Elementary School District' THEN 1 ELSE 0 END), 0) AS ratio_unified_to_elementary FROM schools s WHERE s.County = 'Orange' AND s.StatusType = 'Merged' AND s.DOC = 'District'",True,,SELECT CAST(SUM(CASE WHEN DOC = 54 THEN 1 ELSE 0 END) AS REAL) / SUM(CASE WHEN DOC = 52 THEN 1 ELSE 0 END) FROM schools WHERE StatusType = 'Merged' AND County = 'Orange',169,True,ChatGPT,5,5,What is the ratio of merged Unified School District schools in Orange County to merged Elementary School District schools?,122,pass_k,bird_48,results/raw/ChatGPT_bird_pass_k_20260326_211605.jsonl
False,bird,"[false, false, false, false, false]",california_schools,data/bird/dev_databases/california_schools/california_schools.sqlite,moderate,False,Diffrence in enrollement = `Enrollment (K-12)` - `Enrollment (Ages 5-17)`,False,,"SELECT s.School AS school_name, (COALESCE(s.Street,'') || CASE WHEN s.Street IS NOT NULL AND s.City IS NOT NULL THEN ', ' ELSE '' END || COALESCE(s.City,'') || CASE WHEN (s.Street IS NOT NULL OR s.City IS NOT NULL) AND s.State IS NOT NULL THEN ', ' ELSE '' END || COALESCE(s.State,'') || CASE WHEN (s.Street IS NOT NULL OR s.City IS NOT NULL OR s.State IS NOT NULL) AND s.Zip IS NOT NULL THEN ' ' ELSE '' END || COALESCE(s.Zip,'')) AS full_street_address FROM frpm f JOIN schools s ON s.CDSCode = f.CDSCode WHERE ABS(COALESCE(f.`Enrollment (K-12)`,0) - COALESCE(f.`Enrollment (Ages 5-17)`,0)) > 30 AND s.School IS NOT NULL",True,,"SELECT T1.School, T1.Street FROM schools AS T1 INNER JOIN frpm AS T2 ON T1.CDSCode = T2.CDSCode WHERE T2.`Enrollment (K-12)` - T2.`Enrollment (Ages 5-17)` > 30",159,True,ChatGPT,5,5,List the names of schools with more than 30 difference in enrollements between K-12 and ages 5-17? Please also give the full street adress of the schools.,154,pass_k,bird_23,results/raw/ChatGPT_bird_pass_k_20260326_211605.jsonl
True,bird,"[true, true, true, true, true]",california_schools,data/bird/dev_databases/california_schools/california_schools.sqlite,simple,False,,True,,"SELECT sc.Phone, sc.Ext
FROM satscores sa
JOIN schools sc ON sc.CDSCode = sa.cds
WHERE sa.AvgScrWrite IS NOT NULL
ORDER BY sa.AvgScrWrite DESC
LIMIT 1 OFFSET 332",True,,"SELECT T2.Phone, T2.Ext FROM satscores AS T1 INNER JOIN schools AS T2 ON T1.cds = T2.CDSCode ORDER BY T1.AvgScrWrite DESC LIMIT 332, 1",134,True,ChatGPT,5,5,What is the phone number and extension number for the school that had the 333rd highest average writing score?,110,pass_k,bird_57,results/raw/ChatGPT_bird_pass_k_20260326_211605.jsonl
False,bird,"[false, false, false, false, false]",california_schools,data/bird/dev_databases/california_schools/california_schools.sqlite,simple,False,Total enrollment can be represented by `Enrollment (K-12)` + `Enrollment (Ages 5-17)`,False,,SELECT CDSCode FROM frpm WHERE `Enrollment (K-12)` > 500,True,,SELECT T2.CDSCode FROM schools AS T1 INNER JOIN frpm AS T2 ON T1.CDSCode = T2.CDSCode WHERE T2.`Enrollment (K-12)` + T2.`Enrollment (Ages 5-17)` > 500,150,True,ChatGPT,5,5,Please list the codes of the schools with a total enrollment of over 500.,73,pass_k,bird_11,results/raw/ChatGPT_bird_pass_k_20260326_211605.jsonl
False,bird,"[false, false, false, false, false]",california_schools,data/bird/dev_databases/california_schools/california_schools.sqlite,simple,False,,False,,"SELECT s.School, s.MailZip FROM schools AS s WHERE (s.AdmFName1 = 'Avetik' AND s.AdmLName1 = 'Atoian') OR (s.AdmFName2 = 'Avetik' AND s.AdmLName2 = 'Atoian') OR (s.AdmFName3 = 'Avetik' AND s.AdmLName3 = 'Atoian')",True,,"SELECT School, MailZip FROM schools WHERE AdmFName1 = 'Avetik' AND AdmLName1 = 'Atoian'",87,True,ChatGPT,5,5,Please specify all of the schools and their related mailing zip codes that are under Avetik Atoian's administration.,116,pass_k,bird_54,results/raw/ChatGPT_bird_pass_k_20260326_211605.jsonl
False,bird,"[false, false, false, false, false]",california_schools,data/bird/dev_databases/california_schools/california_schools.sqlite,simple,False,,False,,SELECT SUM(sa.NumTstTakr) AS total_test_takers FROM schools sc JOIN satscores sa ON sa.cds = sc.CDSCode WHERE sc.MailCity = 'Fresno',True,,SELECT T1.NumTstTakr FROM satscores AS T1 INNER JOIN schools AS T2 ON T1.cds = T2.CDSCode WHERE T2.MailCity = 'Fresno',118,True,ChatGPT,5,5,How many test takers are there at the school/s whose mailing city address is in Fresno?,87,pass_k,bird_53,results/raw/ChatGPT_bird_pass_k_20260326_211605.jsonl
False,bird,"[false, false, false, false, false]",california_schools,data/bird/dev_databases/california_schools/california_schools.sqlite,challenging,False,non-chartered schools refer to schools whose Charter = 0; K-12 means grades 1 through 12; percent of eligible free rate for K-12 = `Free Meal Count (K-12)` * 100 / `Enrollment (K-12)`,False,,"SELECT COUNT(*) AS total_non_chartered_schools
FROM frpm
WHERE `County Name` = 'Los Angeles'
  AND (`Charter School (Y/N)` = 0 OR `Charter School (Y/N)` IS NULL)
  AND `Percent (%) Eligible Free (K-12)` < 0.18",True,,SELECT COUNT(T2.School) FROM frpm AS T1 INNER JOIN schools AS T2 ON T1.CDSCode = T2.CDSCode WHERE T2.County = 'Los Angeles' AND T2.Charter = 0 AND CAST(T1.`Free Meal Count (K-12)` AS REAL) * 100 / T1.`Enrollment (K-12)` < 0.18,226,True,ChatGPT,5,5,What is the total number of non-chartered schools in the county of Los Angeles with a percent (%) of eligible free meals for grades 1 through 12 that is less than 0.18%?,169,pass_k,bird_62,results/raw/ChatGPT_bird_pass_k_20260326_211605.jsonl
True,bird,"[true, true, true, true, true]",california_schools,data/bird/dev_databases/california_schools/california_schools.sqlite,moderate,False,Ratio = count(schools in Colusa) / count(schools in Humboldt),True,,"SELECT 1.0 * SUM(CASE WHEN County = 'Colusa' THEN 1 ELSE 0 END) / NULLIF(SUM(CASE WHEN County = 'Humboldt' THEN 1 ELSE 0 END), 0) AS ratio_colusa_to_humboldt FROM schools WHERE MailState = 'CA'",True,,SELECT CAST(SUM(CASE WHEN County = 'Colusa' THEN 1 ELSE 0 END) AS REAL) / SUM(CASE WHEN County = 'Humboldt' THEN 1 ELSE 0 END) FROM schools WHERE MailState = 'CA',162,True,ChatGPT,5,5,"Of the schools with a mailing state address in California, what is the ratio of the schools located in the county of Colusa against the school located in the county of Humboldt?",177,pass_k,bird_55,results/raw/ChatGPT_bird_pass_k_20260326_211605.jsonl
True,bird,"[false, false, true, false, true]",california_schools,data/bird/dev_databases/california_schools/california_schools.sqlite,simple,False,,False,,SELECT COUNT(*) AS active_schools_in_san_joaquin_city FROM schools WHERE StatusType = 'Active' AND MailState = 'CA' AND MailCity = 'San Joaquin',True,,SELECT COUNT(CDSCode) FROM schools WHERE City = 'San Joaquin' AND MailState = 'CA' AND StatusType = 'Active',108,True,ChatGPT,5,5,"Of all the schools with a mailing state address in California, how many are active in San Joaquin city?",103,pass_k,bird_56,results/raw/ChatGPT_bird_pass_k_20260326_211605.jsonl
False,bird,"[false, false, false, false, false]",california_schools,data/bird/dev_databases/california_schools/california_schools.sqlite,simple,False,Exclusively virtual refers to Virtual = 'F'; respective counties means PARTITION BY County,False,,"WITH county_ranked AS (
  SELECT
    sc.County AS county,
    sa.sname AS school_name,
    sa.AvgScrRead AS avg_read,
    DENSE_RANK() OVER (
      PARTITION BY sc.County
      ORDER BY sa.AvgScrRead DESC
    ) AS rnk
  FROM satscores sa
  JOIN schools sc
    ON sc.CDSCode = sa.cds
  WHERE sc.Virtual IS NOT NULL
    AND TRIM(sc.Virtual) <> ''
    AND UPPER(TRIM(sc.Virtual)) NOT IN ('N','NO','0')
    AND sa.AvgScrRead IS NOT NULL
)
SELECT school_name
FROM county_ranked
WHERE rnk <= 5
ORDER BY county, rnk, school_name",True,,"SELECT School FROM (SELECT T2.School,T1.AvgScrRead, RANK() OVER (PARTITION BY T2.County ORDER BY T1.AvgScrRead DESC) AS rnk FROM satscores AS T1 INNER JOIN schools AS T2 ON T1.cds = T2.CDSCode WHERE T2.Virtual = 'F' ) ranked_schools WHERE rnk <= 5",247,True,ChatGPT,5,5,List the names of virtual schools that are among the top 5 in their respective counties based on average reading scores.,120,pass_k,bird_41,results/raw/ChatGPT_bird_pass_k_20260326_211605.jsonl
True,bird,"[true, true, true, true, true]",california_schools,data/bird/dev_databases/california_schools/california_schools.sqlite,simple,False,Total SAT scores can be computed by AvgScrRead + AvgScrMath + AvgScrWrite,True,,"SELECT COUNT(*) AS total_schools
FROM satscores AS st
JOIN schools AS sc ON sc.CDSCode = st.cds
WHERE sc.MailCity = 'Lakeport'
  AND st.NumGE1500 >= 1",True,,SELECT COUNT(T1.cds) FROM satscores AS T1 INNER JOIN schools AS T2 ON T1.cds = T2.CDSCode WHERE T2.MailCity = 'Lakeport' AND (T1.AvgScrRead + T1.AvgScrMath + T1.AvgScrWrite) >= 1500,181,True,ChatGPT,5,5,What is the total number of schools whose total SAT scores are greater or equal to 1500 whose mailing city is Lakeport?,119,pass_k,bird_52,results/raw/ChatGPT_bird_pass_k_20260326_211605.jsonl
True,bird,"[true, true, true, true, true]",california_schools,data/bird/dev_databases/california_schools/california_schools.sqlite,moderate,False,"Usually, administrators manage the school stuff.",True,,"SELECT s.School AS school, AVG(ss.AvgScrWrite) AS avg_writing_score FROM schools s JOIN satscores ss ON ss.cds = s.CDSCode WHERE (s.AdmFName1 = 'Ricci' AND s.AdmLName1 = 'Ulrich') OR (s.AdmFName2 = 'Ricci' AND s.AdmLName2 = 'Ulrich') OR (s.AdmFName3 = 'Ricci' AND s.AdmLName3 = 'Ulrich') GROUP BY s.School",True,,"SELECT T2.School, T1.AvgScrWrite FROM satscores AS T1 INNER JOIN schools AS T2 ON T1.cds = T2.CDSCode WHERE T2.AdmFName1 = 'Ricci' AND T2.AdmLName1 = 'Ulrich'",158,True,ChatGPT,5,5,What is the average writing score of each of the schools managed by Ricci Ulrich? List the schools and the corresponding average writing scores.,144,pass_k,bird_45,results/raw/ChatGPT_bird_pass_k_20260326_211605.jsonl
False,bird,"[false, false, false, false, false]",california_schools,data/bird/dev_databases/california_schools/california_schools.sqlite,moderate,False,Elementary School District refers to DOC = 52; Monthly average number of schools that opened in 1980 = count(schools that opened in 1980) / 12,False,,"SELECT AVG(monthly_opened) AS monthly_avg_schools_opened
FROM (
  SELECT strftime('%m', s.OpenDate) AS open_month,
         COUNT(*) AS monthly_opened
  FROM schools s
  WHERE s.County = 'Alameda'
    AND s.DOCType = 'Elementary School District'
    AND s.OpenDate >= '1980-01-01'
    AND s.OpenDate < '1981-01-01'
  GROUP BY strftime('%m', s.OpenDate)
) m",True,,"SELECT CAST(COUNT(School) AS REAL) / 12 FROM schools WHERE DOC = 52 AND County = 'Alameda' AND strftime('%Y', OpenDate) = '1980'",128,True,ChatGPT,5,5,What is the monthly average number of schools that opened in Alameda County under the jurisdiction of the Elementary School District in 1980?,141,pass_k,bird_47,results/raw/ChatGPT_bird_pass_k_20260326_211605.jsonl
True,bird,"[true, true, true, true, true]",california_schools,data/bird/dev_databases/california_schools/california_schools.sqlite,simple,False,Elementary School District refers to DOC = 52; Chartered schools refer to Charter = 1 in the table schools,True,,"SELECT COUNT(*) AS charter_school_count
FROM schools
WHERE City = 'Hickman'
  AND Charter = 1
  AND DOCType = 'Elementary School District'",True,,SELECT COUNT(School) FROM schools WHERE DOC = 52 AND Charter = 1 AND City = 'Hickman',85,True,ChatGPT,5,5,How many chartered schools located in the city of Hickman are owned by the Elementary School District?,102,pass_k,bird_61,results/raw/ChatGPT_bird_pass_k_20260326_211605.jsonl
False,bird,"[false, false, false, false, false]",california_schools,data/bird/dev_databases/california_schools/california_schools.sqlite,simple,False,,False,,"SELECT School AS `School Name`, Phone AS `Phone Number`, Ext AS `Extension Number` FROM schools WHERE Zip = '95203-3704'",True,,"SELECT Phone, Ext, School FROM schools WHERE Zip = '95203-3704'",63,True,ChatGPT,5,5,What is the phone number and extension number for the school with the zip code 95203-3704? Indicate the school's name.,118,pass_k,bird_58,results/raw/ChatGPT_bird_pass_k_20260326_211605.jsonl
False,bird,"[false, false, false, false, false]",california_schools,data/bird/dev_databases/california_schools/california_schools.sqlite,simple,False,,False,,"SELECT School, Website FROM schools WHERE (AdmFName1 = 'Mike' AND AdmLName1 = 'Larson') OR (AdmFName2 = 'Mike' AND AdmLName2 = 'Larson') OR (AdmFName3 = 'Mike' AND AdmLName3 = 'Larson') OR (AdmFName1 = 'Dante' AND AdmLName1 = 'Alvarez') OR (AdmFName2 = 'Dante' AND AdmLName2 = 'Alvarez') OR (AdmFName3 = 'Dante' AND AdmLName3 = 'Alvarez')",True,,SELECT Website FROM schools WHERE (AdmFName1 = 'Mike' AND AdmLName1 = 'Larson') OR (AdmFName1 = 'Dante' AND AdmLName1 = 'Alvarez'),130,True,ChatGPT,5,5,What is the website for the schools under the administrations of Mike Larson and Dante Alvarez?,95,pass_k,bird_59,results/raw/ChatGPT_bird_pass_k_20260326_211605.jsonl
True,bird,"[true, false, true, true, true]",california_schools,data/bird/dev_databases/california_schools/california_schools.sqlite,simple,False,Virtual = 'P' means partially virtual; Charter schools refers to Charter = 1 in the table schools,True,,SELECT Website FROM schools WHERE County = 'San Joaquin' AND Virtual = 'P' AND Charter = 1 AND Website IS NOT NULL,True,,SELECT Website FROM schools WHERE County = 'San Joaquin' AND Virtual = 'P' AND Charter = 1,90,True,ChatGPT,5,5,What are the websites for all the partially virtual chartered schools located in San Joaquin?,93,pass_k,bird_60,results/raw/ChatGPT_bird_pass_k_20260326_211605.jsonl
False,bird,"[false, false, false, false, false]",california_schools,data/bird/dev_databases/california_schools/california_schools.sqlite,simple,False,,False,,"SELECT frpm.`School Name` AS `School Name`, schools.EdOpsName AS `Educational Level Name` FROM frpm JOIN schools ON schools.CDSCode = frpm.CDSCode WHERE frpm.`County Code` = '37' AND frpm.`NSLP Provision Status` = 'Provision 2'",True,,"SELECT T2.EILName, T2.School FROM frpm AS T1 INNER JOIN schools AS T2 ON T1.CDSCode = T2.CDSCode WHERE T1.`NSLP Provision Status` = 'Breakfast Provision 2' AND T1.`County Code` = 37",181,True,ChatGPT,5,5,What is the educational level name for the schools with Breakfast Provision 2 in county code 37? Indicate the name of the school.,129,pass_k,bird_75,results/raw/ChatGPT_bird_pass_k_20260326_211605.jsonl
False,bird,"[false, false, false, false, false]",california_schools,data/bird/dev_databases/california_schools/california_schools.sqlite,simple,False,K-12 refers to students in grades 1 through 12.,False,,"SELECT s.City, SUM(f.`Enrollment (K-12)`) AS total_enrollment_k12 FROM schools AS s JOIN frpm AS f ON f.CDSCode = s.CDSCode WHERE s.City IS NOT NULL AND TRIM(s.City) <> '' GROUP BY s.City ORDER BY total_enrollment_k12 ASC LIMIT 5",True,,SELECT T2.City FROM frpm AS T1 INNER JOIN schools AS T2 ON T1.CDSCode = T2.CDSCode GROUP BY T2.City ORDER BY SUM(T1.`Enrollment (K-12)`) ASC LIMIT 5,148,True,ChatGPT,5,5,Which cities have the top 5 lowest enrollment number for students in grades 1 through 12?,89,pass_k,bird_30,results/raw/ChatGPT_bird_pass_k_20260326_211605.jsonl
False,bird,"[false, false, false, false, false]",california_schools,data/bird/dev_databases/california_schools/california_schools.sqlite,moderate,False,Percent (%) Eligible FRPM (Ages 5-17) can be acquired by `FRPM Count (Ages 5-17)` / `Enrollment (Ages 5-17)` * 100,False,,"SELECT f.`School Name` AS `School Name`, f.`Percent (%) Eligible FRPM (Ages 5-17)` AS `Percent (%) Eligible FRPM (Ages 5-17)`
FROM frpm AS f
WHERE f.`County Name` = 'Los Angeles'
  AND f.`Low Grade` = 'K'
  AND f.`High Grade` = '9'",True,,"SELECT T2.School, T1.`FRPM Count (Ages 5-17)` * 100 / T1.`Enrollment (Ages 5-17)` FROM frpm AS T1 INNER JOIN schools AS T2 ON T1.CDSCode = T2.CDSCode WHERE T2.County = 'Los Angeles' AND T2.GSserved = 'K-9'",205,True,ChatGPT,5,5,Which schools served a grade span of Kindergarten to 9th grade in the county of Los Angeles and what is its Percent (%) Eligible FRPM (Ages 5-17)?,146,pass_k,bird_77,results/raw/ChatGPT_bird_pass_k_20260326_211605.jsonl
False,bird,"[false, false, false, false, false]",california_schools,data/bird/dev_databases/california_schools/california_schools.sqlite,moderate,False,State Special School means EdOpsCode = 'SSS',False,,SELECT f.`Enrollment (Ages 5-17)` AS enrollment_ages_5_17 FROM frpm AS f WHERE f.`Academic Year` = '2014-2015' AND f.`School Name` = 'State Special School' AND f.`District Name` = 'Fremont' LIMIT 1,True,,SELECT T1.`Enrollment (Ages 5-17)` FROM frpm AS T1 INNER JOIN schools AS T2 ON T1.CDSCode = T2.CDSCode WHERE T2.EdOpsCode = 'SSS' AND T2.City = 'Fremont' AND T1.`Academic Year` BETWEEN 2014 AND 2015,198,True,ChatGPT,5,5,How many students from the ages of 5 to 17 are enrolled at the State Special School school in Fremont for the 2014-2015 academic year?,134,pass_k,bird_72,results/raw/ChatGPT_bird_pass_k_20260326_211605.jsonl
True,bird,"[true, true, true, true, true]",california_schools,data/bird/dev_databases/california_schools/california_schools.sqlite,simple,False,,True,,"SELECT COUNT(*) AS total_schools
FROM schools
WHERE MailCity = 'Hickman'
  AND CharterNum = '00D4'",True,,SELECT COUNT(*) FROM schools WHERE CharterNum = '00D4' AND MailCity = 'Hickman',79,True,ChatGPT,5,5,What is the total number of schools with a mailing city in Hickman belonging to the charter number 00D4?,104,pass_k,bird_64,results/raw/ChatGPT_bird_pass_k_20260326_211605.jsonl
True,bird,"[true, true, true, true, true]",california_schools,data/bird/dev_databases/california_schools/california_schools.sqlite,simple,False,,True,,SELECT COUNT(*) AS total_closures FROM schools WHERE DOCType = 'Community College District' AND City = 'San Francisco' AND ClosedDate >= '1989-01-01' AND ClosedDate < '1990-01-01',True,,"SELECT COUNT(School) FROM schools WHERE strftime('%Y', ClosedDate) = '1989' AND City = 'San Francisco' AND DOCType = 'Community College District'",145,True,ChatGPT,5,5,What is the total amount of Community College District closure in 1989 in the city of San Francisco?,100,pass_k,bird_67,results/raw/ChatGPT_bird_pass_k_20260326_211605.jsonl
False,bird,"[false, false, false, false, false]",california_schools,data/bird/dev_databases/california_schools/california_schools.sqlite,challenging,False,Difference between K-12 enrollment and 15-17 enrollment can be computed by `Enrollment (K-12)` - `Enrollment (Ages 5-17)`,False,,"WITH diffs AS (SELECT s.CDSCode, s.School AS school_name, s.DOCType, (f.`Enrollment (K-12)` - f.`Enrollment (Ages 5-17)`) AS diff_enroll FROM schools s JOIN frpm f ON f.CDSCode = s.CDSCode WHERE s.FundingType = 'Locally funded' AND f.`Enrollment (K-12)` IS NOT NULL AND f.`Enrollment (Ages 5-17)` IS NOT NULL AND s.School IS NOT NULL), avg_diff AS (SELECT AVG(diff_enroll) AS avg_diff_enroll FROM diffs) SELECT d.school_name, d.DOCType FROM diffs d CROSS JOIN avg_diff a WHERE d.diff_enroll > a.avg_diff_enroll",True,,"SELECT T2.School, T2.DOC FROM frpm AS T1 INNER JOIN schools AS T2 ON T1.CDSCode = T2.CDSCode WHERE T2.FundingType = 'Locally funded' AND (T1.`Enrollment (K-12)` - T1.`Enrollment (Ages 5-17)`) > (SELECT AVG(T3.`Enrollment (K-12)` - T3.`Enrollment (Ages 5-17)`) FROM frpm AS T3 INNER JOIN schools AS T4 ON T3.CDSCode = T4.CDSCode WHERE T4.FundingType = 'Locally funded')",368,True,ChatGPT,5,5,"Consider the average difference between K-12 enrollment and 15-17 enrollment of schools that are locally funded, list the names and DOC type of schools which has a difference above this average.",194,pass_k,bird_28,results/raw/ChatGPT_bird_pass_k_20260326_211605.jsonl
False,bird,"[false, false, false, false, false]",california_schools,data/bird/dev_databases/california_schools/california_schools.sqlite,moderate,False,High school can be represented as EILCode = 'HS',False,,"SELECT s.City
FROM frpm AS f
JOIN schools AS s ON s.CDSCode = f.CDSCode
WHERE f.`County Name` = 'Merced'
  AND f.`School Type` = 'High School'
  AND f.`NSLP Provision Status` = 'Provision 2'
  AND f.`Low Grade` = '9'
  AND f.`High Grade` = '12'",True,,SELECT T2.City FROM frpm AS T1 INNER JOIN schools AS T2 ON T1.CDSCode = T2.CDSCode WHERE T1.`NSLP Provision Status` = 'Lunch Provision 2' AND T2.County = 'Merced' AND T1.`Low Grade` = 9 AND T1.`High Grade` = 12 AND T2.EILCode = 'HS',232,True,ChatGPT,5,5,What is the city location of the high school level school with Lunch Provision 2 whose lowest grade is 9 and the highest grade is 12 in the county of Merced?,157,pass_k,bird_76,results/raw/ChatGPT_bird_pass_k_20260326_211605.jsonl
False,bird,"[false, false, false, false, false]",california_schools,data/bird/dev_databases/california_schools/california_schools.sqlite,simple,False,"When magent is equal to 0 in the database, it means ths school doesn't offer a magnet program.",False,,"SELECT DISTINCT f.`District Code` AS district_code
FROM schools s
JOIN frpm f ON f.CDSCode = s.CDSCode
WHERE s.City = 'Fresno'
  AND s.Magnet = 0",True,,SELECT T1.`District Code` FROM frpm AS T1 INNER JOIN schools AS T2 ON T1.CDSCode = T2.CDSCode WHERE T2.City = 'Fresno' AND T2.Magnet = 0,136,True,ChatGPT,5,5,What is the district code for the School that does not offer a magnet program in the city of Fresno?,100,pass_k,bird_71,results/raw/ChatGPT_bird_pass_k_20260326_211605.jsonl
False,bird,"[false, false, false, false, false]",california_schools,data/bird/dev_databases/california_schools/california_schools.sqlite,moderate,False,District Special Education Consortia School refers to EdOpsCode = 'SPECON'.,False,,SELECT f.`Low Grade` FROM schools AS s JOIN frpm AS f ON f.CDSCode = s.CDSCode WHERE s.NCESDist = '0613360' AND s.DOCType = 'District Special Education Consortia School' LIMIT 1,True,,SELECT MIN(T1.`Low Grade`) FROM frpm AS T1 INNER JOIN schools AS T2 ON T1.CDSCode = T2.CDSCode WHERE T2.NCESDist = '0613360' AND T2.EdOpsCode = 'SPECON',152,True,ChatGPT,5,5,What is the lowest grade for the District Special Education Consortia School with National Center for Educational Statistics school district identification number of 0613360?,174,pass_k,bird_74,results/raw/ChatGPT_bird_pass_k_20260326_211605.jsonl
False,bird,"[false, false, false, false, false]",california_schools,data/bird/dev_databases/california_schools/california_schools.sqlite,simple,False,,False,,"SELECT s.StatusType, COUNT(*) AS school_count FROM schools AS s WHERE s.County = 'Alpine' AND s.DOCType = 'District Community Day Schools' AND s.StatusType IN ('Active','Closed') GROUP BY s.StatusType",True,,SELECT COUNT(School) FROM schools WHERE (StatusType = 'Closed' OR StatusType = 'Active') AND SOC = 69 AND County = 'Alpine',123,True,ChatGPT,5,5,How many active and closed District Community Day Schools are there in the county of Alpine?,92,pass_k,bird_70,results/raw/ChatGPT_bird_pass_k_20260326_211605.jsonl
True,bird,"[true, true, true, false, true]",california_schools,data/bird/dev_databases/california_schools/california_schools.sqlite,simple,False,Directly funded schools refers to FundingType = 'Directly Funded',True,,"SELECT COUNT(*) AS directly_funded_schools_opened
FROM schools
WHERE County = 'Stanislaus'
  AND FundingType = 'Directly funded'
  AND OpenDate >= DATE('2000-01-01')
  AND OpenDate <= DATE('2005-12-31')",True,,"SELECT COUNT(School) FROM schools WHERE strftime('%Y', OpenDate) BETWEEN '2000' AND '2005' AND County = 'Stanislaus' AND FundingType = 'Directly funded'",152,True,ChatGPT,5,5,"Between 1/1/2000 to 12/31/2005, how many directly funded schools opened in the county of Stanislaus?",100,pass_k,bird_66,results/raw/ChatGPT_bird_pass_k_20260326_211605.jsonl
False,bird,"[false, false, false, false, false]",california_schools,data/bird/dev_databases/california_schools/california_schools.sqlite,moderate,False,Ratio in percentage = (count(locally funded schools in Santa Clara) / count(all funding type schools in Santa Clara) * 100%,False,,"SELECT 100.0 * SUM(CASE WHEN s.FundingType = 'Locally funded' THEN 1 ELSE 0 END) / NULLIF(SUM(CASE WHEN s.FundingType IS NOT NULL AND TRIM(s.FundingType) <> '' THEN 1 ELSE 0 END), 0) AS locally_funded_percentage_of_charter_funding_types FROM schools s WHERE s.County = 'Santa Clara' AND s.Charter = 1",True,,SELECT CAST(SUM(CASE WHEN FundingType = 'Locally funded' THEN 1 ELSE 0 END) AS REAL) * 100 / SUM(CASE WHEN FundingType != 'Locally funded' THEN 1 ELSE 0 END) FROM schools WHERE County = 'Santa Clara' AND Charter = 1,215,True,ChatGPT,5,5,What is the ratio in percentage of Santa Clara County schools that are locally funded compared to all other types of charter school funding?,140,pass_k,bird_65,results/raw/ChatGPT_bird_pass_k_20260326_211605.jsonl
False,bird,"[false, false, false, false, false]",california_schools,data/bird/dev_databases/california_schools/california_schools.sqlite,simple,False,,False,,"SELECT sc.School AS school_name, sc.AdmEmail1 AS administrator_email FROM satscores ss JOIN schools sc ON sc.CDSCode = ss.cds ORDER BY ss.NumGE1500 DESC, ss.NumTstTakr DESC LIMIT 1",True,,"SELECT T2.AdmEmail1, T2.School FROM satscores AS T1 INNER JOIN schools AS T2 ON T1.cds = T2.CDSCode ORDER BY T1.NumGE1500 DESC LIMIT 1",134,True,ChatGPT,5,5,What is the administrator's email address for the school with the highest number of test takers who received SAT scores of at least 1500?Provide the name of the school.,168,pass_k,bird_88,results/raw/ChatGPT_bird_pass_k_20260326_211605.jsonl
False,bird,"[false, false, false, false, false]",financial,data/bird/dev_databases/financial/financial.sqlite,simple,False,A12 refers to unemploymant rate 1995; A13 refers to unemploymant rate 1996,False,,"SELECT year, avg_unemployment_ratio FROM (SELECT 1995 AS year, AVG(A12) AS avg_unemployment_ratio FROM district UNION ALL SELECT 1996 AS year, AVG(A13) AS avg_unemployment_ratio FROM district) ORDER BY avg_unemployment_ratio DESC LIMIT 1",True,,"SELECT DISTINCT IIF(AVG(A13) > AVG(A12), '1996', '1995') FROM district",70,True,ChatGPT,5,5,"The average unemployment ratio of 1995 and 1996, which one has higher percentage?",81,pass_k,bird_91,results/raw/ChatGPT_bird_pass_k_20260326_211605.jsonl
False,bird,"[false, false, false, false, false]",financial,data/bird/dev_databases/financial/financial.sqlite,moderate,False,Male means that gender = 'M'; A3 refers to region; A11 pertains to average salary.,False,,"SELECT COUNT(*) AS male_customer_count
FROM client c
JOIN district d ON d.district_id = c.district_id
WHERE c.gender = 'M'
  AND d.A3 = 'North Bohemia'
  AND d.A11 > 8000",True,,SELECT COUNT(T1.client_id) FROM client AS T1 INNER JOIN district AS T2 ON T1.district_id = T2.district_id WHERE T1.gender = 'M' AND T2.A3 = 'north Bohemia' AND T2.A11 > 8000,173,True,ChatGPT,5,5,How many male customers who are living in North Bohemia have average salary greater than 8000?,94,pass_k,bird_93,results/raw/ChatGPT_bird_pass_k_20260326_211605.jsonl
False,bird,"[false, false, false, false, false]",california_schools,data/bird/dev_databases/california_schools/california_schools.sqlite,moderate,False,Youth Authority Facilities (CEA) refers to SOC = 11; 1980s = years between 1980 and 1989,False,,"SELECT s.County AS county, COUNT(*) AS num_school_closures
FROM schools AS s
WHERE s.DOCType = 'Youth Authority Facilities (CEA)'
  AND s.ClosedDate >= '1980-01-01' AND s.ClosedDate < '1990-01-01'
GROUP BY s.County
ORDER BY num_school_closures DESC
LIMIT 1",True,,"SELECT County FROM schools WHERE strftime('%Y', ClosedDate) BETWEEN '1980' AND '1989' AND StatusType = 'Closed' AND SOC = 11 GROUP BY County ORDER BY COUNT(School) DESC LIMIT 1",176,True,ChatGPT,5,5,Which county reported the most number of school closure in the 1980s with school wonership code belonging to Youth Authority Facilities (CEA)?,142,pass_k,bird_68,results/raw/ChatGPT_bird_pass_k_20260326_211605.jsonl
False,bird,"[false, false, false, false, false]",california_schools,data/bird/dev_databases/california_schools/california_schools.sqlite,simple,False,,False,,SELECT f.`FRPM Count (Ages 5-17)` FROM schools s JOIN frpm f ON f.CDSCode = s.CDSCode WHERE s.DOCType = 'Youth Authority School' AND s.MailStreet = 'PO Box 1040' LIMIT 1,True,,SELECT T1.`FRPM Count (Ages 5-17)` FROM frpm AS T1 INNER JOIN schools AS T2 ON T1.CDSCode = T2.CDSCode WHERE T2.MailStreet = 'PO Box 1040' AND T2.SOCType = 'Youth Authority Facilities',184,True,ChatGPT,5,5,What is the free or reduced price meal count for ages 5 to 17 in the Youth Authority School with a mailing street address of PO Box 1040?,137,pass_k,bird_73,results/raw/ChatGPT_bird_pass_k_20260326_211605.jsonl
True,bird,"[true, true, true, true, true]",financial,data/bird/dev_databases/financial/financial.sqlite,simple,False,A11 refers to average salary; Female mapps to gender = 'F',True,,SELECT COUNT(*) AS num_districts FROM (SELECT d.district_id FROM district d JOIN client c ON c.district_id = d.district_id WHERE c.gender = 'F' GROUP BY d.district_id HAVING AVG(d.A11) > 6000 AND AVG(d.A11) < 10000) x,True,,SELECT COUNT(DISTINCT T2.district_id)  FROM client AS T1 INNER JOIN district AS T2 ON T1.district_id = T2.district_id WHERE T1.gender = 'F' AND T2.A11 BETWEEN 6000 AND 10000,173,True,ChatGPT,5,5,List out the no. of districts that have female average salary is more than 6000 but less than 10000?,100,pass_k,bird_92,results/raw/ChatGPT_bird_pass_k_20260326_211605.jsonl
True,bird,"[false, true, true, true, true]",financial,data/bird/dev_databases/financial/financial.sqlite,simple,False,'POPLATEK TYDNE' stands for weekly issuance,False,,SELECT COUNT(DISTINCT d.client_id) AS owner_weekly_customers FROM disp d JOIN account a ON a.account_id = d.account_id WHERE a.frequency = 'weekly' AND d.type = 'OWNER',True,,SELECT COUNT(T1.account_id) FROM account AS T1 INNER JOIN disp AS T2 ON T1.account_id = T2.account_id WHERE T2.type = 'OWNER' AND T1.frequency = 'POPLATEK TYDNE',161,True,ChatGPT,5,5,How many customers who choose statement of weekly issuance are Owner?,69,pass_k,bird_96,results/raw/ChatGPT_bird_pass_k_20260326_211605.jsonl
False,bird,"[false, false, false, false, false]",financial,data/bird/dev_databases/financial/financial.sqlite,moderate,False,'POPLATEK TYDNE' stands for weekly issuance,False,,"SELECT a.account_id, l.amount AS approved_amount FROM loan l JOIN account a ON a.account_id = l.account_id WHERE l.status = 'A' AND strftime('%Y', l.date) = '1997' AND a.frequency = 'weekly issuance' AND l.amount = (SELECT MIN(l2.amount) FROM loan l2 JOIN account a2 ON a2.account_id = l2.account_id WHERE l2.status = 'A' AND strftime('%Y', l2.date) = '1997' AND a2.frequency = 'weekly issuance')",True,,"SELECT T2.account_id FROM loan AS T1 INNER JOIN account AS T2 ON T1.account_id = T2.account_id WHERE STRFTIME('%Y', T1.date) = '1997' AND T2.frequency = 'POPLATEK TYDNE' ORDER BY T1.amount LIMIT 1",196,True,ChatGPT,5,5,"Among the accounts who have approved loan date in 1997, list out the accounts that have the lowest approved amount and choose weekly issuance statement.",152,pass_k,bird_98,results/raw/ChatGPT_bird_pass_k_20260326_211605.jsonl
False,bird,"[false, false, false, false, false]",financial,data/bird/dev_databases/financial/financial.sqlite,moderate,False,Loan validity more than 12 months refers to duration > 12,False,,"SELECT a.account_id, l.amount AS approved_amount
FROM account a
JOIN loan l ON l.account_id = a.account_id
WHERE l.duration > 12
  AND a.date >= '1993-01-01' AND a.date < '1994-01-01'
  AND l.amount = (
    SELECT MAX(l2.amount)
    FROM account a2
    JOIN loan l2 ON l2.account_id = a2.account_id
    WHERE l2.duration > 12
      AND a2.date >= '1993-01-01' AND a2.date < '1994-01-01'
  )",True,,"SELECT T1.account_id FROM loan AS T1 INNER JOIN account AS T2 ON T1.account_id = T2.account_id WHERE STRFTIME('%Y', T2.date) = '1993' AND T1.duration > 12 ORDER BY T1.amount DESC LIMIT 1",186,True,ChatGPT,5,5,"Among the accounts who have loan validity more than 12 months, list out the accounts that have the highest approved amount and have account opening date in 1993.",161,pass_k,bird_99,results/raw/ChatGPT_bird_pass_k_20260326_211605.jsonl
False,bird,"[false, false, false, false, false]",california_schools,data/bird/dev_databases/california_schools/california_schools.sqlite,simple,False,the highest longitude refers to the school with the maximum absolute longitude value.,False,,SELECT GSoffered FROM schools ORDER BY Longitude DESC LIMIT 1,True,,SELECT GSoffered FROM schools ORDER BY ABS(longitude) DESC LIMIT 1,66,True,ChatGPT,5,5,What is the grade span offered in the school with the highest longitude?,72,pass_k,bird_82,results/raw/ChatGPT_bird_pass_k_20260326_211605.jsonl
True,bird,"[false, false, true, false, false]",california_schools,data/bird/dev_databases/california_schools/california_schools.sqlite,simple,False,State Special Schools means that SOC = 31.,False,,"SELECT CDSCode, NCESDist FROM schools WHERE SOC IS NOT NULL AND DOCType = 'State Special Schools'",True,,SELECT NCESDist FROM schools WHERE SOC = 31,43,True,ChatGPT,5,5,Please provide the National Center for Educational Statistics school district identification number for all schools with a School Ownership Code that are part of the State Special Schools.,188,pass_k,bird_69,results/raw/ChatGPT_bird_pass_k_20260326_211605.jsonl
False,bird,"[false, false, false, false, false]",california_schools,data/bird/dev_databases/california_schools/california_schools.sqlite,moderate,False,'Does not offer physical building' means Virtual = F in the database.,False,,"SELECT s.County, COUNT(*) AS num_schools_no_physical_building FROM schools s WHERE s.County IN ('San Diego','Santa Barbara') AND s.Street IS NULL AND s.StreetAbr IS NULL AND s.City IS NULL AND s.Zip IS NULL GROUP BY s.County ORDER BY num_schools_no_physical_building DESC LIMIT 1",True,,"SELECT County, COUNT(Virtual) FROM schools WHERE (County = 'San Diego' OR County = 'Santa Barbara') AND Virtual = 'F' GROUP BY County ORDER BY COUNT(Virtual) DESC LIMIT 1",170,True,ChatGPT,5,5,"Between San Diego and Santa Barbara, which county offers the most number of schools that does not offer physical building? Indicate the amount.",143,pass_k,bird_79,results/raw/ChatGPT_bird_pass_k_20260326_211605.jsonl
False,bird,"[false, false, false, false, false]",california_schools,data/bird/dev_databases/california_schools/california_schools.sqlite,simple,False,,False,,"SELECT s.GSserved AS grade_span_served, COUNT(*) AS num_schools FROM schools AS s WHERE s.City = 'Adelanto' AND s.GSserved IS NOT NULL AND TRIM(s.GSserved) <> '' GROUP BY s.GSserved ORDER BY num_schools DESC LIMIT 1",True,,SELECT GSserved FROM schools WHERE City = 'Adelanto' GROUP BY GSserved ORDER BY COUNT(GSserved) DESC LIMIT 1,108,True,ChatGPT,5,5,What is the most common type of grade span served in the city of Adelanto?,74,pass_k,bird_78,results/raw/ChatGPT_bird_pass_k_20260326_211605.jsonl
True,bird,"[false, true, false, false, false]",financial,data/bird/dev_databases/financial/financial.sqlite,moderate,False,"If the person A's birthdate < B's birthdate, it means that person B is younger than person A; A11 refers to average salary",False,,"SELECT DISTINCT d.account_id
FROM disp d
JOIN client c ON c.client_id = d.client_id
JOIN district di ON di.district_id = c.district_id
WHERE c.birth_date = (SELECT MAX(birth_date) FROM client)
  AND di.A11 = (SELECT MAX(A11) FROM district)",True,,"SELECT T1.account_id  FROM account AS T1 INNER JOIN disp AS T2 ON T1.account_id = T2.account_id INNER JOIN client AS T3 ON T2.client_id = T3.client_id INNER JOIN district AS T4 on T4.district_id = T1.district_id WHERE T2.client_id = ( SELECT client_id FROM client ORDER BY birth_date DESC LIMIT 1) GROUP BY T4.A11, T1.account_id",328,True,ChatGPT,5,5,List out the account numbers of clients who are youngest and have highest average salary?,89,pass_k,bird_95,results/raw/ChatGPT_bird_pass_k_20260326_211605.jsonl
False,bird,"[false, false, false, false, false]",california_schools,data/bird/dev_databases/california_schools/california_schools.sqlite,simple,False,"Chartered schools refer to Charter = 1 in the table schools; Full name refers to first name, last name",False,,"SELECT s.School AS `School Name`, s.City AS City, TRIM(COALESCE(s.AdmFName1,'') || ' ' || COALESCE(s.AdmLName1,'')) AS AdministratorName FROM schools s WHERE s.Charter = 1 AND s.CharterNum = '00D2' AND (s.AdmFName1 IS NOT NULL OR s.AdmLName1 IS NOT NULL)
UNION ALL
SELECT s.School AS `School Name`, s.City AS City, TRIM(COALESCE(s.AdmFName2,'') || ' ' || COALESCE(s.AdmLName2,'')) AS AdministratorName FROM schools s WHERE s.Charter = 1 AND s.CharterNum = '00D2' AND (s.AdmFName2 IS NOT NULL OR s.AdmLName2 IS NOT NULL)
UNION ALL
SELECT s.School AS `School Name`, s.City AS City, TRIM(COALESCE(s.AdmFName3,'') || ' ' || COALESCE(s.AdmLName3,'')) AS AdministratorName FROM schools s WHERE s.Charter = 1 AND s.CharterNum = '00D2' AND (s.AdmFName3 IS NOT NULL OR s.AdmLName3 IS NOT NULL)",True,,"SELECT AdmFName1, AdmLName1, School, City FROM schools WHERE Charter = 1 AND CharterNum = '00D2'",96,True,ChatGPT,5,5,"In chartered schools with charter number 00D2, what are the names of all the administrators? Include the name of the school and the city to which it belongs",156,pass_k,bird_63,results/raw/ChatGPT_bird_pass_k_20260326_211605.jsonl
False,bird,"[false, false, false, false, false]",california_schools,data/bird/dev_databases/california_schools/california_schools.sqlite,simple,False,,False,,"SELECT s.District AS `District Name`, s.County AS `County Name`, s.School AS `School Name`, s.AdmLName1 AS `Administrator Last Name` FROM schools s WHERE s.CharterNum = '40' LIMIT 1",True,,"SELECT AdmLName1, District, County, School FROM schools WHERE CharterNum = '0040'",81,True,ChatGPT,5,5,"What is the administrator's last name that oversees the school with Charter number 40? Indicate the district, the county where the school is situated, and the name of the school.",178,pass_k,bird_86,results/raw/ChatGPT_bird_pass_k_20260326_211605.jsonl
False,bird,"[false, false, false, false, false]",california_schools,data/bird/dev_databases/california_schools/california_schools.sqlite,moderate,False,State of California refers to state = 'CA',False,,"SELECT s.City, s.School AS `School Name`, f.`Low Grade` FROM schools s JOIN frpm f ON f.CDSCode = s.CDSCode WHERE s.State = 'CA' AND s.Latitude IS NOT NULL ORDER BY s.Latitude ASC LIMIT 1",True,,"SELECT T2.City, T1.`Low Grade`, T1.`School Name` FROM frpm AS T1 INNER JOIN schools AS T2 ON T1.CDSCode = T2.CDSCode WHERE T2.State = 'CA' ORDER BY T2.Latitude ASC LIMIT 1",171,True,ChatGPT,5,5,In which city can you find the school in the state of California with the lowest latitude coordinates and what is its lowest grade? Indicate the school name.,157,pass_k,bird_81,results/raw/ChatGPT_bird_pass_k_20260326_211605.jsonl
False,bird,"[false, false, false, false, false]",california_schools,data/bird/dev_databases/california_schools/california_schools.sqlite,moderate,False,Communication number refers to phone number.,False,,"SELECT sc.School AS `School Name`, sat.AvgScrWrite AS `Avg Writing Score`, sc.Phone AS `Communication Number` FROM schools sc JOIN satscores sat ON sat.cds = sc.CDSCode WHERE (sc.OpenDate > '1991-12-31' OR sc.ClosedDate < '2000-01-01') AND sat.AvgScrWrite IS NOT NULL",True,,"SELECT T2.School, T1.AvgScrWrite, T2.Phone FROM schools AS T2 LEFT JOIN satscores AS T1 ON T2.CDSCode = T1.cds WHERE strftime('%Y', T2.OpenDate) > '1991' OR strftime('%Y', T2.ClosedDate) < '2000'",195,True,ChatGPT,5,5,"What is the average score in writing for the schools that were opened after 1991 or closed before 2000? List the school names along with the score. Also, list the communication number of the schools if there is any.",215,pass_k,bird_27,results/raw/ChatGPT_bird_pass_k_20260326_211605.jsonl
False,bird,"[false, false, false, false, false]",california_schools,data/bird/dev_databases/california_schools/california_schools.sqlite,moderate,False,Percent (%) Eligible Free (K-12) = `Free Meal Count (K-12)` / `Enrollment (K-12)` * 100%,False,,"SELECT frpm.`Percent (%) Eligible Free (K-12)` AS percent_eligible_free_k12, frpm.`District Code` AS district_code
FROM schools
JOIN frpm ON frpm.CDSCode = schools.CDSCode
WHERE schools.AdmFName1 = 'Alusine'
   OR schools.AdmFName2 = 'Alusine'
   OR schools.AdmFName3 = 'Alusine'",True,,"SELECT T1.`Free Meal Count (K-12)` * 100 / T1.`Enrollment (K-12)`, T1.`District Code` FROM frpm AS T1 INNER JOIN schools AS T2 ON T1.CDSCode = T2.CDSCode WHERE T2.AdmFName1 = 'Alusine'",184,True,ChatGPT,5,5,What is the Percent (%) Eligible Free (K-12) in the school administered by an administrator whose first name is Alusine. List the district code of the school.,158,pass_k,bird_85,results/raw/ChatGPT_bird_pass_k_20260326_211605.jsonl
False,bird,"[false, false, false, false, false]",california_schools,data/bird/dev_databases/california_schools/california_schools.sqlite,moderate,False,Closure date and closed date are synonyms; 'Closed' was mentioned in schools.StatusType.,False,,"SELECT s.County, s.School, s.ClosedDate
FROM schools s
WHERE s.ClosedDate IS NOT NULL
  AND s.County = (
    SELECT s2.County
    FROM schools s2
    WHERE s2.ClosedDate IS NOT NULL
    GROUP BY s2.County
    ORDER BY COUNT(*) DESC
    LIMIT 1
  )
ORDER BY s.ClosedDate, s.School",True,,"SELECT DISTINCT County, School, ClosedDate FROM schools WHERE County = ( SELECT County FROM schools WHERE StatusType = 'Closed' GROUP BY County ORDER BY COUNT(School) DESC LIMIT 1 ) AND StatusType = 'Closed' AND school IS NOT NULL",230,True,ChatGPT,5,5,Which different county has the most number of closed schools? Please provide the name of each school as well as the closure date.,129,pass_k,bird_49,results/raw/ChatGPT_bird_pass_k_20260326_211605.jsonl
False,bird,"[false, false, false, false, false]",california_schools,data/bird/dev_databases/california_schools/california_schools.sqlite,challenging,False,Kindergarten to 8th grade refers to K-8; 'Offers a magnet program' means Magnet = 1; Multiple Provision Types refers to `NSLP Provision Status` = 'Multiple Provision Types',False,,"WITH k8_magnet AS (
  SELECT
    s.CDSCode,
    s.City,
    f.`NSLP Provision Status` AS provision_status
  FROM schools s
  JOIN frpm f
    ON f.CDSCode = s.CDSCode
  WHERE s.Magnet = 1
    AND f.`Low Grade` = 'K'
    AND f.`High Grade` = '8'
), city_counts AS (
  SELECT
    City,
    COUNT(*) AS schools_k8
  FROM k8_magnet
  GROUP BY City
), multiple_provision AS (
  SELECT
    COUNT(*) AS schools_multiple_provision_types
  FROM k8_magnet
  WHERE provision_status = 'Multiple Provision Types'
)
SELECT
  cc.City,
  cc.schools_k8,
  mp.schools_multiple_provision_types
FROM city_counts cc
CROSS JOIN multiple_provision mp
ORDER BY cc.schools_k8 DESC, cc.City",True,,"SELECT T2.City, COUNT(T2.CDSCode) FROM frpm AS T1 INNER JOIN schools AS T2 ON T1.CDSCode = T2.CDSCode WHERE T2.Magnet = 1 AND T2.GSoffered = 'K-8' AND T1.`NSLP Provision Status` = 'Multiple Provision Types' GROUP BY T2.City",223,True,ChatGPT,5,5,"Of the schools that offers a magnet program serving a grade span of Kindergarten to 8th grade, how many offers Multiple Provision Types? List the number of cities that offers a Kindergarten to 8th grade span and indicate how many schools are there serving such grade span for each city.",286,pass_k,bird_83,results/raw/ChatGPT_bird_pass_k_20260326_211605.jsonl
True,bird,"[false, true, false, true, false]",california_schools,data/bird/dev_databases/california_schools/california_schools.sqlite,simple,False,,False,,"SELECT s.School AS `School Name`, s.Latitude, f.`School Type` AS `School Type` FROM schools s JOIN frpm f ON f.CDSCode = s.CDSCode WHERE s.Latitude IS NOT NULL ORDER BY s.Latitude DESC LIMIT 1",True,,"SELECT T1.`School Type`, T1.`School Name`, T2.Latitude FROM frpm AS T1 INNER JOIN schools AS T2 ON T1.CDSCode = T2.CDSCode ORDER BY T2.Latitude DESC LIMIT 1",156,True,ChatGPT,5,5,What is the school type of the school with the highest latitude? Indicate the name of the school as well as the latitude coordinates.,133,pass_k,bird_80,results/raw/ChatGPT_bird_pass_k_20260326_211605.jsonl
False,bird,"[false, false, false, false, false]",california_schools,data/bird/dev_databases/california_schools/california_schools.sqlite,challenging,False,Intermediate/Middle Schools refers to SOC = 62; Unified School refers to DOC = 54; years between 2009 and 2010 can refer to 'between 1/1/2009 to 12/31/2010',False,,"SELECT DISTINCT AdmEmail1 AS email FROM schools WHERE County = 'San Bernardino' AND District = 'San Bernardino City Unified' AND StatusType = 'Active' AND OpenDate BETWEEN '2009-01-01' AND '2010-12-31' AND DOCType IN ('Public') AND SOCType IN ('Intermediate/Middle Schools','Unified Schools') AND AdmEmail1 IS NOT NULL AND TRIM(AdmEmail1) <> '' UNION SELECT DISTINCT AdmEmail2 AS email FROM schools WHERE County = 'San Bernardino' AND District = 'San Bernardino City Unified' AND StatusType = 'Active' AND OpenDate BETWEEN '2009-01-01' AND '2010-12-31' AND DOCType IN ('Public') AND SOCType IN ('Intermediate/Middle Schools','Unified Schools') AND AdmEmail2 IS NOT NULL AND TRIM(AdmEmail2) <> '' UNION SELECT DISTINCT AdmEmail3 AS email FROM schools WHERE County = 'San Bernardino' AND District = 'San Bernardino City Unified' AND StatusType = 'Active' AND OpenDate BETWEEN '2009-01-01' AND '2010-12-31' AND DOCType IN ('Public') AND SOCType IN ('Intermediate/Middle Schools','Unified Schools') AND AdmEmail3 IS NOT NULL AND TRIM(AdmEmail3) <> ''",True,,"SELECT T2.AdmEmail1, T2.AdmEmail2 FROM frpm AS T1 INNER JOIN schools AS T2 ON T1.CDSCode = T2.CDSCode WHERE T2.County = 'San Bernardino' AND T2.City = 'San Bernardino' AND T2.DOC = 54 AND strftime('%Y', T2.OpenDate) BETWEEN '2009' AND '2010' AND T2.SOC = 62",257,True,ChatGPT,5,5,"What are the valid e-mail addresses of the administrator of the school located in the San Bernardino county, City of San Bernardino City Unified that opened between 1/1/2009 to 12/31/2010 whose school types are public Intermediate/Middle Schools and Unified Schools?",266,pass_k,bird_87,results/raw/ChatGPT_bird_pass_k_20260326_211605.jsonl
False,bird,"[false, false, false, false, false]",financial,data/bird/dev_databases/financial/financial.sqlite,challenging,False,"Female means gender = 'F'; A11 refers to average salary; Gap = highest average salary - lowest average salary; If the person A's birthdate > B's birthdate, it means that person B is order than person A.",False,,"WITH female_accounts AS (
    SELECT a.account_id,
           c.client_id,
           c.birth_date,
           d.A11 AS avg_salary
    FROM client c
    JOIN district d ON d.district_id = c.district_id
    JOIN disp di ON di.client_id = c.client_id
    JOIN account a ON a.account_id = di.account_id
    WHERE c.gender = 'F'
), oldest_female AS (
    SELECT account_id, avg_salary
    FROM female_accounts
    WHERE birth_date = (SELECT MIN(birth_date) FROM female_accounts)
), lowest_salary_among_oldest AS (
    SELECT account_id, avg_salary
    FROM oldest_female
    WHERE avg_salary = (SELECT MIN(avg_salary) FROM oldest_female)
), salary_gap AS (
    SELECT (SELECT MAX(A11) FROM district) - (SELECT MIN(avg_salary) FROM lowest_salary_among_oldest) AS gap
)
SELECT l.account_id,
       (SELECT gap FROM salary_gap) AS salary_gap
FROM lowest_salary_among_oldest l",True,,"SELECT T1.account_id , ( SELECT MAX(A11) - MIN(A11) FROM district ) FROM account AS T1 INNER JOIN district AS T2 ON T1.district_id = T2.district_id INNER JOIN disp AS T3 ON T1.account_id = T3.account_id INNER JOIN client AS T4 ON T3.client_id = T4.client_id WHERE T2.district_id = ( SELECT district_id FROM client WHERE gender = 'F' ORDER BY birth_date ASC LIMIT 1 ) ORDER BY T2.A11 DESC LIMIT 1",395,True,ChatGPT,5,5,"List out the account numbers of female clients who are oldest and has lowest average salary, calculate the gap between this lowest average salary with the highest average salary?",178,pass_k,bird_94,results/raw/ChatGPT_bird_pass_k_20260326_211605.jsonl
False,bird,"[false, false, false, false, false]",california_schools,data/bird/dev_databases/california_schools/california_schools.sqlite,simple,False,,False,,"WITH admins AS (
  SELECT District AS district, AdmFName1 AS first_name FROM schools WHERE AdmFName1 IS NOT NULL AND TRIM(AdmFName1) <> ''
  UNION ALL
  SELECT District AS district, AdmFName2 AS first_name FROM schools WHERE AdmFName2 IS NOT NULL AND TRIM(AdmFName2) <> ''
  UNION ALL
  SELECT District AS district, AdmFName3 AS first_name FROM schools WHERE AdmFName3 IS NOT NULL AND TRIM(AdmFName3) <> ''
), name_counts AS (
  SELECT first_name, COUNT(*) AS cnt
  FROM admins
  GROUP BY first_name
), top2 AS (
  SELECT first_name, cnt
  FROM name_counts
  ORDER BY cnt DESC, first_name ASC
  LIMIT 2
)
SELECT a.first_name, a.district, COUNT(*) AS occurrences_in_district, t.cnt AS total_occurrences
FROM admins a
JOIN top2 t ON t.first_name = a.first_name
GROUP BY a.first_name, a.district, t.cnt
ORDER BY t.cnt DESC, a.first_name ASC, occurrences_in_district DESC, a.district ASC",True,,"SELECT DISTINCT T1.AdmFName1, T1.District FROM schools AS T1 INNER JOIN ( SELECT admfname1 FROM schools GROUP BY admfname1 ORDER BY COUNT(admfname1) DESC LIMIT 2 ) AS T2 ON T1.AdmFName1 = T2.admfname1",200,True,ChatGPT,5,5,What are the two most common first names among the school administrators? Indicate the district to which they administer.,121,pass_k,bird_84,results/raw/ChatGPT_bird_pass_k_20260326_211605.jsonl
True,bird,"[false, false, true, false, false]",financial,data/bird/dev_databases/financial/financial.sqlite,simple,False,A3 contains the data of region,False,,"SELECT COUNT(DISTINCT a.account_id) AS eligible_account_count
FROM account a
JOIN district d ON d.district_id = a.district_id
WHERE d.A3 = 'Prague'
  AND NOT EXISTS (
    SELECT 1
    FROM loan l
    WHERE l.account_id = a.account_id
  )",True,,SELECT COUNT(T1.account_id) FROM account AS T1 INNER JOIN loan AS T2 ON T1.account_id = T2.account_id INNER JOIN district AS T3 ON T1.district_id = T3.district_id WHERE T3.A3 = 'Prague',185,True,ChatGPT,5,5,How many accounts who have region in Prague are eligible for loans?,67,pass_k,bird_90,results/raw/ChatGPT_bird_pass_k_20260326_211605.jsonl
False,bird,"[false, false, false, false, false]",financial,data/bird/dev_databases/financial/financial.sqlite,simple,False,'POPLATEK PO OBRATU' stands for issuance after transaction,False,,SELECT DISTINCT d.client_id FROM disp d JOIN account a ON a.account_id = d.account_id WHERE d.type = 'DISPONENT' AND a.frequency LIKE '%statement%',True,,SELECT T2.client_id FROM account AS T1 INNER JOIN disp AS T2 ON T1.account_id = T2.account_id WHERE T1.frequency = 'POPLATEK PO OBRATU' AND T2.type = 'DISPONENT',161,True,ChatGPT,5,5,List out the id number of client who choose statement of issuance after transaction are Disponent?,98,pass_k,bird_97,results/raw/ChatGPT_bird_pass_k_20260326_211605.jsonl
False,bird,"[false, false, false, false, false]",financial,data/bird/dev_databases/financial/financial.sqlite,moderate,False,A3 contains the data of region; 'POPLATEK PO OBRATU' represents for 'issuance after transaction'.,False,timeout,"SELECT COUNT(DISTINCT a.account_id) AS account_count
FROM account a
JOIN district d ON d.district_id = a.district_id
WHERE d.A3 = 'East Bohemia'
  AND EXISTS (
    SELECT 1
    FROM trans t
    JOIN disp di ON di.account_id = a.account_id
    JOIN card c ON c.disp_id = di.disp_id
    WHERE t.account_id = a.account_id
      AND c.issued > t.date
  )",False,,SELECT COUNT(T2.account_id) FROM district AS T1 INNER JOIN account AS T2 ON T1.district_id = T2.district_id WHERE T1.A3 = 'east Bohemia' AND T2.frequency = 'POPLATEK PO OBRATU',176,True,ChatGPT,5,5,How many accounts who choose issuance after transaction are staying in East Bohemia region?,91,pass_k,bird_89,results/raw/ChatGPT_bird_pass_k_20260326_211605.jsonl
True,spider,"[true, true, true, true, true]",concert_singer,data/spider/database/concert_singer/concert_singer.sqlite,,False,,True,,SELECT COUNT(*) AS singer_count FROM singer,True,,SELECT count(*) FROM singer,27,True,ChatGPT,5,5,How many singers do we have?,28,pass_k,spider_0,results/raw/ChatGPT_spider_pass_k_20260326_205915.jsonl
True,spider,"[true, true, true, true, true]",concert_singer,data/spider/database/concert_singer/concert_singer.sqlite,,False,,True,,SELECT COUNT(*) AS total_singers FROM singer,True,,SELECT count(*) FROM singer,27,True,ChatGPT,5,5,What is the total number of singers?,36,pass_k,spider_1,results/raw/ChatGPT_spider_pass_k_20260326_205915.jsonl
True,spider,"[true, true, true, true, true]",concert_singer,data/spider/database/concert_singer/concert_singer.sqlite,,False,,True,,"SELECT ""Name"", ""Country"", ""Age"" FROM ""singer"" ORDER BY ""Age"" DESC",True,,"SELECT name ,  country ,  age FROM singer ORDER BY age DESC",59,True,ChatGPT,5,5,"Show name, country, age for all singers ordered by age from the oldest to the youngest.",87,pass_k,spider_2,results/raw/ChatGPT_spider_pass_k_20260326_205915.jsonl
True,spider,"[true, true, true, true, true]",concert_singer,data/spider/database/concert_singer/concert_singer.sqlite,,False,,True,,"SELECT AVG(""Age"") AS avg_age, MIN(""Age"") AS min_age, MAX(""Age"") AS max_age FROM ""singer"" WHERE ""Country"" = 'France'",True,,"SELECT avg(age) ,  min(age) ,  max(age) FROM singer WHERE country  =  'France'",78,True,ChatGPT,5,5,"What is the average, minimum, and maximum age of all singers from France?",73,pass_k,spider_4,results/raw/ChatGPT_spider_pass_k_20260326_205915.jsonl
True,spider,"[true, true, true, true, true]",concert_singer,data/spider/database/concert_singer/concert_singer.sqlite,,False,,True,,"SELECT ""Song_Name"", ""Song_release_year"" FROM ""singer"" ORDER BY ""Age"" ASC LIMIT 1",True,,"SELECT song_name ,  song_release_year FROM singer ORDER BY age LIMIT 1",70,True,ChatGPT,5,5,Show the name and the release year of the song by the youngest singer.,70,pass_k,spider_6,results/raw/ChatGPT_spider_pass_k_20260326_205915.jsonl
True,spider,"[true, true, true, true, true]",concert_singer,data/spider/database/concert_singer/concert_singer.sqlite,,False,,True,,SELECT Song_Name FROM singer WHERE Age > (SELECT AVG(Age) FROM singer),True,,SELECT song_name FROM singer WHERE age  >  (SELECT avg(age) FROM singer),72,True,ChatGPT,5,5,List all song names by singers above the average age.,53,pass_k,spider_12,results/raw/ChatGPT_spider_pass_k_20260326_205915.jsonl
True,spider,"[true, true, true, true, true]",concert_singer,data/spider/database/concert_singer/concert_singer.sqlite,,False,,True,,"SELECT ""Location"", ""Name"" FROM ""stadium"" WHERE ""Capacity"" BETWEEN 5000 AND 10000",True,,"SELECT LOCATION ,  name FROM stadium WHERE capacity BETWEEN 5000 AND 10000",74,True,ChatGPT,5,5,What are the locations and names of all stations with capacity between 5000 and 10000?,86,pass_k,spider_15,results/raw/ChatGPT_spider_pass_k_20260326_205915.jsonl
True,spider,"[true, true, true, true, true]",concert_singer,data/spider/database/concert_singer/concert_singer.sqlite,,False,,True,,"SELECT Name, Capacity FROM stadium ORDER BY Average DESC LIMIT 1",True,,"SELECT name ,  capacity FROM stadium ORDER BY average DESC LIMIT 1",66,True,ChatGPT,5,5,What is the name and capacity for the stadium with highest average attendance?,78,pass_k,spider_18,results/raw/ChatGPT_spider_pass_k_20260326_205915.jsonl
True,spider,"[true, true, true, true, true]",concert_singer,data/spider/database/concert_singer/concert_singer.sqlite,,False,,True,,"SELECT ""Name"", ""Country"", ""Age"" FROM ""singer"" ORDER BY ""Age"" DESC",True,,"SELECT name ,  country ,  age FROM singer ORDER BY age DESC",59,True,ChatGPT,5,5,"What are the names, countries, and ages for every singer in descending order of age?",84,pass_k,spider_3,results/raw/ChatGPT_spider_pass_k_20260326_205915.jsonl
True,spider,"[true, true, true, true, true]",concert_singer,data/spider/database/concert_singer/concert_singer.sqlite,,False,,True,,"SELECT AVG(""Age"") AS ""average_age"", MIN(""Age"") AS ""minimum_age"", MAX(""Age"") AS ""maximum_age"" FROM ""singer"" WHERE ""Country"" = 'France'",True,,"SELECT avg(age) ,  min(age) ,  max(age) FROM singer WHERE country  =  'France'",78,True,ChatGPT,5,5,"What is the average, minimum, and maximum age for all French singers?",69,pass_k,spider_5,results/raw/ChatGPT_spider_pass_k_20260326_205915.jsonl
True,spider,"[true, true, true, true, true]",concert_singer,data/spider/database/concert_singer/concert_singer.sqlite,,False,,True,,"SELECT COUNT(*) AS concert_count FROM concert WHERE ""Year"" IN ('2014','2015')",True,,SELECT count(*) FROM concert WHERE YEAR  =  2014 OR YEAR  =  2015,65,True,ChatGPT,5,5,How many concerts occurred in 2014 or 2015?,43,pass_k,spider_21,results/raw/ChatGPT_spider_pass_k_20260326_205915.jsonl
True,spider,"[true, true, true, true, true]",concert_singer,data/spider/database/concert_singer/concert_singer.sqlite,,False,,True,,"SELECT Song_Name, Song_release_year FROM singer WHERE Age = (SELECT MIN(Age) FROM singer)",True,,"SELECT song_name ,  song_release_year FROM singer ORDER BY age LIMIT 1",70,True,ChatGPT,5,5,What are the names and release years for all the songs of the youngest singer?,78,pass_k,spider_7,results/raw/ChatGPT_spider_pass_k_20260326_205915.jsonl
True,spider,"[true, true, true, true, true]",concert_singer,data/spider/database/concert_singer/concert_singer.sqlite,,False,,True,,"SELECT COUNT(*) AS concert_count FROM concert WHERE ""Year"" IN ('2014','2015')",True,,SELECT count(*) FROM concert WHERE YEAR  =  2014 OR YEAR  =  2015,65,True,ChatGPT,5,5,How many concerts are there in year 2014 or 2015?,49,pass_k,spider_20,results/raw/ChatGPT_spider_pass_k_20260326_205915.jsonl
False,spider,"[false, false, false, false, false]",concert_singer,data/spider/database/concert_singer/concert_singer.sqlite,,False,,False,,"SELECT s.Name AS stadium_name, COUNT(c.concert_ID) AS number_of_concerts FROM stadium AS s LEFT JOIN concert AS c ON c.Stadium_ID = s.Stadium_ID GROUP BY s.Stadium_ID, s.Name",True,,"SELECT T2.name ,  count(*) FROM concert AS T1 JOIN stadium AS T2 ON T1.stadium_id  =  T2.stadium_id GROUP BY T1.stadium_id",122,True,ChatGPT,5,5,Show the stadium name and the number of concerts in each stadium.,65,pass_k,spider_22,results/raw/ChatGPT_spider_pass_k_20260326_205915.jsonl
True,spider,"[true, true, true, true, true]",concert_singer,data/spider/database/concert_singer/concert_singer.sqlite,,False,,True,,"SELECT ""Country"", COUNT(*) AS ""num_singers"" FROM ""singer"" GROUP BY ""Country""",True,,"SELECT country ,  count(*) FROM singer GROUP BY country",55,True,ChatGPT,5,5,Show all countries and the number of singers in each country.,61,pass_k,spider_10,results/raw/ChatGPT_spider_pass_k_20260326_205915.jsonl
False,spider,"[false, false, false, false, false]",concert_singer,data/spider/database/concert_singer/concert_singer.sqlite,,False,,False,,"SELECT s.Stadium_ID, s.Name, COUNT(c.concert_ID) AS concert_count FROM stadium AS s LEFT JOIN concert AS c ON c.Stadium_ID = s.Stadium_ID GROUP BY s.Stadium_ID, s.Name",True,,"SELECT T2.name ,  count(*) FROM concert AS T1 JOIN stadium AS T2 ON T1.stadium_id  =  T2.stadium_id GROUP BY T1.stadium_id",122,True,ChatGPT,5,5,"For each stadium, how many concerts play there?",47,pass_k,spider_23,results/raw/ChatGPT_spider_pass_k_20260326_205915.jsonl
True,spider,"[true, true, true, true, true]",concert_singer,data/spider/database/concert_singer/concert_singer.sqlite,,False,,True,,"SELECT DISTINCT ""Country"" FROM ""singer"" WHERE ""Age"" > 20",True,,SELECT DISTINCT country FROM singer WHERE age  >  20,52,True,ChatGPT,5,5,What are  the different countries with singers above age 20?,60,pass_k,spider_9,results/raw/ChatGPT_spider_pass_k_20260326_205915.jsonl
True,spider,"[true, true, true, true, true]",concert_singer,data/spider/database/concert_singer/concert_singer.sqlite,,False,,True,,SELECT Song_Name FROM singer WHERE Age > (SELECT AVG(Age) FROM singer),True,,SELECT song_name FROM singer WHERE age  >  (SELECT avg(age) FROM singer),72,True,ChatGPT,5,5,What are all the song names by singers who are older than average?,66,pass_k,spider_13,results/raw/ChatGPT_spider_pass_k_20260326_205915.jsonl
True,spider,"[true, true, true, true, true]",concert_singer,data/spider/database/concert_singer/concert_singer.sqlite,,False,,True,,SELECT DISTINCT Country FROM singer WHERE Age > 20,True,,SELECT DISTINCT country FROM singer WHERE age  >  20,52,True,ChatGPT,5,5,What are all distinct countries where singers above age 20 are from?,68,pass_k,spider_8,results/raw/ChatGPT_spider_pass_k_20260326_205915.jsonl
False,spider,"[false, false, false, false, false]",concert_singer,data/spider/database/concert_singer/concert_singer.sqlite,,False,,False,,"SELECT MAX(""Capacity"") AS ""max_capacity"", AVG(""Capacity"") AS ""avg_capacity"" FROM ""stadium""",True,,"select max(capacity), average from stadium",42,True,ChatGPT,5,5,What is the maximum capacity and the average of all stadiums ?,62,pass_k,spider_16,results/raw/ChatGPT_spider_pass_k_20260326_205915.jsonl
True,spider,"[true, true, true, true, true]",concert_singer,data/spider/database/concert_singer/concert_singer.sqlite,,False,,True,,"SELECT Location, Name FROM stadium WHERE Capacity BETWEEN 5000 AND 10000",True,,"SELECT LOCATION ,  name FROM stadium WHERE capacity BETWEEN 5000 AND 10000",74,True,ChatGPT,5,5,Show location and name for all stadiums with a capacity between 5000 and 10000.,79,pass_k,spider_14,results/raw/ChatGPT_spider_pass_k_20260326_205915.jsonl
True,spider,"[true, true, true, true, true]",concert_singer,data/spider/database/concert_singer/concert_singer.sqlite,,False,,True,,"SELECT ""Country"", COUNT(*) AS ""num_singers"" FROM ""singer"" GROUP BY ""Country""",True,,"SELECT country ,  count(*) FROM singer GROUP BY country",55,True,ChatGPT,5,5,How many singers are from each country?,39,pass_k,spider_11,results/raw/ChatGPT_spider_pass_k_20260326_205915.jsonl
True,spider,"[true, true, true, true, true]",concert_singer,data/spider/database/concert_singer/concert_singer.sqlite,,False,,True,,"SELECT AVG(""Capacity"") AS ""average_capacity"", MAX(""Capacity"") AS ""maximum_capacity"" FROM ""stadium""",True,,"select avg(capacity) ,  max(capacity) from stadium",50,True,ChatGPT,5,5,What is the average and maximum capacities for all stadiums ?,61,pass_k,spider_17,results/raw/ChatGPT_spider_pass_k_20260326_205915.jsonl
True,spider,"[true, true, true, true, true]",concert_singer,data/spider/database/concert_singer/concert_singer.sqlite,,False,,True,,"SELECT Name, Capacity FROM stadium ORDER BY Average DESC LIMIT 1",True,,"SELECT name ,  capacity FROM stadium ORDER BY average DESC LIMIT 1",66,True,ChatGPT,5,5,What is the name and capacity for the stadium with the highest average attendance?,82,pass_k,spider_19,results/raw/ChatGPT_spider_pass_k_20260326_205915.jsonl
True,spider,"[true, true, true, true, true]",concert_singer,data/spider/database/concert_singer/concert_singer.sqlite,,False,,True,,"SELECT ""Year"" FROM ""concert"" GROUP BY ""Year"" ORDER BY COUNT(*) DESC LIMIT 1",True,,SELECT YEAR FROM concert GROUP BY YEAR ORDER BY count(*) DESC LIMIT 1,69,True,ChatGPT,5,5,What is the year that had the most concerts?,44,pass_k,spider_27,results/raw/ChatGPT_spider_pass_k_20260326_205915.jsonl
True,spider,"[true, true, true, true, true]",concert_singer,data/spider/database/concert_singer/concert_singer.sqlite,,False,,True,,"SELECT s.""Name"" FROM ""stadium"" AS s LEFT JOIN ""concert"" AS c ON c.""Stadium_ID"" = s.""Stadium_ID"" WHERE c.""concert_ID"" IS NULL",True,,SELECT name FROM stadium WHERE stadium_id NOT IN (SELECT stadium_id FROM concert),81,True,ChatGPT,5,5,What are the names of the stadiums without any concerts?,56,pass_k,spider_29,results/raw/ChatGPT_spider_pass_k_20260326_205915.jsonl
True,spider,"[true, true, true, true, true]",concert_singer,data/spider/database/concert_singer/concert_singer.sqlite,,False,,True,,"SELECT s.""Name"" FROM ""stadium"" AS s WHERE NOT EXISTS (SELECT 1 FROM ""concert"" AS c WHERE c.""Stadium_ID"" = s.""Stadium_ID"" AND c.""Year"" = '2014')",True,,SELECT name FROM stadium EXCEPT SELECT T2.name FROM concert AS T1 JOIN stadium AS T2 ON T1.stadium_id  =  T2.stadium_id WHERE T1.year  =  2014,142,True,ChatGPT,5,5,What are the names of all stadiums that did not have a concert in 2014?,71,pass_k,spider_32,results/raw/ChatGPT_spider_pass_k_20260326_205915.jsonl
True,spider,"[true, true, true, true, true]",concert_singer,data/spider/database/concert_singer/concert_singer.sqlite,,False,,True,,"SELECT s.""Name"" FROM ""stadium"" AS s WHERE NOT EXISTS (SELECT 1 FROM ""concert"" AS c WHERE c.""Stadium_ID"" = s.""Stadium_ID"" AND c.""Year"" = '2014')",True,,SELECT name FROM stadium EXCEPT SELECT T2.name FROM concert AS T1 JOIN stadium AS T2 ON T1.stadium_id  =  T2.stadium_id WHERE T1.year  =  2014,142,True,ChatGPT,5,5,Show names for all stadiums except for stadiums having a concert in year 2014.,78,pass_k,spider_31,results/raw/ChatGPT_spider_pass_k_20260326_205915.jsonl
False,spider,"[false, false, false, false, false]",concert_singer,data/spider/database/concert_singer/concert_singer.sqlite,,False,,False,,"SELECT s.Name, COUNT(sic.concert_ID) AS number_of_concerts FROM singer AS s LEFT JOIN singer_in_concert AS sic ON s.Singer_ID = sic.Singer_ID GROUP BY s.Singer_ID, s.Name",True,,"SELECT T2.name ,  count(*) FROM singer_in_concert AS T1 JOIN singer AS T2 ON T1.singer_id  =  T2.singer_id GROUP BY T2.singer_id",128,True,ChatGPT,5,5,List singer names and number of concerts for each singer.,57,pass_k,spider_35,results/raw/ChatGPT_spider_pass_k_20260326_205915.jsonl
False,spider,"[false, false, false, false, false]",concert_singer,data/spider/database/concert_singer/concert_singer.sqlite,,False,,False,,"SELECT DISTINCT s.""Name"" FROM ""singer"" AS s JOIN ""singer_in_concert"" AS sic ON s.""Singer_ID"" = sic.""Singer_ID"" JOIN ""concert"" AS c ON sic.""concert_ID"" = c.""concert_ID"" WHERE c.""Year"" = '2014'",True,,SELECT T2.name FROM singer_in_concert AS T1 JOIN singer AS T2 ON T1.singer_id  =  T2.singer_id JOIN concert AS T3 ON T1.concert_id  =  T3.concert_id WHERE T3.year  =  2014,171,True,ChatGPT,5,5,What are the names of the singers who performed in a concert in 2014?,69,pass_k,spider_38,results/raw/ChatGPT_spider_pass_k_20260326_205915.jsonl
True,spider,"[true, true, true, true, true]",concert_singer,data/spider/database/concert_singer/concert_singer.sqlite,,False,,True,,"SELECT Name, Country FROM singer WHERE Song_Name LIKE '%Hey%'",True,,"SELECT name ,  country FROM singer WHERE song_name LIKE '%Hey%'",63,True,ChatGPT,5,5,what is the name and nation of the singer who have a song having 'Hey' in its name?,83,pass_k,spider_39,results/raw/ChatGPT_spider_pass_k_20260326_205915.jsonl
True,spider,"[true, true, true, true, true]",concert_singer,data/spider/database/concert_singer/concert_singer.sqlite,,False,,True,,"SELECT c.""concert_Name"", c.""Theme"", COUNT(sic.""Singer_ID"") AS ""number_of_singers"" FROM ""concert"" AS c LEFT JOIN ""singer_in_concert"" AS sic ON c.""concert_ID"" = sic.""concert_ID"" GROUP BY c.""concert_ID"", c.""concert_Name"", c.""Theme""",True,,"SELECT T2.concert_name ,  T2.theme ,  count(*) FROM singer_in_concert AS T1 JOIN concert AS T2 ON T1.concert_id  =  T2.concert_id GROUP BY T2.concert_id",152,True,ChatGPT,5,5,Show the name and theme for all concerts and the number of singers in each concert.,83,pass_k,spider_33,results/raw/ChatGPT_spider_pass_k_20260326_205915.jsonl
True,spider,"[true, true, true, true, true]",concert_singer,data/spider/database/concert_singer/concert_singer.sqlite,,False,,True,,"SELECT s.Name, s.Capacity FROM stadium AS s JOIN concert AS c ON c.Stadium_ID = s.Stadium_ID WHERE CAST(c.Year AS INT) >= 2014 GROUP BY s.Stadium_ID, s.Name, s.Capacity ORDER BY COUNT(*) DESC LIMIT 1",True,,"SELECT T2.name ,  T2.capacity FROM concert AS T1 JOIN stadium AS T2 ON T1.stadium_id  =  T2.stadium_id WHERE T1.year  >=  2014 GROUP BY T2.stadium_id ORDER BY count(*) DESC LIMIT 1",180,True,ChatGPT,5,5,Show the stadium name and capacity with most number of concerts in year 2014 or after.,86,pass_k,spider_24,results/raw/ChatGPT_spider_pass_k_20260326_205915.jsonl
True,spider,"[true, true, true, true, true]",concert_singer,data/spider/database/concert_singer/concert_singer.sqlite,,False,,True,,"SELECT ""Year"" FROM ""concert"" GROUP BY ""Year"" ORDER BY COUNT(*) DESC LIMIT 1",True,,SELECT YEAR FROM concert GROUP BY YEAR ORDER BY count(*) DESC LIMIT 1,69,True,ChatGPT,5,5,Which year has most number of concerts?,39,pass_k,spider_26,results/raw/ChatGPT_spider_pass_k_20260326_205915.jsonl
True,spider,"[true, true, true, true, true]",concert_singer,data/spider/database/concert_singer/concert_singer.sqlite,,False,,True,,"SELECT s.""Name"", s.""Capacity"" FROM ""stadium"" AS s JOIN ""concert"" AS c ON c.""Stadium_ID"" = s.""Stadium_ID"" WHERE CAST(c.""Year"" AS INT) > 2013 GROUP BY s.""Stadium_ID"", s.""Name"", s.""Capacity"" ORDER BY COUNT(*) DESC LIMIT 1",True,,"select t2.name ,  t2.capacity from concert as t1 join stadium as t2 on t1.stadium_id  =  t2.stadium_id where t1.year  >  2013 group by t2.stadium_id order by count(*) desc limit 1",179,True,ChatGPT,5,5,What is the name and capacity of the stadium with the most concerts after 2013 ?,80,pass_k,spider_25,results/raw/ChatGPT_spider_pass_k_20260326_205915.jsonl
False,spider,"[false, false, false, false, false]",concert_singer,data/spider/database/concert_singer/concert_singer.sqlite,,False,,False,,"SELECT s.Name, COUNT(DISTINCT sic.concert_ID) AS number_of_concerts FROM singer AS s LEFT JOIN singer_in_concert AS sic ON sic.Singer_ID = s.Singer_ID GROUP BY s.Singer_ID, s.Name",True,,"SELECT T2.name ,  count(*) FROM singer_in_concert AS T1 JOIN singer AS T2 ON T1.singer_id  =  T2.singer_id GROUP BY T2.singer_id",128,True,ChatGPT,5,5,What are the names of the singers and number of concerts for each person?,73,pass_k,spider_36,results/raw/ChatGPT_spider_pass_k_20260326_205915.jsonl
True,spider,"[true, true, true, true, true]",concert_singer,data/spider/database/concert_singer/concert_singer.sqlite,,False,,True,,SELECT COUNT(*) AS concert_count FROM concert WHERE Stadium_ID = (SELECT Stadium_ID FROM stadium ORDER BY Capacity DESC LIMIT 1),True,,select count(*) from concert where stadium_id = (select stadium_id from stadium order by capacity desc limit 1),111,True,ChatGPT,5,5,Find the number of concerts happened in the stadium with the highest capacity .,79,pass_k,spider_43,results/raw/ChatGPT_spider_pass_k_20260326_205915.jsonl
True,spider,"[true, true, true, true, true]",concert_singer,data/spider/database/concert_singer/concert_singer.sqlite,,False,,True,,"SELECT Name, Country FROM singer WHERE Song_Name LIKE '%Hey%'",True,,"SELECT name ,  country FROM singer WHERE song_name LIKE '%Hey%'",63,True,ChatGPT,5,5,What is the name and country of origin of every singer who has a song with the word 'Hey' in its title?,103,pass_k,spider_40,results/raw/ChatGPT_spider_pass_k_20260326_205915.jsonl
False,spider,"[false, false, false, false, false]",concert_singer,data/spider/database/concert_singer/concert_singer.sqlite,,False,,False,,"SELECT DISTINCT s.""Name"" FROM ""singer"" s JOIN ""singer_in_concert"" sic ON s.""Singer_ID"" = sic.""Singer_ID"" JOIN ""concert"" c ON c.""concert_ID"" = sic.""concert_ID"" WHERE c.""Year"" = '2014'",True,,SELECT T2.name FROM singer_in_concert AS T1 JOIN singer AS T2 ON T1.singer_id  =  T2.singer_id JOIN concert AS T3 ON T1.concert_id  =  T3.concert_id WHERE T3.year  =  2014,171,True,ChatGPT,5,5,List all singer names in concerts in year 2014.,47,pass_k,spider_37,results/raw/ChatGPT_spider_pass_k_20260326_205915.jsonl
True,spider,"[true, true, true, true, true]",concert_singer,data/spider/database/concert_singer/concert_singer.sqlite,,False,,True,,SELECT s.Name FROM stadium AS s LEFT JOIN concert AS c ON c.Stadium_ID = s.Stadium_ID WHERE c.concert_ID IS NULL,True,,SELECT name FROM stadium WHERE stadium_id NOT IN (SELECT stadium_id FROM concert),81,True,ChatGPT,5,5,Show the stadium names without any concert.,43,pass_k,spider_28,results/raw/ChatGPT_spider_pass_k_20260326_205915.jsonl
True,spider,"[true, true, true, true, true]",concert_singer,data/spider/database/concert_singer/concert_singer.sqlite,,False,,True,,"SELECT c.""concert_Name"", c.""Theme"", COUNT(sic.""Singer_ID"") AS ""number_of_singers"" FROM ""concert"" AS c LEFT JOIN ""singer_in_concert"" AS sic ON c.""concert_ID"" = sic.""concert_ID"" GROUP BY c.""concert_ID"", c.""concert_Name"", c.""Theme""",True,,"select t2.concert_name ,  t2.theme ,  count(*) from singer_in_concert as t1 join concert as t2 on t1.concert_id  =  t2.concert_id group by t2.concert_id",152,True,ChatGPT,5,5,"What are the names , themes , and number of singers for every concert ?",71,pass_k,spider_34,results/raw/ChatGPT_spider_pass_k_20260326_205915.jsonl
True,spider,"[true, true, true, true, true]",concert_singer,data/spider/database/concert_singer/concert_singer.sqlite,,False,,True,,"SELECT s.Name, s.Location
FROM stadium AS s
JOIN concert AS c ON c.Stadium_ID = s.Stadium_ID
WHERE c.Year IN ('2014','2015')
GROUP BY s.Stadium_ID, s.Name, s.Location
HAVING COUNT(DISTINCT c.Year) = 2",True,,"SELECT T2.name ,  T2.location FROM concert AS T1 JOIN stadium AS T2 ON T1.stadium_id  =  T2.stadium_id WHERE T1.Year  =  2014 INTERSECT SELECT T2.name ,  T2.location FROM concert AS T1 JOIN stadium AS T2 ON T1.stadium_id  =  T2.stadium_id WHERE T1.Year  =  2015",261,True,ChatGPT,5,5,What are the names and locations of the stadiums that had concerts that occurred in both 2014 and 2015?,103,pass_k,spider_42,results/raw/ChatGPT_spider_pass_k_20260326_205915.jsonl
True,spider,"[true, true, true, true, true]",concert_singer,data/spider/database/concert_singer/concert_singer.sqlite,,False,,True,,"SELECT s.Name, s.Location FROM stadium AS s JOIN concert AS c ON c.Stadium_ID = s.Stadium_ID GROUP BY s.Stadium_ID, s.Name, s.Location HAVING SUM(CASE WHEN c.Year = '2014' THEN 1 ELSE 0 END) > 0 AND SUM(CASE WHEN c.Year = '2015' THEN 1 ELSE 0 END) > 0",True,,"SELECT T2.name ,  T2.location FROM concert AS T1 JOIN stadium AS T2 ON T1.stadium_id  =  T2.stadium_id WHERE T1.Year  =  2014 INTERSECT SELECT T2.name ,  T2.location FROM concert AS T1 JOIN stadium AS T2 ON T1.stadium_id  =  T2.stadium_id WHERE T1.Year  =  2015",261,True,ChatGPT,5,5,Find the name and location of the stadiums which some concerts happened in the years of both 2014 and 2015.,107,pass_k,spider_41,results/raw/ChatGPT_spider_pass_k_20260326_205915.jsonl
True,spider,"[true, true, true, true, true]",concert_singer,data/spider/database/concert_singer/concert_singer.sqlite,,False,,True,,SELECT COUNT(*) AS concert_count FROM concert c JOIN stadium s ON c.Stadium_ID = s.Stadium_ID WHERE s.Capacity = (SELECT MAX(Capacity) FROM stadium),True,,select count(*) from concert where stadium_id = (select stadium_id from stadium order by capacity desc limit 1),111,True,ChatGPT,5,5,What are the number of concerts that occurred in the stadium with the largest capacity ?,88,pass_k,spider_44,results/raw/ChatGPT_spider_pass_k_20260326_205915.jsonl
True,spider,"[true, true, true, true, true]",pets_1,data/spider/database/pets_1/pets_1.sqlite,,False,,True,,SELECT COUNT(*) AS num_pets FROM Pets WHERE weight > 10,True,,SELECT count(*) FROM pets WHERE weight  >  10,45,True,ChatGPT,5,5,Find the number of pets whose weight is heavier than 10.,56,pass_k,spider_45,results/raw/ChatGPT_spider_pass_k_20260326_205915.jsonl
False,spider,"[false, false, false, false, false]",pets_1,data/spider/database/pets_1/pets_1.sqlite,,False,,False,,"SELECT PetType, MAX(weight) AS max_weight FROM Pets GROUP BY PetType",True,,"SELECT max(weight) ,  petType FROM pets GROUP BY petType",56,True,ChatGPT,5,5,Find the maximum weight for each type of pet. List the maximum weight and pet type.,83,pass_k,spider_49,results/raw/ChatGPT_spider_pass_k_20260326_205915.jsonl
True,spider,"[false, false, false, false, true]",concert_singer,data/spider/database/concert_singer/concert_singer.sqlite,,False,,False,,SELECT Country FROM singer WHERE Age > 40 UNION SELECT Country FROM singer WHERE Age < 30,True,,SELECT country FROM singer WHERE age  >  40 INTERSECT SELECT country FROM singer WHERE age  <  30,97,True,ChatGPT,5,5,Show countries where a singer above age 40 and a singer below 30 are from.,74,pass_k,spider_30,results/raw/ChatGPT_spider_pass_k_20260326_205915.jsonl
True,spider,"[true, true, true, true, true]",pets_1,data/spider/database/pets_1/pets_1.sqlite,,False,,True,,SELECT COUNT(*) AS pet_count FROM Pets WHERE weight > 10,True,,SELECT count(*) FROM pets WHERE weight  >  10,45,True,ChatGPT,5,5,How many pets have a greater weight than 10?,44,pass_k,spider_46,results/raw/ChatGPT_spider_pass_k_20260326_205915.jsonl
False,spider,"[false, false, false, false, false]",pets_1,data/spider/database/pets_1/pets_1.sqlite,,False,,False,,"SELECT PetType, MAX(weight) AS max_weight FROM Pets GROUP BY PetType",True,,"SELECT max(weight) ,  petType FROM pets GROUP BY petType",56,True,ChatGPT,5,5,List the maximum weight and type for each type of pet.,54,pass_k,spider_50,results/raw/ChatGPT_spider_pass_k_20260326_205915.jsonl
True,spider,"[true, true, true, true, true]",pets_1,data/spider/database/pets_1/pets_1.sqlite,,False,,True,,SELECT weight FROM Pets WHERE PetType = 'dog' AND pet_age = (SELECT MIN(pet_age) FROM Pets WHERE PetType = 'dog'),True,,SELECT weight FROM pets ORDER BY pet_age LIMIT 1,48,True,ChatGPT,5,5,Find the weight of the youngest dog.,36,pass_k,spider_47,results/raw/ChatGPT_spider_pass_k_20260326_205915.jsonl
True,spider,"[true, true, true, true, true]",pets_1,data/spider/database/pets_1/pets_1.sqlite,,False,,True,,SELECT weight FROM Pets WHERE PetType = 'dog' ORDER BY pet_age ASC LIMIT 1,True,,SELECT weight FROM pets ORDER BY pet_age LIMIT 1,48,True,ChatGPT,5,5,How much does the youngest dog weigh?,37,pass_k,spider_48,results/raw/ChatGPT_spider_pass_k_20260326_205915.jsonl
True,spider,"[true, true, true, true, true]",pets_1,data/spider/database/pets_1/pets_1.sqlite,,False,,True,,SELECT COUNT(DISTINCT PetType) AS distinct_pet_types FROM Pets,True,,SELECT count(DISTINCT pettype) FROM pets,40,True,ChatGPT,5,5,Find the number of distinct type of pets.,41,pass_k,spider_55,results/raw/ChatGPT_spider_pass_k_20260326_205915.jsonl
True,spider,"[true, true, true, true, true]",pets_1,data/spider/database/pets_1/pets_1.sqlite,,False,,True,,SELECT COUNT(*) AS pet_count FROM Has_Pet hp JOIN Student s ON s.StuID = hp.StuID WHERE s.Age > 20,True,,SELECT count(*) FROM student AS T1 JOIN has_pet AS T2 ON T1.stuid  =  T2.stuid WHERE T1.age  >  20,98,True,ChatGPT,5,5,How many pets are owned by students that have an age greater than 20?,69,pass_k,spider_52,results/raw/ChatGPT_spider_pass_k_20260326_205915.jsonl
True,spider,"[true, true, true, true, true]",pets_1,data/spider/database/pets_1/pets_1.sqlite,,False,,True,,SELECT COUNT(*) AS num_pets FROM Has_Pet hp JOIN Student s ON s.StuID = hp.StuID WHERE s.Age > 20,True,,SELECT count(*) FROM student AS T1 JOIN has_pet AS T2 ON T1.stuid  =  T2.stuid WHERE T1.age  >  20,98,True,ChatGPT,5,5,Find number of pets owned by students who are older than 20.,60,pass_k,spider_51,results/raw/ChatGPT_spider_pass_k_20260326_205915.jsonl
True,spider,"[true, true, true, true, true]",pets_1,data/spider/database/pets_1/pets_1.sqlite,,False,,True,,SELECT COUNT(*) AS dog_pets_raised_by_female_students FROM Has_Pet hp JOIN Pets p ON hp.PetID = p.PetID JOIN Student s ON hp.StuID = s.StuID WHERE p.PetType = 'dog' AND s.Sex = 'F',True,,SELECT count(*) FROM student AS T1 JOIN has_pet AS T2 ON T1.stuid  =  T2.stuid JOIN pets AS T3 ON T2.petid  =  T3.petid WHERE T1.sex  =  'F' AND T3.pettype  =  'dog',165,True,ChatGPT,5,5,How many dog pets are raised by female students?,48,pass_k,spider_54,results/raw/ChatGPT_spider_pass_k_20260326_205915.jsonl
True,spider,"[true, true, true, true, true]",pets_1,data/spider/database/pets_1/pets_1.sqlite,,False,,True,,SELECT COUNT(DISTINCT PetType) AS different_pet_types FROM Pets,True,,SELECT count(DISTINCT pettype) FROM pets,40,True,ChatGPT,5,5,How many different types of pet are there?,42,pass_k,spider_56,results/raw/ChatGPT_spider_pass_k_20260326_205915.jsonl
True,spider,"[true, true, true, true, true]",pets_1,data/spider/database/pets_1/pets_1.sqlite,,False,,True,,SELECT COUNT(*) AS num_dog_pets FROM Has_Pet hp JOIN Pets p ON hp.PetID = p.PetID JOIN Student s ON hp.StuID = s.StuID WHERE p.PetType = 'dog' AND s.Sex = 'F',True,,SELECT count(*) FROM student AS T1 JOIN has_pet AS T2 ON T1.stuid  =  T2.stuid JOIN pets AS T3 ON T2.petid  =  T3.petid WHERE T1.sex  =  'F' AND T3.pettype  =  'dog',165,True,ChatGPT,5,5,Find the number of dog pets that are raised by female students (with sex F).,76,pass_k,spider_53,results/raw/ChatGPT_spider_pass_k_20260326_205915.jsonl
True,spider,"[true, true, true, true, true]",pets_1,data/spider/database/pets_1/pets_1.sqlite,,False,,True,,"SELECT DISTINCT s.Fname FROM Student AS s JOIN Has_Pet AS hp ON hp.StuID = s.StuID JOIN Pets AS p ON p.PetID = hp.PetID WHERE p.PetType IN ('cat','dog')",True,,SELECT DISTINCT T1.Fname FROM student AS T1 JOIN has_pet AS T2 ON T1.stuid  =  T2.stuid JOIN pets AS T3 ON T3.petid  =  T2.petid WHERE T3.pettype  =  'cat' OR T3.pettype  =  'dog',179,True,ChatGPT,5,5,What are the first names of every student who has a cat or dog as a pet?,72,pass_k,spider_58,results/raw/ChatGPT_spider_pass_k_20260326_205915.jsonl
True,spider,"[true, true, true, true, true]",pets_1,data/spider/database/pets_1/pets_1.sqlite,,False,,True,,"SELECT DISTINCT s.Fname FROM Student AS s JOIN Has_Pet AS hp ON s.StuID = hp.StuID JOIN Pets AS p ON hp.PetID = p.PetID WHERE p.PetType IN ('cat','dog')",True,,SELECT DISTINCT T1.Fname FROM student AS T1 JOIN has_pet AS T2 ON T1.stuid  =  T2.stuid JOIN pets AS T3 ON T3.petid  =  T2.petid WHERE T3.pettype  =  'cat' OR T3.pettype  =  'dog',179,True,ChatGPT,5,5,Find the first name of students who have cat or dog pet.,56,pass_k,spider_57,results/raw/ChatGPT_spider_pass_k_20260326_205915.jsonl
True,spider,"[true, true, true, true, true]",pets_1,data/spider/database/pets_1/pets_1.sqlite,,False,,True,,"SELECT s.Fname FROM Student s JOIN Has_Pet hp ON hp.StuID = s.StuID JOIN Pets p ON p.PetID = hp.PetID GROUP BY s.StuID, s.Fname HAVING SUM(CASE WHEN p.PetType = 'cat' THEN 1 ELSE 0 END) > 0 AND SUM(CASE WHEN p.PetType = 'dog' THEN 1 ELSE 0 END) > 0",True,,select t1.fname from student as t1 join has_pet as t2 on t1.stuid  =  t2.stuid join pets as t3 on t3.petid  =  t2.petid where t3.pettype  =  'cat' intersect select t1.fname from student as t1 join has_pet as t2 on t1.stuid  =  t2.stuid join pets as t3 on t3.petid  =  t2.petid where t3.pettype  =  'dog',303,True,ChatGPT,5,5,Find the first name of students who have both cat and dog pets .,64,pass_k,spider_59,results/raw/ChatGPT_spider_pass_k_20260326_205915.jsonl
True,spider,"[true, true, true, true, true]",pets_1,data/spider/database/pets_1/pets_1.sqlite,,False,,True,,SELECT s.StuID FROM Student s WHERE NOT EXISTS (SELECT 1 FROM Has_Pet hp JOIN Pets p ON p.PetID = hp.PetID WHERE hp.StuID = s.StuID AND p.PetType = 'cat'),True,,SELECT stuid FROM student EXCEPT SELECT T1.stuid FROM student AS T1 JOIN has_pet AS T2 ON T1.stuid  =  T2.stuid JOIN pets AS T3 ON T3.petid  =  T2.petid WHERE T3.pettype  =  'cat',179,True,ChatGPT,5,5,Find the id of students who do not have a cat pet.,50,pass_k,spider_63,results/raw/ChatGPT_spider_pass_k_20260326_205915.jsonl
True,spider,"[true, true, true, true, true]",pets_1,data/spider/database/pets_1/pets_1.sqlite,,False,,True,,"SELECT s.Major, s.Age
FROM Student AS s
WHERE NOT EXISTS (
  SELECT 1
  FROM Has_Pet AS hp
  JOIN Pets AS p ON p.PetID = hp.PetID
  WHERE hp.StuID = s.StuID
    AND p.PetType = 'cat'
)",True,,"SELECT major ,  age FROM student WHERE stuid NOT IN (SELECT T1.stuid FROM student AS T1 JOIN has_pet AS T2 ON T1.stuid  =  T2.stuid JOIN pets AS T3 ON T3.petid  =  T2.petid WHERE T3.pettype  =  'cat')",200,True,ChatGPT,5,5,Find the major and age of students who do not have a cat pet.,61,pass_k,spider_61,results/raw/ChatGPT_spider_pass_k_20260326_205915.jsonl
True,spider,"[true, true, true, true, true]",pets_1,data/spider/database/pets_1/pets_1.sqlite,,False,,True,,"SELECT s.Major, s.Age FROM Student s WHERE NOT EXISTS (SELECT 1 FROM Has_Pet hp JOIN Pets p ON p.PetID = hp.PetID WHERE hp.StuID = s.StuID AND p.PetType = 'cat')",True,,"SELECT major ,  age FROM student WHERE stuid NOT IN (SELECT T1.stuid FROM student AS T1 JOIN has_pet AS T2 ON T1.stuid  =  T2.stuid JOIN pets AS T3 ON T3.petid  =  T2.petid WHERE T3.pettype  =  'cat')",200,True,ChatGPT,5,5,"What major is every student who does not own a cat as a pet, and also how old are they?",87,pass_k,spider_62,results/raw/ChatGPT_spider_pass_k_20260326_205915.jsonl
True,spider,"[true, true, true, true, true]",pets_1,data/spider/database/pets_1/pets_1.sqlite,,False,,True,,SELECT s.StuID FROM Student AS s WHERE NOT EXISTS (SELECT 1 FROM Has_Pet AS hp JOIN Pets AS p ON p.PetID = hp.PetID WHERE hp.StuID = s.StuID AND p.PetType = 'cat'),True,,SELECT stuid FROM student EXCEPT SELECT T1.stuid FROM student AS T1 JOIN has_pet AS T2 ON T1.stuid  =  T2.stuid JOIN pets AS T3 ON T3.petid  =  T2.petid WHERE T3.pettype  =  'cat',179,True,ChatGPT,5,5,What are the ids of the students who do not own cats as pets?,61,pass_k,spider_64,results/raw/ChatGPT_spider_pass_k_20260326_205915.jsonl
True,spider,"[true, true, true, true, true]",pets_1,data/spider/database/pets_1/pets_1.sqlite,,False,,True,,SELECT s.Fname FROM Student s WHERE EXISTS (SELECT 1 FROM Has_Pet hp JOIN Pets p ON p.PetID = hp.PetID WHERE hp.StuID = s.StuID AND p.PetType = 'cat') AND EXISTS (SELECT 1 FROM Has_Pet hp JOIN Pets p ON p.PetID = hp.PetID WHERE hp.StuID = s.StuID AND p.PetType = 'dog'),True,,SELECT T1.Fname FROM student AS T1 JOIN has_pet AS T2 ON T1.stuid  =  T2.stuid JOIN pets AS T3 ON T3.petid  =  T2.petid WHERE T3.pettype  =  'cat' INTERSECT SELECT T1.Fname FROM student AS T1 JOIN has_pet AS T2 ON T1.stuid  =  T2.stuid JOIN pets AS T3 ON T3.petid  =  T2.petid WHERE T3.pettype  =  'dog',303,True,ChatGPT,5,5,What are the students' first names who have both cats and dogs as pets?,71,pass_k,spider_60,results/raw/ChatGPT_spider_pass_k_20260326_205915.jsonl
True,spider,"[true, true, true, true, true]",pets_1,data/spider/database/pets_1/pets_1.sqlite,,False,,True,,"SELECT PetType, weight FROM Pets WHERE pet_age = (SELECT MIN(pet_age) FROM Pets)",True,,"SELECT pettype ,  weight FROM pets ORDER BY pet_age LIMIT 1",59,True,ChatGPT,5,5,"What type of pet is the youngest animal, and how much does it weigh?",68,pass_k,spider_68,results/raw/ChatGPT_spider_pass_k_20260326_205915.jsonl
False,spider,"[false, false, false, false, false]",pets_1,data/spider/database/pets_1/pets_1.sqlite,,False,,False,,"SELECT s.Fname, s.Age
FROM Student s
WHERE EXISTS (
  SELECT 1
  FROM Has_Pet hp
  JOIN Pets p ON p.PetID = hp.PetID
  WHERE hp.StuID = s.StuID AND p.PetType = 'dog'
)
AND NOT EXISTS (
  SELECT 1
  FROM Has_Pet hp
  JOIN Pets p ON p.PetID = hp.PetID
  WHERE hp.StuID = s.StuID AND p.PetType = 'cat'
)",True,,"SELECT T1.fname ,  T1.age FROM student AS T1 JOIN has_pet AS T2 ON T1.stuid  =  T2.stuid JOIN pets AS T3 ON T3.petid  =  T2.petid WHERE T3.pettype  =  'dog' AND T1.stuid NOT IN (SELECT T1.stuid FROM student AS T1 JOIN has_pet AS T2 ON T1.stuid  =  T2.stuid JOIN pets AS T3 ON T3.petid  =  T2.petid WHERE T3.pettype  =  'cat')",325,True,ChatGPT,5,5,Find the first name and age of students who have a dog but do not have a cat as a pet.,86,pass_k,spider_65,results/raw/ChatGPT_spider_pass_k_20260326_205915.jsonl
True,spider,"[true, true, true, true, true]",pets_1,data/spider/database/pets_1/pets_1.sqlite,,False,,True,,"SELECT PetID, weight FROM Pets WHERE pet_age > 1",True,,"SELECT petid ,  weight FROM pets WHERE pet_age  >  1",52,True,ChatGPT,5,5,Find the id and weight of all pets whose age is older than 1.,61,pass_k,spider_69,results/raw/ChatGPT_spider_pass_k_20260326_205915.jsonl
True,spider,"[true, true, true, true, true]",pets_1,data/spider/database/pets_1/pets_1.sqlite,,False,,True,,"SELECT PetType, weight FROM Pets WHERE pet_age = (SELECT MIN(pet_age) FROM Pets)",True,,"SELECT pettype ,  weight FROM pets ORDER BY pet_age LIMIT 1",59,True,ChatGPT,5,5,Find the type and weight of the youngest pet.,45,pass_k,spider_67,results/raw/ChatGPT_spider_pass_k_20260326_205915.jsonl
False,spider,"[false, false, false, false, false]",pets_1,data/spider/database/pets_1/pets_1.sqlite,,False,,False,,"SELECT PetType, AVG(pet_age) AS avg_age, MAX(pet_age) AS max_age FROM Pets GROUP BY PetType",True,,"SELECT avg(pet_age) ,  max(pet_age) ,  pettype FROM pets GROUP BY pettype",73,True,ChatGPT,5,5,What is the average and maximum age for each pet type?,54,pass_k,spider_72,results/raw/ChatGPT_spider_pass_k_20260326_205915.jsonl
False,spider,"[false, false, false, false, false]",pets_1,data/spider/database/pets_1/pets_1.sqlite,,False,,False,,"SELECT PetType, AVG(pet_age) AS avg_age, MAX(pet_age) AS max_age FROM Pets GROUP BY PetType",True,,"SELECT avg(pet_age) ,  max(pet_age) ,  pettype FROM pets GROUP BY pettype",73,True,ChatGPT,5,5,Find the average and maximum age for each type of pet.,54,pass_k,spider_71,results/raw/ChatGPT_spider_pass_k_20260326_205915.jsonl
False,spider,"[false, false, false, false, false]",pets_1,data/spider/database/pets_1/pets_1.sqlite,,False,,False,,"SELECT PetType, AVG(weight) AS avg_weight FROM Pets GROUP BY PetType",True,,"SELECT avg(weight) ,  pettype FROM pets GROUP BY pettype",56,True,ChatGPT,5,5,Find the average weight for each pet type.,42,pass_k,spider_73,results/raw/ChatGPT_spider_pass_k_20260326_205915.jsonl
True,spider,"[true, true, true, true, true]",pets_1,data/spider/database/pets_1/pets_1.sqlite,,False,,True,,"SELECT PetID, weight FROM Pets WHERE pet_age > 1",True,,"SELECT petid ,  weight FROM pets WHERE pet_age  >  1",52,True,ChatGPT,5,5,What is the id and weight of every pet who is older than 1?,59,pass_k,spider_70,results/raw/ChatGPT_spider_pass_k_20260326_205915.jsonl
False,spider,"[false, false, false, false, false]",pets_1,data/spider/database/pets_1/pets_1.sqlite,,False,,False,,"SELECT PetType, AVG(weight) AS avg_weight FROM Pets GROUP BY PetType",True,,"SELECT avg(weight) ,  pettype FROM pets GROUP BY pettype",56,True,ChatGPT,5,5,What is the average weight for each type of pet?,48,pass_k,spider_74,results/raw/ChatGPT_spider_pass_k_20260326_205915.jsonl
False,spider,"[false, false, false, false, false]",pets_1,data/spider/database/pets_1/pets_1.sqlite,,False,,False,,SELECT DISTINCT s.Fname FROM Student s WHERE EXISTS (SELECT 1 FROM Has_Pet hp JOIN Pets p ON p.PetID = hp.PetID WHERE hp.StuID = s.StuID AND p.PetType = 'dog') AND NOT EXISTS (SELECT 1 FROM Has_Pet hp2 JOIN Pets p2 ON p2.PetID = hp2.PetID WHERE hp2.StuID = s.StuID AND p2.PetType = 'cat'),True,,"SELECT T1.fname ,  T1.age FROM student AS T1 JOIN has_pet AS T2 ON T1.stuid  =  T2.stuid JOIN pets AS T3 ON T3.petid  =  T2.petid WHERE T3.pettype  =  'dog' AND T1.stuid NOT IN (SELECT T1.stuid FROM student AS T1 JOIN has_pet AS T2 ON T1.stuid  =  T2.stuid JOIN pets AS T3 ON T3.petid  =  T2.petid WHERE T3.pettype  =  'cat')",325,True,ChatGPT,5,5,What is the first name of every student who has a dog but does not have a cat?,78,pass_k,spider_66,results/raw/ChatGPT_spider_pass_k_20260326_205915.jsonl
True,spider,"[true, true, true, true, true]",pets_1,data/spider/database/pets_1/pets_1.sqlite,,False,,True,,SELECT hp.PetID FROM Has_Pet AS hp JOIN Student AS s ON hp.StuID = s.StuID WHERE s.LName = 'Smith',True,,SELECT T2.petid FROM student AS T1 JOIN has_pet AS T2 ON T1.stuid  =  T2.stuid WHERE T1.Lname  =  'Smith',105,True,ChatGPT,5,5,Find the id of the pet owned by student whose last name is ‘Smith’.,67,pass_k,spider_77,results/raw/ChatGPT_spider_pass_k_20260326_205915.jsonl
True,spider,"[true, true, true, true, true]",pets_1,data/spider/database/pets_1/pets_1.sqlite,,False,,True,,"SELECT DISTINCT s.Fname, s.Age FROM Student AS s INNER JOIN Has_Pet AS hp ON hp.StuID = s.StuID",True,,"SELECT DISTINCT T1.fname ,  T1.age FROM student AS T1 JOIN has_pet AS T2 ON T1.stuid  =  T2.stuid",97,True,ChatGPT,5,5,What are the different first names and ages of the students who do have pets?,77,pass_k,spider_76,results/raw/ChatGPT_spider_pass_k_20260326_205915.jsonl
True,spider,"[true, true, true, true, true]",pets_1,data/spider/database/pets_1/pets_1.sqlite,,False,,True,,SELECT hp.PetID FROM Has_Pet AS hp JOIN Student AS s ON hp.StuID = s.StuID WHERE s.LName = 'Smith',True,,SELECT T2.petid FROM student AS T1 JOIN has_pet AS T2 ON T1.stuid  =  T2.stuid WHERE T1.Lname  =  'Smith',105,True,ChatGPT,5,5,What is the id of the pet owned by the student whose last name is 'Smith'?,74,pass_k,spider_78,results/raw/ChatGPT_spider_pass_k_20260326_205915.jsonl
True,spider,"[true, true, true, true, true]",pets_1,data/spider/database/pets_1/pets_1.sqlite,,False,,True,,"SELECT DISTINCT s.Fname, s.Age FROM Student s JOIN Has_Pet hp ON hp.StuID = s.StuID",True,,"SELECT DISTINCT T1.fname ,  T1.age FROM student AS T1 JOIN has_pet AS T2 ON T1.stuid  =  T2.stuid",97,True,ChatGPT,5,5,Find the first name and age of students who have a pet.,55,pass_k,spider_75,results/raw/ChatGPT_spider_pass_k_20260326_205915.jsonl
False,spider,"[false, false, false, false, false]",pets_1,data/spider/database/pets_1/pets_1.sqlite,,False,,False,,"SELECT hp.StuID, COUNT(*) AS pet_count FROM Has_Pet AS hp GROUP BY hp.StuID",True,,"select count(*) ,  t1.stuid from student as t1 join has_pet as t2 on t1.stuid  =  t2.stuid group by t1.stuid",108,True,ChatGPT,5,5,"For students who have pets , how many pets does each student have ? list their ids instead of names .",101,pass_k,spider_80,results/raw/ChatGPT_spider_pass_k_20260326_205915.jsonl
False,spider,"[false, false, false, false, false]",pets_1,data/spider/database/pets_1/pets_1.sqlite,,False,,False,,"SELECT StuID, COUNT(*) AS num_pets FROM Has_Pet GROUP BY StuID",True,,"SELECT count(*) ,  T1.stuid FROM student AS T1 JOIN has_pet AS T2 ON T1.stuid  =  T2.stuid GROUP BY T1.stuid",108,True,ChatGPT,5,5,Find the number of pets for each student who has any pet and student id.,72,pass_k,spider_79,results/raw/ChatGPT_spider_pass_k_20260326_205915.jsonl
True,spider,"[true, true, true, true, true]",pets_1,data/spider/database/pets_1/pets_1.sqlite,,False,,True,,"SELECT s.Fname, s.Sex FROM Student s JOIN Has_Pet hp ON hp.StuID = s.StuID GROUP BY s.StuID, s.Fname, s.Sex HAVING COUNT(DISTINCT hp.PetID) > 1",True,,"SELECT T1.fname ,  T1.sex FROM student AS T1 JOIN has_pet AS T2 ON T1.stuid  =  T2.stuid GROUP BY T1.stuid HAVING count(*)  >  1",128,True,ChatGPT,5,5,Find the first name and gender of student who have more than one pet.,69,pass_k,spider_81,results/raw/ChatGPT_spider_pass_k_20260326_205915.jsonl
True,spider,"[true, true, true, true, true]",pets_1,data/spider/database/pets_1/pets_1.sqlite,,False,,True,,SELECT s.LName FROM Student s JOIN Has_Pet hp ON hp.StuID = s.StuID JOIN Pets p ON p.PetID = hp.PetID WHERE p.PetType = 'cat' AND p.pet_age = 3,True,,SELECT T1.lname FROM student AS T1 JOIN has_pet AS T2 ON T1.stuid  =  T2.stuid JOIN pets AS T3 ON T3.petid  =  T2.petid WHERE T3.pet_age  =  3 AND T3.pettype  =  'cat',167,True,ChatGPT,5,5,What is the last name of the student who has a cat that is 3 years old?,71,pass_k,spider_84,results/raw/ChatGPT_spider_pass_k_20260326_205915.jsonl
True,spider,"[true, true, true, true, true]",pets_1,data/spider/database/pets_1/pets_1.sqlite,,False,,True,,SELECT s.LName FROM Student s JOIN Has_Pet hp ON hp.StuID = s.StuID JOIN Pets p ON p.PetID = hp.PetID WHERE p.PetType = 'cat' AND p.pet_age = 3,True,,SELECT T1.lname FROM student AS T1 JOIN has_pet AS T2 ON T1.stuid  =  T2.stuid JOIN pets AS T3 ON T3.petid  =  T2.petid WHERE T3.pet_age  =  3 AND T3.pettype  =  'cat',167,True,ChatGPT,5,5,Find the last name of the student who has a cat that is age 3.,62,pass_k,spider_83,results/raw/ChatGPT_spider_pass_k_20260326_205915.jsonl
True,spider,"[true, true, true, true, true]",pets_1,data/spider/database/pets_1/pets_1.sqlite,,False,,True,,SELECT AVG(s.Age) AS avg_age FROM Student s WHERE NOT EXISTS (SELECT 1 FROM Has_Pet hp WHERE hp.StuID = s.StuID),True,,select avg(age) from student where stuid not in (select stuid from has_pet),75,True,ChatGPT,5,5,What is the average age for all students who do not own any pets ?,66,pass_k,spider_86,results/raw/ChatGPT_spider_pass_k_20260326_205915.jsonl
True,spider,"[true, true, true, true, true]",pets_1,data/spider/database/pets_1/pets_1.sqlite,,False,,True,,"SELECT s.Fname, s.Sex FROM Student s JOIN Has_Pet hp ON hp.StuID = s.StuID GROUP BY s.StuID, s.Fname, s.Sex HAVING COUNT(*) > 1",True,,"SELECT T1.fname ,  T1.sex FROM student AS T1 JOIN has_pet AS T2 ON T1.stuid  =  T2.stuid GROUP BY T1.stuid HAVING count(*)  >  1",128,True,ChatGPT,5,5,What is the first name and gender of the all the students who have more than one pet?,85,pass_k,spider_82,results/raw/ChatGPT_spider_pass_k_20260326_205915.jsonl
True,spider,"[true, true, true, true, true]",pets_1,data/spider/database/pets_1/pets_1.sqlite,,False,,True,,SELECT AVG(Age) AS avg_age FROM Student s WHERE NOT EXISTS (SELECT 1 FROM Has_Pet hp WHERE hp.StuID = s.StuID),True,,select avg(age) from student where stuid not in (select stuid from has_pet),75,True,ChatGPT,5,5,Find the average age of students who do not have any pet .,58,pass_k,spider_85,results/raw/ChatGPT_spider_pass_k_20260326_205915.jsonl
True,spider,"[true, true, true, true, true]",car_1,data/spider/database/car_1/car_1.sqlite,,False,,True,,SELECT COUNT(*) AS continent_count FROM continents,True,,SELECT count(*) FROM CONTINENTS;,32,True,ChatGPT,5,5,How many continents are there?,30,pass_k,spider_87,results/raw/ChatGPT_spider_pass_k_20260326_205915.jsonl
True,spider,"[true, true, true, true, true]",car_1,data/spider/database/car_1/car_1.sqlite,,False,,True,,SELECT COUNT(*) AS number_of_continents FROM continents,True,,SELECT count(*) FROM CONTINENTS;,32,True,ChatGPT,5,5,What is the number of continents?,33,pass_k,spider_88,results/raw/ChatGPT_spider_pass_k_20260326_205915.jsonl
True,spider,"[true, true, true, true, true]",car_1,data/spider/database/car_1/car_1.sqlite,,False,,True,,SELECT COUNT(*) AS country_count FROM countries,True,,SELECT count(*) FROM COUNTRIES;,31,True,ChatGPT,5,5,How many countries are listed?,30,pass_k,spider_91,results/raw/ChatGPT_spider_pass_k_20260326_205915.jsonl
True,spider,"[true, true, true, true, true]",car_1,data/spider/database/car_1/car_1.sqlite,,False,,True,,SELECT COUNT(*) AS country_count FROM countries,True,,SELECT count(*) FROM COUNTRIES;,31,True,ChatGPT,5,5,How many countries exist?,25,pass_k,spider_92,results/raw/ChatGPT_spider_pass_k_20260326_205915.jsonl
True,spider,"[true, true, true, true, true]",car_1,data/spider/database/car_1/car_1.sqlite,,False,,True,,"SELECT c.ContId AS continent_id, c.Continent AS continent_name, COUNT(co.CountryId) AS num_countries FROM continents AS c LEFT JOIN countries AS co ON co.Continent = c.ContId GROUP BY c.ContId, c.Continent ORDER BY c.ContId",True,,"SELECT T1.ContId ,  T1.Continent ,  count(*) FROM CONTINENTS AS T1 JOIN COUNTRIES AS T2 ON T1.ContId  =  T2.Continent GROUP BY T1.ContId;",137,True,ChatGPT,5,5,"How many countries does each continent have? List the continent id, continent name and the number of countries.",111,pass_k,spider_89,results/raw/ChatGPT_spider_pass_k_20260326_205915.jsonl
False,spider,"[false, false, false, false, false]",car_1,data/spider/database/car_1/car_1.sqlite,,False,,False,,SELECT cn.Model FROM cars_data AS cd JOIN car_names AS cn ON cd.Id = cn.MakeId WHERE cd.Horsepower IS NOT NULL AND TRIM(cd.Horsepower) <> '' ORDER BY CAST(cd.Horsepower AS REAL) ASC LIMIT 1,True,,SELECT T1.Model FROM CAR_NAMES AS T1 JOIN CARS_DATA AS T2 ON T1.MakeId  =  T2.Id ORDER BY T2.horsepower ASC LIMIT 1;,116,True,ChatGPT,5,5,What is the model of the car with the smallest amount of horsepower?,68,pass_k,spider_96,results/raw/ChatGPT_spider_pass_k_20260326_205915.jsonl
False,spider,"[false, false, false, false, false]",car_1,data/spider/database/car_1/car_1.sqlite,,False,,False,,SELECT cn.Model FROM cars_data AS cd JOIN car_names AS cn ON cd.Id = cn.MakeId WHERE CAST(cd.Horsepower AS REAL) = (SELECT MIN(CAST(Horsepower AS REAL)) FROM cars_data),True,,SELECT T1.Model FROM CAR_NAMES AS T1 JOIN CARS_DATA AS T2 ON T1.MakeId  =  T2.Id ORDER BY T2.horsepower ASC LIMIT 1;,116,True,ChatGPT,5,5,Which model of the car has the minimum horsepower?,50,pass_k,spider_95,results/raw/ChatGPT_spider_pass_k_20260326_205915.jsonl
False,spider,"[false, false, false, false, false]",car_1,data/spider/database/car_1/car_1.sqlite,,False,,False,,"SELECT cm.Id, cm.FullName, COUNT(ml.ModelId) AS model_count FROM car_makers AS cm LEFT JOIN model_list AS ml ON ml.Maker = cm.Id GROUP BY cm.Id, cm.FullName",True,,"SELECT T1.FullName ,  T1.Id ,  count(*) FROM CAR_MAKERS AS T1 JOIN MODEL_LIST AS T2 ON T1.Id  =  T2.Maker GROUP BY T1.Id;",121,True,ChatGPT,5,5,"What is the full name of each car maker, along with its id and how many models it produces?",91,pass_k,spider_94,results/raw/ChatGPT_spider_pass_k_20260326_205915.jsonl
True,spider,"[true, true, true, true, true]",car_1,data/spider/database/car_1/car_1.sqlite,,False,,True,,"SELECT cm.FullName, cm.Id, COUNT(ml.ModelId) AS NumberOfModels FROM car_makers AS cm LEFT JOIN model_list AS ml ON ml.Maker = cm.Id GROUP BY cm.FullName, cm.Id",True,,"SELECT T1.FullName ,  T1.Id ,  count(*) FROM CAR_MAKERS AS T1 JOIN MODEL_LIST AS T2 ON T1.Id  =  T2.Maker GROUP BY T1.Id;",121,True,ChatGPT,5,5,"How many models does each car maker produce? List maker full name, id and the number.",85,pass_k,spider_93,results/raw/ChatGPT_spider_pass_k_20260326_205915.jsonl
True,spider,"[true, true, true, true, true]",car_1,data/spider/database/car_1/car_1.sqlite,,False,,True,,"SELECT c.ContId AS id, c.Continent AS name, COUNT(co.CountryId) AS country_count FROM continents AS c LEFT JOIN countries AS co ON co.Continent = c.ContId GROUP BY c.ContId, c.Continent",True,,"SELECT T1.ContId ,  T1.Continent ,  count(*) FROM CONTINENTS AS T1 JOIN COUNTRIES AS T2 ON T1.ContId  =  T2.Continent GROUP BY T1.ContId;",137,True,ChatGPT,5,5,"For each continent, list its id, name, and how many countries it has?",69,pass_k,spider_90,results/raw/ChatGPT_spider_pass_k_20260326_205915.jsonl
True,spider,"[true, true, true, true, true]",car_1,data/spider/database/car_1/car_1.sqlite,,False,,True,,SELECT DISTINCT cm.Maker FROM car_makers AS cm JOIN model_list AS ml ON ml.Maker = cm.Id JOIN car_names AS cn ON cn.Model = ml.Model JOIN cars_data AS cd ON cd.Id = cn.MakeId WHERE cd.Year = 1970,True,,SELECT DISTINCT T1.Maker FROM CAR_MAKERS AS T1 JOIN MODEL_LIST AS T2 ON T1.Id  =  T2.Maker JOIN CAR_NAMES AS T3 ON T2.model  =  T3.model JOIN CARS_DATA AS T4 ON T3.MakeId  =  T4.id WHERE T4.year  =  '1970';,206,True,ChatGPT,5,5,Find the name of the makers that produced some cars in the year of 1970?,72,pass_k,spider_99,results/raw/ChatGPT_spider_pass_k_20260326_205915.jsonl
True,spider,"[true, true, true, true, true]",car_1,data/spider/database/car_1/car_1.sqlite,,False,,True,,SELECT cn.Model FROM cars_data AS cd JOIN car_names AS cn ON cn.MakeId = cd.Id WHERE cd.Weight < (SELECT AVG(Weight) FROM cars_data),True,,SELECT T1.model FROM CAR_NAMES AS T1 JOIN CARS_DATA AS T2 ON T1.MakeId  =  T2.Id WHERE T2.Weight  <  (SELECT avg(Weight) FROM CARS_DATA),136,True,ChatGPT,5,5,Find the model of the car whose weight is below the average weight.,67,pass_k,spider_97,results/raw/ChatGPT_spider_pass_k_20260326_205915.jsonl
True,spider,"[true, true, true, true, true]",car_1,data/spider/database/car_1/car_1.sqlite,,False,,True,,SELECT cn.Model FROM car_names AS cn JOIN cars_data AS cd ON cd.Id = cn.MakeId WHERE cd.Weight < (SELECT AVG(Weight) FROM cars_data),True,,SELECT T1.model FROM CAR_NAMES AS T1 JOIN CARS_DATA AS T2 ON T1.MakeId  =  T2.Id WHERE T2.Weight  <  (SELECT avg(Weight) FROM CARS_DATA),136,True,ChatGPT,5,5,What is the model for the car with a weight smaller than the average?,69,pass_k,spider_98,results/raw/ChatGPT_spider_pass_k_20260326_205915.jsonl
True,bird,"[true, true, true, true, true]",california_schools,data/bird/dev_databases/california_schools/california_schools.sqlite,simple,False,,True,,SELECT s.Phone FROM satscores ss JOIN schools s ON ss.cds = s.CDSCode WHERE ss.NumGE1500 = (SELECT MAX(NumGE1500) FROM satscores) LIMIT 1,True,,SELECT T2.Phone FROM satscores AS T1 INNER JOIN schools AS T2 ON T1.cds = T2.CDSCode ORDER BY T1.NumGE1500 DESC LIMIT 1,119,True,DeepSeek,5,5,What is the phone number of the school that has the highest number of test takers with an SAT score of over 1500?,113,pass_k,bird_7,results/raw/DeepSeek_bird_pass_k_20260326_202919.jsonl
True,bird,"[true, true, true, true, true]",california_schools,data/bird/dev_databases/california_schools/california_schools.sqlite,simple,False,Eligible free rate for K-12 = `Free Meal Count (K-12)` / `Enrollment (K-12)`,True,,SELECT MAX(`Percent (%) Eligible Free (K-12)`) FROM frpm WHERE `County Name` = 'Alameda',True,,SELECT `Free Meal Count (K-12)` / `Enrollment (K-12)` FROM frpm WHERE `County Name` = 'Alameda' ORDER BY (CAST(`Free Meal Count (K-12)` AS REAL) / `Enrollment (K-12)`) DESC LIMIT 1,180,True,DeepSeek,5,5,What is the highest eligible free rate for K-12 students in the schools in Alameda County?,90,pass_k,bird_0,results/raw/DeepSeek_bird_pass_k_20260326_202919.jsonl
False,bird,"[false, false, false, false, false]",california_schools,data/bird/dev_databases/california_schools/california_schools.sqlite,simple,False,,False,,"SELECT f.""FRPM Count (Ages 5-17)"" FROM satscores s JOIN frpm f ON s.cds = f.CDSCode WHERE s.AvgScrRead = (SELECT MAX(AvgScrRead) FROM satscores) LIMIT 1",True,,SELECT T2.`FRPM Count (Ages 5-17)` FROM satscores AS T1 INNER JOIN frpm AS T2 ON T1.cds = T2.CDSCode ORDER BY T1.AvgScrRead DESC LIMIT 1,136,True,DeepSeek,5,5,"For the school with the highest average score in Reading in the SAT test, what is its FRPM count for students aged 5-17?",120,pass_k,bird_10,results/raw/DeepSeek_bird_pass_k_20260326_202919.jsonl
True,bird,"[true, true, true, true, true]",california_schools,data/bird/dev_databases/california_schools/california_schools.sqlite,simple,False,,True,,SELECT COUNT(*) FROM frpm WHERE `County Name` = 'Los Angeles' AND `Free Meal Count (K-12)` > 500 AND `FRPM Count (K-12)` < 700,True,,SELECT COUNT(CDSCode) FROM frpm WHERE `County Name` = 'Los Angeles' AND `Free Meal Count (K-12)` > 500 AND `FRPM Count (K-12)`< 700,131,True,DeepSeek,5,5,In Los Angeles how many schools have more than 500 free meals but less than 700 free or reduced price meals for K-12?,117,pass_k,bird_21,results/raw/DeepSeek_bird_pass_k_20260326_202919.jsonl
True,bird,"[true, true, true, true, true]",california_schools,data/bird/dev_databases/california_schools/california_schools.sqlite,simple,False,,True,,SELECT COUNT(*) FROM frpm WHERE `County Name` = 'Amador' AND `Low Grade` = '9' AND `High Grade` = '12',True,,SELECT COUNT(T1.`School Name`) FROM frpm AS T1 INNER JOIN schools AS T2 ON T1.CDSCode = T2.CDSCode WHERE T2.County = 'Amador' AND T1.`Low Grade` = 9 AND T1.`High Grade` = 12,173,True,DeepSeek,5,5,How many schools in Amador which the Low Grade is 9 and the High Grade is 12?,77,pass_k,bird_20,results/raw/DeepSeek_bird_pass_k_20260326_202919.jsonl
True,bird,"[true, true, true, true, true]",california_schools,data/bird/dev_databases/california_schools/california_schools.sqlite,moderate,False,Excellence rate = NumGE1500 / NumTstTakr; Eligible free rates for students aged 5-17 = `Free Meal Count (Ages 5-17)` / `Enrollment (Ages 5-17)`,True,,"SELECT MAX(f.""Percent (%) Eligible Free (Ages 5-17)"") FROM frpm f JOIN satscores s ON f.CDSCode = s.cds WHERE s.NumTstTakr > 0 AND (CAST(s.NumGE1500 AS REAL) / s.NumTstTakr) > 0.3",True,,SELECT MAX(CAST(T1.`Free Meal Count (Ages 5-17)` AS REAL) / T1.`Enrollment (Ages 5-17)`) FROM frpm AS T1 INNER JOIN satscores AS T2 ON T1.CDSCode = T2.cds WHERE CAST(T2.NumGE1500 AS REAL) / T2.NumTstTakr > 0.3,209,True,DeepSeek,5,5,"Among the schools with an SAT excellence rate of over 0.3, what is the highest eligible free rate for students aged 5-17?",121,pass_k,bird_12,results/raw/DeepSeek_bird_pass_k_20260326_202919.jsonl
True,bird,"[true, true, true, true, true]",california_schools,data/bird/dev_databases/california_schools/california_schools.sqlite,simple,False,,True,,SELECT s.MailStreet FROM frpm f JOIN schools s ON f.CDSCode = s.CDSCode WHERE f.`FRPM Count (K-12)` = (SELECT MAX(`FRPM Count (K-12)`) FROM frpm) LIMIT 1,True,,SELECT T2.MailStreet FROM frpm AS T1 INNER JOIN schools AS T2 ON T1.CDSCode = T2.CDSCode ORDER BY T1.`FRPM Count (K-12)` DESC LIMIT 1,133,True,DeepSeek,5,5,What is the unabbreviated mailing street address of the school with the highest FRPM count for K-12 students?,109,pass_k,bird_3,results/raw/DeepSeek_bird_pass_k_20260326_202919.jsonl
False,bird,"[false, false, false, false, false]",california_schools,data/bird/dev_databases/california_schools/california_schools.sqlite,moderate,False,Eligible free rates for students aged 5-17 = `Free Meal Count (Ages 5-17)` / `Enrollment (Ages 5-17)`,False,,"SELECT `Percent (%) Eligible Free (Ages 5-17)`, `School Name`, `County Name`, `District Name` FROM frpm WHERE `School Type` = 'Continuation' AND `Percent (%) Eligible Free (Ages 5-17)` IS NOT NULL ORDER BY `Percent (%) Eligible Free (Ages 5-17)` ASC LIMIT 3",True,,SELECT `Free Meal Count (Ages 5-17)` / `Enrollment (Ages 5-17)` FROM frpm WHERE `Educational Option Type` = 'Continuation School' AND `Free Meal Count (Ages 5-17)` / `Enrollment (Ages 5-17)` IS NOT NULL ORDER BY `Free Meal Count (Ages 5-17)` / `Enrollment (Ages 5-17)` ASC LIMIT 3,280,True,DeepSeek,5,5,Please list the lowest three eligible free rates for students aged 5-17 in continuation schools.,96,pass_k,bird_1,results/raw/DeepSeek_bird_pass_k_20260326_202919.jsonl
True,bird,"[true, true, true, true, true]",california_schools,data/bird/dev_databases/california_schools/california_schools.sqlite,simple,False,,True,,SELECT satscores.NumTstTakr FROM frpm JOIN satscores ON frpm.CDSCode = satscores.cds WHERE frpm.`FRPM Count (K-12)` = (SELECT MAX(`FRPM Count (K-12)`) FROM frpm),True,,SELECT NumTstTakr FROM satscores WHERE cds = ( SELECT CDSCode FROM frpm ORDER BY `FRPM Count (K-12)` DESC LIMIT 1 ),115,True,DeepSeek,5,5,What is the number of SAT test takers of the schools with the highest FRPM count for K-12 students?,99,pass_k,bird_8,results/raw/DeepSeek_bird_pass_k_20260326_202919.jsonl
False,bird,"[false, false, false, false, false]",california_schools,data/bird/dev_databases/california_schools/california_schools.sqlite,simple,False,,False,,SELECT COUNT(*) FROM satscores WHERE cname = 'Alameda' AND NumTstTakr < 100,True,,SELECT COUNT(T1.CDSCode) FROM schools AS T1 INNER JOIN satscores AS T2 ON T1.CDSCode = T2.cds WHERE T1.StatusType = 'Merged' AND T2.NumTstTakr < 100 AND T1.County = 'Lake',171,True,DeepSeek,5,5,How many schools in merged Alameda have number of test takers less than 100?,76,pass_k,bird_16,results/raw/DeepSeek_bird_pass_k_20260326_202919.jsonl
True,bird,"[true, true, true, true, true]",california_schools,data/bird/dev_databases/california_schools/california_schools.sqlite,simple,False,Excellence rate = NumGE1500 / NumTstTakr,True,,SELECT s.Phone FROM schools s JOIN satscores ss ON s.CDSCode = ss.cds WHERE ss.rtype = 'S' ORDER BY (CAST(ss.NumGE1500 AS REAL) / ss.NumTstTakr) DESC LIMIT 3,True,,SELECT T1.Phone FROM schools AS T1 INNER JOIN satscores AS T2 ON T1.CDSCode = T2.cds ORDER BY CAST(T2.NumGE1500 AS REAL) / T2.NumTstTakr DESC LIMIT 3,149,True,DeepSeek,5,5,Please list the phone numbers of the schools with the top 3 SAT excellence rate.,80,pass_k,bird_13,results/raw/DeepSeek_bird_pass_k_20260326_202919.jsonl
False,bird,"[false, false, false, false, false]",california_schools,data/bird/dev_databases/california_schools/california_schools.sqlite,simple,False,Exclusively virtual refers to Virtual = 'F',False,,SELECT COUNT(DISTINCT s.CDSCode) FROM schools s JOIN satscores ss ON s.CDSCode = ss.cds WHERE ss.AvgScrMath > 400 AND s.Virtual = 'Y',True,,SELECT COUNT(DISTINCT T2.School) FROM satscores AS T1 INNER JOIN schools AS T2 ON T1.cds = T2.CDSCode WHERE T2.Virtual = 'F' AND T1.AvgScrMath > 400,148,True,DeepSeek,5,5,How many schools with an average score in Math greater than 400 in the SAT test are exclusively virtual?,104,pass_k,bird_5,results/raw/DeepSeek_bird_pass_k_20260326_202919.jsonl
True,bird,"[true, false, false, false, true]",california_schools,data/bird/dev_databases/california_schools/california_schools.sqlite,simple,False,Charter schools refers to `Charter School (Y/N)` = 1 in the table fprm,True,,SELECT DISTINCT s.Zip FROM schools s JOIN frpm f ON s.CDSCode = f.CDSCode WHERE s.County = 'Fresno' AND f.`Charter School (Y/N)` = 1 AND f.`District Name` LIKE '%Fresno County Office of Education%',True,,SELECT T2.Zip FROM frpm AS T1 INNER JOIN schools AS T2 ON T1.CDSCode = T2.CDSCode WHERE T1.`District Name` = 'Fresno County Office of Education' AND T1.`Charter School (Y/N)` = 1,178,True,DeepSeek,5,5,Please list the zip code of all the charter schools in Fresno County Office of Education.,89,pass_k,bird_2,results/raw/DeepSeek_bird_pass_k_20260326_202919.jsonl
False,bird,"[false, false, false, false, false]",california_schools,data/bird/dev_databases/california_schools/california_schools.sqlite,simple,False,,False,,SELECT s.Phone FROM satscores sc JOIN schools s ON sc.cds = s.CDSCode WHERE sc.AvgScrMath = (SELECT MAX(AvgScrMath) FROM satscores) LIMIT 1,True,,SELECT T1.Phone FROM schools AS T1 INNER JOIN satscores AS T2 ON T1.CDSCode = T2.cds ORDER BY T2.AvgScrMath DESC LIMIT 1,120,True,DeepSeek,5,5,What is the phone number of the school that has the highest average score in Math?,82,pass_k,bird_19,results/raw/DeepSeek_bird_pass_k_20260326_202919.jsonl
False,bird,"[false, false, false, false, false]",california_schools,data/bird/dev_databases/california_schools/california_schools.sqlite,simple,False,,False,,SELECT COUNT(*) FROM satscores s JOIN schools sc ON s.cds = sc.CDSCode WHERE sc.County = 'Fresno' AND sc.FundingType = 'Directly Funded' AND s.NumTstTakr <= 250,True,,SELECT COUNT(T1.CDSCode) FROM frpm AS T1 INNER JOIN satscores AS T2 ON T1.CDSCode = T2.cds WHERE T1.`Charter Funding Type` = 'Directly funded' AND T1.`County Name` = 'Fresno' AND T2.NumTstTakr <= 250,199,True,DeepSeek,5,5,How many schools in Fresno (directly funded) have number of test takers not more than 250?,90,pass_k,bird_18,results/raw/DeepSeek_bird_pass_k_20260326_202919.jsonl
False,bird,"[false, false, false, false, false]",california_schools,data/bird/dev_databases/california_schools/california_schools.sqlite,simple,False,K-12 means First-through-twelfth-grade,False,,SELECT s.OpenDate FROM schools s JOIN frpm f ON s.CDSCode = f.CDSCode WHERE f.`Low Grade` = '1' AND f.`High Grade` = '12' ORDER BY f.`Enrollment (K-12)` DESC LIMIT 1,True,,SELECT T2.OpenDate FROM frpm AS T1 INNER JOIN schools AS T2 ON T1.CDSCode = T2.CDSCode ORDER BY T1.`Enrollment (K-12)` DESC LIMIT 1,131,True,DeepSeek,5,5,When did the first-through-twelfth-grade school with the largest enrollment open?,81,pass_k,bird_29,results/raw/DeepSeek_bird_pass_k_20260326_202919.jsonl
True,bird,"[true, false, false, false, false]",california_schools,data/bird/dev_databases/california_schools/california_schools.sqlite,moderate,False,Charter schools refers to `Charter School (Y/N)` = 1 in the frpm,True,,SELECT s.Phone FROM schools s INNER JOIN frpm f ON s.CDSCode = f.CDSCode WHERE s.Charter = 1 AND f.`Charter Funding Type` = 'Directly funded' AND s.OpenDate > '2000-01-01',True,,SELECT T2.Phone FROM frpm AS T1 INNER JOIN schools AS T2 ON T1.CDSCode = T2.CDSCode WHERE T1.`Charter Funding Type` = 'Directly funded' AND T1.`Charter School (Y/N)` = 1 AND T2.OpenDate > '2000-01-01',200,True,DeepSeek,5,5,Please list the phone numbers of the direct charter-funded schools that are opened after 2000/1/1.,98,pass_k,bird_4,results/raw/DeepSeek_bird_pass_k_20260326_202919.jsonl
False,bird,"[false, false, false, false, false]",california_schools,data/bird/dev_databases/california_schools/california_schools.sqlite,simple,False,,False,no such column: s.NCESchool,SELECT s.NCESchool FROM frpm f JOIN schools s ON f.CDSCode = s.CDSCode ORDER BY f.`Enrollment (Ages 5-17)` DESC LIMIT 5,False,,SELECT T1.NCESSchool FROM schools AS T1 INNER JOIN frpm AS T2 ON T1.CDSCode = T2.CDSCode ORDER BY T2.`Enrollment (Ages 5-17)` DESC LIMIT 5,138,True,DeepSeek,5,5,"List the top five schools, by descending order, from the highest to the lowest, the most number of Enrollment (Ages 5-17). Please give their NCES school identification number.",175,pass_k,bird_14,results/raw/DeepSeek_bird_pass_k_20260326_202919.jsonl
False,bird,"[false, false, false, false, false]",california_schools,data/bird/dev_databases/california_schools/california_schools.sqlite,moderate,False,K-12 refers to students in grades 1 through 12; Eligible free rate for K-12 = `Free Meal Count (K-12)` / `Enrollment (K-12)`,False,,"SELECT frpm.""Percent (%) Eligible Free (K-12)"" FROM frpm WHERE frpm.""Low Grade"" <= '1' AND frpm.""High Grade"" >= '12' ORDER BY frpm.""Enrollment (K-12)"" DESC LIMIT 10 OFFSET 9",True,,"SELECT CAST(`Free Meal Count (K-12)` AS REAL) / `Enrollment (K-12)` FROM frpm ORDER BY `Enrollment (K-12)` DESC LIMIT 9, 2",122,True,DeepSeek,5,5,What is the eligible free rate of the 10th and 11th schools with the highest enrolment for students in grades 1 through 12?,123,pass_k,bird_31,results/raw/DeepSeek_bird_pass_k_20260326_202919.jsonl
False,bird,"[false, false, false, false, false]",california_schools,data/bird/dev_databases/california_schools/california_schools.sqlite,moderate,False,Average of average math = sum(average math scores) / count(schools).,False,,"SELECT s.School, s.FundingType FROM schools s JOIN satscores ss ON s.CDSCode = ss.cds WHERE s.County = 'Riverside' AND ss.AvgScrMath > 400",True,,"SELECT T1.sname, T2.`Charter Funding Type` FROM satscores AS T1 INNER JOIN frpm AS T2 ON T1.cds = T2.CDSCode WHERE T2.`District Name` LIKE 'Riverside%' GROUP BY T1.sname, T2.`Charter Funding Type` HAVING CAST(SUM(T1.AvgScrMath) AS REAL) / COUNT(T1.cds) > 400",258,True,DeepSeek,5,5,"Name schools in Riverside which the average of average math score for SAT is grater than 400, what is the funding type of these schools?",136,pass_k,bird_25,results/raw/DeepSeek_bird_pass_k_20260326_202919.jsonl
True,bird,"[true, true, true, true, true]",california_schools,data/bird/dev_databases/california_schools/california_schools.sqlite,challenging,False,"full name means first name, last name; There are at most 3 administrators for each school; SAT Scores are greater or equal to 1500 refers to NumGE1500",True,,"SELECT s.AdmFName1, s.AdmLName1, s.AdmFName2, s.AdmLName2, s.AdmFName3, s.AdmLName3 FROM satscores ss JOIN schools s ON ss.cds = s.CDSCode WHERE ss.NumGE1500 = (SELECT MAX(NumGE1500) FROM satscores) LIMIT 1",True,,"SELECT T2.AdmFName1, T2.AdmLName1, T2.AdmFName2, T2.AdmLName2, T2.AdmFName3, T2.AdmLName3 FROM satscores AS T1 INNER JOIN schools AS T2 ON T1.cds = T2.CDSCode ORDER BY T1.NumGE1500 DESC LIMIT 1",193,True,DeepSeek,5,5,Under whose administration is the school with the highest number of students scoring 1500 or more on the SAT? Indicate their full names.,136,pass_k,bird_36,results/raw/DeepSeek_bird_pass_k_20260326_202919.jsonl
False,bird,"[false, false, false, false, false]",california_schools,data/bird/dev_databases/california_schools/california_schools.sqlite,simple,False,,False,,SELECT s.District FROM schools s JOIN satscores ss ON s.CDSCode = ss.cds WHERE s.StatusType = 'Active' AND ss.rtype = 'D' GROUP BY s.District ORDER BY AVG(ss.AvgScrRead) DESC LIMIT 1,True,,SELECT T1.District FROM schools AS T1 INNER JOIN satscores AS T2 ON T1.CDSCode = T2.cds WHERE T1.StatusType = 'Active' ORDER BY T2.AvgScrRead DESC LIMIT 1,154,True,DeepSeek,5,5,Which active district has the highest average score in Reading?,63,pass_k,bird_15,results/raw/DeepSeek_bird_pass_k_20260326_202919.jsonl
False,bird,"[false, false, false, false, false]",california_schools,data/bird/dev_databases/california_schools/california_schools.sqlite,moderate,False,"Execellence Rate = NumGE1500 / NumTstTakr; complete address has Street, City, State, Zip code",False,,"SELECT s.Street, s.City, s.Zip, s.State FROM schools s JOIN satscores ss ON s.CDSCode = ss.cds WHERE ss.rtype = 'S' ORDER BY CAST(ss.NumGE1500 AS REAL) / NULLIF(ss.NumTstTakr, 0) ASC LIMIT 1",True,,"SELECT T2.Street, T2.City, T2.State, T2.Zip FROM satscores AS T1 INNER JOIN schools AS T2 ON T1.cds = T2.CDSCode ORDER BY CAST(T1.NumGE1500 AS REAL) / T1.NumTstTakr ASC LIMIT 1",176,True,DeepSeek,5,5,"What is the complete address of the school with the lowest excellence rate? Indicate the Street, City, Zip and State.",117,pass_k,bird_37,results/raw/DeepSeek_bird_pass_k_20260326_202919.jsonl
False,bird,"[false, false, false, false, false]",california_schools,data/bird/dev_databases/california_schools/california_schools.sqlite,simple,False,,False,,"SELECT frpm.""Educational Option Type"" FROM satscores JOIN frpm ON satscores.cds = frpm.CDSCode WHERE satscores.AvgScrMath = (SELECT MAX(AvgScrMath) FROM satscores) LIMIT 1",True,,SELECT T2.EdOpsName FROM satscores AS T1 INNER JOIN schools AS T2 ON T1.cds = T2.CDSCode ORDER BY T1.AvgScrMath DESC LIMIT 1,124,True,DeepSeek,5,5,What is the type of education offered in the school who scored the highest average in Math?,91,pass_k,bird_42,results/raw/DeepSeek_bird_pass_k_20260326_202919.jsonl
False,bird,"[false, false, false, false, false]",california_schools,data/bird/dev_databases/california_schools/california_schools.sqlite,simple,False,Valid charter number means the number is not null,False,,"SELECT s.School, s.CharterNum, AVG(ss.AvgScrWrite) AS AvgWritingScore FROM schools s JOIN satscores ss ON s.CDSCode = ss.cds WHERE ss.AvgScrWrite > 499 GROUP BY s.School, s.CharterNum ORDER BY AvgWritingScore DESC",True,,"SELECT CharterNum, AvgScrWrite, RANK() OVER (ORDER BY AvgScrWrite DESC) AS WritingScoreRank FROM schools AS T1  INNER JOIN satscores AS T2 ON T1.CDSCode = T2.cds WHERE T2.AvgScrWrite > 499 AND CharterNum is not null",215,True,DeepSeek,5,5,"Rank schools by their average score in Writing where the score is greater than 499, showing their charter numbers.",114,pass_k,bird_17,results/raw/DeepSeek_bird_pass_k_20260326_202919.jsonl
False,bird,"[false, false, false, false, false]",california_schools,data/bird/dev_databases/california_schools/california_schools.sqlite,simple,False,,False,,"SELECT s.School, s.CDSCode, ss.NumTstTakr FROM schools s JOIN satscores ss ON s.CDSCode = ss.cds WHERE s.County = 'Contra Costa' ORDER BY ss.NumTstTakr DESC LIMIT 1",True,,SELECT sname FROM satscores WHERE cname = 'Contra Costa' AND sname IS NOT NULL ORDER BY NumTstTakr DESC LIMIT 1,111,True,DeepSeek,5,5,Which school in Contra Costa has the highest number of test takers?,67,pass_k,bird_22,results/raw/DeepSeek_bird_pass_k_20260326_202919.jsonl
False,bird,"[false, false, false, false, false]",california_schools,data/bird/dev_databases/california_schools/california_schools.sqlite,simple,False,,False,no such column: s.AvgScrWrite,"SELECT s.City, s.AvgScrWrite FROM satscores ss JOIN schools s ON ss.cds = s.CDSCode WHERE ss.NumGE1500 = (SELECT MAX(NumGE1500) FROM satscores) LIMIT 1",False,,"SELECT T1.AvgScrWrite, T2.City FROM satscores AS T1 INNER JOIN schools AS T2 ON T1.cds = T2.CDSCode ORDER BY T1.NumGE1500 DESC LIMIT 1",134,True,DeepSeek,5,5,What is the average writing score of the school who has the highest number of test takers whose total SAT sscores are greater or equal to 1500? Indicate the city to where the school is situated.,194,pass_k,bird_44,results/raw/DeepSeek_bird_pass_k_20260326_202919.jsonl
False,bird,"[false, false, false, false, false]",california_schools,data/bird/dev_databases/california_schools/california_schools.sqlite,simple,False,,False,,SELECT COUNT(DISTINCT s.CDSCode) FROM schools s JOIN satscores ss ON s.CDSCode = ss.cds WHERE ss.AvgScrMath > 560 AND s.FundingType = 'Directly Funded' AND s.Charter = 1,True,,SELECT COUNT(T2.`School Code`) FROM satscores AS T1 INNER JOIN frpm AS T2 ON T1.cds = T2.CDSCode WHERE T1.AvgScrMath > 560 AND T2.`Charter Funding Type` = 'Directly funded',172,True,DeepSeek,5,5,"Among the schools with the average score in Math over 560 in the SAT test, how many schools are directly charter-funded?",120,pass_k,bird_9,results/raw/DeepSeek_bird_pass_k_20260326_202919.jsonl
False,bird,"[false, false, false, false, false]",california_schools,data/bird/dev_databases/california_schools/california_schools.sqlite,moderate,False,Average score for all subjects can be computed by AvgScrMath + AvgScrRead + AvgScrWrite,False,no such column: s.County,"SELECT s.County, s.AvgScrMath FROM satscores s JOIN (SELECT cds, (AvgScrRead + AvgScrMath + AvgScrWrite) / 3.0 AS avg_total FROM satscores WHERE AvgScrRead IS NOT NULL AND AvgScrMath IS NOT NULL AND AvgScrWrite IS NOT NULL ORDER BY avg_total ASC LIMIT 1) lowest ON s.cds = lowest.cds",False,,"SELECT T1.AvgScrMath, T2.County FROM satscores AS T1 INNER JOIN schools AS T2 ON T1.cds = T2.CDSCode WHERE T1.AvgScrMath IS NOT NULL ORDER BY T1.AvgScrMath + T1.AvgScrRead + T1.AvgScrWrite ASC LIMIT 1",200,True,DeepSeek,5,5,"What is the average math score of the school with the lowest average score for all subjects, and in which county is it located?",127,pass_k,bird_43,results/raw/DeepSeek_bird_pass_k_20260326_202919.jsonl
False,bird,"[false, false, false, false, false]",california_schools,data/bird/dev_databases/california_schools/california_schools.sqlite,moderate,False,"Full communication address should include Street, City, State and zip code if any.",False,,"SELECT s.School, s.Street, s.City, s.Zip, s.State FROM schools s JOIN frpm f ON s.CDSCode = f.CDSCode WHERE s.County = 'Monterey' AND f.`FRPM Count (Ages 5-17)` > 800 AND f.`High Grade` LIKE '%12%'",True,,"SELECT T1.`School Name`, T2.Street, T2.City, T2.State, T2.Zip FROM frpm AS T1 INNER JOIN schools AS T2 ON T1.CDSCode = T2.CDSCode WHERE T2.County = 'Monterey' AND T1.`Free Meal Count (Ages 5-17)` > 800 AND T1.`School Type` = 'High Schools (Public)'",248,True,DeepSeek,5,5,State the names and full communication address of high schools in Monterey which has more than 800 free or reduced price meals for ages 15-17?,142,pass_k,bird_26,results/raw/DeepSeek_bird_pass_k_20260326_202919.jsonl
False,bird,"[false, false, false, false, false]",california_schools,data/bird/dev_databases/california_schools/california_schools.sqlite,moderate,False,,False,,"SELECT s.School, s.Website FROM frpm f JOIN schools s ON f.CDSCode = s.CDSCode WHERE f.`Free Meal Count (Ages 5-17)` BETWEEN 1900 AND 2000 AND s.Website IS NOT NULL",True,,"SELECT T2.Website, T1.`School Name` FROM frpm AS T1 INNER JOIN schools AS T2 ON T1.CDSCode = T2.CDSCode WHERE T1.`Free Meal Count (Ages 5-17)` BETWEEN 1900 AND 2000 AND T2.Website IS NOT NULL",191,True,DeepSeek,5,5,"If there are any, what are the websites address of the schools with a free meal count of 1,900-2,000 to students aged 5-17? Include the name of the school.",155,pass_k,bird_33,results/raw/DeepSeek_bird_pass_k_20260326_202919.jsonl
True,bird,"[false, true, false, false, false]",california_schools,data/bird/dev_databases/california_schools/california_schools.sqlite,simple,False,Magnet schools or offer a magnet program means that Magnet = 1,False,,SELECT DISTINCT s.School FROM schools s JOIN satscores sat ON s.CDSCode = sat.cds WHERE sat.NumTstTakr > 500 AND (s.Magnet = 1 OR s.Magnet IS NOT NULL),True,,SELECT T2.School FROM satscores AS T1 INNER JOIN schools AS T2 ON T1.cds = T2.CDSCode WHERE T2.Magnet = 1 AND T1.NumTstTakr > 500,129,True,DeepSeek,5,5,"Among the schools with the SAT test takers of over 500, please list the schools that are magnet schools or offer a magnet program.",130,pass_k,bird_6,results/raw/DeepSeek_bird_pass_k_20260326_202919.jsonl
True,bird,"[true, true, true, true, false]",california_schools,data/bird/dev_databases/california_schools/california_schools.sqlite,moderate,False,Charted school means `Charter School (Y/N)` = 1 in the table frpm; Students enrolled in grades 1 through 12 refers to `Enrollment (K-12)`,True,,SELECT s.AdmEmail1 FROM schools s JOIN frpm f ON s.CDSCode = f.CDSCode WHERE s.Charter = 1 AND f.`Enrollment (K-12)` IS NOT NULL ORDER BY f.`Enrollment (K-12)` ASC LIMIT 1,True,,SELECT T2.AdmEmail1 FROM frpm AS T1 INNER JOIN schools AS T2 ON T1.CDSCode = T2.CDSCode WHERE T1.`Charter School (Y/N)` = 1 ORDER BY T1.`Enrollment (K-12)` ASC LIMIT 1,167,True,DeepSeek,5,5,What is the administrator's email address of the chartered school with the fewest students enrolled in grades 1 through 12?,123,pass_k,bird_35,results/raw/DeepSeek_bird_pass_k_20260326_202919.jsonl
False,bird,"[false, false, false, false, false]",california_schools,data/bird/dev_databases/california_schools/california_schools.sqlite,moderate,False,Eligible free rates for students aged 5-17 = `Free Meal Count (Ages 5-17)` / `Enrollment (Ages 5-17)`,False,,SELECT `Percent (%) Eligible Free (Ages 5-17)` FROM frpm WHERE `School Name` = 'Kacey Gibson',True,,SELECT CAST(T2.`Free Meal Count (Ages 5-17)` AS REAL) / T2.`Enrollment (Ages 5-17)` FROM schools AS T1 INNER JOIN frpm AS T2 ON T1.CDSCode = T2.CDSCode WHERE T1.AdmFName1 = 'Kacey' AND T1.AdmLName1 = 'Gibson',208,True,DeepSeek,5,5,What is the free rate for students between the ages of 5 and 17 at the school run by Kacey Gibson?,98,pass_k,bird_34,results/raw/DeepSeek_bird_pass_k_20260326_202919.jsonl
False,bird,"[false, false, false, false, false]",california_schools,data/bird/dev_databases/california_schools/california_schools.sqlite,simple,False,,False,,"SELECT s.MailStreet, s.School FROM satscores ss JOIN schools s ON ss.cds = s.CDSCode WHERE ss.AvgScrRead = (SELECT MIN(AvgScrRead) FROM satscores WHERE AvgScrRead IS NOT NULL) LIMIT 1",True,,"SELECT T2.MailStreet, T2.School FROM satscores AS T1 INNER JOIN schools AS T2 ON T1.cds = T2.CDSCode WHERE T1.AvgScrRead IS NOT NULL ORDER BY T1.AvgScrRead ASC LIMIT 1",167,True,DeepSeek,5,5,In which mailing street address can you find the school that has the lowest average score in reading? Also give the school's name.,130,pass_k,bird_51,results/raw/DeepSeek_bird_pass_k_20260326_202919.jsonl
True,bird,"[true, false, false, false, false]",california_schools,data/bird/dev_databases/california_schools/california_schools.sqlite,simple,False,Postal street and mailing street are synonyms.,True,,"SELECT s.Street, s.School FROM satscores ss JOIN schools s ON ss.cds = s.CDSCode WHERE ss.AvgScrMath IS NOT NULL ORDER BY ss.AvgScrMath DESC LIMIT 1 OFFSET 6",True,,"SELECT T2.MailStreet, T2.School FROM satscores AS T1 INNER JOIN schools AS T2 ON T1.cds = T2.CDSCode ORDER BY T1.AvgScrMath DESC LIMIT 6, 1",139,True,DeepSeek,5,5,What is the postal street address for the school with the 7th highest Math average? Indicate the school's name.,111,pass_k,bird_50,results/raw/DeepSeek_bird_pass_k_20260326_202919.jsonl
True,bird,"[true, true, true, true, true]",california_schools,data/bird/dev_databases/california_schools/california_schools.sqlite,simple,False,between 1/1/1980 and 12/31/1980 means the year = 1980,True,,SELECT AVG(NumTstTakr) FROM satscores JOIN schools ON satscores.cds = schools.CDSCode WHERE schools.County = 'Fresno' AND schools.OpenDate BETWEEN '1980-01-01' AND '1980-12-31',True,,"SELECT AVG(T1.NumTstTakr) FROM satscores AS T1 INNER JOIN schools AS T2 ON T1.cds = T2.CDSCode WHERE strftime('%Y', T2.OpenDate) = '1980' AND T2.County = 'Fresno'",162,True,DeepSeek,5,5,What is the average number of test takers from Fresno schools that opened between 1/1/1980 and 12/31/1980?,106,pass_k,bird_39,results/raw/DeepSeek_bird_pass_k_20260326_202919.jsonl
False,bird,"[false, false, false, false, false]",california_schools,data/bird/dev_databases/california_schools/california_schools.sqlite,simple,False,K-12 refers to students in grades 1 through 12.,False,,SELECT s.City FROM schools s JOIN satscores ss ON s.CDSCode = ss.cds WHERE ss.enroll12 IS NOT NULL ORDER BY ss.enroll12 ASC LIMIT 5,True,,SELECT T2.City FROM frpm AS T1 INNER JOIN schools AS T2 ON T1.CDSCode = T2.CDSCode GROUP BY T2.City ORDER BY SUM(T1.`Enrollment (K-12)`) ASC LIMIT 5,148,True,DeepSeek,5,5,Which cities have the top 5 lowest enrollment number for students in grades 1 through 12?,89,pass_k,bird_30,results/raw/DeepSeek_bird_pass_k_20260326_202919.jsonl
False,bird,"[false, false, false, false, false]",california_schools,data/bird/dev_databases/california_schools/california_schools.sqlite,moderate,False,Percent eligible for free meals = Free Meal Count (K-12) / Total (Enrollment (K-12),False,,SELECT DISTINCT s.School FROM schools s JOIN frpm f ON s.CDSCode = f.CDSCode JOIN satscores sat ON s.CDSCode = sat.cds WHERE f.`Percent (%) Eligible Free (K-12)` > 0.1 AND sat.NumGE1500 > 0,True,,SELECT T2.`School Name` FROM satscores AS T1 INNER JOIN frpm AS T2 ON T1.cds = T2.CDSCode WHERE CAST(T2.`Free Meal Count (K-12)` AS REAL) / T2.`Enrollment (K-12)` > 0.1 AND T1.NumGE1500 > 0,189,True,DeepSeek,5,5,Give the names of the schools with the percent eligible for free meals in K-12 is more than 0.1 and test takers whose test score is greater than or equal to 1500?,162,pass_k,bird_24,results/raw/DeepSeek_bird_pass_k_20260326_202919.jsonl
False,bird,"[false, false, false, false, false]",california_schools,data/bird/dev_databases/california_schools/california_schools.sqlite,moderate,False,grades 1-12 means K-12; Eligible free or reduced price meal rate for K-12 = `FRPM Count (K-12)` / `Enrollment (K-12)`,False,,"SELECT s.School, f.`FRPM Count (K-12)`, f.`Percent (%) Eligible FRPM (K-12)` FROM frpm f JOIN schools s ON f.CDSCode = s.CDSCode WHERE s.DOC = '66' AND f.`Low Grade` <= '1' AND f.`High Grade` >= '12' ORDER BY f.`FRPM Count (K-12)` DESC LIMIT 5",True,,SELECT CAST(T1.`FRPM Count (K-12)` AS REAL) / T1.`Enrollment (K-12)` FROM frpm AS T1 INNER JOIN schools AS T2 ON T1.CDSCode = T2.CDSCode WHERE T2.SOC = 66 ORDER BY T1.`FRPM Count (K-12)` DESC LIMIT 5,199,True,DeepSeek,5,5,What is the eligible free or reduced price meal rate for the top 5 schools in grades 1-12 with the highest free or reduced price meal count of the schools with the ownership code 66?,182,pass_k,bird_32,results/raw/DeepSeek_bird_pass_k_20260326_202919.jsonl
True,bird,"[true, true, true, true, true]",california_schools,data/bird/dev_databases/california_schools/california_schools.sqlite,moderate,False,"Usually, administrators manage the school stuff.",True,,"SELECT s.School, ss.AvgScrWrite FROM schools s JOIN satscores ss ON s.CDSCode = ss.cds WHERE s.AdmFName1 = 'Ricci' AND s.AdmLName1 = 'Ulrich' OR s.AdmFName2 = 'Ricci' AND s.AdmLName2 = 'Ulrich' OR s.AdmFName3 = 'Ricci' AND s.AdmLName3 = 'Ulrich'",True,,"SELECT T2.School, T1.AvgScrWrite FROM satscores AS T1 INNER JOIN schools AS T2 ON T1.cds = T2.CDSCode WHERE T2.AdmFName1 = 'Ricci' AND T2.AdmLName1 = 'Ulrich'",158,True,DeepSeek,5,5,What is the average writing score of each of the schools managed by Ricci Ulrich? List the schools and the corresponding average writing scores.,144,pass_k,bird_45,results/raw/DeepSeek_bird_pass_k_20260326_202919.jsonl
False,bird,"[false, false, false, false, false]",california_schools,data/bird/dev_databases/california_schools/california_schools.sqlite,moderate,False,Diffrence in enrollement = `Enrollment (K-12)` - `Enrollment (Ages 5-17)`,False,,"SELECT s.School, s.Street, s.City, s.State, s.Zip FROM frpm f JOIN schools s ON f.CDSCode = s.CDSCode WHERE ABS(f.`Enrollment (K-12)` - f.`Enrollment (Ages 5-17)`) > 30",True,,"SELECT T1.School, T1.Street FROM schools AS T1 INNER JOIN frpm AS T2 ON T1.CDSCode = T2.CDSCode WHERE T2.`Enrollment (K-12)` - T2.`Enrollment (Ages 5-17)` > 30",159,True,DeepSeek,5,5,List the names of schools with more than 30 difference in enrollements between K-12 and ages 5-17? Please also give the full street adress of the schools.,154,pass_k,bird_23,results/raw/DeepSeek_bird_pass_k_20260326_202919.jsonl
True,bird,"[false, false, false, true, true]",california_schools,data/bird/dev_databases/california_schools/california_schools.sqlite,moderate,False,Fresno Unified is a name of district;,False,,SELECT s.Phone FROM satscores ss JOIN schools s ON ss.cds = s.CDSCode WHERE ss.cname = 'Fresno Unified' AND ss.AvgScrRead = (SELECT MIN(AvgScrRead) FROM satscores WHERE cname = 'Fresno Unified') LIMIT 1,True,,SELECT T2.Phone FROM satscores AS T1 INNER JOIN schools AS T2 ON T1.cds = T2.CDSCode WHERE T2.District = 'Fresno Unified' AND T1.AvgScrRead IS NOT NULL ORDER BY T1.AvgScrRead ASC LIMIT 1,186,True,DeepSeek,5,5,What is the telephone number for the school with the lowest average score in reading in Fresno Unified?,103,pass_k,bird_40,results/raw/DeepSeek_bird_pass_k_20260326_202919.jsonl
False,bird,"[false, false, false, false, false]",california_schools,data/bird/dev_databases/california_schools/california_schools.sqlite,challenging,False,Difference between K-12 enrollment and 15-17 enrollment can be computed by `Enrollment (K-12)` - `Enrollment (Ages 5-17)`,False,,"SELECT s.School, s.DOCType FROM schools s JOIN frpm f ON s.CDSCode = f.CDSCode WHERE f.`Enrollment (K-12)` - f.`Enrollment (Ages 5-17)` > (SELECT AVG(f2.`Enrollment (K-12)` - f2.`Enrollment (Ages 5-17)`) FROM frpm f2 JOIN schools s2 ON f2.CDSCode = s2.CDSCode WHERE s2.FundingType = 'Locally funded') AND s.FundingType = 'Locally funded'",True,,"SELECT T2.School, T2.DOC FROM frpm AS T1 INNER JOIN schools AS T2 ON T1.CDSCode = T2.CDSCode WHERE T2.FundingType = 'Locally funded' AND (T1.`Enrollment (K-12)` - T1.`Enrollment (Ages 5-17)`) > (SELECT AVG(T3.`Enrollment (K-12)` - T3.`Enrollment (Ages 5-17)`) FROM frpm AS T3 INNER JOIN schools AS T4 ON T3.CDSCode = T4.CDSCode WHERE T4.FundingType = 'Locally funded')",368,True,DeepSeek,5,5,"Consider the average difference between K-12 enrollment and 15-17 enrollment of schools that are locally funded, list the names and DOC type of schools which has a difference above this average.",194,pass_k,bird_28,results/raw/DeepSeek_bird_pass_k_20260326_202919.jsonl
False,bird,"[false, false, false, false, false]",california_schools,data/bird/dev_databases/california_schools/california_schools.sqlite,simple,False,,False,,"SELECT s.Phone, s.Ext FROM satscores sc JOIN schools s ON sc.cds = s.CDSCode WHERE sc.rtype = 'S' ORDER BY sc.AvgScrWrite DESC LIMIT 1 OFFSET 332",True,,"SELECT T2.Phone, T2.Ext FROM satscores AS T1 INNER JOIN schools AS T2 ON T1.cds = T2.CDSCode ORDER BY T1.AvgScrWrite DESC LIMIT 332, 1",134,True,DeepSeek,5,5,What is the phone number and extension number for the school that had the 333rd highest average writing score?,110,pass_k,bird_57,results/raw/DeepSeek_bird_pass_k_20260326_202919.jsonl
False,bird,"[false, false, false, false, false]",california_schools,data/bird/dev_databases/california_schools/california_schools.sqlite,simple,False,,False,,"SELECT School, Phone, Ext FROM schools WHERE Zip = '95203-3704'",True,,"SELECT Phone, Ext, School FROM schools WHERE Zip = '95203-3704'",63,True,DeepSeek,5,5,What is the phone number and extension number for the school with the zip code 95203-3704? Indicate the school's name.,118,pass_k,bird_58,results/raw/DeepSeek_bird_pass_k_20260326_202919.jsonl
False,bird,"[false, false, false, false, false]",california_schools,data/bird/dev_databases/california_schools/california_schools.sqlite,moderate,False,Elementary School District refers to DOC = 52; Unified School District refers to DOC = 54.,False,,SELECT (SELECT COUNT(*) FROM frpm WHERE `County Name` = 'Orange County' AND `District Type` = 'Unified' AND `School Type` = 'Merged') * 1.0 / (SELECT COUNT(*) FROM frpm WHERE `County Name` = 'Orange County' AND `District Type` = 'Elementary' AND `School Type` = 'Merged') AS ratio,True,,SELECT CAST(SUM(CASE WHEN DOC = 54 THEN 1 ELSE 0 END) AS REAL) / SUM(CASE WHEN DOC = 52 THEN 1 ELSE 0 END) FROM schools WHERE StatusType = 'Merged' AND County = 'Orange',169,True,DeepSeek,5,5,What is the ratio of merged Unified School District schools in Orange County to merged Elementary School District schools?,122,pass_k,bird_48,results/raw/DeepSeek_bird_pass_k_20260326_202919.jsonl
True,bird,"[true, true, true, true, true]",california_schools,data/bird/dev_databases/california_schools/california_schools.sqlite,simple,False,,True,,SELECT s.Website FROM satscores ss JOIN schools s ON ss.cds = s.CDSCode WHERE s.County = 'Los Angeles' AND ss.NumTstTakr BETWEEN 2000 AND 3000,True,,SELECT T2.Website FROM satscores AS T1 INNER JOIN schools AS T2 ON T1.cds = T2.CDSCode WHERE T1.NumTstTakr BETWEEN 2000 AND 3000 AND T2.County = 'Los Angeles',158,True,DeepSeek,5,5,"What are the webpages for the Los Angeles County school that has between 2,000 and 3,000 test takers?",101,pass_k,bird_38,results/raw/DeepSeek_bird_pass_k_20260326_202919.jsonl
True,bird,"[true, false, false, false, false]",california_schools,data/bird/dev_databases/california_schools/california_schools.sqlite,simple,False,Virtual = 'P' means partially virtual; Charter schools refers to Charter = 1 in the table schools,True,,SELECT s.Website FROM schools s WHERE s.County = 'San Joaquin' AND s.Charter = 1 AND s.Virtual = 'P',True,,SELECT Website FROM schools WHERE County = 'San Joaquin' AND Virtual = 'P' AND Charter = 1,90,True,DeepSeek,5,5,What are the websites for all the partially virtual chartered schools located in San Joaquin?,93,pass_k,bird_60,results/raw/DeepSeek_bird_pass_k_20260326_202919.jsonl
True,bird,"[true, true, true, true, true]",california_schools,data/bird/dev_databases/california_schools/california_schools.sqlite,simple,False,,True,,SELECT COUNT(*) FROM schools WHERE MailState = 'CA' AND City = 'San Joaquin' AND StatusType = 'Active',True,,SELECT COUNT(CDSCode) FROM schools WHERE City = 'San Joaquin' AND MailState = 'CA' AND StatusType = 'Active',108,True,DeepSeek,5,5,"Of all the schools with a mailing state address in California, how many are active in San Joaquin city?",103,pass_k,bird_56,results/raw/DeepSeek_bird_pass_k_20260326_202919.jsonl
False,bird,"[false, false, false, false, false]",california_schools,data/bird/dev_databases/california_schools/california_schools.sqlite,challenging,False,non-chartered schools refer to schools whose Charter = 0; K-12 means grades 1 through 12; percent of eligible free rate for K-12 = `Free Meal Count (K-12)` * 100 / `Enrollment (K-12)`,False,,SELECT COUNT(*) FROM frpm WHERE `County Name` = 'Los Angeles' AND `Charter School (Y/N)` = 0 AND `Percent (%) Eligible Free (K-12)` < 0.18,True,,SELECT COUNT(T2.School) FROM frpm AS T1 INNER JOIN schools AS T2 ON T1.CDSCode = T2.CDSCode WHERE T2.County = 'Los Angeles' AND T2.Charter = 0 AND CAST(T1.`Free Meal Count (K-12)` AS REAL) * 100 / T1.`Enrollment (K-12)` < 0.18,226,True,DeepSeek,5,5,What is the total number of non-chartered schools in the county of Los Angeles with a percent (%) of eligible free meals for grades 1 through 12 that is less than 0.18%?,169,pass_k,bird_62,results/raw/DeepSeek_bird_pass_k_20260326_202919.jsonl
False,bird,"[false, false, false, false, false]",california_schools,data/bird/dev_databases/california_schools/california_schools.sqlite,simple,False,,False,,"SELECT DISTINCT s.School, s.MailZip FROM schools s WHERE s.AdmFName1 = 'Avetik' AND s.AdmLName1 = 'Atoian' OR s.AdmFName2 = 'Avetik' AND s.AdmLName2 = 'Atoian' OR s.AdmFName3 = 'Avetik' AND s.AdmLName3 = 'Atoian'",True,,"SELECT School, MailZip FROM schools WHERE AdmFName1 = 'Avetik' AND AdmLName1 = 'Atoian'",87,True,DeepSeek,5,5,Please specify all of the schools and their related mailing zip codes that are under Avetik Atoian's administration.,116,pass_k,bird_54,results/raw/DeepSeek_bird_pass_k_20260326_202919.jsonl
True,bird,"[true, true, true, true, true]",california_schools,data/bird/dev_databases/california_schools/california_schools.sqlite,simple,False,,True,,SELECT DISTINCT s.Website FROM schools s WHERE (s.AdmFName1 = 'Mike' AND s.AdmLName1 = 'Larson') OR (s.AdmFName1 = 'Dante' AND s.AdmLName1 = 'Alvarez') OR (s.AdmFName2 = 'Mike' AND s.AdmLName2 = 'Larson') OR (s.AdmFName2 = 'Dante' AND s.AdmLName2 = 'Alvarez') OR (s.AdmFName3 = 'Mike' AND s.AdmLName3 = 'Larson') OR (s.AdmFName3 = 'Dante' AND s.AdmLName3 = 'Alvarez'),True,,SELECT Website FROM schools WHERE (AdmFName1 = 'Mike' AND AdmLName1 = 'Larson') OR (AdmFName1 = 'Dante' AND AdmLName1 = 'Alvarez'),130,True,DeepSeek,5,5,What is the website for the schools under the administrations of Mike Larson and Dante Alvarez?,95,pass_k,bird_59,results/raw/DeepSeek_bird_pass_k_20260326_202919.jsonl
True,bird,"[true, true, true, true, true]",california_schools,data/bird/dev_databases/california_schools/california_schools.sqlite,simple,False,,True,,SELECT COUNT(*) FROM schools WHERE MailCity = 'Hickman' AND CharterNum = '00D4',True,,SELECT COUNT(*) FROM schools WHERE CharterNum = '00D4' AND MailCity = 'Hickman',79,True,DeepSeek,5,5,What is the total number of schools with a mailing city in Hickman belonging to the charter number 00D4?,104,pass_k,bird_64,results/raw/DeepSeek_bird_pass_k_20260326_202919.jsonl
True,bird,"[false, false, false, false, true]",california_schools,data/bird/dev_databases/california_schools/california_schools.sqlite,simple,False,Total SAT scores can be computed by AvgScrRead + AvgScrMath + AvgScrWrite,False,,SELECT COUNT(*) FROM schools s JOIN satscores sat ON s.CDSCode = sat.cds WHERE s.MailCity = 'Lakeport' AND sat.NumGE1500 >= 1500,True,,SELECT COUNT(T1.cds) FROM satscores AS T1 INNER JOIN schools AS T2 ON T1.cds = T2.CDSCode WHERE T2.MailCity = 'Lakeport' AND (T1.AvgScrRead + T1.AvgScrMath + T1.AvgScrWrite) >= 1500,181,True,DeepSeek,5,5,What is the total number of schools whose total SAT scores are greater or equal to 1500 whose mailing city is Lakeport?,119,pass_k,bird_52,results/raw/DeepSeek_bird_pass_k_20260326_202919.jsonl
False,bird,"[false, false, false, false, false]",california_schools,data/bird/dev_databases/california_schools/california_schools.sqlite,simple,False,,False,,SELECT SUM(NumTstTakr) FROM satscores WHERE cds IN (SELECT CDSCode FROM schools WHERE MailCity = 'Fresno'),True,,SELECT T1.NumTstTakr FROM satscores AS T1 INNER JOIN schools AS T2 ON T1.cds = T2.CDSCode WHERE T2.MailCity = 'Fresno',118,True,DeepSeek,5,5,How many test takers are there at the school/s whose mailing city address is in Fresno?,87,pass_k,bird_53,results/raw/DeepSeek_bird_pass_k_20260326_202919.jsonl
True,bird,"[true, true, true, true, true]",california_schools,data/bird/dev_databases/california_schools/california_schools.sqlite,moderate,False,Ratio = count(schools in Colusa) / count(schools in Humboldt),True,,SELECT (SELECT COUNT(*) FROM schools WHERE MailState = 'CA' AND County = 'Colusa') * 1.0 / (SELECT COUNT(*) FROM schools WHERE MailState = 'CA' AND County = 'Humboldt') AS ratio,True,,SELECT CAST(SUM(CASE WHEN County = 'Colusa' THEN 1 ELSE 0 END) AS REAL) / SUM(CASE WHEN County = 'Humboldt' THEN 1 ELSE 0 END) FROM schools WHERE MailState = 'CA',162,True,DeepSeek,5,5,"Of the schools with a mailing state address in California, what is the ratio of the schools located in the county of Colusa against the school located in the county of Humboldt?",177,pass_k,bird_55,results/raw/DeepSeek_bird_pass_k_20260326_202919.jsonl
False,bird,"[false, false, false, false, false]",california_schools,data/bird/dev_databases/california_schools/california_schools.sqlite,simple,False,Exclusively virtual refers to Virtual = 'F'; respective counties means PARTITION BY County,False,,"SELECT s.School FROM schools s JOIN satscores ss ON s.CDSCode = ss.cds WHERE s.Virtual = 'Y' AND ss.rtype = 'S' AND ss.AvgScrRead IS NOT NULL AND (SELECT COUNT(*) FROM satscores ss2 JOIN schools s2 ON ss2.cds = s2.CDSCode WHERE s2.County = s.County AND ss2.rtype = 'S' AND ss2.AvgScrRead IS NOT NULL AND ss2.AvgScrRead > ss.AvgScrRead) < 5 ORDER BY s.County, ss.AvgScrRead DESC",True,,"SELECT School FROM (SELECT T2.School,T1.AvgScrRead, RANK() OVER (PARTITION BY T2.County ORDER BY T1.AvgScrRead DESC) AS rnk FROM satscores AS T1 INNER JOIN schools AS T2 ON T1.cds = T2.CDSCode WHERE T2.Virtual = 'F' ) ranked_schools WHERE rnk <= 5",247,True,DeepSeek,5,5,List the names of virtual schools that are among the top 5 in their respective counties based on average reading scores.,120,pass_k,bird_41,results/raw/DeepSeek_bird_pass_k_20260326_202919.jsonl
False,bird,"[false, false, false, false, false]",california_schools,data/bird/dev_databases/california_schools/california_schools.sqlite,simple,False,"Chartered schools refer to Charter = 1 in the table schools; Full name refers to first name, last name",False,,"SELECT s.School, s.City, s.AdmFName1, s.AdmLName1, s.AdmFName2, s.AdmLName2, s.AdmFName3, s.AdmLName3 FROM schools s WHERE s.Charter = 1 AND s.CharterNum = '00D2'",True,,"SELECT AdmFName1, AdmLName1, School, City FROM schools WHERE Charter = 1 AND CharterNum = '00D2'",96,True,DeepSeek,5,5,"In chartered schools with charter number 00D2, what are the names of all the administrators? Include the name of the school and the city to which it belongs",156,pass_k,bird_63,results/raw/DeepSeek_bird_pass_k_20260326_202919.jsonl
False,bird,"[false, false, false, false, false]",california_schools,data/bird/dev_databases/california_schools/california_schools.sqlite,moderate,False,Closure date and closed date are synonyms; 'Closed' was mentioned in schools.StatusType.,False,,"SELECT s.County, s.School, s.ClosedDate FROM schools s WHERE s.StatusType = 'Closed' GROUP BY s.County, s.School, s.ClosedDate ORDER BY COUNT(*) OVER (PARTITION BY s.County) DESC, s.County, s.School LIMIT 1",True,,"SELECT DISTINCT County, School, ClosedDate FROM schools WHERE County = ( SELECT County FROM schools WHERE StatusType = 'Closed' GROUP BY County ORDER BY COUNT(School) DESC LIMIT 1 ) AND StatusType = 'Closed' AND school IS NOT NULL",230,True,DeepSeek,5,5,Which different county has the most number of closed schools? Please provide the name of each school as well as the closure date.,129,pass_k,bird_49,results/raw/DeepSeek_bird_pass_k_20260326_202919.jsonl
False,bird,"[false, false, false, false, false]",california_schools,data/bird/dev_databases/california_schools/california_schools.sqlite,simple,False,"When magent is equal to 0 in the database, it means ths school doesn't offer a magnet program.",False,,"SELECT frpm.""District Code"" FROM frpm JOIN schools ON frpm.CDSCode = schools.CDSCode WHERE schools.City = 'Fresno' AND schools.Magnet = 0 LIMIT 1",True,,SELECT T1.`District Code` FROM frpm AS T1 INNER JOIN schools AS T2 ON T1.CDSCode = T2.CDSCode WHERE T2.City = 'Fresno' AND T2.Magnet = 0,136,True,DeepSeek,5,5,What is the district code for the School that does not offer a magnet program in the city of Fresno?,100,pass_k,bird_71,results/raw/DeepSeek_bird_pass_k_20260326_202919.jsonl
False,bird,"[false, false, false, false, false]",california_schools,data/bird/dev_databases/california_schools/california_schools.sqlite,moderate,False,Ratio in percentage = (count(locally funded schools in Santa Clara) / count(all funding type schools in Santa Clara) * 100%,False,,SELECT (COUNT(CASE WHEN frpm.`Charter Funding Type` = 'Locally funded' THEN 1 END) * 100.0 / COUNT(*)) AS percentage_ratio FROM frpm WHERE frpm.`County Name` = 'Santa Clara County' AND frpm.`Charter School (Y/N)` = 1 AND frpm.`Charter Funding Type` IS NOT NULL,True,,SELECT CAST(SUM(CASE WHEN FundingType = 'Locally funded' THEN 1 ELSE 0 END) AS REAL) * 100 / SUM(CASE WHEN FundingType != 'Locally funded' THEN 1 ELSE 0 END) FROM schools WHERE County = 'Santa Clara' AND Charter = 1,215,True,DeepSeek,5,5,What is the ratio in percentage of Santa Clara County schools that are locally funded compared to all other types of charter school funding?,140,pass_k,bird_65,results/raw/DeepSeek_bird_pass_k_20260326_202919.jsonl
False,bird,"[false, false, false, false, false]",california_schools,data/bird/dev_databases/california_schools/california_schools.sqlite,simple,False,State Special Schools refers to DOC = 31; Grades 1 through 12 means K-12,False,,"SELECT s.State, SUM(f.`Enrollment (K-12)`) AS total_enrollment FROM schools s JOIN frpm f ON s.CDSCode = f.CDSCode WHERE s.School LIKE '%special%' AND f.`Low Grade` <= '1' AND f.`High Grade` >= '12' GROUP BY s.State ORDER BY total_enrollment DESC",True,,SELECT T2.School FROM frpm AS T1 INNER JOIN schools AS T2 ON T1.CDSCode = T2.CDSCode WHERE T2.DOC = 31 ORDER BY T1.`Enrollment (K-12)` DESC LIMIT 1,147,True,DeepSeek,5,5,Which state special schools have the highest number of enrollees from grades 1 through 12?,90,pass_k,bird_46,results/raw/DeepSeek_bird_pass_k_20260326_202919.jsonl
False,bird,"[false, false, false, false, false]",california_schools,data/bird/dev_databases/california_schools/california_schools.sqlite,moderate,False,District Special Education Consortia School refers to EdOpsCode = 'SPECON'.,False,,"SELECT frpm.""Low Grade"" FROM frpm JOIN schools ON frpm.CDSCode = schools.CDSCode WHERE schools.NCESDist = '0613360' AND frpm.""School Type"" = 'District Special Education Consortia' LIMIT 1",True,,SELECT MIN(T1.`Low Grade`) FROM frpm AS T1 INNER JOIN schools AS T2 ON T1.CDSCode = T2.CDSCode WHERE T2.NCESDist = '0613360' AND T2.EdOpsCode = 'SPECON',152,True,DeepSeek,5,5,What is the lowest grade for the District Special Education Consortia School with National Center for Educational Statistics school district identification number of 0613360?,174,pass_k,bird_74,results/raw/DeepSeek_bird_pass_k_20260326_202919.jsonl
False,bird,"[false, false, false, false, false]",california_schools,data/bird/dev_databases/california_schools/california_schools.sqlite,moderate,False,State Special School means EdOpsCode = 'SSS',False,,SELECT `Enrollment (Ages 5-17)` FROM frpm WHERE `School Name` = 'State Special School' AND `County Name` = 'Fremont' AND `Academic Year` = '2014-2015',True,,SELECT T1.`Enrollment (Ages 5-17)` FROM frpm AS T1 INNER JOIN schools AS T2 ON T1.CDSCode = T2.CDSCode WHERE T2.EdOpsCode = 'SSS' AND T2.City = 'Fremont' AND T1.`Academic Year` BETWEEN 2014 AND 2015,198,True,DeepSeek,5,5,How many students from the ages of 5 to 17 are enrolled at the State Special School school in Fremont for the 2014-2015 academic year?,134,pass_k,bird_72,results/raw/DeepSeek_bird_pass_k_20260326_202919.jsonl
False,bird,"[false, false, false, false, false]",california_schools,data/bird/dev_databases/california_schools/california_schools.sqlite,moderate,False,Youth Authority Facilities (CEA) refers to SOC = 11; 1980s = years between 1980 and 1989,False,,"SELECT s.County, COUNT(*) AS closure_count FROM schools s WHERE s.ClosedDate BETWEEN '1980-01-01' AND '1989-12-31' AND s.DOC = 'CEA' GROUP BY s.County ORDER BY closure_count DESC LIMIT 1",True,,"SELECT County FROM schools WHERE strftime('%Y', ClosedDate) BETWEEN '1980' AND '1989' AND StatusType = 'Closed' AND SOC = 11 GROUP BY County ORDER BY COUNT(School) DESC LIMIT 1",176,True,DeepSeek,5,5,Which county reported the most number of school closure in the 1980s with school wonership code belonging to Youth Authority Facilities (CEA)?,142,pass_k,bird_68,results/raw/DeepSeek_bird_pass_k_20260326_202919.jsonl
False,bird,"[false, false, false, false, false]",california_schools,data/bird/dev_databases/california_schools/california_schools.sqlite,simple,False,,False,,SELECT s.School FROM schools s JOIN frpm f ON s.CDSCode = f.CDSCode WHERE f.`County Code` = '37' AND f.`NSLP Provision Status` = 'Breakfast Provision 2',True,,"SELECT T2.EILName, T2.School FROM frpm AS T1 INNER JOIN schools AS T2 ON T1.CDSCode = T2.CDSCode WHERE T1.`NSLP Provision Status` = 'Breakfast Provision 2' AND T1.`County Code` = 37",181,True,DeepSeek,5,5,What is the educational level name for the schools with Breakfast Provision 2 in county code 37? Indicate the name of the school.,129,pass_k,bird_75,results/raw/DeepSeek_bird_pass_k_20260326_202919.jsonl
True,bird,"[true, true, true, true, true]",california_schools,data/bird/dev_databases/california_schools/california_schools.sqlite,simple,False,Directly funded schools refers to FundingType = 'Directly Funded',True,,SELECT COUNT(*) FROM schools WHERE County = 'Stanislaus' AND Charter = 1 AND FundingType = 'Directly funded' AND OpenDate BETWEEN '2000-01-01' AND '2005-12-31',True,,"SELECT COUNT(School) FROM schools WHERE strftime('%Y', OpenDate) BETWEEN '2000' AND '2005' AND County = 'Stanislaus' AND FundingType = 'Directly funded'",152,True,DeepSeek,5,5,"Between 1/1/2000 to 12/31/2005, how many directly funded schools opened in the county of Stanislaus?",100,pass_k,bird_66,results/raw/DeepSeek_bird_pass_k_20260326_202919.jsonl
True,bird,"[false, true, true, false, false]",california_schools,data/bird/dev_databases/california_schools/california_schools.sqlite,moderate,False,Elementary School District refers to DOC = 52; Monthly average number of schools that opened in 1980 = count(schools that opened in 1980) / 12,False,,"SELECT COUNT(*) / 12 AS monthly_average_schools_opened FROM schools WHERE County = 'Alameda' AND District LIKE '%Elementary%' AND strftime('%Y', OpenDate) = '1980'",True,,"SELECT CAST(COUNT(School) AS REAL) / 12 FROM schools WHERE DOC = 52 AND County = 'Alameda' AND strftime('%Y', OpenDate) = '1980'",128,True,DeepSeek,5,5,What is the monthly average number of schools that opened in Alameda County under the jurisdiction of the Elementary School District in 1980?,141,pass_k,bird_47,results/raw/DeepSeek_bird_pass_k_20260326_202919.jsonl
False,bird,"[false, false, false, false, false]",california_schools,data/bird/dev_databases/california_schools/california_schools.sqlite,simple,False,,False,,"SELECT frpm.""Free Meal Count (Ages 5-17)"" FROM frpm JOIN schools ON frpm.CDSCode = schools.CDSCode WHERE schools.School LIKE '%Youth Authority%' AND schools.MailStreet = 'PO Box 1040'",True,,SELECT T1.`FRPM Count (Ages 5-17)` FROM frpm AS T1 INNER JOIN schools AS T2 ON T1.CDSCode = T2.CDSCode WHERE T2.MailStreet = 'PO Box 1040' AND T2.SOCType = 'Youth Authority Facilities',184,True,DeepSeek,5,5,What is the free or reduced price meal count for ages 5 to 17 in the Youth Authority School with a mailing street address of PO Box 1040?,137,pass_k,bird_73,results/raw/DeepSeek_bird_pass_k_20260326_202919.jsonl
True,bird,"[false, false, false, false, true]",california_schools,data/bird/dev_databases/california_schools/california_schools.sqlite,simple,False,State Special Schools means that SOC = 31.,False,,SELECT DISTINCT s.NCESDist FROM schools s WHERE s.SOC IS NOT NULL AND s.DOC = 'State Special Schools',True,,SELECT NCESDist FROM schools WHERE SOC = 31,43,True,DeepSeek,5,5,Please provide the National Center for Educational Statistics school district identification number for all schools with a School Ownership Code that are part of the State Special Schools.,188,pass_k,bird_69,results/raw/DeepSeek_bird_pass_k_20260326_202919.jsonl
False,bird,"[false, false, false, false, false]",california_schools,data/bird/dev_databases/california_schools/california_schools.sqlite,simple,False,,False,,SELECT COUNT(*) FROM schools WHERE County = 'San Francisco' AND District LIKE '%Community College%' AND ClosedDate LIKE '1989%',True,,"SELECT COUNT(School) FROM schools WHERE strftime('%Y', ClosedDate) = '1989' AND City = 'San Francisco' AND DOCType = 'Community College District'",145,True,DeepSeek,5,5,What is the total amount of Community College District closure in 1989 in the city of San Francisco?,100,pass_k,bird_67,results/raw/DeepSeek_bird_pass_k_20260326_202919.jsonl
False,bird,"[false, false, false, false, false]",california_schools,data/bird/dev_databases/california_schools/california_schools.sqlite,simple,False,,False,,"SELECT s.School, s.AdmEmail1 FROM schools s JOIN satscores ss ON s.CDSCode = ss.cds WHERE ss.NumTstTakr = (SELECT MAX(NumTstTakr) FROM satscores WHERE NumGE1500 > 0) AND ss.NumGE1500 > 0 LIMIT 1",True,,"SELECT T2.AdmEmail1, T2.School FROM satscores AS T1 INNER JOIN schools AS T2 ON T1.cds = T2.CDSCode ORDER BY T1.NumGE1500 DESC LIMIT 1",134,True,DeepSeek,5,5,What is the administrator's email address for the school with the highest number of test takers who received SAT scores of at least 1500?Provide the name of the school.,168,pass_k,bird_88,results/raw/DeepSeek_bird_pass_k_20260326_202919.jsonl
True,bird,"[true, true, true, false, false]",financial,data/bird/dev_databases/financial/financial.sqlite,simple,False,A12 refers to unemploymant rate 1995; A13 refers to unemploymant rate 1996,True,,"SELECT CASE WHEN avg_1995 > avg_1996 THEN '1995' WHEN avg_1996 > avg_1995 THEN '1996' ELSE 'Equal' END AS higher_year FROM (SELECT (SELECT AVG(A12) FROM district WHERE A12 IS NOT NULL) AS avg_1995, (SELECT AVG(A13) FROM district WHERE A13 IS NOT NULL) AS avg_1996)",True,,"SELECT DISTINCT IIF(AVG(A13) > AVG(A12), '1996', '1995') FROM district",70,True,DeepSeek,5,5,"The average unemployment ratio of 1995 and 1996, which one has higher percentage?",81,pass_k,bird_91,results/raw/DeepSeek_bird_pass_k_20260326_202919.jsonl
True,bird,"[false, true, false, false, true]",financial,data/bird/dev_databases/financial/financial.sqlite,simple,False,A11 refers to average salary; Female mapps to gender = 'F',False,,SELECT COUNT(DISTINCT d.district_id) FROM district d JOIN client c ON d.district_id = c.district_id WHERE c.gender = 'female' AND d.A11 > 6000 AND d.A11 < 10000,True,,SELECT COUNT(DISTINCT T2.district_id)  FROM client AS T1 INNER JOIN district AS T2 ON T1.district_id = T2.district_id WHERE T1.gender = 'F' AND T2.A11 BETWEEN 6000 AND 10000,173,True,DeepSeek,5,5,List out the no. of districts that have female average salary is more than 6000 but less than 10000?,100,pass_k,bird_92,results/raw/DeepSeek_bird_pass_k_20260326_202919.jsonl
True,bird,"[true, true, true, true, true]",financial,data/bird/dev_databases/financial/financial.sqlite,moderate,False,Male means that gender = 'M'; A3 refers to region; A11 pertains to average salary.,True,,SELECT COUNT(DISTINCT c.client_id) FROM client c JOIN district d ON c.district_id = d.district_id WHERE c.gender = 'M' AND d.A3 = 'north Bohemia' AND d.A11 > 8000,True,,SELECT COUNT(T1.client_id) FROM client AS T1 INNER JOIN district AS T2 ON T1.district_id = T2.district_id WHERE T1.gender = 'M' AND T2.A3 = 'north Bohemia' AND T2.A11 > 8000,173,True,DeepSeek,5,5,How many male customers who are living in North Bohemia have average salary greater than 8000?,94,pass_k,bird_93,results/raw/DeepSeek_bird_pass_k_20260326_202919.jsonl
True,bird,"[true, true, true, true, false]",financial,data/bird/dev_databases/financial/financial.sqlite,simple,False,A3 contains the data of region,True,,SELECT COUNT(DISTINCT a.account_id) FROM account a JOIN district d ON a.district_id = d.district_id WHERE d.A3 = 'Prague' AND a.account_id IN (SELECT account_id FROM loan),True,,SELECT COUNT(T1.account_id) FROM account AS T1 INNER JOIN loan AS T2 ON T1.account_id = T2.account_id INNER JOIN district AS T3 ON T1.district_id = T3.district_id WHERE T3.A3 = 'Prague',185,True,DeepSeek,5,5,How many accounts who have region in Prague are eligible for loans?,67,pass_k,bird_90,results/raw/DeepSeek_bird_pass_k_20260326_202919.jsonl
False,bird,"[false, false, false, false, false]",california_schools,data/bird/dev_databases/california_schools/california_schools.sqlite,simple,False,Elementary School District refers to DOC = 52; Chartered schools refer to Charter = 1 in the table schools,False,,SELECT COUNT(*) FROM schools WHERE Charter = 1 AND City = 'Hickman' AND District LIKE '%Elementary School District%',True,,SELECT COUNT(School) FROM schools WHERE DOC = 52 AND Charter = 1 AND City = 'Hickman',85,True,DeepSeek,5,5,How many chartered schools located in the city of Hickman are owned by the Elementary School District?,102,pass_k,bird_61,results/raw/DeepSeek_bird_pass_k_20260326_202919.jsonl
False,bird,"[false, false, false, false, false]",california_schools,data/bird/dev_databases/california_schools/california_schools.sqlite,simple,False,,False,,"SELECT `Low Grade`, `High Grade`, COUNT(*) AS frequency FROM frpm JOIN schools ON frpm.CDSCode = schools.CDSCode WHERE schools.City = 'Adelanto' GROUP BY `Low Grade`, `High Grade` ORDER BY frequency DESC LIMIT 1",True,,SELECT GSserved FROM schools WHERE City = 'Adelanto' GROUP BY GSserved ORDER BY COUNT(GSserved) DESC LIMIT 1,108,True,DeepSeek,5,5,What is the most common type of grade span served in the city of Adelanto?,74,pass_k,bird_78,results/raw/DeepSeek_bird_pass_k_20260326_202919.jsonl
False,bird,"[false, false, false, false, false]",california_schools,data/bird/dev_databases/california_schools/california_schools.sqlite,challenging,False,Kindergarten to 8th grade refers to K-8; 'Offers a magnet program' means Magnet = 1; Multiple Provision Types refers to `NSLP Provision Status` = 'Multiple Provision Types',False,,"SELECT COUNT(DISTINCT CASE WHEN frpm.""NSLP Provision Status"" = 'Multiple Provision Types' THEN schools.CDSCode END) AS schools_with_multiple_provision, schools.City, COUNT(DISTINCT schools.CDSCode) AS total_schools FROM schools JOIN frpm ON schools.CDSCode = frpm.CDSCode WHERE schools.Magnet = 1 AND frpm.""Low Grade"" = 'KG' AND frpm.""High Grade"" = '08' GROUP BY schools.City",True,,"SELECT T2.City, COUNT(T2.CDSCode) FROM frpm AS T1 INNER JOIN schools AS T2 ON T1.CDSCode = T2.CDSCode WHERE T2.Magnet = 1 AND T2.GSoffered = 'K-8' AND T1.`NSLP Provision Status` = 'Multiple Provision Types' GROUP BY T2.City",223,True,DeepSeek,5,5,"Of the schools that offers a magnet program serving a grade span of Kindergarten to 8th grade, how many offers Multiple Provision Types? List the number of cities that offers a Kindergarten to 8th grade span and indicate how many schools are there serving such grade span for each city.",286,pass_k,bird_83,results/raw/DeepSeek_bird_pass_k_20260326_202919.jsonl
False,bird,"[false, false, false, false, false]",california_schools,data/bird/dev_databases/california_schools/california_schools.sqlite,moderate,False,'Does not offer physical building' means Virtual = F in the database.,False,,"SELECT County, COUNT(*) AS school_count FROM schools WHERE County IN ('San Diego', 'Santa Barbara') AND Virtual = 'Y' GROUP BY County ORDER BY school_count DESC LIMIT 1",True,,"SELECT County, COUNT(Virtual) FROM schools WHERE (County = 'San Diego' OR County = 'Santa Barbara') AND Virtual = 'F' GROUP BY County ORDER BY COUNT(Virtual) DESC LIMIT 1",170,True,DeepSeek,5,5,"Between San Diego and Santa Barbara, which county offers the most number of schools that does not offer physical building? Indicate the amount.",143,pass_k,bird_79,results/raw/DeepSeek_bird_pass_k_20260326_202919.jsonl
False,bird,"[false, false, false, false, false]",financial,data/bird/dev_databases/financial/financial.sqlite,moderate,False,"If the person A's birthdate < B's birthdate, it means that person B is younger than person A; A11 refers to average salary",False,,SELECT a.account_id FROM client c JOIN disp d ON c.client_id = d.client_id JOIN account a ON d.account_id = a.account_id WHERE c.birth_date = (SELECT MAX(birth_date) FROM client) AND a.district_id IN (SELECT district_id FROM district WHERE A11 = (SELECT MAX(A11) FROM district)),True,,"SELECT T1.account_id  FROM account AS T1 INNER JOIN disp AS T2 ON T1.account_id = T2.account_id INNER JOIN client AS T3 ON T2.client_id = T3.client_id INNER JOIN district AS T4 on T4.district_id = T1.district_id WHERE T2.client_id = ( SELECT client_id FROM client ORDER BY birth_date DESC LIMIT 1) GROUP BY T4.A11, T1.account_id",328,True,DeepSeek,5,5,List out the account numbers of clients who are youngest and have highest average salary?,89,pass_k,bird_95,results/raw/DeepSeek_bird_pass_k_20260326_202919.jsonl
False,bird,"[false, false, false, false, false]",california_schools,data/bird/dev_databases/california_schools/california_schools.sqlite,simple,False,,False,,"SELECT s.AdmLName1, s.District, s.County, s.School FROM schools s WHERE s.CharterNum = '40'",True,,"SELECT AdmLName1, District, County, School FROM schools WHERE CharterNum = '0040'",81,True,DeepSeek,5,5,"What is the administrator's last name that oversees the school with Charter number 40? Indicate the district, the county where the school is situated, and the name of the school.",178,pass_k,bird_86,results/raw/DeepSeek_bird_pass_k_20260326_202919.jsonl
False,bird,"[false, false, false, false, false]",financial,data/bird/dev_databases/financial/financial.sqlite,moderate,False,'POPLATEK TYDNE' stands for weekly issuance,False,,"SELECT DISTINCT a.account_id FROM account a JOIN loan l ON a.account_id = l.account_id WHERE l.status = 'A' AND strftime('%Y', l.date) = '1997' AND l.amount = (SELECT MIN(amount) FROM loan WHERE status = 'A' AND strftime('%Y', date) = '1997') AND a.frequency = 'WEEKLY ISSUANCE'",True,,"SELECT T2.account_id FROM loan AS T1 INNER JOIN account AS T2 ON T1.account_id = T2.account_id WHERE STRFTIME('%Y', T1.date) = '1997' AND T2.frequency = 'POPLATEK TYDNE' ORDER BY T1.amount LIMIT 1",196,True,DeepSeek,5,5,"Among the accounts who have approved loan date in 1997, list out the accounts that have the lowest approved amount and choose weekly issuance statement.",152,pass_k,bird_98,results/raw/DeepSeek_bird_pass_k_20260326_202919.jsonl
False,bird,"[false, false, false, false, false]",financial,data/bird/dev_databases/financial/financial.sqlite,moderate,False,Loan validity more than 12 months refers to duration > 12,False,,"SELECT l.account_id, l.amount AS approved_amount, a.date AS account_opening_date FROM loan l JOIN account a ON l.account_id = a.account_id WHERE l.duration > 12 AND strftime('%Y', a.date) = '1993' ORDER BY l.amount DESC LIMIT 1",True,,"SELECT T1.account_id FROM loan AS T1 INNER JOIN account AS T2 ON T1.account_id = T2.account_id WHERE STRFTIME('%Y', T2.date) = '1993' AND T1.duration > 12 ORDER BY T1.amount DESC LIMIT 1",186,True,DeepSeek,5,5,"Among the accounts who have loan validity more than 12 months, list out the accounts that have the highest approved amount and have account opening date in 1993.",161,pass_k,bird_99,results/raw/DeepSeek_bird_pass_k_20260326_202919.jsonl
False,bird,"[false, false, false, false, false]",california_schools,data/bird/dev_databases/california_schools/california_schools.sqlite,moderate,False,High school can be represented as EILCode = 'HS',False,,SELECT s.City FROM schools s JOIN frpm f ON s.CDSCode = f.CDSCode WHERE f.`Low Grade` = '9' AND f.`High Grade` = '12' AND f.`NSLP Provision Status` = '2' AND f.`County Name` = 'Merced',True,,SELECT T2.City FROM frpm AS T1 INNER JOIN schools AS T2 ON T1.CDSCode = T2.CDSCode WHERE T1.`NSLP Provision Status` = 'Lunch Provision 2' AND T2.County = 'Merced' AND T1.`Low Grade` = 9 AND T1.`High Grade` = 12 AND T2.EILCode = 'HS',232,True,DeepSeek,5,5,What is the city location of the high school level school with Lunch Provision 2 whose lowest grade is 9 and the highest grade is 12 in the county of Merced?,157,pass_k,bird_76,results/raw/DeepSeek_bird_pass_k_20260326_202919.jsonl
True,bird,"[false, true, true, false, false]",financial,data/bird/dev_databases/financial/financial.sqlite,simple,False,'POPLATEK TYDNE' stands for weekly issuance,False,,SELECT COUNT(DISTINCT c.client_id) FROM client c JOIN disp d ON c.client_id = d.client_id JOIN account a ON d.account_id = a.account_id WHERE a.frequency = 'WEEKLY ISSUANCE' AND d.type = 'OWNER',True,,SELECT COUNT(T1.account_id) FROM account AS T1 INNER JOIN disp AS T2 ON T1.account_id = T2.account_id WHERE T2.type = 'OWNER' AND T1.frequency = 'POPLATEK TYDNE',161,True,DeepSeek,5,5,How many customers who choose statement of weekly issuance are Owner?,69,pass_k,bird_96,results/raw/DeepSeek_bird_pass_k_20260326_202919.jsonl
False,bird,"[false, false, false, false, false]",california_schools,data/bird/dev_databases/california_schools/california_schools.sqlite,simple,False,,False,,"SELECT StatusType, COUNT(*) FROM schools WHERE County = 'Alpine' AND SOCType = 'District Community Day' GROUP BY StatusType",True,,SELECT COUNT(School) FROM schools WHERE (StatusType = 'Closed' OR StatusType = 'Active') AND SOC = 69 AND County = 'Alpine',123,True,DeepSeek,5,5,How many active and closed District Community Day Schools are there in the county of Alpine?,92,pass_k,bird_70,results/raw/DeepSeek_bird_pass_k_20260326_202919.jsonl
False,bird,"[false, false, false, false, false]",california_schools,data/bird/dev_databases/california_schools/california_schools.sqlite,moderate,False,State of California refers to state = 'CA',False,,"SELECT s.City, s.School, f.""Low Grade"" FROM schools s JOIN frpm f ON s.CDSCode = f.CDSCode WHERE s.State = 'CA' ORDER BY s.Latitude ASC LIMIT 1",True,,"SELECT T2.City, T1.`Low Grade`, T1.`School Name` FROM frpm AS T1 INNER JOIN schools AS T2 ON T1.CDSCode = T2.CDSCode WHERE T2.State = 'CA' ORDER BY T2.Latitude ASC LIMIT 1",171,True,DeepSeek,5,5,In which city can you find the school in the state of California with the lowest latitude coordinates and what is its lowest grade? Indicate the school name.,157,pass_k,bird_81,results/raw/DeepSeek_bird_pass_k_20260326_202919.jsonl
False,bird,"[false, false, false, false, false]",california_schools,data/bird/dev_databases/california_schools/california_schools.sqlite,moderate,False,Percent (%) Eligible FRPM (Ages 5-17) can be acquired by `FRPM Count (Ages 5-17)` / `Enrollment (Ages 5-17)` * 100,False,,"SELECT s.School, f.`Percent (%) Eligible FRPM (Ages 5-17)` FROM schools s JOIN frpm f ON s.CDSCode = f.CDSCode WHERE s.County = 'Los Angeles' AND f.`Low Grade` = 'K' AND f.`High Grade` = '9'",True,,"SELECT T2.School, T1.`FRPM Count (Ages 5-17)` * 100 / T1.`Enrollment (Ages 5-17)` FROM frpm AS T1 INNER JOIN schools AS T2 ON T1.CDSCode = T2.CDSCode WHERE T2.County = 'Los Angeles' AND T2.GSserved = 'K-9'",205,True,DeepSeek,5,5,Which schools served a grade span of Kindergarten to 9th grade in the county of Los Angeles and what is its Percent (%) Eligible FRPM (Ages 5-17)?,146,pass_k,bird_77,results/raw/DeepSeek_bird_pass_k_20260326_202919.jsonl
False,bird,"[false, false, false, false, false]",california_schools,data/bird/dev_databases/california_schools/california_schools.sqlite,simple,False,Total enrollment can be represented by `Enrollment (K-12)` + `Enrollment (Ages 5-17)`,False,,"SELECT CDSCode FROM frpm WHERE ""Enrollment (K-12)"" > 500 UNION SELECT cds FROM satscores WHERE enroll12 > 500",True,,SELECT T2.CDSCode FROM schools AS T1 INNER JOIN frpm AS T2 ON T1.CDSCode = T2.CDSCode WHERE T2.`Enrollment (K-12)` + T2.`Enrollment (Ages 5-17)` > 500,150,True,DeepSeek,5,5,Please list the codes of the schools with a total enrollment of over 500.,73,pass_k,bird_11,results/raw/DeepSeek_bird_pass_k_20260326_202919.jsonl
False,bird,"[false, false, false, false, false]",california_schools,data/bird/dev_databases/california_schools/california_schools.sqlite,moderate,False,Percent (%) Eligible Free (K-12) = `Free Meal Count (K-12)` / `Enrollment (K-12)` * 100%,False,,"SELECT frpm.`Percent (%) Eligible Free (K-12)`, frpm.`District Code` FROM frpm JOIN schools ON frpm.CDSCode = schools.CDSCode WHERE schools.AdmFName1 = 'Alusine' OR schools.AdmFName2 = 'Alusine' OR schools.AdmFName3 = 'Alusine'",True,,"SELECT T1.`Free Meal Count (K-12)` * 100 / T1.`Enrollment (K-12)`, T1.`District Code` FROM frpm AS T1 INNER JOIN schools AS T2 ON T1.CDSCode = T2.CDSCode WHERE T2.AdmFName1 = 'Alusine'",184,True,DeepSeek,5,5,What is the Percent (%) Eligible Free (K-12) in the school administered by an administrator whose first name is Alusine. List the district code of the school.,158,pass_k,bird_85,results/raw/DeepSeek_bird_pass_k_20260326_202919.jsonl
False,bird,"[false, false, false, false, false]",california_schools,data/bird/dev_databases/california_schools/california_schools.sqlite,challenging,False,Intermediate/Middle Schools refers to SOC = 62; Unified School refers to DOC = 54; years between 2009 and 2010 can refer to 'between 1/1/2009 to 12/31/2010',False,,"SELECT DISTINCT AdmEmail1, AdmEmail2, AdmEmail3 FROM schools WHERE County = 'San Bernardino' AND District = 'San Bernardino City Unified' AND OpenDate BETWEEN '2009-01-01' AND '2010-12-31' AND School IN (SELECT `School Name` FROM frpm WHERE `School Type` IN ('Intermediate/Middle School', 'Unified School')) AND (AdmEmail1 IS NOT NULL OR AdmEmail2 IS NOT NULL OR AdmEmail3 IS NOT NULL)",True,,"SELECT T2.AdmEmail1, T2.AdmEmail2 FROM frpm AS T1 INNER JOIN schools AS T2 ON T1.CDSCode = T2.CDSCode WHERE T2.County = 'San Bernardino' AND T2.City = 'San Bernardino' AND T2.DOC = 54 AND strftime('%Y', T2.OpenDate) BETWEEN '2009' AND '2010' AND T2.SOC = 62",257,True,DeepSeek,5,5,"What are the valid e-mail addresses of the administrator of the school located in the San Bernardino county, City of San Bernardino City Unified that opened between 1/1/2009 to 12/31/2010 whose school types are public Intermediate/Middle Schools and Unified Schools?",266,pass_k,bird_87,results/raw/DeepSeek_bird_pass_k_20260326_202919.jsonl
False,bird,"[false, false, false, false, false]",california_schools,data/bird/dev_databases/california_schools/california_schools.sqlite,simple,False,the highest longitude refers to the school with the maximum absolute longitude value.,False,,"SELECT frpm.`Low Grade`, frpm.`High Grade` FROM frpm JOIN schools ON frpm.CDSCode = schools.CDSCode WHERE schools.Longitude = (SELECT MAX(Longitude) FROM schools) LIMIT 1",True,,SELECT GSoffered FROM schools ORDER BY ABS(longitude) DESC LIMIT 1,66,True,DeepSeek,5,5,What is the grade span offered in the school with the highest longitude?,72,pass_k,bird_82,results/raw/DeepSeek_bird_pass_k_20260326_202919.jsonl
False,bird,"[false, false, false, false, false]",california_schools,data/bird/dev_databases/california_schools/california_schools.sqlite,moderate,False,Communication number refers to phone number.,False,,"SELECT s.School AS school_name, ss.AvgScrWrite AS average_writing_score, s.Phone AS communication_number FROM schools s JOIN satscores ss ON s.CDSCode = ss.cds WHERE (s.OpenDate > '1991-12-31' OR s.ClosedDate < '2000-01-01') AND ss.AvgScrWrite IS NOT NULL",True,,"SELECT T2.School, T1.AvgScrWrite, T2.Phone FROM schools AS T2 LEFT JOIN satscores AS T1 ON T2.CDSCode = T1.cds WHERE strftime('%Y', T2.OpenDate) > '1991' OR strftime('%Y', T2.ClosedDate) < '2000'",195,True,DeepSeek,5,5,"What is the average score in writing for the schools that were opened after 1991 or closed before 2000? List the school names along with the score. Also, list the communication number of the schools if there is any.",215,pass_k,bird_27,results/raw/DeepSeek_bird_pass_k_20260326_202919.jsonl
False,bird,"[false, false, false, false, false]",california_schools,data/bird/dev_databases/california_schools/california_schools.sqlite,simple,False,,False,,"SELECT s.School, s.Latitude, f.`School Type` FROM schools s LEFT JOIN frpm f ON s.CDSCode = f.CDSCode WHERE s.Latitude = (SELECT MAX(Latitude) FROM schools) LIMIT 1",True,,"SELECT T1.`School Type`, T1.`School Name`, T2.Latitude FROM frpm AS T1 INNER JOIN schools AS T2 ON T1.CDSCode = T2.CDSCode ORDER BY T2.Latitude DESC LIMIT 1",156,True,DeepSeek,5,5,What is the school type of the school with the highest latitude? Indicate the name of the school as well as the latitude coordinates.,133,pass_k,bird_80,results/raw/DeepSeek_bird_pass_k_20260326_202919.jsonl
False,bird,"[false, false, false, false, false]",financial,data/bird/dev_databases/financial/financial.sqlite,challenging,False,"Female means gender = 'F'; A11 refers to average salary; Gap = highest average salary - lowest average salary; If the person A's birthdate > B's birthdate, it means that person B is order than person A.",False,,"WITH FemaleClientAccounts AS (SELECT a.account_id, c.client_id, c.birth_date, d.A11 AS avg_salary FROM account a JOIN disp dp ON a.account_id = dp.account_id JOIN client c ON dp.client_id = c.client_id JOIN district d ON a.district_id = d.district_id WHERE c.gender = 'F' AND dp.type = 'OWNER'), OldestFemale AS (SELECT * FROM FemaleClientAccounts WHERE birth_date = (SELECT MIN(birth_date) FROM FemaleClientAccounts)), LowestAvgSalary AS (SELECT * FROM OldestFemale WHERE avg_salary = (SELECT MIN(avg_salary) FROM OldestFemale)), HighestAvgSalary AS (SELECT MAX(avg_salary) AS max_avg_salary FROM FemaleClientAccounts) SELECT l.account_id, l.avg_salary AS lowest_avg_salary, h.max_avg_salary AS highest_avg_salary, (h.max_avg_salary - l.avg_salary) AS salary_gap FROM LowestAvgSalary l CROSS JOIN HighestAvgSalary h",True,,"SELECT T1.account_id , ( SELECT MAX(A11) - MIN(A11) FROM district ) FROM account AS T1 INNER JOIN district AS T2 ON T1.district_id = T2.district_id INNER JOIN disp AS T3 ON T1.account_id = T3.account_id INNER JOIN client AS T4 ON T3.client_id = T4.client_id WHERE T2.district_id = ( SELECT district_id FROM client WHERE gender = 'F' ORDER BY birth_date ASC LIMIT 1 ) ORDER BY T2.A11 DESC LIMIT 1",395,True,DeepSeek,5,5,"List out the account numbers of female clients who are oldest and has lowest average salary, calculate the gap between this lowest average salary with the highest average salary?",178,pass_k,bird_94,results/raw/DeepSeek_bird_pass_k_20260326_202919.jsonl
False,bird,"[false, false, false, false, false]",financial,data/bird/dev_databases/financial/financial.sqlite,simple,False,'POPLATEK PO OBRATU' stands for issuance after transaction,False,,SELECT DISTINCT c.client_id FROM client c JOIN disp d ON c.client_id = d.client_id JOIN card cd ON d.disp_id = cd.disp_id WHERE cd.type = 'statement issuance' AND EXISTS (SELECT 1 FROM trans t WHERE t.account_id = d.account_id AND t.type = 'Disponent'),True,,SELECT T2.client_id FROM account AS T1 INNER JOIN disp AS T2 ON T1.account_id = T2.account_id WHERE T1.frequency = 'POPLATEK PO OBRATU' AND T2.type = 'DISPONENT',161,True,DeepSeek,5,5,List out the id number of client who choose statement of issuance after transaction are Disponent?,98,pass_k,bird_97,results/raw/DeepSeek_bird_pass_k_20260326_202919.jsonl
False,bird,"[false, false, false, false, false]",california_schools,data/bird/dev_databases/california_schools/california_schools.sqlite,simple,False,,False,,"SELECT AdmFName1 AS first_name, District AS district, COUNT(*) AS count FROM schools WHERE AdmFName1 IS NOT NULL GROUP BY AdmFName1, District ORDER BY count DESC LIMIT 2",True,,"SELECT DISTINCT T1.AdmFName1, T1.District FROM schools AS T1 INNER JOIN ( SELECT admfname1 FROM schools GROUP BY admfname1 ORDER BY COUNT(admfname1) DESC LIMIT 2 ) AS T2 ON T1.AdmFName1 = T2.admfname1",200,True,DeepSeek,5,5,What are the two most common first names among the school administrators? Indicate the district to which they administer.,121,pass_k,bird_84,results/raw/DeepSeek_bird_pass_k_20260326_202919.jsonl
False,bird,"[false, false, false, false, false]",financial,data/bird/dev_databases/financial/financial.sqlite,moderate,False,A3 contains the data of region; 'POPLATEK PO OBRATU' represents for 'issuance after transaction'.,False,,SELECT COUNT(DISTINCT a.account_id) FROM account a JOIN disp d ON a.account_id = d.account_id JOIN client c ON d.client_id = c.client_id JOIN district dist ON c.district_id = dist.district_id JOIN card cd ON d.disp_id = cd.disp_id JOIN trans t ON a.account_id = t.account_id WHERE dist.A3 = 'east Bohemia' AND cd.issued > t.date,True,,SELECT COUNT(T2.account_id) FROM district AS T1 INNER JOIN account AS T2 ON T1.district_id = T2.district_id WHERE T1.A3 = 'east Bohemia' AND T2.frequency = 'POPLATEK PO OBRATU',176,True,DeepSeek,5,5,How many accounts who choose issuance after transaction are staying in East Bohemia region?,91,pass_k,bird_89,results/raw/DeepSeek_bird_pass_k_20260326_202919.jsonl
True,spider,"[true, true, true, true, true]",concert_singer,data/spider/database/concert_singer/concert_singer.sqlite,,False,,True,,SELECT COUNT(*) FROM singer,True,,SELECT count(*) FROM singer,27,True,DeepSeek,5,5,How many singers do we have?,28,pass_k,spider_0,results/raw/DeepSeek_spider_pass_k_20260326_200508.jsonl
True,spider,"[true, true, true, true, true]",concert_singer,data/spider/database/concert_singer/concert_singer.sqlite,,False,,True,,"SELECT ""Name"", ""Country"", ""Age"" FROM ""singer"" ORDER BY ""Age"" DESC",True,,"SELECT name ,  country ,  age FROM singer ORDER BY age DESC",59,True,DeepSeek,5,5,"Show name, country, age for all singers ordered by age from the oldest to the youngest.",87,pass_k,spider_2,results/raw/DeepSeek_spider_pass_k_20260326_200508.jsonl
True,spider,"[true, true, true, true, true]",concert_singer,data/spider/database/concert_singer/concert_singer.sqlite,,False,,True,,SELECT COUNT(*) FROM singer,True,,SELECT count(*) FROM singer,27,True,DeepSeek,5,5,What is the total number of singers?,36,pass_k,spider_1,results/raw/DeepSeek_spider_pass_k_20260326_200508.jsonl
True,spider,"[true, true, true, true, true]",concert_singer,data/spider/database/concert_singer/concert_singer.sqlite,,False,,True,,"SELECT ""Name"", ""Country"", ""Age"" FROM ""singer"" ORDER BY ""Age"" DESC",True,,"SELECT name ,  country ,  age FROM singer ORDER BY age DESC",59,True,DeepSeek,5,5,"What are the names, countries, and ages for every singer in descending order of age?",84,pass_k,spider_3,results/raw/DeepSeek_spider_pass_k_20260326_200508.jsonl
True,spider,"[true, true, true, true, true]",concert_singer,data/spider/database/concert_singer/concert_singer.sqlite,,False,,True,,"SELECT AVG(Age) AS average_age, MIN(Age) AS minimum_age, MAX(Age) AS maximum_age FROM singer WHERE Country = 'France'",True,,"SELECT avg(age) ,  min(age) ,  max(age) FROM singer WHERE country  =  'France'",78,True,DeepSeek,5,5,"What is the average, minimum, and maximum age of all singers from France?",73,pass_k,spider_4,results/raw/DeepSeek_spider_pass_k_20260326_200508.jsonl
True,spider,"[true, true, true, true, true]",concert_singer,data/spider/database/concert_singer/concert_singer.sqlite,,False,,True,,"SELECT Country, COUNT(*) AS number_of_singers FROM singer GROUP BY Country",True,,"SELECT country ,  count(*) FROM singer GROUP BY country",55,True,DeepSeek,5,5,Show all countries and the number of singers in each country.,61,pass_k,spider_10,results/raw/DeepSeek_spider_pass_k_20260326_200508.jsonl
True,spider,"[true, true, true, true, true]",concert_singer,data/spider/database/concert_singer/concert_singer.sqlite,,False,,True,,"SELECT DISTINCT s.""Song_Name"" FROM ""singer"" s WHERE s.""Age"" > (SELECT AVG(""Age"") FROM ""singer"")",True,,SELECT song_name FROM singer WHERE age  >  (SELECT avg(age) FROM singer),72,True,DeepSeek,5,5,What are all the song names by singers who are older than average?,66,pass_k,spider_13,results/raw/DeepSeek_spider_pass_k_20260326_200508.jsonl
True,spider,"[true, true, true, true, true]",concert_singer,data/spider/database/concert_singer/concert_singer.sqlite,,False,,True,,"SELECT Location, Name FROM stadium WHERE Capacity BETWEEN 5000 AND 10000",True,,"SELECT LOCATION ,  name FROM stadium WHERE capacity BETWEEN 5000 AND 10000",74,True,DeepSeek,5,5,Show location and name for all stadiums with a capacity between 5000 and 10000.,79,pass_k,spider_14,results/raw/DeepSeek_spider_pass_k_20260326_200508.jsonl
False,spider,"[false, false, false, false, false]",concert_singer,data/spider/database/concert_singer/concert_singer.sqlite,,False,,False,,"SELECT AVG(Age) AS average_age, MIN(Age) AS minimum_age, MAX(Age) AS maximum_age FROM singer WHERE Country = 'French'",True,,"SELECT avg(age) ,  min(age) ,  max(age) FROM singer WHERE country  =  'France'",78,True,DeepSeek,5,5,"What is the average, minimum, and maximum age for all French singers?",69,pass_k,spider_5,results/raw/DeepSeek_spider_pass_k_20260326_200508.jsonl
True,spider,"[true, true, true, true, true]",concert_singer,data/spider/database/concert_singer/concert_singer.sqlite,,False,,True,,"SELECT s.Song_Name, s.Song_release_year FROM singer s WHERE s.Age = (SELECT MIN(Age) FROM singer)",True,,"SELECT song_name ,  song_release_year FROM singer ORDER BY age LIMIT 1",70,True,DeepSeek,5,5,Show the name and the release year of the song by the youngest singer.,70,pass_k,spider_6,results/raw/DeepSeek_spider_pass_k_20260326_200508.jsonl
True,spider,"[true, true, true, true, true]",concert_singer,data/spider/database/concert_singer/concert_singer.sqlite,,False,,True,,"SELECT s.Song_Name, s.Song_release_year FROM singer s WHERE s.Age = (SELECT MIN(Age) FROM singer)",True,,"SELECT song_name ,  song_release_year FROM singer ORDER BY age LIMIT 1",70,True,DeepSeek,5,5,What are the names and release years for all the songs of the youngest singer?,78,pass_k,spider_7,results/raw/DeepSeek_spider_pass_k_20260326_200508.jsonl
True,spider,"[true, true, true, true, true]",concert_singer,data/spider/database/concert_singer/concert_singer.sqlite,,False,,True,,SELECT COUNT(*) FROM concert WHERE Year = '2014' OR Year = '2015',True,,SELECT count(*) FROM concert WHERE YEAR  =  2014 OR YEAR  =  2015,65,True,DeepSeek,5,5,How many concerts are there in year 2014 or 2015?,49,pass_k,spider_20,results/raw/DeepSeek_spider_pass_k_20260326_200508.jsonl
True,spider,"[true, true, true, true, true]",concert_singer,data/spider/database/concert_singer/concert_singer.sqlite,,False,,True,,"SELECT Name, Capacity FROM stadium WHERE Average = (SELECT MAX(Average) FROM stadium)",True,,"SELECT name ,  capacity FROM stadium ORDER BY average DESC LIMIT 1",66,True,DeepSeek,5,5,What is the name and capacity for the stadium with highest average attendance?,78,pass_k,spider_18,results/raw/DeepSeek_spider_pass_k_20260326_200508.jsonl
True,spider,"[true, true, true, true, true]",concert_singer,data/spider/database/concert_singer/concert_singer.sqlite,,False,,True,,"SELECT AVG(Capacity) AS average_capacity, MAX(Capacity) AS maximum_capacity FROM stadium",True,,"select avg(capacity) ,  max(capacity) from stadium",50,True,DeepSeek,5,5,What is the average and maximum capacities for all stadiums ?,61,pass_k,spider_17,results/raw/DeepSeek_spider_pass_k_20260326_200508.jsonl
True,spider,"[true, true, true, true, true]",concert_singer,data/spider/database/concert_singer/concert_singer.sqlite,,False,,True,,SELECT DISTINCT Country FROM singer WHERE Age > 20,True,,SELECT DISTINCT country FROM singer WHERE age  >  20,52,True,DeepSeek,5,5,What are all distinct countries where singers above age 20 are from?,68,pass_k,spider_8,results/raw/DeepSeek_spider_pass_k_20260326_200508.jsonl
True,spider,"[true, true, true, true, true]",concert_singer,data/spider/database/concert_singer/concert_singer.sqlite,,False,,True,,"SELECT COUNT(*) FROM concert WHERE Year IN ('2014', '2015')",True,,SELECT count(*) FROM concert WHERE YEAR  =  2014 OR YEAR  =  2015,65,True,DeepSeek,5,5,How many concerts occurred in 2014 or 2015?,43,pass_k,spider_21,results/raw/DeepSeek_spider_pass_k_20260326_200508.jsonl
False,spider,"[false, false, false, false, false]",concert_singer,data/spider/database/concert_singer/concert_singer.sqlite,,False,,False,,"SELECT Year, COUNT(*) AS concert_count FROM concert GROUP BY Year ORDER BY concert_count DESC LIMIT 1",True,,SELECT YEAR FROM concert GROUP BY YEAR ORDER BY count(*) DESC LIMIT 1,69,True,DeepSeek,5,5,Which year has most number of concerts?,39,pass_k,spider_26,results/raw/DeepSeek_spider_pass_k_20260326_200508.jsonl
False,spider,"[false, false, false, false, false]",concert_singer,data/spider/database/concert_singer/concert_singer.sqlite,,False,,False,,"SELECT s.Stadium_ID, s.Name, COUNT(c.concert_ID) AS concert_count FROM stadium s LEFT JOIN concert c ON s.Stadium_ID = c.Stadium_ID GROUP BY s.Stadium_ID, s.Name",True,,"SELECT T2.name ,  count(*) FROM concert AS T1 JOIN stadium AS T2 ON T1.stadium_id  =  T2.stadium_id GROUP BY T1.stadium_id",122,True,DeepSeek,5,5,"For each stadium, how many concerts play there?",47,pass_k,spider_23,results/raw/DeepSeek_spider_pass_k_20260326_200508.jsonl
True,spider,"[true, true, true, true, true]",concert_singer,data/spider/database/concert_singer/concert_singer.sqlite,,False,,True,,"SELECT Country, COUNT(*) AS singer_count FROM singer GROUP BY Country",True,,"SELECT country ,  count(*) FROM singer GROUP BY country",55,True,DeepSeek,5,5,How many singers are from each country?,39,pass_k,spider_11,results/raw/DeepSeek_spider_pass_k_20260326_200508.jsonl
True,spider,"[true, true, true, true, true]",concert_singer,data/spider/database/concert_singer/concert_singer.sqlite,,False,,True,,"SELECT DISTINCT s.""Song_Name"" FROM ""singer"" s WHERE s.""Age"" > (SELECT AVG(""Age"") FROM ""singer"")",True,,SELECT song_name FROM singer WHERE age  >  (SELECT avg(age) FROM singer),72,True,DeepSeek,5,5,List all song names by singers above the average age.,53,pass_k,spider_12,results/raw/DeepSeek_spider_pass_k_20260326_200508.jsonl
True,spider,"[true, true, true, true, true]",concert_singer,data/spider/database/concert_singer/concert_singer.sqlite,,False,,True,,"SELECT s.Name, s.Capacity FROM stadium s JOIN concert c ON s.Stadium_ID = c.Stadium_ID WHERE c.Year >= '2014' GROUP BY s.Stadium_ID, s.Name, s.Capacity ORDER BY COUNT(c.concert_ID) DESC LIMIT 1",True,,"SELECT T2.name ,  T2.capacity FROM concert AS T1 JOIN stadium AS T2 ON T1.stadium_id  =  T2.stadium_id WHERE T1.year  >=  2014 GROUP BY T2.stadium_id ORDER BY count(*) DESC LIMIT 1",180,True,DeepSeek,5,5,Show the stadium name and capacity with most number of concerts in year 2014 or after.,86,pass_k,spider_24,results/raw/DeepSeek_spider_pass_k_20260326_200508.jsonl
True,spider,"[true, true, true, true, true]",concert_singer,data/spider/database/concert_singer/concert_singer.sqlite,,False,,True,,"SELECT s.Name, s.Capacity FROM stadium s JOIN concert c ON s.Stadium_ID = c.Stadium_ID WHERE CAST(c.Year AS INTEGER) > 2013 GROUP BY s.Stadium_ID, s.Name, s.Capacity ORDER BY COUNT(c.concert_ID) DESC LIMIT 1",True,,"select t2.name ,  t2.capacity from concert as t1 join stadium as t2 on t1.stadium_id  =  t2.stadium_id where t1.year  >  2013 group by t2.stadium_id order by count(*) desc limit 1",179,True,DeepSeek,5,5,What is the name and capacity of the stadium with the most concerts after 2013 ?,80,pass_k,spider_25,results/raw/DeepSeek_spider_pass_k_20260326_200508.jsonl
True,spider,"[true, true, true, true, true]",concert_singer,data/spider/database/concert_singer/concert_singer.sqlite,,False,,True,,SELECT DISTINCT Country FROM singer WHERE Age > 20,True,,SELECT DISTINCT country FROM singer WHERE age  >  20,52,True,DeepSeek,5,5,What are  the different countries with singers above age 20?,60,pass_k,spider_9,results/raw/DeepSeek_spider_pass_k_20260326_200508.jsonl
True,spider,"[true, true, true, true, true]",concert_singer,data/spider/database/concert_singer/concert_singer.sqlite,,False,,True,,SELECT Year FROM concert GROUP BY Year ORDER BY COUNT(*) DESC LIMIT 1,True,,SELECT YEAR FROM concert GROUP BY YEAR ORDER BY count(*) DESC LIMIT 1,69,True,DeepSeek,5,5,What is the year that had the most concerts?,44,pass_k,spider_27,results/raw/DeepSeek_spider_pass_k_20260326_200508.jsonl
True,spider,"[true, true, true, true, true]",concert_singer,data/spider/database/concert_singer/concert_singer.sqlite,,False,,True,,SELECT s.Name FROM stadium s LEFT JOIN concert c ON s.Stadium_ID = c.Stadium_ID WHERE c.concert_ID IS NULL,True,,SELECT name FROM stadium WHERE stadium_id NOT IN (SELECT stadium_id FROM concert),81,True,DeepSeek,5,5,Show the stadium names without any concert.,43,pass_k,spider_28,results/raw/DeepSeek_spider_pass_k_20260326_200508.jsonl
True,spider,"[true, true, true, true, true]",concert_singer,data/spider/database/concert_singer/concert_singer.sqlite,,False,,True,,"SELECT Name, Capacity FROM stadium WHERE Average = (SELECT MAX(Average) FROM stadium)",True,,"SELECT name ,  capacity FROM stadium ORDER BY average DESC LIMIT 1",66,True,DeepSeek,5,5,What is the name and capacity for the stadium with the highest average attendance?,82,pass_k,spider_19,results/raw/DeepSeek_spider_pass_k_20260326_200508.jsonl
False,spider,"[false, false, false, false, false]",concert_singer,data/spider/database/concert_singer/concert_singer.sqlite,,False,,False,,"SELECT MAX(Capacity) AS max_capacity, AVG(Capacity) AS avg_capacity FROM stadium",True,,"select max(capacity), average from stadium",42,True,DeepSeek,5,5,What is the maximum capacity and the average of all stadiums ?,62,pass_k,spider_16,results/raw/DeepSeek_spider_pass_k_20260326_200508.jsonl
True,spider,"[true, true, true, true, true]",concert_singer,data/spider/database/concert_singer/concert_singer.sqlite,,False,,True,,SELECT s.Name FROM stadium s LEFT JOIN concert c ON s.Stadium_ID = c.Stadium_ID WHERE c.Stadium_ID IS NULL,True,,SELECT name FROM stadium WHERE stadium_id NOT IN (SELECT stadium_id FROM concert),81,True,DeepSeek,5,5,What are the names of the stadiums without any concerts?,56,pass_k,spider_29,results/raw/DeepSeek_spider_pass_k_20260326_200508.jsonl
True,spider,"[true, true, true, true, true]",concert_singer,data/spider/database/concert_singer/concert_singer.sqlite,,False,,True,,"SELECT c.concert_Name, c.Theme, COUNT(sic.Singer_ID) AS number_of_singers FROM concert c LEFT JOIN singer_in_concert sic ON c.concert_ID = sic.concert_ID GROUP BY c.concert_ID, c.concert_Name, c.Theme",True,,"select t2.concert_name ,  t2.theme ,  count(*) from singer_in_concert as t1 join concert as t2 on t1.concert_id  =  t2.concert_id group by t2.concert_id",152,True,DeepSeek,5,5,"What are the names , themes , and number of singers for every concert ?",71,pass_k,spider_34,results/raw/DeepSeek_spider_pass_k_20260326_200508.jsonl
False,spider,"[false, false, false, false, false]",concert_singer,data/spider/database/concert_singer/concert_singer.sqlite,,False,,False,,SELECT DISTINCT s.Name FROM singer s JOIN singer_in_concert sic ON s.Singer_ID = sic.Singer_ID JOIN concert c ON sic.concert_ID = c.concert_ID WHERE c.Year = '2014',True,,SELECT T2.name FROM singer_in_concert AS T1 JOIN singer AS T2 ON T1.singer_id  =  T2.singer_id JOIN concert AS T3 ON T1.concert_id  =  T3.concert_id WHERE T3.year  =  2014,171,True,DeepSeek,5,5,List all singer names in concerts in year 2014.,47,pass_k,spider_37,results/raw/DeepSeek_spider_pass_k_20260326_200508.jsonl
False,spider,"[false, false, false, false, false]",concert_singer,data/spider/database/concert_singer/concert_singer.sqlite,,False,,False,,SELECT DISTINCT s.Name FROM singer s JOIN singer_in_concert sic ON s.Singer_ID = sic.Singer_ID JOIN concert c ON sic.concert_ID = c.concert_ID WHERE c.Year = '2014',True,,SELECT T2.name FROM singer_in_concert AS T1 JOIN singer AS T2 ON T1.singer_id  =  T2.singer_id JOIN concert AS T3 ON T1.concert_id  =  T3.concert_id WHERE T3.year  =  2014,171,True,DeepSeek,5,5,What are the names of the singers who performed in a concert in 2014?,69,pass_k,spider_38,results/raw/DeepSeek_spider_pass_k_20260326_200508.jsonl
True,spider,"[false, false, false, true, false]",concert_singer,data/spider/database/concert_singer/concert_singer.sqlite,,False,,False,,"SELECT s.Name, COUNT(sic.concert_ID) AS number_of_concerts FROM singer s LEFT JOIN singer_in_concert sic ON s.Singer_ID = sic.Singer_ID GROUP BY s.Singer_ID, s.Name ORDER BY number_of_concerts DESC",True,,"SELECT T2.name ,  count(*) FROM singer_in_concert AS T1 JOIN singer AS T2 ON T1.singer_id  =  T2.singer_id GROUP BY T2.singer_id",128,True,DeepSeek,5,5,What are the names of the singers and number of concerts for each person?,73,pass_k,spider_36,results/raw/DeepSeek_spider_pass_k_20260326_200508.jsonl
True,spider,"[true, true, true, true, true]",concert_singer,data/spider/database/concert_singer/concert_singer.sqlite,,False,,True,,"SELECT Location, Name FROM stadium WHERE Capacity BETWEEN 5000 AND 10000",True,,"SELECT LOCATION ,  name FROM stadium WHERE capacity BETWEEN 5000 AND 10000",74,True,DeepSeek,5,5,What are the locations and names of all stations with capacity between 5000 and 10000?,86,pass_k,spider_15,results/raw/DeepSeek_spider_pass_k_20260326_200508.jsonl
True,spider,"[true, true, true, true, true]",concert_singer,data/spider/database/concert_singer/concert_singer.sqlite,,False,,True,,"SELECT ""Name"", ""Country"" FROM ""singer"" WHERE ""Song_Name"" LIKE '%Hey%'",True,,"SELECT name ,  country FROM singer WHERE song_name LIKE '%Hey%'",63,True,DeepSeek,5,5,what is the name and nation of the singer who have a song having 'Hey' in its name?,83,pass_k,spider_39,results/raw/DeepSeek_spider_pass_k_20260326_200508.jsonl
True,spider,"[true, true, true, true, true]",concert_singer,data/spider/database/concert_singer/concert_singer.sqlite,,False,,True,,"SELECT Name, Country FROM singer WHERE Song_Name LIKE '%Hey%'",True,,"SELECT name ,  country FROM singer WHERE song_name LIKE '%Hey%'",63,True,DeepSeek,5,5,What is the name and country of origin of every singer who has a song with the word 'Hey' in its title?,103,pass_k,spider_40,results/raw/DeepSeek_spider_pass_k_20260326_200508.jsonl
False,spider,"[false, false, false, false, false]",concert_singer,data/spider/database/concert_singer/concert_singer.sqlite,,False,,False,,"SELECT s.Name, COUNT(sic.concert_ID) AS number_of_concerts FROM singer s LEFT JOIN singer_in_concert sic ON s.Singer_ID = sic.Singer_ID GROUP BY s.Singer_ID, s.Name ORDER BY s.Name",True,,"SELECT T2.name ,  count(*) FROM singer_in_concert AS T1 JOIN singer AS T2 ON T1.singer_id  =  T2.singer_id GROUP BY T2.singer_id",128,True,DeepSeek,5,5,List singer names and number of concerts for each singer.,57,pass_k,spider_35,results/raw/DeepSeek_spider_pass_k_20260326_200508.jsonl
True,spider,"[true, true, true, true, true]",concert_singer,data/spider/database/concert_singer/concert_singer.sqlite,,False,,True,,"SELECT DISTINCT s.Name, s.Location FROM stadium s JOIN concert c ON s.Stadium_ID = c.Stadium_ID WHERE c.Year IN ('2014', '2015') GROUP BY s.Stadium_ID, s.Name, s.Location HAVING COUNT(DISTINCT c.Year) = 2",True,,"SELECT T2.name ,  T2.location FROM concert AS T1 JOIN stadium AS T2 ON T1.stadium_id  =  T2.stadium_id WHERE T1.Year  =  2014 INTERSECT SELECT T2.name ,  T2.location FROM concert AS T1 JOIN stadium AS T2 ON T1.stadium_id  =  T2.stadium_id WHERE T1.Year  =  2015",261,True,DeepSeek,5,5,Find the name and location of the stadiums which some concerts happened in the years of both 2014 and 2015.,107,pass_k,spider_41,results/raw/DeepSeek_spider_pass_k_20260326_200508.jsonl
True,spider,"[true, true, true, true, true]",concert_singer,data/spider/database/concert_singer/concert_singer.sqlite,,False,,True,,"SELECT c.concert_Name, c.Theme, COUNT(sic.Singer_ID) AS number_of_singers FROM concert c LEFT JOIN singer_in_concert sic ON c.concert_ID = sic.concert_ID GROUP BY c.concert_ID, c.concert_Name, c.Theme",True,,"SELECT T2.concert_name ,  T2.theme ,  count(*) FROM singer_in_concert AS T1 JOIN concert AS T2 ON T1.concert_id  =  T2.concert_id GROUP BY T2.concert_id",152,True,DeepSeek,5,5,Show the name and theme for all concerts and the number of singers in each concert.,83,pass_k,spider_33,results/raw/DeepSeek_spider_pass_k_20260326_200508.jsonl
True,spider,"[true, true, true, true, true]",pets_1,data/spider/database/pets_1/pets_1.sqlite,,False,,True,,SELECT COUNT(*) FROM Pets WHERE weight > 10,True,,SELECT count(*) FROM pets WHERE weight  >  10,45,True,DeepSeek,5,5,Find the number of pets whose weight is heavier than 10.,56,pass_k,spider_45,results/raw/DeepSeek_spider_pass_k_20260326_200508.jsonl
True,spider,"[true, true, true, true, true]",concert_singer,data/spider/database/concert_singer/concert_singer.sqlite,,False,,True,,SELECT COUNT(*) FROM concert WHERE Stadium_ID = (SELECT Stadium_ID FROM stadium ORDER BY Capacity DESC LIMIT 1),True,,select count(*) from concert where stadium_id = (select stadium_id from stadium order by capacity desc limit 1),111,True,DeepSeek,5,5,Find the number of concerts happened in the stadium with the highest capacity .,79,pass_k,spider_43,results/raw/DeepSeek_spider_pass_k_20260326_200508.jsonl
True,spider,"[true, true, true, true, true]",pets_1,data/spider/database/pets_1/pets_1.sqlite,,False,,True,,SELECT COUNT(*) FROM Pets WHERE weight > 10,True,,SELECT count(*) FROM pets WHERE weight  >  10,45,True,DeepSeek,5,5,How many pets have a greater weight than 10?,44,pass_k,spider_46,results/raw/DeepSeek_spider_pass_k_20260326_200508.jsonl
True,spider,"[true, true, true, true, true]",pets_1,data/spider/database/pets_1/pets_1.sqlite,,False,,True,,SELECT weight FROM Pets WHERE PetType = 'dog' ORDER BY pet_age ASC LIMIT 1,True,,SELECT weight FROM pets ORDER BY pet_age LIMIT 1,48,True,DeepSeek,5,5,Find the weight of the youngest dog.,36,pass_k,spider_47,results/raw/DeepSeek_spider_pass_k_20260326_200508.jsonl
True,spider,"[true, true, true, true, true]",concert_singer,data/spider/database/concert_singer/concert_singer.sqlite,,False,,True,,"SELECT DISTINCT s.Name, s.Location FROM stadium s JOIN concert c ON s.Stadium_ID = c.Stadium_ID WHERE c.Year IN ('2014', '2015') GROUP BY s.Stadium_ID, s.Name, s.Location HAVING COUNT(DISTINCT c.Year) = 2",True,,"SELECT T2.name ,  T2.location FROM concert AS T1 JOIN stadium AS T2 ON T1.stadium_id  =  T2.stadium_id WHERE T1.Year  =  2014 INTERSECT SELECT T2.name ,  T2.location FROM concert AS T1 JOIN stadium AS T2 ON T1.stadium_id  =  T2.stadium_id WHERE T1.Year  =  2015",261,True,DeepSeek,5,5,What are the names and locations of the stadiums that had concerts that occurred in both 2014 and 2015?,103,pass_k,spider_42,results/raw/DeepSeek_spider_pass_k_20260326_200508.jsonl
False,spider,"[false, false, false, false, false]",concert_singer,data/spider/database/concert_singer/concert_singer.sqlite,,False,,False,,"SELECT s.Name, COUNT(c.concert_ID) AS number_of_concerts FROM stadium s LEFT JOIN concert c ON s.Stadium_ID = c.Stadium_ID GROUP BY s.Stadium_ID, s.Name",True,,"SELECT T2.name ,  count(*) FROM concert AS T1 JOIN stadium AS T2 ON T1.stadium_id  =  T2.stadium_id GROUP BY T1.stadium_id",122,True,DeepSeek,5,5,Show the stadium name and the number of concerts in each stadium.,65,pass_k,spider_22,results/raw/DeepSeek_spider_pass_k_20260326_200508.jsonl
True,spider,"[true, true, true, true, true]",concert_singer,data/spider/database/concert_singer/concert_singer.sqlite,,False,,True,,SELECT s.Name FROM stadium s WHERE s.Stadium_ID NOT IN (SELECT DISTINCT c.Stadium_ID FROM concert c WHERE c.Year = '2014'),True,,SELECT name FROM stadium EXCEPT SELECT T2.name FROM concert AS T1 JOIN stadium AS T2 ON T1.stadium_id  =  T2.stadium_id WHERE T1.year  =  2014,142,True,DeepSeek,5,5,What are the names of all stadiums that did not have a concert in 2014?,71,pass_k,spider_32,results/raw/DeepSeek_spider_pass_k_20260326_200508.jsonl
True,spider,"[true, true, true, true, true]",concert_singer,data/spider/database/concert_singer/concert_singer.sqlite,,False,,True,,SELECT Name FROM stadium WHERE Stadium_ID NOT IN (SELECT Stadium_ID FROM concert WHERE Year = '2014'),True,,SELECT name FROM stadium EXCEPT SELECT T2.name FROM concert AS T1 JOIN stadium AS T2 ON T1.stadium_id  =  T2.stadium_id WHERE T1.year  =  2014,142,True,DeepSeek,5,5,Show names for all stadiums except for stadiums having a concert in year 2014.,78,pass_k,spider_31,results/raw/DeepSeek_spider_pass_k_20260326_200508.jsonl
True,spider,"[true, true, true, true, true]",concert_singer,data/spider/database/concert_singer/concert_singer.sqlite,,False,,True,,SELECT DISTINCT s1.Country FROM singer s1 JOIN singer s2 ON s1.Country = s2.Country WHERE s1.Age > 40 AND s2.Age < 30,True,,SELECT country FROM singer WHERE age  >  40 INTERSECT SELECT country FROM singer WHERE age  <  30,97,True,DeepSeek,5,5,Show countries where a singer above age 40 and a singer below 30 are from.,74,pass_k,spider_30,results/raw/DeepSeek_spider_pass_k_20260326_200508.jsonl
False,spider,"[false, false, false, false, false]",pets_1,data/spider/database/pets_1/pets_1.sqlite,,False,,False,,"SELECT PetType, MAX(weight) AS max_weight FROM Pets GROUP BY PetType",True,,"SELECT max(weight) ,  petType FROM pets GROUP BY petType",56,True,DeepSeek,5,5,List the maximum weight and type for each type of pet.,54,pass_k,spider_50,results/raw/DeepSeek_spider_pass_k_20260326_200508.jsonl
False,spider,"[false, false, false, false, false]",pets_1,data/spider/database/pets_1/pets_1.sqlite,,False,,False,,"SELECT PetType, MAX(weight) AS maximum_weight FROM Pets GROUP BY PetType",True,,"SELECT max(weight) ,  petType FROM pets GROUP BY petType",56,True,DeepSeek,5,5,Find the maximum weight for each type of pet. List the maximum weight and pet type.,83,pass_k,spider_49,results/raw/DeepSeek_spider_pass_k_20260326_200508.jsonl
True,spider,"[true, true, true, true, true]",pets_1,data/spider/database/pets_1/pets_1.sqlite,,False,,True,,SELECT COUNT(*) FROM Has_Pet WHERE StuID IN (SELECT StuID FROM Student WHERE Age > 20),True,,SELECT count(*) FROM student AS T1 JOIN has_pet AS T2 ON T1.stuid  =  T2.stuid WHERE T1.age  >  20,98,True,DeepSeek,5,5,How many pets are owned by students that have an age greater than 20?,69,pass_k,spider_52,results/raw/DeepSeek_spider_pass_k_20260326_200508.jsonl
True,spider,"[true, true, true, true, true]",concert_singer,data/spider/database/concert_singer/concert_singer.sqlite,,False,,True,,SELECT COUNT(*) FROM concert WHERE Stadium_ID = (SELECT Stadium_ID FROM stadium ORDER BY Capacity DESC LIMIT 1),True,,select count(*) from concert where stadium_id = (select stadium_id from stadium order by capacity desc limit 1),111,True,DeepSeek,5,5,What are the number of concerts that occurred in the stadium with the largest capacity ?,88,pass_k,spider_44,results/raw/DeepSeek_spider_pass_k_20260326_200508.jsonl
True,spider,"[true, true, true, true, true]",pets_1,data/spider/database/pets_1/pets_1.sqlite,,False,,True,,SELECT COUNT(*) FROM Has_Pet WHERE StuID IN (SELECT StuID FROM Student WHERE Age > 20),True,,SELECT count(*) FROM student AS T1 JOIN has_pet AS T2 ON T1.stuid  =  T2.stuid WHERE T1.age  >  20,98,True,DeepSeek,5,5,Find number of pets owned by students who are older than 20.,60,pass_k,spider_51,results/raw/DeepSeek_spider_pass_k_20260326_200508.jsonl
True,spider,"[true, true, true, true, true]",pets_1,data/spider/database/pets_1/pets_1.sqlite,,False,,True,,"SELECT DISTINCT s.Fname FROM Student s JOIN Has_Pet hp ON s.StuID = hp.StuID JOIN Pets p ON hp.PetID = p.PetID WHERE p.PetType IN ('cat', 'dog')",True,,SELECT DISTINCT T1.Fname FROM student AS T1 JOIN has_pet AS T2 ON T1.stuid  =  T2.stuid JOIN pets AS T3 ON T3.petid  =  T2.petid WHERE T3.pettype  =  'cat' OR T3.pettype  =  'dog',179,True,DeepSeek,5,5,What are the first names of every student who has a cat or dog as a pet?,72,pass_k,spider_58,results/raw/DeepSeek_spider_pass_k_20260326_200508.jsonl
True,spider,"[true, true, true, true, true]",pets_1,data/spider/database/pets_1/pets_1.sqlite,,False,,True,,SELECT COUNT(DISTINCT p.PetID) FROM Pets p JOIN Has_Pet hp ON p.PetID = hp.PetID JOIN Student s ON hp.StuID = s.StuID WHERE p.PetType = 'dog' AND s.Sex = 'F',True,,SELECT count(*) FROM student AS T1 JOIN has_pet AS T2 ON T1.stuid  =  T2.stuid JOIN pets AS T3 ON T2.petid  =  T3.petid WHERE T1.sex  =  'F' AND T3.pettype  =  'dog',165,True,DeepSeek,5,5,Find the number of dog pets that are raised by female students (with sex F).,76,pass_k,spider_53,results/raw/DeepSeek_spider_pass_k_20260326_200508.jsonl
True,spider,"[true, true, true, true, true]",pets_1,data/spider/database/pets_1/pets_1.sqlite,,False,,True,,"SELECT DISTINCT s.Fname FROM Student s JOIN Has_Pet hp ON s.StuID = hp.StuID JOIN Pets p ON hp.PetID = p.PetID WHERE p.PetType IN ('cat', 'dog')",True,,SELECT DISTINCT T1.Fname FROM student AS T1 JOIN has_pet AS T2 ON T1.stuid  =  T2.stuid JOIN pets AS T3 ON T3.petid  =  T2.petid WHERE T3.pettype  =  'cat' OR T3.pettype  =  'dog',179,True,DeepSeek,5,5,Find the first name of students who have cat or dog pet.,56,pass_k,spider_57,results/raw/DeepSeek_spider_pass_k_20260326_200508.jsonl
True,spider,"[true, true, true, true, true]",pets_1,data/spider/database/pets_1/pets_1.sqlite,,False,,True,,SELECT COUNT(DISTINCT PetType) FROM Pets,True,,SELECT count(DISTINCT pettype) FROM pets,40,True,DeepSeek,5,5,Find the number of distinct type of pets.,41,pass_k,spider_55,results/raw/DeepSeek_spider_pass_k_20260326_200508.jsonl
True,spider,"[true, true, true, true, true]",pets_1,data/spider/database/pets_1/pets_1.sqlite,,False,,True,,SELECT COUNT(DISTINCT PetType) FROM Pets,True,,SELECT count(DISTINCT pettype) FROM pets,40,True,DeepSeek,5,5,How many different types of pet are there?,42,pass_k,spider_56,results/raw/DeepSeek_spider_pass_k_20260326_200508.jsonl
True,spider,"[true, true, true, true, true]",pets_1,data/spider/database/pets_1/pets_1.sqlite,,False,,True,,SELECT weight FROM Pets WHERE PetType = 'dog' AND pet_age = (SELECT MIN(pet_age) FROM Pets WHERE PetType = 'dog'),True,,SELECT weight FROM pets ORDER BY pet_age LIMIT 1,48,True,DeepSeek,5,5,How much does the youngest dog weigh?,37,pass_k,spider_48,results/raw/DeepSeek_spider_pass_k_20260326_200508.jsonl
True,spider,"[true, true, true, true, true]",pets_1,data/spider/database/pets_1/pets_1.sqlite,,False,,True,,SELECT DISTINCT s.Fname FROM Student s JOIN Has_Pet hp1 ON s.StuID = hp1.StuID JOIN Pets p1 ON hp1.PetID = p1.PetID JOIN Has_Pet hp2 ON s.StuID = hp2.StuID JOIN Pets p2 ON hp2.PetID = p2.PetID WHERE p1.PetType = 'cat' AND p2.PetType = 'dog',True,,SELECT T1.Fname FROM student AS T1 JOIN has_pet AS T2 ON T1.stuid  =  T2.stuid JOIN pets AS T3 ON T3.petid  =  T2.petid WHERE T3.pettype  =  'cat' INTERSECT SELECT T1.Fname FROM student AS T1 JOIN has_pet AS T2 ON T1.stuid  =  T2.stuid JOIN pets AS T3 ON T3.petid  =  T2.petid WHERE T3.pettype  =  'dog',303,True,DeepSeek,5,5,What are the students' first names who have both cats and dogs as pets?,71,pass_k,spider_60,results/raw/DeepSeek_spider_pass_k_20260326_200508.jsonl
True,spider,"[true, true, true, true, true]",pets_1,data/spider/database/pets_1/pets_1.sqlite,,False,,True,,SELECT COUNT(DISTINCT p.PetID) FROM Pets p JOIN Has_Pet hp ON p.PetID = hp.PetID JOIN Student s ON hp.StuID = s.StuID WHERE p.PetType = 'dog' AND s.Sex = 'F',True,,SELECT count(*) FROM student AS T1 JOIN has_pet AS T2 ON T1.stuid  =  T2.stuid JOIN pets AS T3 ON T2.petid  =  T3.petid WHERE T1.sex  =  'F' AND T3.pettype  =  'dog',165,True,DeepSeek,5,5,How many dog pets are raised by female students?,48,pass_k,spider_54,results/raw/DeepSeek_spider_pass_k_20260326_200508.jsonl
True,spider,"[true, true, true, true, true]",pets_1,data/spider/database/pets_1/pets_1.sqlite,,False,,True,,SELECT DISTINCT s.Fname FROM Student s JOIN Has_Pet hp1 ON s.StuID = hp1.StuID JOIN Pets p1 ON hp1.PetID = p1.PetID JOIN Has_Pet hp2 ON s.StuID = hp2.StuID JOIN Pets p2 ON hp2.PetID = p2.PetID WHERE p1.PetType = 'cat' AND p2.PetType = 'dog',True,,select t1.fname from student as t1 join has_pet as t2 on t1.stuid  =  t2.stuid join pets as t3 on t3.petid  =  t2.petid where t3.pettype  =  'cat' intersect select t1.fname from student as t1 join has_pet as t2 on t1.stuid  =  t2.stuid join pets as t3 on t3.petid  =  t2.petid where t3.pettype  =  'dog',303,True,DeepSeek,5,5,Find the first name of students who have both cat and dog pets .,64,pass_k,spider_59,results/raw/DeepSeek_spider_pass_k_20260326_200508.jsonl
True,spider,"[true, true, true, true, true]",pets_1,data/spider/database/pets_1/pets_1.sqlite,,False,,True,,"SELECT s.Major, s.Age FROM Student s WHERE s.StuID NOT IN (SELECT hp.StuID FROM Has_Pet hp JOIN Pets p ON hp.PetID = p.PetID WHERE p.PetType = 'cat')",True,,"SELECT major ,  age FROM student WHERE stuid NOT IN (SELECT T1.stuid FROM student AS T1 JOIN has_pet AS T2 ON T1.stuid  =  T2.stuid JOIN pets AS T3 ON T3.petid  =  T2.petid WHERE T3.pettype  =  'cat')",200,True,DeepSeek,5,5,"What major is every student who does not own a cat as a pet, and also how old are they?",87,pass_k,spider_62,results/raw/DeepSeek_spider_pass_k_20260326_200508.jsonl
True,spider,"[true, true, true, true, true]",pets_1,data/spider/database/pets_1/pets_1.sqlite,,False,,True,,SELECT DISTINCT s.StuID FROM Student s WHERE s.StuID NOT IN (SELECT hp.StuID FROM Has_Pet hp JOIN Pets p ON hp.PetID = p.PetID WHERE p.PetType = 'cat'),True,,SELECT stuid FROM student EXCEPT SELECT T1.stuid FROM student AS T1 JOIN has_pet AS T2 ON T1.stuid  =  T2.stuid JOIN pets AS T3 ON T3.petid  =  T2.petid WHERE T3.pettype  =  'cat',179,True,DeepSeek,5,5,What are the ids of the students who do not own cats as pets?,61,pass_k,spider_64,results/raw/DeepSeek_spider_pass_k_20260326_200508.jsonl
True,spider,"[true, true, true, true, true]",pets_1,data/spider/database/pets_1/pets_1.sqlite,,False,,True,,"SELECT PetType, weight FROM Pets WHERE pet_age = (SELECT MIN(pet_age) FROM Pets)",True,,"SELECT pettype ,  weight FROM pets ORDER BY pet_age LIMIT 1",59,True,DeepSeek,5,5,Find the type and weight of the youngest pet.,45,pass_k,spider_67,results/raw/DeepSeek_spider_pass_k_20260326_200508.jsonl
False,spider,"[false, false, false, false, false]",pets_1,data/spider/database/pets_1/pets_1.sqlite,,False,,False,,SELECT DISTINCT s.Fname FROM Student s JOIN Has_Pet hp ON s.StuID = hp.StuID JOIN Pets p ON hp.PetID = p.PetID WHERE p.PetType = 'dog' AND s.StuID NOT IN (SELECT hp2.StuID FROM Has_Pet hp2 JOIN Pets p2 ON hp2.PetID = p2.PetID WHERE p2.PetType = 'cat'),True,,"SELECT T1.fname ,  T1.age FROM student AS T1 JOIN has_pet AS T2 ON T1.stuid  =  T2.stuid JOIN pets AS T3 ON T3.petid  =  T2.petid WHERE T3.pettype  =  'dog' AND T1.stuid NOT IN (SELECT T1.stuid FROM student AS T1 JOIN has_pet AS T2 ON T1.stuid  =  T2.stuid JOIN pets AS T3 ON T3.petid  =  T2.petid WHERE T3.pettype  =  'cat')",325,True,DeepSeek,5,5,What is the first name of every student who has a dog but does not have a cat?,78,pass_k,spider_66,results/raw/DeepSeek_spider_pass_k_20260326_200508.jsonl
True,spider,"[true, true, true, true, false]",pets_1,data/spider/database/pets_1/pets_1.sqlite,,False,,True,,"SELECT s.Major, s.Age FROM Student s WHERE s.StuID NOT IN (SELECT hp.StuID FROM Has_Pet hp JOIN Pets p ON hp.PetID = p.PetID WHERE p.PetType = 'cat')",True,,"SELECT major ,  age FROM student WHERE stuid NOT IN (SELECT T1.stuid FROM student AS T1 JOIN has_pet AS T2 ON T1.stuid  =  T2.stuid JOIN pets AS T3 ON T3.petid  =  T2.petid WHERE T3.pettype  =  'cat')",200,True,DeepSeek,5,5,Find the major and age of students who do not have a cat pet.,61,pass_k,spider_61,results/raw/DeepSeek_spider_pass_k_20260326_200508.jsonl
True,spider,"[true, true, true, true, true]",pets_1,data/spider/database/pets_1/pets_1.sqlite,,False,,True,,SELECT StuID FROM Student WHERE StuID NOT IN (SELECT StuID FROM Has_Pet WHERE PetID IN (SELECT PetID FROM Pets WHERE PetType = 'cat')),True,,SELECT stuid FROM student EXCEPT SELECT T1.stuid FROM student AS T1 JOIN has_pet AS T2 ON T1.stuid  =  T2.stuid JOIN pets AS T3 ON T3.petid  =  T2.petid WHERE T3.pettype  =  'cat',179,True,DeepSeek,5,5,Find the id of students who do not have a cat pet.,50,pass_k,spider_63,results/raw/DeepSeek_spider_pass_k_20260326_200508.jsonl
True,spider,"[true, true, true, true, true]",pets_1,data/spider/database/pets_1/pets_1.sqlite,,False,,True,,"SELECT PetType, weight FROM Pets WHERE pet_age = (SELECT MIN(pet_age) FROM Pets) LIMIT 1",True,,"SELECT pettype ,  weight FROM pets ORDER BY pet_age LIMIT 1",59,True,DeepSeek,5,5,"What type of pet is the youngest animal, and how much does it weigh?",68,pass_k,spider_68,results/raw/DeepSeek_spider_pass_k_20260326_200508.jsonl
False,spider,"[false, false, false, false, false]",pets_1,data/spider/database/pets_1/pets_1.sqlite,,False,,False,,"SELECT DISTINCT s.Fname, s.Age FROM Student s JOIN Has_Pet hp ON s.StuID = hp.StuID JOIN Pets p ON hp.PetID = p.PetID WHERE p.PetType = 'dog' AND s.StuID NOT IN (SELECT hp2.StuID FROM Has_Pet hp2 JOIN Pets p2 ON hp2.PetID = p2.PetID WHERE p2.PetType = 'cat')",True,,"SELECT T1.fname ,  T1.age FROM student AS T1 JOIN has_pet AS T2 ON T1.stuid  =  T2.stuid JOIN pets AS T3 ON T3.petid  =  T2.petid WHERE T3.pettype  =  'dog' AND T1.stuid NOT IN (SELECT T1.stuid FROM student AS T1 JOIN has_pet AS T2 ON T1.stuid  =  T2.stuid JOIN pets AS T3 ON T3.petid  =  T2.petid WHERE T3.pettype  =  'cat')",325,True,DeepSeek,5,5,Find the first name and age of students who have a dog but do not have a cat as a pet.,86,pass_k,spider_65,results/raw/DeepSeek_spider_pass_k_20260326_200508.jsonl
True,spider,"[true, true, true, true, true]",pets_1,data/spider/database/pets_1/pets_1.sqlite,,False,,True,,"SELECT PetID, weight FROM Pets WHERE pet_age > 1",True,,"SELECT petid ,  weight FROM pets WHERE pet_age  >  1",52,True,DeepSeek,5,5,Find the id and weight of all pets whose age is older than 1.,61,pass_k,spider_69,results/raw/DeepSeek_spider_pass_k_20260326_200508.jsonl
False,spider,"[false, false, false, false, false]",pets_1,data/spider/database/pets_1/pets_1.sqlite,,False,,False,,"SELECT PetType, AVG(pet_age) AS average_age, MAX(pet_age) AS maximum_age FROM Pets GROUP BY PetType",True,,"SELECT avg(pet_age) ,  max(pet_age) ,  pettype FROM pets GROUP BY pettype",73,True,DeepSeek,5,5,What is the average and maximum age for each pet type?,54,pass_k,spider_72,results/raw/DeepSeek_spider_pass_k_20260326_200508.jsonl
False,spider,"[false, false, false, false, false]",pets_1,data/spider/database/pets_1/pets_1.sqlite,,False,,False,,"SELECT PetType, AVG(weight) AS average_weight FROM Pets GROUP BY PetType",True,,"SELECT avg(weight) ,  pettype FROM pets GROUP BY pettype",56,True,DeepSeek,5,5,What is the average weight for each type of pet?,48,pass_k,spider_74,results/raw/DeepSeek_spider_pass_k_20260326_200508.jsonl
False,spider,"[false, false, false, false, false]",pets_1,data/spider/database/pets_1/pets_1.sqlite,,False,,False,,"SELECT PetType, AVG(weight) AS average_weight FROM Pets GROUP BY PetType",True,,"SELECT avg(weight) ,  pettype FROM pets GROUP BY pettype",56,True,DeepSeek,5,5,Find the average weight for each pet type.,42,pass_k,spider_73,results/raw/DeepSeek_spider_pass_k_20260326_200508.jsonl
True,spider,"[true, true, true, true, true]",pets_1,data/spider/database/pets_1/pets_1.sqlite,,False,,True,,"SELECT DISTINCT s.Fname, s.Age FROM Student s JOIN Has_Pet hp ON s.StuID = hp.StuID",True,,"SELECT DISTINCT T1.fname ,  T1.age FROM student AS T1 JOIN has_pet AS T2 ON T1.stuid  =  T2.stuid",97,True,DeepSeek,5,5,What are the different first names and ages of the students who do have pets?,77,pass_k,spider_76,results/raw/DeepSeek_spider_pass_k_20260326_200508.jsonl
True,spider,"[true, true, true, true, true]",pets_1,data/spider/database/pets_1/pets_1.sqlite,,False,,True,,SELECT p.PetID FROM Student s JOIN Has_Pet hp ON s.StuID = hp.StuID JOIN Pets p ON hp.PetID = p.PetID WHERE s.LName = 'Smith',True,,SELECT T2.petid FROM student AS T1 JOIN has_pet AS T2 ON T1.stuid  =  T2.stuid WHERE T1.Lname  =  'Smith',105,True,DeepSeek,5,5,What is the id of the pet owned by the student whose last name is 'Smith'?,74,pass_k,spider_78,results/raw/DeepSeek_spider_pass_k_20260326_200508.jsonl
True,spider,"[true, true, true, true, true]",pets_1,data/spider/database/pets_1/pets_1.sqlite,,False,,True,,SELECT p.PetID FROM Student s JOIN Has_Pet hp ON s.StuID = hp.StuID JOIN Pets p ON hp.PetID = p.PetID WHERE s.LName = 'Smith',True,,SELECT T2.petid FROM student AS T1 JOIN has_pet AS T2 ON T1.stuid  =  T2.stuid WHERE T1.Lname  =  'Smith',105,True,DeepSeek,5,5,Find the id of the pet owned by student whose last name is ‘Smith’.,67,pass_k,spider_77,results/raw/DeepSeek_spider_pass_k_20260326_200508.jsonl
True,spider,"[true, true, true, true, true]",pets_1,data/spider/database/pets_1/pets_1.sqlite,,False,,True,,"SELECT PetID, weight FROM Pets WHERE pet_age > 1",True,,"SELECT petid ,  weight FROM pets WHERE pet_age  >  1",52,True,DeepSeek,5,5,What is the id and weight of every pet who is older than 1?,59,pass_k,spider_70,results/raw/DeepSeek_spider_pass_k_20260326_200508.jsonl
False,spider,"[false, false, false, false, false]",pets_1,data/spider/database/pets_1/pets_1.sqlite,,False,,False,,"SELECT h.StuID, COUNT(h.PetID) AS number_of_pets FROM Has_Pet h GROUP BY h.StuID",True,,"SELECT count(*) ,  T1.stuid FROM student AS T1 JOIN has_pet AS T2 ON T1.stuid  =  T2.stuid GROUP BY T1.stuid",108,True,DeepSeek,5,5,Find the number of pets for each student who has any pet and student id.,72,pass_k,spider_79,results/raw/DeepSeek_spider_pass_k_20260326_200508.jsonl
False,spider,"[false, false, false, false, false]",pets_1,data/spider/database/pets_1/pets_1.sqlite,,False,,False,,"SELECT StuID, COUNT(PetID) FROM Has_Pet GROUP BY StuID",True,,"select count(*) ,  t1.stuid from student as t1 join has_pet as t2 on t1.stuid  =  t2.stuid group by t1.stuid",108,True,DeepSeek,5,5,"For students who have pets , how many pets does each student have ? list their ids instead of names .",101,pass_k,spider_80,results/raw/DeepSeek_spider_pass_k_20260326_200508.jsonl
True,spider,"[true, true, true, true, true]",pets_1,data/spider/database/pets_1/pets_1.sqlite,,False,,True,,"SELECT s.Fname, s.Sex FROM Student s JOIN Has_Pet hp ON s.StuID = hp.StuID GROUP BY s.StuID, s.Fname, s.Sex HAVING COUNT(hp.PetID) > 1",True,,"SELECT T1.fname ,  T1.sex FROM student AS T1 JOIN has_pet AS T2 ON T1.stuid  =  T2.stuid GROUP BY T1.stuid HAVING count(*)  >  1",128,True,DeepSeek,5,5,What is the first name and gender of the all the students who have more than one pet?,85,pass_k,spider_82,results/raw/DeepSeek_spider_pass_k_20260326_200508.jsonl
False,spider,"[false, false, false, false, false]",pets_1,data/spider/database/pets_1/pets_1.sqlite,,False,,False,,"SELECT PetType, AVG(pet_age) AS average_age, MAX(pet_age) AS maximum_age FROM Pets GROUP BY PetType",True,,"SELECT avg(pet_age) ,  max(pet_age) ,  pettype FROM pets GROUP BY pettype",73,True,DeepSeek,5,5,Find the average and maximum age for each type of pet.,54,pass_k,spider_71,results/raw/DeepSeek_spider_pass_k_20260326_200508.jsonl
True,spider,"[true, true, true, true, true]",pets_1,data/spider/database/pets_1/pets_1.sqlite,,False,,True,,"SELECT s.Fname, s.Sex FROM Student s JOIN Has_Pet hp ON s.StuID = hp.StuID GROUP BY s.StuID, s.Fname, s.Sex HAVING COUNT(hp.PetID) > 1",True,,"SELECT T1.fname ,  T1.sex FROM student AS T1 JOIN has_pet AS T2 ON T1.stuid  =  T2.stuid GROUP BY T1.stuid HAVING count(*)  >  1",128,True,DeepSeek,5,5,Find the first name and gender of student who have more than one pet.,69,pass_k,spider_81,results/raw/DeepSeek_spider_pass_k_20260326_200508.jsonl
True,spider,"[true, true, true, true, true]",pets_1,data/spider/database/pets_1/pets_1.sqlite,,False,,True,,SELECT AVG(Age) FROM Student WHERE StuID NOT IN (SELECT StuID FROM Has_Pet),True,,select avg(age) from student where stuid not in (select stuid from has_pet),75,True,DeepSeek,5,5,What is the average age for all students who do not own any pets ?,66,pass_k,spider_86,results/raw/DeepSeek_spider_pass_k_20260326_200508.jsonl
True,spider,"[true, true, true, true, true]",pets_1,data/spider/database/pets_1/pets_1.sqlite,,False,,True,,SELECT s.LName FROM Student s JOIN Has_Pet hp ON s.StuID = hp.StuID JOIN Pets p ON hp.PetID = p.PetID WHERE p.PetType = 'cat' AND p.pet_age = 3,True,,SELECT T1.lname FROM student AS T1 JOIN has_pet AS T2 ON T1.stuid  =  T2.stuid JOIN pets AS T3 ON T3.petid  =  T2.petid WHERE T3.pet_age  =  3 AND T3.pettype  =  'cat',167,True,DeepSeek,5,5,What is the last name of the student who has a cat that is 3 years old?,71,pass_k,spider_84,results/raw/DeepSeek_spider_pass_k_20260326_200508.jsonl
True,spider,"[true, true, true, true, true]",pets_1,data/spider/database/pets_1/pets_1.sqlite,,False,,True,,SELECT s.LName FROM Student s JOIN Has_Pet hp ON s.StuID = hp.StuID JOIN Pets p ON hp.PetID = p.PetID WHERE p.PetType = 'cat' AND p.pet_age = 3,True,,SELECT T1.lname FROM student AS T1 JOIN has_pet AS T2 ON T1.stuid  =  T2.stuid JOIN pets AS T3 ON T3.petid  =  T2.petid WHERE T3.pet_age  =  3 AND T3.pettype  =  'cat',167,True,DeepSeek,5,5,Find the last name of the student who has a cat that is age 3.,62,pass_k,spider_83,results/raw/DeepSeek_spider_pass_k_20260326_200508.jsonl
True,spider,"[true, true, true, true, true]",pets_1,data/spider/database/pets_1/pets_1.sqlite,,False,,True,,SELECT AVG(Age) FROM Student WHERE StuID NOT IN (SELECT StuID FROM Has_Pet),True,,select avg(age) from student where stuid not in (select stuid from has_pet),75,True,DeepSeek,5,5,Find the average age of students who do not have any pet .,58,pass_k,spider_85,results/raw/DeepSeek_spider_pass_k_20260326_200508.jsonl
True,spider,"[true, true, true, true, true]",car_1,data/spider/database/car_1/car_1.sqlite,,False,,True,,SELECT COUNT(*) FROM continents,True,,SELECT count(*) FROM CONTINENTS;,32,True,DeepSeek,5,5,What is the number of continents?,33,pass_k,spider_88,results/raw/DeepSeek_spider_pass_k_20260326_200508.jsonl
True,spider,"[true, true, true, true, true]",car_1,data/spider/database/car_1/car_1.sqlite,,False,,True,,SELECT COUNT(*) FROM countries,True,,SELECT count(*) FROM COUNTRIES;,31,True,DeepSeek,5,5,How many countries are listed?,30,pass_k,spider_91,results/raw/DeepSeek_spider_pass_k_20260326_200508.jsonl
True,spider,"[true, true, true, true, true]",car_1,data/spider/database/car_1/car_1.sqlite,,False,,True,,SELECT COUNT(DISTINCT Continent) FROM continents,True,,SELECT count(*) FROM CONTINENTS;,32,True,DeepSeek,5,5,How many continents are there?,30,pass_k,spider_87,results/raw/DeepSeek_spider_pass_k_20260326_200508.jsonl
True,spider,"[true, true, true, true, true]",car_1,data/spider/database/car_1/car_1.sqlite,,False,,True,,"SELECT c.ContId, c.Continent, COUNT(co.CountryId) AS NumberOfCountries FROM continents c LEFT JOIN countries co ON c.ContId = co.Continent GROUP BY c.ContId, c.Continent ORDER BY c.ContId",True,,"SELECT T1.ContId ,  T1.Continent ,  count(*) FROM CONTINENTS AS T1 JOIN COUNTRIES AS T2 ON T1.ContId  =  T2.Continent GROUP BY T1.ContId;",137,True,DeepSeek,5,5,"How many countries does each continent have? List the continent id, continent name and the number of countries.",111,pass_k,spider_89,results/raw/DeepSeek_spider_pass_k_20260326_200508.jsonl
True,spider,"[true, true, true, true, true]",pets_1,data/spider/database/pets_1/pets_1.sqlite,,False,,True,,"SELECT DISTINCT s.Fname, s.Age FROM Student s JOIN Has_Pet hp ON s.StuID = hp.StuID",True,,"SELECT DISTINCT T1.fname ,  T1.age FROM student AS T1 JOIN has_pet AS T2 ON T1.stuid  =  T2.stuid",97,True,DeepSeek,5,5,Find the first name and age of students who have a pet.,55,pass_k,spider_75,results/raw/DeepSeek_spider_pass_k_20260326_200508.jsonl
True,spider,"[true, true, true, true, true]",car_1,data/spider/database/car_1/car_1.sqlite,,False,,True,,SELECT COUNT(*) FROM countries,True,,SELECT count(*) FROM COUNTRIES;,31,True,DeepSeek,5,5,How many countries exist?,25,pass_k,spider_92,results/raw/DeepSeek_spider_pass_k_20260326_200508.jsonl
True,spider,"[true, true, true, true, true]",car_1,data/spider/database/car_1/car_1.sqlite,,False,,True,,"SELECT c.ContId, c.Continent, COUNT(co.CountryId) AS CountryCount FROM continents c LEFT JOIN countries co ON c.ContId = co.Continent GROUP BY c.ContId, c.Continent ORDER BY c.ContId",True,,"SELECT T1.ContId ,  T1.Continent ,  count(*) FROM CONTINENTS AS T1 JOIN COUNTRIES AS T2 ON T1.ContId  =  T2.Continent GROUP BY T1.ContId;",137,True,DeepSeek,5,5,"For each continent, list its id, name, and how many countries it has?",69,pass_k,spider_90,results/raw/DeepSeek_spider_pass_k_20260326_200508.jsonl
True,spider,"[true, true, true, true, true]",car_1,data/spider/database/car_1/car_1.sqlite,,False,,True,,"SELECT cm.FullName, cm.Id, COUNT(ml.ModelId) AS NumberOfModels FROM car_makers cm JOIN model_list ml ON cm.Id = ml.Maker GROUP BY cm.Id, cm.FullName",True,,"SELECT T1.FullName ,  T1.Id ,  count(*) FROM CAR_MAKERS AS T1 JOIN MODEL_LIST AS T2 ON T1.Id  =  T2.Maker GROUP BY T1.Id;",121,True,DeepSeek,5,5,"How many models does each car maker produce? List maker full name, id and the number.",85,pass_k,spider_93,results/raw/DeepSeek_spider_pass_k_20260326_200508.jsonl
False,spider,"[false, false, false, false, false]",car_1,data/spider/database/car_1/car_1.sqlite,,False,,False,,"SELECT cm.Id, cm.FullName, COUNT(ml.ModelId) AS ModelCount FROM car_makers cm JOIN model_list ml ON cm.Id = ml.Maker GROUP BY cm.Id, cm.FullName ORDER BY cm.Id",True,,"SELECT T1.FullName ,  T1.Id ,  count(*) FROM CAR_MAKERS AS T1 JOIN MODEL_LIST AS T2 ON T1.Id  =  T2.Maker GROUP BY T1.Id;",121,True,DeepSeek,5,5,"What is the full name of each car maker, along with its id and how many models it produces?",91,pass_k,spider_94,results/raw/DeepSeek_spider_pass_k_20260326_200508.jsonl
True,spider,"[true, true, true, true, true]",car_1,data/spider/database/car_1/car_1.sqlite,,False,,True,,SELECT DISTINCT cm.Maker FROM car_makers cm JOIN model_list ml ON cm.Id = ml.Maker JOIN car_names cn ON ml.Model = cn.Model JOIN cars_data cd ON cn.MakeId = cd.Id WHERE cd.Year = 1970,True,,SELECT DISTINCT T1.Maker FROM CAR_MAKERS AS T1 JOIN MODEL_LIST AS T2 ON T1.Id  =  T2.Maker JOIN CAR_NAMES AS T3 ON T2.model  =  T3.model JOIN CARS_DATA AS T4 ON T3.MakeId  =  T4.id WHERE T4.year  =  '1970';,206,True,DeepSeek,5,5,Find the name of the makers that produced some cars in the year of 1970?,72,pass_k,spider_99,results/raw/DeepSeek_spider_pass_k_20260326_200508.jsonl
False,spider,"[false, false, false, false, false]",car_1,data/spider/database/car_1/car_1.sqlite,,False,,False,,SELECT c.Model FROM car_names c JOIN cars_data d ON c.MakeId = d.Id WHERE d.Horsepower = (SELECT MIN(Horsepower) FROM cars_data WHERE Horsepower != 'NA'),True,,SELECT T1.Model FROM CAR_NAMES AS T1 JOIN CARS_DATA AS T2 ON T1.MakeId  =  T2.Id ORDER BY T2.horsepower ASC LIMIT 1;,116,True,DeepSeek,5,5,What is the model of the car with the smallest amount of horsepower?,68,pass_k,spider_96,results/raw/DeepSeek_spider_pass_k_20260326_200508.jsonl
False,spider,"[false, false, false, false, false]",car_1,data/spider/database/car_1/car_1.sqlite,,False,,False,,SELECT c.Model FROM car_names c JOIN cars_data d ON c.MakeId = d.Id WHERE d.Horsepower = (SELECT MIN(Horsepower) FROM cars_data WHERE Horsepower IS NOT NULL AND Horsepower != ''),True,,SELECT T1.Model FROM CAR_NAMES AS T1 JOIN CARS_DATA AS T2 ON T1.MakeId  =  T2.Id ORDER BY T2.horsepower ASC LIMIT 1;,116,True,DeepSeek,5,5,Which model of the car has the minimum horsepower?,50,pass_k,spider_95,results/raw/DeepSeek_spider_pass_k_20260326_200508.jsonl
True,spider,"[true, true, true, true, true]",car_1,data/spider/database/car_1/car_1.sqlite,,False,,True,,SELECT c.Model FROM car_names c JOIN cars_data d ON c.MakeId = d.Id WHERE d.Weight < (SELECT AVG(Weight) FROM cars_data),True,,SELECT T1.model FROM CAR_NAMES AS T1 JOIN CARS_DATA AS T2 ON T1.MakeId  =  T2.Id WHERE T2.Weight  <  (SELECT avg(Weight) FROM CARS_DATA),136,True,DeepSeek,5,5,Find the model of the car whose weight is below the average weight.,67,pass_k,spider_97,results/raw/DeepSeek_spider_pass_k_20260326_200508.jsonl
True,spider,"[true, true, true, true, true]",car_1,data/spider/database/car_1/car_1.sqlite,,False,,True,,SELECT c.Model FROM car_names c JOIN cars_data d ON c.MakeId = d.Id WHERE d.Weight < (SELECT AVG(Weight) FROM cars_data),True,,SELECT T1.model FROM CAR_NAMES AS T1 JOIN CARS_DATA AS T2 ON T1.MakeId  =  T2.Id WHERE T2.Weight  <  (SELECT avg(Weight) FROM CARS_DATA),136,True,DeepSeek,5,5,What is the model for the car with a weight smaller than the average?,69,pass_k,spider_98,results/raw/DeepSeek_spider_pass_k_20260326_200508.jsonl
False,bird,"[false, false, false, false, false]",california_schools,data/bird/dev_databases/california_schools/california_schools.sqlite,moderate,False,Eligible free rates for students aged 5-17 = `Free Meal Count (Ages 5-17)` / `Enrollment (Ages 5-17)`,False,"near ""("": syntax error","SELECT s.CDSCode, s.Percent(%) Eligible Free (Ages 5-17) AS eligibility_rate FROM Schools s ORDER BY eligibility_rate ASC LIMIT 3",False,,SELECT `Free Meal Count (Ages 5-17)` / `Enrollment (Ages 5-17)` FROM frpm WHERE `Educational Option Type` = 'Continuation School' AND `Free Meal Count (Ages 5-17)` / `Enrollment (Ages 5-17)` IS NOT NULL ORDER BY `Free Meal Count (Ages 5-17)` / `Enrollment (Ages 5-17)` ASC LIMIT 3,280,True,Defog-Llama3-SQLCoder-8B,5,5,Please list the lowest three eligible free rates for students aged 5-17 in continuation schools.,96,pass_k,bird_1,results/raw/Defog-Llama3-SQLCoder-8B_bird_pass_k_20260326_215129.jsonl
False,bird,"[false, false, false, false, false]",california_schools,data/bird/dev_databases/california_schools/california_schools.sqlite,simple,False,Charter schools refers to `Charter School (Y/N)` = 1 in the table fprm,False,"near ""Charter"": syntax error",SELECT s.Zip FROM schools s JOIN frpm f ON s.CDSCode = f.CDSCode WHERE LOWER(s.County)='fresno' AND s Charter=1,False,,SELECT T2.Zip FROM frpm AS T1 INNER JOIN schools AS T2 ON T1.CDSCode = T2.CDSCode WHERE T1.`District Name` = 'Fresno County Office of Education' AND T1.`Charter School (Y/N)` = 1,178,True,Defog-Llama3-SQLCoder-8B,5,5,Please list the zip code of all the charter schools in Fresno County Office of Education.,89,pass_k,bird_2,results/raw/Defog-Llama3-SQLCoder-8B_bird_pass_k_20260326_215129.jsonl
False,bird,"[false, false, false, false, false]",california_schools,data/bird/dev_databases/california_schools/california_schools.sqlite,simple,False,,False,"near ""("": syntax error","WITH SchoolSAT AS (SELECT s.CDSCode, AVG(ss.AvgScrRead) AS AverageReadingScore FROM Schools s JOIN SATScores ss ON s.CDSCode = ss.cds GROUP BY s.CDSCode), FrpmCount AS (SELECT f.CDSCode, COUNT(f.FRPMCount(Ages 5-17)) AS FPRMCount FROM frpm f WHERE f.Percent(%) Eligible FRPM (Ages 5-17) > 0.5 GROUP BY f.CDSCode) SELECT ss.CDSCode, f.FRPMAges 5-17) FROM SchoolSAT ss JOIN FrpmCount f ON ss.CDSCode = f.CDSCode ORDER BY f.FRPMAges 5-17) DESC LIMIT 1",False,,SELECT T2.`FRPM Count (Ages 5-17)` FROM satscores AS T1 INNER JOIN frpm AS T2 ON T1.cds = T2.CDSCode ORDER BY T1.AvgScrRead DESC LIMIT 1,136,True,Defog-Llama3-SQLCoder-8B,5,5,"For the school with the highest average score in Reading in the SAT test, what is its FRPM count for students aged 5-17?",120,pass_k,bird_10,results/raw/Defog-Llama3-SQLCoder-8B_bird_pass_k_20260326_215129.jsonl
False,bird,"[false, false, false, false, false]",california_schools,data/bird/dev_databases/california_schools/california_schools.sqlite,simple,False,,False,no such column: f.NumTstTakr,SELECT s.School FROM schools s JOIN frpm f ON s.CDSCode = f.CDSCode ORDER BY f.NumTstTakr DESC NULLS LAST LIMIT 1,False,,SELECT sname FROM satscores WHERE cname = 'Contra Costa' AND sname IS NOT NULL ORDER BY NumTstTakr DESC LIMIT 1,111,True,Defog-Llama3-SQLCoder-8B,5,5,Which school in Contra Costa has the highest number of test takers?,67,pass_k,bird_22,results/raw/Defog-Llama3-SQLCoder-8B_bird_pass_k_20260326_215129.jsonl
False,bird,"[false, false, false, false, false]",california_schools,data/bird/dev_databases/california_schools/california_schools.sqlite,simple,False,Eligible free rate for K-12 = `Free Meal Count (K-12)` / `Enrollment (K-12)`,False,"near ""("": syntax error","WITH alameda_sch AS (SELECT s.CDSCode FROM schools s WHERE s.County = 'Alameda'), k12_free_rate AS (SELECT f.CDSCode, CAST(f.Percent(%) Eligible Free(K-12) AS FLOAT) AS free_rate FROM frpm f INNER JOIN alameda_sch a ON f.CDSCode = a.CDSCode) SELECT MAX(kr.free_rate) AS max_free_rate FROM k12_free_rate kr",False,,SELECT `Free Meal Count (K-12)` / `Enrollment (K-12)` FROM frpm WHERE `County Name` = 'Alameda' ORDER BY (CAST(`Free Meal Count (K-12)` AS REAL) / `Enrollment (K-12)`) DESC LIMIT 1,180,True,Defog-Llama3-SQLCoder-8B,5,5,What is the highest eligible free rate for K-12 students in the schools in Alameda County?,90,pass_k,bird_0,results/raw/Defog-Llama3-SQLCoder-8B_bird_pass_k_20260326_215129.jsonl
False,bird,"[false, false, false, false, false]",california_schools,data/bird/dev_databases/california_schools/california_schools.sqlite,simple,False,,False,"near ""("": syntax error","WITH school_frpm AS (SELECT s.CDSCode, SUM(f.FRPM_Count_(K-12)) AS total_FRPM FROM schools s JOIN frpm f ON s.CDSCode = f.CDSCode WHERE s.StatusType = 'Open' AND s.Latitude IS NOT NULL GROUP BY s.CDSCode) SELECT sc.MailStreet FROM school_frpm sf JOIN schools sc ON sf.CDSCode = sc.CDSCode ORDER BY sf.total_FRPM DESC LIMIT 1",False,,SELECT T2.MailStreet FROM frpm AS T1 INNER JOIN schools AS T2 ON T1.CDSCode = T2.CDSCode ORDER BY T1.`FRPM Count (K-12)` DESC LIMIT 1,133,True,Defog-Llama3-SQLCoder-8B,5,5,What is the unabbreviated mailing street address of the school with the highest FRPM count for K-12 students?,109,pass_k,bird_3,results/raw/Defog-Llama3-SQLCoder-8B_bird_pass_k_20260326_215129.jsonl
False,bird,"[false, false, false, false, false]",california_schools,data/bird/dev_databases/california_schools/california_schools.sqlite,simple,False,,False,"near ""Grade"": syntax error",SELECT COUNT(*) FROM frpm f WHERE LOWER(f.`County Name`) = 'amador' AND LOWER(f.Low Grade) = '9' AND LOWER(f.High Grade) = '12',False,,SELECT COUNT(T1.`School Name`) FROM frpm AS T1 INNER JOIN schools AS T2 ON T1.CDSCode = T2.CDSCode WHERE T2.County = 'Amador' AND T1.`Low Grade` = 9 AND T1.`High Grade` = 12,173,True,Defog-Llama3-SQLCoder-8B,5,5,How many schools in Amador which the Low Grade is 9 and the High Grade is 12?,77,pass_k,bird_20,results/raw/Defog-Llama3-SQLCoder-8B_bird_pass_k_20260326_215129.jsonl
False,bird,"[false, false, false, false, false]",california_schools,data/bird/dev_databases/california_schools/california_schools.sqlite,simple,False,,False,"near ""Meal"": syntax error","WITH school_meals AS (SELECT s.CDSCode, SUM(s.Free Meal Count (K-12)) / NULLIF(COUNT(*), 0) AS avg_free_meal FROM schools s WHERE s.County = 'Los Angeles' GROUP BY s.CDSCode) SELECT COUNT(*) FROM school_meals sm WHERE sm.avg_free_meal > 500 AND sm.avg_free_meal < 700",False,,SELECT COUNT(CDSCode) FROM frpm WHERE `County Name` = 'Los Angeles' AND `Free Meal Count (K-12)` > 500 AND `FRPM Count (K-12)`< 700,131,True,Defog-Llama3-SQLCoder-8B,5,5,In Los Angeles how many schools have more than 500 free meals but less than 700 free or reduced price meals for K-12?,117,pass_k,bird_21,results/raw/Defog-Llama3-SQLCoder-8B_bird_pass_k_20260326_215129.jsonl
False,bird,"[false, false, false, false, false]",california_schools,data/bird/dev_databases/california_schools/california_schools.sqlite,simple,False,,False,no such column: s.CDSCode,"WITH frpm_rank AS (SELECT s.CDSCode, COUNT(sfrpm.Ages_5_17) AS frpm_count FROM satscores s LEFT JOIN frpm sfrpm ON sfrpm.CDSCode = s.cds GROUP BY s.CDSCode), school_sat AS (SELECT s.CDSCode, s.enroll12, s.NumTstTakr FROM satscores s WHERE s.rtype = 'K-12') SELECT SUM(senroll12) AS total_students, COUNT(DISTINCT scs.CDSCode) AS number_of_schools, SUM(sNumTstTakr) AS total_test_takers FROM school_sat sen JOIN frpm_rank frr ON frr.CDSCode = sen.CDSCode LEFT JOIN (SELECT CDSCode FROM frpm_rank ORDER BY frpm_count DESC NULLS LAST LIMIT 1) scs ON scs.CDSCode = sen.CDSCode",False,,SELECT NumTstTakr FROM satscores WHERE cds = ( SELECT CDSCode FROM frpm ORDER BY `FRPM Count (K-12)` DESC LIMIT 1 ),115,True,Defog-Llama3-SQLCoder-8B,5,5,What is the number of SAT test takers of the schools with the highest FRPM count for K-12 students?,99,pass_k,bird_8,results/raw/Defog-Llama3-SQLCoder-8B_bird_pass_k_20260326_215129.jsonl
False,bird,"[false, false, false, false, false]",california_schools,data/bird/dev_databases/california_schools/california_schools.sqlite,moderate,False,Average of average math = sum(average math scores) / count(schools).,False,no such column: s.AvgScrMath,SELECT s.CDSCode FROM schools s JOIN frpm f ON s.CDSCode = f.CDSCode WHERE AVG(s.AvgScrMath) > 400 AND 'Riverside' = s.County,False,,"SELECT T1.sname, T2.`Charter Funding Type` FROM satscores AS T1 INNER JOIN frpm AS T2 ON T1.cds = T2.CDSCode WHERE T2.`District Name` LIKE 'Riverside%' GROUP BY T1.sname, T2.`Charter Funding Type` HAVING CAST(SUM(T1.AvgScrMath) AS REAL) / COUNT(T1.cds) > 400",258,True,Defog-Llama3-SQLCoder-8B,5,5,"Name schools in Riverside which the average of average math score for SAT is grater than 400, what is the funding type of these schools?",136,pass_k,bird_25,results/raw/Defog-Llama3-SQLCoder-8B_bird_pass_k_20260326_215129.jsonl
False,bird,"[false, false, false, false, false]",california_schools,data/bird/dev_databases/california_schools/california_schools.sqlite,moderate,False,Excellence rate = NumGE1500 / NumTstTakr; Eligible free rates for students aged 5-17 = `Free Meal Count (Ages 5-17)` / `Enrollment (Ages 5-17)`,False,"near ""("": syntax error","WITH satscores AS (SELECT s.cds, SUM(CASE WHEN s.rtype = 'Math' THEN 1 ELSE 0 END) / NULLIF COUNT(s.rtype), SUM(CASE WHEN s.ctype = 'Science' THEN 1 ELSE 0 END) / NULLIF COUNT(ctype) FROM satscores s WHERE s.cds IN (SELECT frpm.cdscode FROM frpm WHERE percent_eligible_frpm_ages_517 > 30)) SELECT s.cds, c.percentage AS eligible_free_rate_ages_5_17 FROM schools c JOIN satscores s ON c.cds = s.cds",False,,SELECT MAX(CAST(T1.`Free Meal Count (Ages 5-17)` AS REAL) / T1.`Enrollment (Ages 5-17)`) FROM frpm AS T1 INNER JOIN satscores AS T2 ON T1.CDSCode = T2.cds WHERE CAST(T2.NumGE1500 AS REAL) / T2.NumTstTakr > 0.3,209,True,Defog-Llama3-SQLCoder-8B,5,5,"Among the schools with an SAT excellence rate of over 0.3, what is the highest eligible free rate for students aged 5-17?",121,pass_k,bird_12,results/raw/Defog-Llama3-SQLCoder-8B_bird_pass_k_20260326_215129.jsonl
False,bird,"[false, false, false, false, false]",california_schools,data/bird/dev_databases/california_schools/california_schools.sqlite,simple,False,,False,no such table: sat_scores,SELECT COUNT(*) AS total_charter_funded_schools FROM schools s JOIN sat_scores sc ON s.CDSCode = sc.cds WHERE sc.AvgScrMath > 560 AND s.Charter = 1,False,,SELECT COUNT(T2.`School Code`) FROM satscores AS T1 INNER JOIN frpm AS T2 ON T1.cds = T2.CDSCode WHERE T1.AvgScrMath > 560 AND T2.`Charter Funding Type` = 'Directly funded',172,True,Defog-Llama3-SQLCoder-8B,5,5,"Among the schools with the average score in Math over 560 in the SAT test, how many schools are directly charter-funded?",120,pass_k,bird_9,results/raw/Defog-Llama3-SQLCoder-8B_bird_pass_k_20260326_215129.jsonl
False,bird,"[false, false, false, false, false]",california_schools,data/bird/dev_databases/california_schools/california_schools.sqlite,simple,False,,False,no such column: NumTstTakr,SELECT s.Phone FROM schools s JOIN frpm f ON s.CDSCode = f.CDSCode ORDER BY NumTstTakr DESC NULLS LAST LIMIT 1,False,,SELECT T2.Phone FROM satscores AS T1 INNER JOIN schools AS T2 ON T1.cds = T2.CDSCode ORDER BY T1.NumGE1500 DESC LIMIT 1,119,True,Defog-Llama3-SQLCoder-8B,5,5,What is the phone number of the school that has the highest number of test takers with an SAT score of over 1500?,113,pass_k,bird_7,results/raw/Defog-Llama3-SQLCoder-8B_bird_pass_k_20260326_215129.jsonl
False,bird,"[false, false, false, false, false]",california_schools,data/bird/dev_databases/california_schools/california_schools.sqlite,simple,False,,False,no such column: f.FRPMLastYearCount,SELECT COUNT(*) FROM schools s JOIN frpm f ON s.CDSCode = f.CDSCode WHERE s.Virtual IS NULL AND CAST(f.NumTstTakr AS INTEGER) <= 250 AND LOWER(s.County) = 'fresno' GROUP BY s.StatusType HAVING SUM(f.FRPMLastYearCount) > 0,False,,SELECT COUNT(T1.CDSCode) FROM frpm AS T1 INNER JOIN satscores AS T2 ON T1.CDSCode = T2.cds WHERE T1.`Charter Funding Type` = 'Directly funded' AND T1.`County Name` = 'Fresno' AND T2.NumTstTakr <= 250,199,True,Defog-Llama3-SQLCoder-8B,5,5,How many schools in Fresno (directly funded) have number of test takers not more than 250?,90,pass_k,bird_18,results/raw/Defog-Llama3-SQLCoder-8B_bird_pass_k_20260326_215129.jsonl
False,bird,"[false, false, false, false, false]",california_schools,data/bird/dev_databases/california_schools/california_schools.sqlite,moderate,False,K-12 refers to students in grades 1 through 12; Eligible free rate for K-12 = `Free Meal Count (K-12)` / `Enrollment (K-12)`,False,no such column: s.Enrollment,"WITH enrollment_rank AS (SELECT s.CDSCode, s.Enrollment FROM schools s WHERE s.StatusType = 'Active' AND s.Magnet IN (0, 1) AND s.Virtual IS NULL ORDER BY s.Enrollment DESC), top_10_enrolled AS (SELECT er.CDSCode FROM enrollment_rank er LIMIT 10) SELECT CAST(COUNT(*) AS FLOAT) / COUNT(CASE WHEN frpm.PercentageEligibleFree = 100.0 THEN 1 END) AS eligible_free_rate FROM schools s JOIN top_10_enrolled t ON s.CDSCode = t.CDSCode LEFT JOIN frpm ON frpm.CDSCode = s.CDSCode WHERE s.StatusType = 'Active' AND s.Magnet IN (0, 1) AND s.Virtual IS NULL",False,,"SELECT CAST(`Free Meal Count (K-12)` AS REAL) / `Enrollment (K-12)` FROM frpm ORDER BY `Enrollment (K-12)` DESC LIMIT 9, 2",122,True,Defog-Llama3-SQLCoder-8B,5,5,What is the eligible free rate of the 10th and 11th schools with the highest enrolment for students in grades 1 through 12?,123,pass_k,bird_31,results/raw/Defog-Llama3-SQLCoder-8B_bird_pass_k_20260326_215129.jsonl
False,bird,"[false, false, false, false, false]",california_schools,data/bird/dev_databases/california_schools/california_schools.sqlite,simple,False,Exclusively virtual refers to Virtual = 'F',False,no such column: avg_scr_math,SELECT COUNT(*) AS total_schools FROM schools s JOIN satscores ss ON s.CDSCode = CAST(ss.cds AS TEXT) WHERE avg_scr_math > 400 AND virtual IS NOT NULL,False,,SELECT COUNT(DISTINCT T2.School) FROM satscores AS T1 INNER JOIN schools AS T2 ON T1.cds = T2.CDSCode WHERE T2.Virtual = 'F' AND T1.AvgScrMath > 400,148,True,Defog-Llama3-SQLCoder-8B,5,5,How many schools with an average score in Math greater than 400 in the SAT test are exclusively virtual?,104,pass_k,bird_5,results/raw/Defog-Llama3-SQLCoder-8B_bird_pass_k_20260326_215129.jsonl
False,bird,"[false, false, false, false, false]",california_schools,data/bird/dev_databases/california_schools/california_schools.sqlite,simple,False,K-12 means First-through-twelfth-grade,False,"unrecognized token: "":""","WITH enrollment_data AS (SELECT s.CDSCode, s.School, COUNT(*)::FLOAT AS enrollment FROM schools s JOIN frpm f ON CAST(s.CDSCode AS INTEGER) = f.District Code GROUP BY s.CDSCode, s.School), largest_enrollment_school AS (SELECT ed.CDSCode, ed.School, MAX(ed.enrollment) AS max_enrollment FROM enrollment_data ed GROUP BY ed.CDSCode, ed.School) SELECT las.CDSCode, las.School, las.max_enrollment, MIN(las.OpenDate) AS open_date FROM largest_enrollment_school las WHERE las.max_enrollment = 12.0 AND las.OpenDate IS NOT NULL ORDER BY open_date LIMIT 1",False,,SELECT T2.OpenDate FROM frpm AS T1 INNER JOIN schools AS T2 ON T1.CDSCode = T2.CDSCode ORDER BY T1.`Enrollment (K-12)` DESC LIMIT 1,131,True,Defog-Llama3-SQLCoder-8B,5,5,When did the first-through-twelfth-grade school with the largest enrollment open?,81,pass_k,bird_29,results/raw/Defog-Llama3-SQLCoder-8B_bird_pass_k_20260326_215129.jsonl
False,bird,"[false, false, false, false, false]",california_schools,data/bird/dev_databases/california_schools/california_schools.sqlite,moderate,False,Charter schools refers to `Charter School (Y/N)` = 1 in the frpm,False,,SELECT s.Phone FROM schools s WHERE s.Charter = 1 AND s.StatusType = 'Active' AND s.OpenDate > '2000-01-01',True,,SELECT T2.Phone FROM frpm AS T1 INNER JOIN schools AS T2 ON T1.CDSCode = T2.CDSCode WHERE T1.`Charter Funding Type` = 'Directly funded' AND T1.`Charter School (Y/N)` = 1 AND T2.OpenDate > '2000-01-01',200,True,Defog-Llama3-SQLCoder-8B,5,5,Please list the phone numbers of the direct charter-funded schools that are opened after 2000/1/1.,98,pass_k,bird_4,results/raw/Defog-Llama3-SQLCoder-8B_bird_pass_k_20260326_215129.jsonl
False,bird,"[false, false, false, false, false]",california_schools,data/bird/dev_databases/california_schools/california_schools.sqlite,moderate,False,Percent eligible for free meals = Free Meal Count (K-12) / Total (Enrollment (K-12),False,"near ""("": syntax error","SELECT s.School, CAST(s.CDSCode AS integer) / NULLIF(sr.NumTstTakr, 0) AS pct_eligible FROM frpm f JOIN schools s ON f.CDSCode = s.CDSCode JOIN satscores sr ON f.CDSCode = sr.cds WHERE (f.Percent (%) Eligible Free (K-12)) > 0.1 AND sr.AvgScrRead >= 1500",False,,SELECT T2.`School Name` FROM satscores AS T1 INNER JOIN frpm AS T2 ON T1.cds = T2.CDSCode WHERE CAST(T2.`Free Meal Count (K-12)` AS REAL) / T2.`Enrollment (K-12)` > 0.1 AND T1.NumGE1500 > 0,189,True,Defog-Llama3-SQLCoder-8B,5,5,Give the names of the schools with the percent eligible for free meals in K-12 is more than 0.1 and test takers whose test score is greater than or equal to 1500?,162,pass_k,bird_24,results/raw/Defog-Llama3-SQLCoder-8B_bird_pass_k_20260326_215129.jsonl
False,bird,"[false, false, false, false, false]",california_schools,data/bird/dev_databases/california_schools/california_schools.sqlite,simple,False,,False,"unrecognized token: "":""",SELECT COUNT(*) FROM schools s JOIN frpm f ON s.CDSCode = f.CDSCode WHERE (f.NumTstTakr::INTEGER < 100) AND (s.County = 'Alameda' OR s.District like '%Alameda%') GROUP BY f.CDSCode HAVING COUNT(DISTINCT f.CDSCode) >= 2,False,,SELECT COUNT(T1.CDSCode) FROM schools AS T1 INNER JOIN satscores AS T2 ON T1.CDSCode = T2.cds WHERE T1.StatusType = 'Merged' AND T2.NumTstTakr < 100 AND T1.County = 'Lake',171,True,Defog-Llama3-SQLCoder-8B,5,5,How many schools in merged Alameda have number of test takers less than 100?,76,pass_k,bird_16,results/raw/Defog-Llama3-SQLCoder-8B_bird_pass_k_20260326_215129.jsonl
False,bird,"[false, false, false, false, false]",california_schools,data/bird/dev_databases/california_schools/california_schools.sqlite,challenging,False,"full name means first name, last name; There are at most 3 administrators for each school; SAT Scores are greater or equal to 1500 refers to NumGE1500",False,circular reference: satscores,"WITH satscores AS (SELECT s.CDSCode, COUNT(s.cname) AS total_students FROM satscores s WHERE s.AvgScrWrite >= 1500 GROUP BY s.CDSCode), best_sco AS (SELECT s.CDSCode FROM satscores s ORDER BY s.total_students DESC LIMIT 1) SELECT sadm.FName3 || ' ' || sadm.LName3 AS admin_name FROM schools s JOIN best_sco bs ON s.CDSCode = bs.CDSCode LEFT JOIN satscores ss ON ss.CDSCode = bs.CDSCode AND ss.total_students = (SELECT total_students FROM satscores WHERE CDSCode = bs.CDSCode) JOIN sadm ON sadm.FName3 || ' ' || adm.LName3 = admin_name",False,,"SELECT T2.AdmFName1, T2.AdmLName1, T2.AdmFName2, T2.AdmLName2, T2.AdmFName3, T2.AdmLName3 FROM satscores AS T1 INNER JOIN schools AS T2 ON T1.cds = T2.CDSCode ORDER BY T1.NumGE1500 DESC LIMIT 1",193,True,Defog-Llama3-SQLCoder-8B,5,5,Under whose administration is the school with the highest number of students scoring 1500 or more on the SAT? Indicate their full names.,136,pass_k,bird_36,results/raw/Defog-Llama3-SQLCoder-8B_bird_pass_k_20260326_215129.jsonl
False,bird,"[false, false, false, false, false]",california_schools,data/bird/dev_databases/california_schools/california_schools.sqlite,simple,False,,False,no such column: s.AvgScrMath,"WITH MathScores AS (SELECT s.CDSCode, AVG(s.AvgScrMath) AS avg_math_score FROM Schools s GROUP BY s.CDSCode) SELECT s.Phone FROM Schools s JOIN MathScores ms ON s.CDSCode = ms.CDSCode ORDER BY ms.avg_math_score DESC LIMIT 1",False,,SELECT T1.Phone FROM schools AS T1 INNER JOIN satscores AS T2 ON T1.CDSCode = T2.cds ORDER BY T2.AvgScrMath DESC LIMIT 1,120,True,Defog-Llama3-SQLCoder-8B,5,5,What is the phone number of the school that has the highest average score in Math?,82,pass_k,bird_19,results/raw/Defog-Llama3-SQLCoder-8B_bird_pass_k_20260326_215129.jsonl
False,bird,"[false, false, false, false, false]",california_schools,data/bird/dev_databases/california_schools/california_schools.sqlite,moderate,False,,False,"near ""("": syntax error",SELECT s.Website FROM frpm f JOIN schools s ON f.CDSCode = s.CDSCode WHERE f.FreeMealCount(Ages5-17) BETWEEN 1900 AND 2000,False,,"SELECT T2.Website, T1.`School Name` FROM frpm AS T1 INNER JOIN schools AS T2 ON T1.CDSCode = T2.CDSCode WHERE T1.`Free Meal Count (Ages 5-17)` BETWEEN 1900 AND 2000 AND T2.Website IS NOT NULL",191,True,Defog-Llama3-SQLCoder-8B,5,5,"If there are any, what are the websites address of the schools with a free meal count of 1,900-2,000 to students aged 5-17? Include the name of the school.",155,pass_k,bird_33,results/raw/Defog-Llama3-SQLCoder-8B_bird_pass_k_20260326_215129.jsonl
False,bird,"[false, false, false, false, false]",california_schools,data/bird/dev_databases/california_schools/california_schools.sqlite,moderate,False,"Execellence Rate = NumGE1500 / NumTstTakr; complete address has Street, City, State, Zip code",False,no such column: s.CDSCode,"WITH s AS (SELECT CDSCode FROM schools ORDER BY AvgScrRead NULLS LAST LIMIT 1), sc AS (SELECT Street, City, Zip, State FROM schools WHERE CDSCode = s.CDSCode) SELECT 'School Address: ' || COALESCE(sc.Street, '') || ' ' || COALESCE(sc.City, '') || ' ' || COALESCE(sc.Zip, '') || ' ' || COALESCE(sc.State, '') AS address FROM sc",False,,"SELECT T2.Street, T2.City, T2.State, T2.Zip FROM satscores AS T1 INNER JOIN schools AS T2 ON T1.cds = T2.CDSCode ORDER BY CAST(T1.NumGE1500 AS REAL) / T1.NumTstTakr ASC LIMIT 1",176,True,Defog-Llama3-SQLCoder-8B,5,5,"What is the complete address of the school with the lowest excellence rate? Indicate the Street, City, Zip and State.",117,pass_k,bird_37,results/raw/Defog-Llama3-SQLCoder-8B_bird_pass_k_20260326_215129.jsonl
False,bird,"[false, false, false, false, false]",california_schools,data/bird/dev_databases/california_schools/california_schools.sqlite,simple,False,,False,no such column: s.AvgScrRead,"WITH district_scores AS (SELECT s.CDSCode, AVG(s.AvgScrRead) AS AvgScore FROM schools s GROUP BY s.CDSCode) SELECT d.CDSCode, ds.Average FROM district_scores ds JOIN schools d ON d.CDSCode = ds.CDSCode WHERE ds.Average IS NOT NULL ORDER BY ds.Average DESC LIMIT 1",False,,SELECT T1.District FROM schools AS T1 INNER JOIN satscores AS T2 ON T1.CDSCode = T2.cds WHERE T1.StatusType = 'Active' ORDER BY T2.AvgScrRead DESC LIMIT 1,154,True,Defog-Llama3-SQLCoder-8B,5,5,Which active district has the highest average score in Reading?,63,pass_k,bird_15,results/raw/Defog-Llama3-SQLCoder-8B_bird_pass_k_20260326_215129.jsonl
False,bird,"[false, false, false, false, false]",california_schools,data/bird/dev_databases/california_schools/california_schools.sqlite,simple,False,,False,no such column: s.AvgScrMath,"WITH school_scores AS (SELECT s.CDSCode, AVG(s.AvgScrMath) AS average_math_score FROM frpm f JOIN schools s ON f.CDSCode = s.CDSCode GROUP BY s.CDSCode), highest_average AS (SELECT CDSCode, average_math_score FROM school_scores ORDER BY average_math_score DESC LIMIT 1) SELECT ss.EILName FROM schools ss JOIN highest_average ha ON ss.CDSCode = ha.CDSCode",False,,SELECT T2.EdOpsName FROM satscores AS T1 INNER JOIN schools AS T2 ON T1.cds = T2.CDSCode ORDER BY T1.AvgScrMath DESC LIMIT 1,124,True,Defog-Llama3-SQLCoder-8B,5,5,What is the type of education offered in the school who scored the highest average in Math?,91,pass_k,bird_42,results/raw/Defog-Llama3-SQLCoder-8B_bird_pass_k_20260326_215129.jsonl
False,bird,"[false, false, false, false, false]",california_schools,data/bird/dev_databases/california_schools/california_schools.sqlite,moderate,False,Average score for all subjects can be computed by AvgScrMath + AvgScrRead + AvgScrWrite,False,no such column: s.AvgScrRead,WITH lowest_avg AS (SELECT s.CDSCode FROM schools s ORDER BY s.AvgScrRead DESC LIMIT 1) SELECT AVG(s2.AvgScrMath) AS average_math_score FROM schools s2 JOIN lowest_avg l ON s2.CDSCode = l.CDSCode,False,,"SELECT T1.AvgScrMath, T2.County FROM satscores AS T1 INNER JOIN schools AS T2 ON T1.cds = T2.CDSCode WHERE T1.AvgScrMath IS NOT NULL ORDER BY T1.AvgScrMath + T1.AvgScrRead + T1.AvgScrWrite ASC LIMIT 1",200,True,Defog-Llama3-SQLCoder-8B,5,5,"What is the average math score of the school with the lowest average score for all subjects, and in which county is it located?",127,pass_k,bird_43,results/raw/Defog-Llama3-SQLCoder-8B_bird_pass_k_20260326_215129.jsonl
False,bird,"[false, false, false, false, false]",california_schools,data/bird/dev_databases/california_schools/california_schools.sqlite,moderate,False,Charted school means `Charter School (Y/N)` = 1 in the table frpm; Students enrolled in grades 1 through 12 refers to `Enrollment (K-12)`,False,no such column: s.enrollment,WITH min_students AS (SELECT MIN(enrollment) AS min_enrollment FROM satscores) SELECT s.admemail1 FROM schools s WHERE s.charter = 1 AND s.enrollment BETWEEN 0 AND (SELECT min_enrollment FROM min_students) ORDER BY s.enrollment ASC LIMIT 1,False,,SELECT T2.AdmEmail1 FROM frpm AS T1 INNER JOIN schools AS T2 ON T1.CDSCode = T2.CDSCode WHERE T1.`Charter School (Y/N)` = 1 ORDER BY T1.`Enrollment (K-12)` ASC LIMIT 1,167,True,Defog-Llama3-SQLCoder-8B,5,5,What is the administrator's email address of the chartered school with the fewest students enrolled in grades 1 through 12?,123,pass_k,bird_35,results/raw/Defog-Llama3-SQLCoder-8B_bird_pass_k_20260326_215129.jsonl
False,bird,"[false, false, false, false, false]",california_schools,data/bird/dev_databases/california_schools/california_schools.sqlite,simple,False,Valid charter number means the number is not null,False,no such column: s.AvgScrWrite,"SELECT s.CDSCode, AVG(s.AvgScrWrite) AS Avg_Write_Score FROM schools s WHERE s.AvgScrWrite > 499 AND s.Charter = 1 GROUP BY s.CDSCode ORDER BY Avg_Write_Score DESC NULLS LAST",False,,"SELECT CharterNum, AvgScrWrite, RANK() OVER (ORDER BY AvgScrWrite DESC) AS WritingScoreRank FROM schools AS T1  INNER JOIN satscores AS T2 ON T1.CDSCode = T2.cds WHERE T2.AvgScrWrite > 499 AND CharterNum is not null",215,True,Defog-Llama3-SQLCoder-8B,5,5,"Rank schools by their average score in Writing where the score is greater than 499, showing their charter numbers.",114,pass_k,bird_17,results/raw/Defog-Llama3-SQLCoder-8B_bird_pass_k_20260326_215129.jsonl
False,bird,"[false, false, false, false, false]",california_schools,data/bird/dev_databases/california_schools/california_schools.sqlite,moderate,False,Diffrence in enrollement = `Enrollment (K-12)` - `Enrollment (Ages 5-17)`,False,"near ""Count"": syntax error","SELECT s.School, s.Street, s.MailStreet, (fr.FrPM Count (K-12) - fr.frPM Count (Ages 5-17)) AS enrollment_difference FROM Schools s JOIN Frpm fr ON s.CDSCode = fr.CDSCode WHERE fr.Percent (%) Eligible FRPM (K-12) > 30",False,,"SELECT T1.School, T1.Street FROM schools AS T1 INNER JOIN frpm AS T2 ON T1.CDSCode = T2.CDSCode WHERE T2.`Enrollment (K-12)` - T2.`Enrollment (Ages 5-17)` > 30",159,True,Defog-Llama3-SQLCoder-8B,5,5,List the names of schools with more than 30 difference in enrollements between K-12 and ages 5-17? Please also give the full street adress of the schools.,154,pass_k,bird_23,results/raw/Defog-Llama3-SQLCoder-8B_bird_pass_k_20260326_215129.jsonl
False,bird,"[false, false, false, false, false]",california_schools,data/bird/dev_databases/california_schools/california_schools.sqlite,simple,False,,False,,"WITH max_test_takers AS (SELECT s.CDSCode FROM schools s JOIN satScores c ON s.CDSCode = c.cds WHERE NumGE1500 IS NOT NULL GROUP BY s.CDSCode ORDER BY COUNT(*) DESC LIMIT 1), avg_score AS (SELECT CAST(AvgScrWrite AS FLOAT) / 3.0 AS average_score FROM satScores s JOIN max_test_takers mt ON s.cds = mt.CDSCode) SELECT s.School, s.City, AVG(average_score) AS average_satin_high_1500_students FROM schools s JOIN avg_score AS ac ON s.CDSCode = ac.average_score GROUP BY s.School, s.City, average_score",True,,"SELECT T1.AvgScrWrite, T2.City FROM satscores AS T1 INNER JOIN schools AS T2 ON T1.cds = T2.CDSCode ORDER BY T1.NumGE1500 DESC LIMIT 1",134,True,Defog-Llama3-SQLCoder-8B,5,5,What is the average writing score of the school who has the highest number of test takers whose total SAT sscores are greater or equal to 1500? Indicate the city to where the school is situated.,194,pass_k,bird_44,results/raw/Defog-Llama3-SQLCoder-8B_bird_pass_k_20260326_215129.jsonl
False,bird,"[false, false, false, false, false]",california_schools,data/bird/dev_databases/california_schools/california_schools.sqlite,simple,False,,False,"near ""Code"": syntax error",SELECT s.Website FROM schools s JOIN frpm f ON s.CDSCode = f.CDSCode WHERE f.County Code='Los Angeles County' AND NumTstTakr BETWEEN 2000 AND 3000,False,,SELECT T2.Website FROM satscores AS T1 INNER JOIN schools AS T2 ON T1.cds = T2.CDSCode WHERE T1.NumTstTakr BETWEEN 2000 AND 3000 AND T2.County = 'Los Angeles',158,True,Defog-Llama3-SQLCoder-8B,5,5,"What are the webpages for the Los Angeles County school that has between 2,000 and 3,000 test takers?",101,pass_k,bird_38,results/raw/Defog-Llama3-SQLCoder-8B_bird_pass_k_20260326_215129.jsonl
False,bird,"[false, false, false, false, false]",california_schools,data/bird/dev_databases/california_schools/california_schools.sqlite,moderate,False,"Full communication address should include Street, City, State and zip code if any.",False,"near ""Count"": syntax error","SELECT s.School, s.MailStreet, s.MailCity, s.MailZip, s.Phone, s.Website FROM schools s JOIN frpm f ON s.CDSCode = f.CDSCode WHERE CAST(f.FRPM Count (Ages 5-17) AS FLOAT) > 800 AND LOWER(s.County) = 'monterey' AND LOWER(s.District) IN ('monterey county', 'monterey peninsula unified school district') AND LOWER(s.StatusType) LIKE '%high school%' GROUP BY s.School, s.MailStreet, s.MailCity, s.MailZip, s.Phone, s.Website",False,,"SELECT T1.`School Name`, T2.Street, T2.City, T2.State, T2.Zip FROM frpm AS T1 INNER JOIN schools AS T2 ON T1.CDSCode = T2.CDSCode WHERE T2.County = 'Monterey' AND T1.`Free Meal Count (Ages 5-17)` > 800 AND T1.`School Type` = 'High Schools (Public)'",248,True,Defog-Llama3-SQLCoder-8B,5,5,State the names and full communication address of high schools in Monterey which has more than 800 free or reduced price meals for ages 15-17?,142,pass_k,bird_26,results/raw/Defog-Llama3-SQLCoder-8B_bird_pass_k_20260326_215129.jsonl
False,bird,"[false, false, false, false, false]",california_schools,data/bird/dev_databases/california_schools/california_schools.sqlite,simple,False,K-12 refers to students in grades 1 through 12.,False,no such column: s.Enrollment,SELECT s.City FROM schools s ORDER BY s.Enrollment DESC LIMIT 5,False,,SELECT T2.City FROM frpm AS T1 INNER JOIN schools AS T2 ON T1.CDSCode = T2.CDSCode GROUP BY T2.City ORDER BY SUM(T1.`Enrollment (K-12)`) ASC LIMIT 5,148,True,Defog-Llama3-SQLCoder-8B,5,5,Which cities have the top 5 lowest enrollment number for students in grades 1 through 12?,89,pass_k,bird_30,results/raw/Defog-Llama3-SQLCoder-8B_bird_pass_k_20260326_215129.jsonl
False,bird,"[false, false, false, false, false]",california_schools,data/bird/dev_databases/california_schools/california_schools.sqlite,moderate,False,Eligible free rates for students aged 5-17 = `Free Meal Count (Ages 5-17)` / `Enrollment (Ages 5-17)`,False,no such column: free_meal_count,"SELECT CAST(free_meal_count AS FLOAT) / NULLIF(enrollment_ages_517, 0) * 100 AS free_rate FROM frpm WHERE charter_school_number = 'kacey gibson' AND academic_year = '2013-14'",False,,SELECT CAST(T2.`Free Meal Count (Ages 5-17)` AS REAL) / T2.`Enrollment (Ages 5-17)` FROM schools AS T1 INNER JOIN frpm AS T2 ON T1.CDSCode = T2.CDSCode WHERE T1.AdmFName1 = 'Kacey' AND T1.AdmLName1 = 'Gibson',208,True,Defog-Llama3-SQLCoder-8B,5,5,What is the free rate for students between the ages of 5 and 17 at the school run by Kacey Gibson?,98,pass_k,bird_34,results/raw/Defog-Llama3-SQLCoder-8B_bird_pass_k_20260326_215129.jsonl
False,bird,"[false, false, false, false, false]",california_schools,data/bird/dev_databases/california_schools/california_schools.sqlite,moderate,False,grades 1-12 means K-12; Eligible free or reduced price meal rate for K-12 = `FRPM Count (K-12)` / `Enrollment (K-12)`,False,"near ""("": syntax error","WITH school_meals AS (SELECT s.CDSCode, SUM(f.FRPM_Count_(K-12)) AS total_FRPM_count FROM schools s JOIN frpm f ON s.CDSCode = f.CDSCode WHERE s.StatusType = '66' AND f.`Percent (%) Eligible FRPM (K-12)` >= 50 GROUP BY s.CDSCode) SELECT sm.CDSCode, sm.total_FRPM_count / NULLIF((SELECT COUNT(*) FROM school_meals), 0) AS eligible_rate FROM school_meals sm ORDER BY total_FRPM_count DESC LIMIT 5",False,,SELECT CAST(T1.`FRPM Count (K-12)` AS REAL) / T1.`Enrollment (K-12)` FROM frpm AS T1 INNER JOIN schools AS T2 ON T1.CDSCode = T2.CDSCode WHERE T2.SOC = 66 ORDER BY T1.`FRPM Count (K-12)` DESC LIMIT 5,199,True,Defog-Llama3-SQLCoder-8B,5,5,What is the eligible free or reduced price meal rate for the top 5 schools in grades 1-12 with the highest free or reduced price meal count of the schools with the ownership code 66?,182,pass_k,bird_32,results/raw/Defog-Llama3-SQLCoder-8B_bird_pass_k_20260326_215129.jsonl
False,bird,"[false, false, false, false, false]",california_schools,data/bird/dev_databases/california_schools/california_schools.sqlite,simple,False,Postal street and mailing street are synonyms.,False,no such column: s.AvgScrMath,"WITH ranked_schools AS (SELECT s.CDSCode, AVG(s.AvgScrMath) AS avg_math, RANK() OVER (ORDER BY avg_math DESC) AS rank FROM schools s GROUP BY s.CDSCode) SELECT r.CDSCode, s.Street FROM ranked_schools r JOIN schools s ON r.CDSCode = s.CDSCode WHERE r.rank <= 7 AND r.avg_math IS NOT NULL ORDER BY s.Street NULLS LAST LIMIT 1",False,,"SELECT T2.MailStreet, T2.School FROM satscores AS T1 INNER JOIN schools AS T2 ON T1.cds = T2.CDSCode ORDER BY T1.AvgScrMath DESC LIMIT 6, 1",139,True,Defog-Llama3-SQLCoder-8B,5,5,What is the postal street address for the school with the 7th highest Math average? Indicate the school's name.,111,pass_k,bird_50,results/raw/Defog-Llama3-SQLCoder-8B_bird_pass_k_20260326_215129.jsonl
False,bird,"[false, false, false, false, false]",california_schools,data/bird/dev_databases/california_schools/california_schools.sqlite,simple,False,Exclusively virtual refers to Virtual = 'F'; respective counties means PARTITION BY County,False,no such table: virtual_schools,"WITH county_scores AS (SELECT s.CDSCode, AVG(s.AvgScrRead) AS Avg_Read, RANK() OVER (PARTITION BY s.County ORDER BY AVG(s.AvgScrRead) DESC) AS rank FROM virtual_schools v JOIN schools s ON v.CDS = s.CDSCode GROUP BY s.County, s.CDSCode), top_sch AS (SELECT cs.CDSCode, cs.County, cs.Avg_Read, cs.rank FROM county_scores cs WHERE cs.rank <= 5) SELECT s.School, s.County, s.Avg_Read, tcs.rank FROM top_sch tcs JOIN schools s ON tcs.CDSCode = s.CDSCode ORDER BY rank NULLS LAST",False,,"SELECT School FROM (SELECT T2.School,T1.AvgScrRead, RANK() OVER (PARTITION BY T2.County ORDER BY T1.AvgScrRead DESC) AS rnk FROM satscores AS T1 INNER JOIN schools AS T2 ON T1.cds = T2.CDSCode WHERE T2.Virtual = 'F' ) ranked_schools WHERE rnk <= 5",247,True,Defog-Llama3-SQLCoder-8B,5,5,List the names of virtual schools that are among the top 5 in their respective counties based on average reading scores.,120,pass_k,bird_41,results/raw/Defog-Llama3-SQLCoder-8B_bird_pass_k_20260326_215129.jsonl
False,bird,"[false, false, false, false, false]",california_schools,data/bird/dev_databases/california_schools/california_schools.sqlite,challenging,False,Difference between K-12 enrollment and 15-17 enrollment can be computed by `Enrollment (K-12)` - `Enrollment (Ages 5-17)`,False,"near ""("": syntax error","WITH avg_diff AS (SELECT AVG(schools.Enrollment(K-12)) - AVG(schools.Enrollment(Ages 5-17)) FROM schools WHERE schools.Magnet = 1 AND schools.FundingType LIKE '%local%'), filtered_schools AS (SELECT schools.DOC, schools.DOCType FROM schools JOIN avg_diff ON (avg_diff.avg_diff > avg_diff) WHERE schools.Magnet = 1 AND schools.FundingType LIKE '%local%') SELECT * FROM filtered_schools ORDER BY schools.DOC ASC NULLS LAST",False,,"SELECT T2.School, T2.DOC FROM frpm AS T1 INNER JOIN schools AS T2 ON T1.CDSCode = T2.CDSCode WHERE T2.FundingType = 'Locally funded' AND (T1.`Enrollment (K-12)` - T1.`Enrollment (Ages 5-17)`) > (SELECT AVG(T3.`Enrollment (K-12)` - T3.`Enrollment (Ages 5-17)`) FROM frpm AS T3 INNER JOIN schools AS T4 ON T3.CDSCode = T4.CDSCode WHERE T4.FundingType = 'Locally funded')",368,True,Defog-Llama3-SQLCoder-8B,5,5,"Consider the average difference between K-12 enrollment and 15-17 enrollment of schools that are locally funded, list the names and DOC type of schools which has a difference above this average.",194,pass_k,bird_28,results/raw/Defog-Llama3-SQLCoder-8B_bird_pass_k_20260326_215129.jsonl
False,bird,"[false, false, false, false, false]",california_schools,data/bird/dev_databases/california_schools/california_schools.sqlite,simple,False,Magnet schools or offer a magnet program means that Magnet = 1,False,no such column: s.SchoolName,"WITH magnet_schools AS (SELECT s.CDSCode FROM schools s WHERE s.Magnet = 1 OR s.Virtual = 'Yes' ) SELECT s.SchoolName, COUNT(DISTINCT s.AdmFName1) AS unique_admins FROM schools s JOIN satscores st ON s.CDSCode = st.cds WHERE s.CDSCode IN (SELECT CDSCode FROM magnet_schools) AND st.NumTstTakr > 500 GROUP BY s.SchoolName ORDER BY COUNT(DISTINCT s.AdmFName1) DESC NULLS LAST",False,,SELECT T2.School FROM satscores AS T1 INNER JOIN schools AS T2 ON T1.cds = T2.CDSCode WHERE T2.Magnet = 1 AND T1.NumTstTakr > 500,129,True,Defog-Llama3-SQLCoder-8B,5,5,"Among the schools with the SAT test takers of over 500, please list the schools that are magnet schools or offer a magnet program.",130,pass_k,bird_6,results/raw/Defog-Llama3-SQLCoder-8B_bird_pass_k_20260326_215129.jsonl
False,bird,"[false, false, false, false, false]",california_schools,data/bird/dev_databases/california_schools/california_schools.sqlite,simple,False,,False,no such column: s.AvgScrRead,"WITH avg_scores AS (SELECT s.MailStreet, AVG(s.AvgScrRead) AS read_avg_score FROM schools s GROUP BY s.MailStreet) SELECT mailstreet, read_avg_score FROM avg_scores WHERE read_avg_score = (SELECT MIN(read_avg_score) FROM avg_scores) LIMIT 1",False,,"SELECT T2.MailStreet, T2.School FROM satscores AS T1 INNER JOIN schools AS T2 ON T1.cds = T2.CDSCode WHERE T1.AvgScrRead IS NOT NULL ORDER BY T1.AvgScrRead ASC LIMIT 1",167,True,Defog-Llama3-SQLCoder-8B,5,5,In which mailing street address can you find the school that has the lowest average score in reading? Also give the school's name.,130,pass_k,bird_51,results/raw/Defog-Llama3-SQLCoder-8B_bird_pass_k_20260326_215129.jsonl
False,bird,"[false, false, false, false, false]",california_schools,data/bird/dev_databases/california_schools/california_schools.sqlite,moderate,False,Elementary School District refers to DOC = 52; Unified School District refers to DOC = 54.,False,no such column: sd.CDSCode,"SELECT CAST(COUNT(DISTINCT CASE WHEN s.District = 'Unified' THEN sd.CDSCode END) AS FLOAT) / NULLIF(COUNT(DISTINCT CASE WHEN s.District = 'Elementary' THEN se.CDSCode END), 0) AS ratio FROM frpm f JOIN schools s ON f.CDSCode = s.CDSCode LEFT JOIN SATScores ss ON f.CDSCode = ss.cds WHERE s.County = 'Orange County' AND (s.StatusType = 'Merged' OR s.StatusType = 'Consolidated')",False,,SELECT CAST(SUM(CASE WHEN DOC = 54 THEN 1 ELSE 0 END) AS REAL) / SUM(CASE WHEN DOC = 52 THEN 1 ELSE 0 END) FROM schools WHERE StatusType = 'Merged' AND County = 'Orange',169,True,Defog-Llama3-SQLCoder-8B,5,5,What is the ratio of merged Unified School District schools in Orange County to merged Elementary School District schools?,122,pass_k,bird_48,results/raw/Defog-Llama3-SQLCoder-8B_bird_pass_k_20260326_215129.jsonl
False,bird,"[false, false, false, false, false]",california_schools,data/bird/dev_databases/california_schools/california_schools.sqlite,simple,False,Excellence rate = NumGE1500 / NumTstTakr,False,no such column: s.AvgScrMath,"WITH ranked_schools AS (SELECT s.CDSCode, s.Phone, avg(s.AvgScrRead) + avg(s.AvgScrMath) + avg(s.AvgScrWrite) / 3 AS sat_ave FROM schools s JOIN Satscores ss ON s.CDSCode = ss.cds WHERE s.StatusType='Open' AND s.Charter=0 GROUP BY s.CDSCode, s.Phone ORDER BY sat_ave DESC LIMIT 3) SELECT rs.Phone FROM ranked_schools rs",False,,SELECT T1.Phone FROM schools AS T1 INNER JOIN satscores AS T2 ON T1.CDSCode = T2.cds ORDER BY CAST(T2.NumGE1500 AS REAL) / T2.NumTstTakr DESC LIMIT 3,149,True,Defog-Llama3-SQLCoder-8B,5,5,Please list the phone numbers of the schools with the top 3 SAT excellence rate.,80,pass_k,bird_13,results/raw/Defog-Llama3-SQLCoder-8B_bird_pass_k_20260326_215129.jsonl
False,bird,"[false, false, false, false, false]",california_schools,data/bird/dev_databases/california_schools/california_schools.sqlite,moderate,False,"Usually, administrators manage the school stuff.",False,incomplete input,"WITH school_scores AS (SELECT s.CDSCode, AVG(s.AvgScrWrite) AS average_score FROM frpm f JOIN schools s ON f.CDSCode = s.CDSCode WHERE LOWER(f.",False,,"SELECT T2.School, T1.AvgScrWrite FROM satscores AS T1 INNER JOIN schools AS T2 ON T1.cds = T2.CDSCode WHERE T2.AdmFName1 = 'Ricci' AND T2.AdmLName1 = 'Ulrich'",158,True,Defog-Llama3-SQLCoder-8B,5,5,What is the average writing score of each of the schools managed by Ricci Ulrich? List the schools and the corresponding average writing scores.,144,pass_k,bird_45,results/raw/Defog-Llama3-SQLCoder-8B_bird_pass_k_20260326_215129.jsonl
False,bird,"[false, false, false, false, false]",california_schools,data/bird/dev_databases/california_schools/california_schools.sqlite,moderate,False,Elementary School District refers to DOC = 52; Monthly average number of schools that opened in 1980 = count(schools that opened in 1980) / 12,False,"near ""FROM"": syntax error",SELECT COUNT(s.CDSCode) / 12 AS avg_school_openings FROM schools s WHERE s.County = 'Alameda' AND s.StatusType = 'Opened' AND EXTRACT(YEAR FROM s.OpenDate) = 1980 AND EXTRACT(MONTH FROM s.OpenDate) <= 12,False,,"SELECT CAST(COUNT(School) AS REAL) / 12 FROM schools WHERE DOC = 52 AND County = 'Alameda' AND strftime('%Y', OpenDate) = '1980'",128,True,Defog-Llama3-SQLCoder-8B,5,5,What is the monthly average number of schools that opened in Alameda County under the jurisdiction of the Elementary School District in 1980?,141,pass_k,bird_47,results/raw/Defog-Llama3-SQLCoder-8B_bird_pass_k_20260326_215129.jsonl
False,bird,"[false, false, false, false, false]",california_schools,data/bird/dev_databases/california_schools/california_schools.sqlite,simple,False,State Special Schools refers to DOC = 31; Grades 1 through 12 means K-12,False,no such column: s.enroll12,"SELECT s.State, SUM(s.enroll12) AS total_enroll FROM Schools s JOIN frpm f ON s.CDSCode = f.CDSCode WHERE s.StatusType = 'Special Education' GROUP BY s.State ORDER BY total_enroll DESC NULLS LAST LIMIT 10",False,,SELECT T2.School FROM frpm AS T1 INNER JOIN schools AS T2 ON T1.CDSCode = T2.CDSCode WHERE T2.DOC = 31 ORDER BY T1.`Enrollment (K-12)` DESC LIMIT 1,147,True,Defog-Llama3-SQLCoder-8B,5,5,Which state special schools have the highest number of enrollees from grades 1 through 12?,90,pass_k,bird_46,results/raw/Defog-Llama3-SQLCoder-8B_bird_pass_k_20260326_215129.jsonl
False,bird,"[false, false, false, false, false]",california_schools,data/bird/dev_databases/california_schools/california_schools.sqlite,simple,False,Total SAT scores can be computed by AvgScrRead + AvgScrMath + AvgScrWrite,False,misuse of aggregate: AVG(),SELECT COUNT(*) AS total_schools FROM schools s JOIN satscores ss ON s.CDSCode = ss.cds WHERE AVG(ss.AvgScrRead) >= 1500 AND s.MailCity = 'Lakeport',False,,SELECT COUNT(T1.cds) FROM satscores AS T1 INNER JOIN schools AS T2 ON T1.cds = T2.CDSCode WHERE T2.MailCity = 'Lakeport' AND (T1.AvgScrRead + T1.AvgScrMath + T1.AvgScrWrite) >= 1500,181,True,Defog-Llama3-SQLCoder-8B,5,5,What is the total number of schools whose total SAT scores are greater or equal to 1500 whose mailing city is Lakeport?,119,pass_k,bird_52,results/raw/Defog-Llama3-SQLCoder-8B_bird_pass_k_20260326_215129.jsonl
False,bird,"[false, false, false, false, false]",california_schools,data/bird/dev_databases/california_schools/california_schools.sqlite,moderate,False,Fresno Unified is a name of district;,False,,SELECT s.Phone FROM schools s JOIN satscores ss ON s.CDSCode = ss.cds ORDER BY ss.AvgScrRead LIMIT 1,True,,SELECT T2.Phone FROM satscores AS T1 INNER JOIN schools AS T2 ON T1.cds = T2.CDSCode WHERE T2.District = 'Fresno Unified' AND T1.AvgScrRead IS NOT NULL ORDER BY T1.AvgScrRead ASC LIMIT 1,186,True,Defog-Llama3-SQLCoder-8B,5,5,What is the telephone number for the school with the lowest average score in reading in Fresno Unified?,103,pass_k,bird_40,results/raw/Defog-Llama3-SQLCoder-8B_bird_pass_k_20260326_215129.jsonl
False,bird,"[false, false, false, false, false]",california_schools,data/bird/dev_databases/california_schools/california_schools.sqlite,simple,False,,False,no such column: s.numTstTakr,SELECT COUNT(s.numTstTakr) AS total_test_takers FROM schools s WHERE LOWER(s.city) = 'fresno' AND LOWER(s.mailcity) = 'fresno',False,,SELECT T1.NumTstTakr FROM satscores AS T1 INNER JOIN schools AS T2 ON T1.cds = T2.CDSCode WHERE T2.MailCity = 'Fresno',118,True,Defog-Llama3-SQLCoder-8B,5,5,How many test takers are there at the school/s whose mailing city address is in Fresno?,87,pass_k,bird_53,results/raw/Defog-Llama3-SQLCoder-8B_bird_pass_k_20260326_215129.jsonl
False,bird,"[false, false, false, false, false]",california_schools,data/bird/dev_databases/california_schools/california_schools.sqlite,moderate,False,Closure date and closed date are synonyms; 'Closed' was mentioned in schools.StatusType.,False,no such function: TO_DATE,"WITH school_closures AS (SELECT s.CDSCode, s.County, TO_DATE(s.ClosedDate, 'YYYY-MM-DD') AS closed_date FROM schools s WHERE s.StatusType = 'Closed' ) SELECT sc.County, COUNT(sc.CDSCode) AS number_of_closed_schools, ARRAY_AGG(DISTINCT sc.School) AS schools FROM school_closures sc GROUP BY sc.County ORDER BY number_of_closed_schools DESC LIMIT 1",False,,"SELECT DISTINCT County, School, ClosedDate FROM schools WHERE County = ( SELECT County FROM schools WHERE StatusType = 'Closed' GROUP BY County ORDER BY COUNT(School) DESC LIMIT 1 ) AND StatusType = 'Closed' AND school IS NOT NULL",230,True,Defog-Llama3-SQLCoder-8B,5,5,Which different county has the most number of closed schools? Please provide the name of each school as well as the closure date.,129,pass_k,bird_49,results/raw/Defog-Llama3-SQLCoder-8B_bird_pass_k_20260326_215129.jsonl
False,bird,"[false, false, false, false, false]",california_schools,data/bird/dev_databases/california_schools/california_schools.sqlite,simple,False,,False,"near ""SELECT"": syntax error","SELECT s.CDSCode, COUNT(s.CDSCode) AS total_enrollment FROM frpm f JOIN satscores s ON f.CDSCode = s.cds WHERE f.`Enrollment (Ages 5-17)` > 0 GROUP BY s.CDSCode ORDER BY total_enrollment DESC LIMIT 5 SELECT s.CDSCode, s.NCESDist, s.NCESSchool, total_enrollment FROM schools s JOIN frpm f ON s.CDSCode = f.CDSCode WHERE f.`Enrollment (Ages 5-17)` > 0 GROUP BY s.CDSCode ORDER BY total_enrollment DESC LIMIT 5",False,,SELECT T1.NCESSchool FROM schools AS T1 INNER JOIN frpm AS T2 ON T1.CDSCode = T2.CDSCode ORDER BY T2.`Enrollment (Ages 5-17)` DESC LIMIT 5,138,True,Defog-Llama3-SQLCoder-8B,5,5,"List the top five schools, by descending order, from the highest to the lowest, the most number of Enrollment (Ages 5-17). Please give their NCES school identification number.",175,pass_k,bird_14,results/raw/Defog-Llama3-SQLCoder-8B_bird_pass_k_20260326_215129.jsonl
False,bird,"[false, false, false, false, false]",california_schools,data/bird/dev_databases/california_schools/california_schools.sqlite,simple,False,,False,no such column: cd.AvgScrWrite,"SELECT s.Phone, s.Ext FROM schools s JOIN (SELECT cd.CDSCode FROM frpm cd ORDER BY cd.AvgScrWrite DESC LIMIT 333) r ON s.CDSCode = r.CDSCode",False,,"SELECT T2.Phone, T2.Ext FROM satscores AS T1 INNER JOIN schools AS T2 ON T1.cds = T2.CDSCode ORDER BY T1.AvgScrWrite DESC LIMIT 332, 1",134,True,Defog-Llama3-SQLCoder-8B,5,5,What is the phone number and extension number for the school that had the 333rd highest average writing score?,110,pass_k,bird_57,results/raw/Defog-Llama3-SQLCoder-8B_bird_pass_k_20260326_215129.jsonl
False,bird,"[false, false, false, false, false]",california_schools,data/bird/dev_databases/california_schools/california_schools.sqlite,simple,False,Directly funded schools refers to FundingType = 'Directly Funded',False,"near ""FROM"": syntax error",SELECT COUNT(*) AS number_of_schools FROM schools s WHERE EXTRACT(YEAR FROM last_update) BETWEEN 2000 AND 2005 AND charter = 1 AND county ILIKE '%Stanislaus%',False,,"SELECT COUNT(School) FROM schools WHERE strftime('%Y', OpenDate) BETWEEN '2000' AND '2005' AND County = 'Stanislaus' AND FundingType = 'Directly funded'",152,True,Defog-Llama3-SQLCoder-8B,5,5,"Between 1/1/2000 to 12/31/2005, how many directly funded schools opened in the county of Stanislaus?",100,pass_k,bird_66,results/raw/Defog-Llama3-SQLCoder-8B_bird_pass_k_20260326_215129.jsonl
False,bird,"[false, false, false, false, false]",california_schools,data/bird/dev_databases/california_schools/california_schools.sqlite,simple,False,between 1/1/1980 and 12/31/1980 means the year = 1980,False,,WITH FresnoSchools AS (SELECT s.CDSCode FROM schools s WHERE s.County = 'Fresno' AND s.StatusType = 'Open' AND s.OpenDate BETWEEN '1980-01-01' AND '1980-12-31') SELECT AVG(SS.NumTstTakr) AS average_test_takers FROM SATScores SS JOIN FresnoSchools fs ON SS.cds = fs.CDSCode,True,,"SELECT AVG(T1.NumTstTakr) FROM satscores AS T1 INNER JOIN schools AS T2 ON T1.cds = T2.CDSCode WHERE strftime('%Y', T2.OpenDate) = '1980' AND T2.County = 'Fresno'",162,True,Defog-Llama3-SQLCoder-8B,5,5,What is the average number of test takers from Fresno schools that opened between 1/1/1980 and 12/31/1980?,106,pass_k,bird_39,results/raw/Defog-Llama3-SQLCoder-8B_bird_pass_k_20260326_215129.jsonl
False,bird,"[false, false, false, false, false]",california_schools,data/bird/dev_databases/california_schools/california_schools.sqlite,challenging,False,non-chartered schools refer to schools whose Charter = 0; K-12 means grades 1 through 12; percent of eligible free rate for K-12 = `Free Meal Count (K-12)` * 100 / `Enrollment (K-12)`,False,"near ""Eligible_Free_K_12"": syntax error",SELECT COUNT(*) AS total_schools FROM schools s JOIN frpm f ON s.CDSCode = f.CDSCode WHERE s.Chartter = 0 AND f.Percent_ Eligible_Free_K_12 < 0.0018,False,,SELECT COUNT(T2.School) FROM frpm AS T1 INNER JOIN schools AS T2 ON T1.CDSCode = T2.CDSCode WHERE T2.County = 'Los Angeles' AND T2.Charter = 0 AND CAST(T1.`Free Meal Count (K-12)` AS REAL) * 100 / T1.`Enrollment (K-12)` < 0.18,226,True,Defog-Llama3-SQLCoder-8B,5,5,What is the total number of non-chartered schools in the county of Los Angeles with a percent (%) of eligible free meals for grades 1 through 12 that is less than 0.18%?,169,pass_k,bird_62,results/raw/Defog-Llama3-SQLCoder-8B_bird_pass_k_20260326_215129.jsonl
False,bird,"[false, false, false, false, false]",california_schools,data/bird/dev_databases/california_schools/california_schools.sqlite,simple,False,Virtual = 'P' means partially virtual; Charter schools refers to Charter = 1 in the table schools,False,"near ""Charter"": syntax error",SELECT s.Website FROM schools s JOIN frpm f ON s.CDSCode = f.CDSCode WHERE s.Virtual IS NOT NULL AND (s Charter IS NOT NULL OR s.Magnet IS NOT NULL) AND (f.`School Name` like '%San%Joaquin%' OR f.`District Name` like '%San%Joaquin%' OR f.`County Name` like '%San%Joaquin%'),False,,SELECT Website FROM schools WHERE County = 'San Joaquin' AND Virtual = 'P' AND Charter = 1,90,True,Defog-Llama3-SQLCoder-8B,5,5,What are the websites for all the partially virtual chartered schools located in San Joaquin?,93,pass_k,bird_60,results/raw/Defog-Llama3-SQLCoder-8B_bird_pass_k_20260326_215129.jsonl
False,bird,"[false, false, false, false, false]",california_schools,data/bird/dev_databases/california_schools/california_schools.sqlite,moderate,False,District Special Education Consortia School refers to EdOpsCode = 'SPECON'.,False,no such column: s.Low,SELECT s.Low Grade FROM frpm s WHERE s.CDSCode = (SELECT CDSCode FROM schools WHERE NCESDist = '0613360') ORDER BY s.LowGrade ASC NULLS LAST LIMIT 1,False,,SELECT MIN(T1.`Low Grade`) FROM frpm AS T1 INNER JOIN schools AS T2 ON T1.CDSCode = T2.CDSCode WHERE T2.NCESDist = '0613360' AND T2.EdOpsCode = 'SPECON',152,True,Defog-Llama3-SQLCoder-8B,5,5,What is the lowest grade for the District Special Education Consortia School with National Center for Educational Statistics school district identification number of 0613360?,174,pass_k,bird_74,results/raw/Defog-Llama3-SQLCoder-8B_bird_pass_k_20260326_215129.jsonl
False,bird,"[false, false, false, false, false]",california_schools,data/bird/dev_databases/california_schools/california_schools.sqlite,simple,False,"When magent is equal to 0 in the database, it means ths school doesn't offer a magnet program.",False,"near ""Name"": syntax error",SELECT d.District Code FROM schools s JOIN frpm f ON s.CDSCode = f.CDSCode WHERE NOT (s.Virtual = 'Magnet' AND s.City like '%Fresno%') ORDER BY d.County Name LIMIT 1,False,,SELECT T1.`District Code` FROM frpm AS T1 INNER JOIN schools AS T2 ON T1.CDSCode = T2.CDSCode WHERE T2.City = 'Fresno' AND T2.Magnet = 0,136,True,Defog-Llama3-SQLCoder-8B,5,5,What is the district code for the School that does not offer a magnet program in the city of Fresno?,100,pass_k,bird_71,results/raw/Defog-Llama3-SQLCoder-8B_bird_pass_k_20260326_215129.jsonl
False,bird,"[false, false, false, false, false]",california_schools,data/bird/dev_databases/california_schools/california_schools.sqlite,simple,False,,False,"near ""("": syntax error",SELECT frpm.FRPM Count (Ages 5-17) AS frpm_count FROM schools s JOIN frpm ON s.CDSCode = frpm.CDSCode WHERE LOWER(s.MailStreet) = 'PO Box 1040' AND INTEGER(s.Magnet) = 1 GROUP BY frpm.FRPM Count (Ages 5-17),False,,SELECT T1.`FRPM Count (Ages 5-17)` FROM frpm AS T1 INNER JOIN schools AS T2 ON T1.CDSCode = T2.CDSCode WHERE T2.MailStreet = 'PO Box 1040' AND T2.SOCType = 'Youth Authority Facilities',184,True,Defog-Llama3-SQLCoder-8B,5,5,What is the free or reduced price meal count for ages 5 to 17 in the Youth Authority School with a mailing street address of PO Box 1040?,137,pass_k,bird_73,results/raw/Defog-Llama3-SQLCoder-8B_bird_pass_k_20260326_215129.jsonl
False,bird,"[false, false, false, false, false]",california_schools,data/bird/dev_databases/california_schools/california_schools.sqlite,simple,False,,False,"near ""FROM"": syntax error",SELECT SUM(sch.ClosingAmount) AS total_amount FROM schools AS sch WHERE LOWER(sch.City) = 'san francisco' AND LOWER(sch.StatusType) = 'closure' AND EXTRACT(YEAR FROM sch.LastUpdate) = 1989,False,,"SELECT COUNT(School) FROM schools WHERE strftime('%Y', ClosedDate) = '1989' AND City = 'San Francisco' AND DOCType = 'Community College District'",145,True,Defog-Llama3-SQLCoder-8B,5,5,What is the total amount of Community College District closure in 1989 in the city of San Francisco?,100,pass_k,bird_67,results/raw/Defog-Llama3-SQLCoder-8B_bird_pass_k_20260326_215129.jsonl
False,bird,"[false, false, false, false, false]",california_schools,data/bird/dev_databases/california_schools/california_schools.sqlite,moderate,False,State Special School means EdOpsCode = 'SSS',False,no such function: TO_CHAR,"SELECT SUM(satscores.enroll12) AS total_enrollment FROM schools JOIN satscores ON schools.CDSCode = satscores.cds WHERE LOWER(schools.School) = 'state special school' AND LOWER(schools.City) = 'fremont' AND (LOWER(schools.StatusType) = 'regular' OR LOWER(schools.StatusType) = 'charter') AND (TO_CHAR(schools.OpenDate, 'YYYY-MM-DD') BETWEEN '2014-08-01' AND '2015-07-31')",False,,SELECT T1.`Enrollment (Ages 5-17)` FROM frpm AS T1 INNER JOIN schools AS T2 ON T1.CDSCode = T2.CDSCode WHERE T2.EdOpsCode = 'SSS' AND T2.City = 'Fremont' AND T1.`Academic Year` BETWEEN 2014 AND 2015,198,True,Defog-Llama3-SQLCoder-8B,5,5,How many students from the ages of 5 to 17 are enrolled at the State Special School school in Fremont for the 2014-2015 academic year?,134,pass_k,bird_72,results/raw/Defog-Llama3-SQLCoder-8B_bird_pass_k_20260326_215129.jsonl
False,bird,"[false, false, false, false, false]",california_schools,data/bird/dev_databases/california_schools/california_schools.sqlite,simple,False,"Chartered schools refer to Charter = 1 in the table schools; Full name refers to first name, last name",False,,"SELECT s.School, s.City FROM schools s JOIN frpm f ON s.CDSCode = f.CDSCode WHERE f.`Charter School Number` = '00D2' AND s.Charter = 1",True,,"SELECT AdmFName1, AdmLName1, School, City FROM schools WHERE Charter = 1 AND CharterNum = '00D2'",96,True,Defog-Llama3-SQLCoder-8B,5,5,"In chartered schools with charter number 00D2, what are the names of all the administrators? Include the name of the school and the city to which it belongs",156,pass_k,bird_63,results/raw/Defog-Llama3-SQLCoder-8B_bird_pass_k_20260326_215129.jsonl
False,bird,"[false, false, false, false, false]",california_schools,data/bird/dev_databases/california_schools/california_schools.sqlite,moderate,False,Youth Authority Facilities (CEA) refers to SOC = 11; 1980s = years between 1980 and 1989,False,"near ""FROM"": syntax error","SELECT s.County, COUNT(s.CDSCode) AS num_closings FROM frpm f JOIN schools s ON f.CDSCode = s.CDSCode WHERE EXTRACT(YEAR FROM s.LastUpdate) BETWEEN 1980 AND 1989 AND s.DOC LIKE 'CEA%' GROUP BY s.County ORDER BY num_closings DESC NULLS LAST LIMIT 1",False,,"SELECT County FROM schools WHERE strftime('%Y', ClosedDate) BETWEEN '1980' AND '1989' AND StatusType = 'Closed' AND SOC = 11 GROUP BY County ORDER BY COUNT(School) DESC LIMIT 1",176,True,Defog-Llama3-SQLCoder-8B,5,5,Which county reported the most number of school closure in the 1980s with school wonership code belonging to Youth Authority Facilities (CEA)?,142,pass_k,bird_68,results/raw/Defog-Llama3-SQLCoder-8B_bird_pass_k_20260326_215129.jsonl
False,bird,"[false, false, false, false, false]",california_schools,data/bird/dev_databases/california_schools/california_schools.sqlite,simple,False,,False,"near ""Option"": syntax error",SELECT s.School AS SchoolName FROM schools s JOIN frpm f ON s.CDSCode = f.CDSCode WHERE LOWER(s.County) = '37' AND LOWER(f.Educational Option Type) = 'Breakfast Provision 2',False,,"SELECT T2.EILName, T2.School FROM frpm AS T1 INNER JOIN schools AS T2 ON T1.CDSCode = T2.CDSCode WHERE T1.`NSLP Provision Status` = 'Breakfast Provision 2' AND T1.`County Code` = 37",181,True,Defog-Llama3-SQLCoder-8B,5,5,What is the educational level name for the schools with Breakfast Provision 2 in county code 37? Indicate the name of the school.,129,pass_k,bird_75,results/raw/Defog-Llama3-SQLCoder-8B_bird_pass_k_20260326_215129.jsonl
False,bird,"[false, false, false, false, false]",california_schools,data/bird/dev_databases/california_schools/california_schools.sqlite,moderate,False,Percent (%) Eligible FRPM (Ages 5-17) can be acquired by `FRPM Count (Ages 5-17)` / `Enrollment (Ages 5-17)` * 100,False,"near ""-"": syntax error","SELECT s.CDSCode, s.School, f.Percent_Eligible_FRPM_ Ages_5-17 FROM schools AS s JOIN frpm AS f ON s.CDSCode = f.CDSCode WHERE s.County = 'Los Angeles' AND (LOWER(s.Low_Grade) = 'k' AND LOWER(s.High_Grade) = '9')",False,,"SELECT T2.School, T1.`FRPM Count (Ages 5-17)` * 100 / T1.`Enrollment (Ages 5-17)` FROM frpm AS T1 INNER JOIN schools AS T2 ON T1.CDSCode = T2.CDSCode WHERE T2.County = 'Los Angeles' AND T2.GSserved = 'K-9'",205,True,Defog-Llama3-SQLCoder-8B,5,5,Which schools served a grade span of Kindergarten to 9th grade in the county of Los Angeles and what is its Percent (%) Eligible FRPM (Ages 5-17)?,146,pass_k,bird_77,results/raw/Defog-Llama3-SQLCoder-8B_bird_pass_k_20260326_215129.jsonl
False,bird,"[false, false, false, false, false]",california_schools,data/bird/dev_databases/california_schools/california_schools.sqlite,moderate,False,Ratio in percentage = (count(locally funded schools in Santa Clara) / count(all funding type schools in Santa Clara) * 100%,False,,"SELECT CAST(COUNT(DISTINCT CASE WHEN s.Virtual = 'Local' THEN s.CDSCode ELSE NULL END) AS FLOAT) / NULLIF(COUNT(DISTINCT s.CDSCode), 0) * 100 AS percentage_local_funding FROM schools s WHERE NOT (s.FundingType IS NULL OR LOWER(s.FundingType) IN ('state', 'federal')) AND LOWER(s.Virtual) != 'local'",True,,SELECT CAST(SUM(CASE WHEN FundingType = 'Locally funded' THEN 1 ELSE 0 END) AS REAL) * 100 / SUM(CASE WHEN FundingType != 'Locally funded' THEN 1 ELSE 0 END) FROM schools WHERE County = 'Santa Clara' AND Charter = 1,215,True,Defog-Llama3-SQLCoder-8B,5,5,What is the ratio in percentage of Santa Clara County schools that are locally funded compared to all other types of charter school funding?,140,pass_k,bird_65,results/raw/Defog-Llama3-SQLCoder-8B_bird_pass_k_20260326_215129.jsonl
False,bird,"[false, false, false, false, false]",california_schools,data/bird/dev_databases/california_schools/california_schools.sqlite,simple,False,Elementary School District refers to DOC = 52; Chartered schools refer to Charter = 1 in the table schools,False,,SELECT COUNT(*) FROM schools s WHERE s.Virtual = 'Charter' AND s.City = 'Hickman' AND (s.AdmFName1 = s.Admlname1 OR s.AdmLName2 = s.AdmEmail2) GROUP BY s.CDSCode,True,,SELECT COUNT(School) FROM schools WHERE DOC = 52 AND Charter = 1 AND City = 'Hickman',85,True,Defog-Llama3-SQLCoder-8B,5,5,How many chartered schools located in the city of Hickman are owned by the Elementary School District?,102,pass_k,bird_61,results/raw/Defog-Llama3-SQLCoder-8B_bird_pass_k_20260326_215129.jsonl
False,bird,"[false, false, false, false, false]",california_schools,data/bird/dev_databases/california_schools/california_schools.sqlite,moderate,False,High school can be represented as EILCode = 'HS',False,no such column: f.LowerGrade,SELECT s.City FROM schools s JOIN frpm f ON s.CDSCode = f.CDSCode WHERE LOWER(f.LowerGrade)='9' AND LOWER(f.HighestGrade)='12' AND LOWER(s.County)='merced' AND s.StatusType='High School Level' AND LOWER(f.NSLSProvisionStatus)='2',False,,SELECT T2.City FROM frpm AS T1 INNER JOIN schools AS T2 ON T1.CDSCode = T2.CDSCode WHERE T1.`NSLP Provision Status` = 'Lunch Provision 2' AND T2.County = 'Merced' AND T1.`Low Grade` = 9 AND T1.`High Grade` = 12 AND T2.EILCode = 'HS',232,True,Defog-Llama3-SQLCoder-8B,5,5,What is the city location of the high school level school with Lunch Provision 2 whose lowest grade is 9 and the highest grade is 12 in the county of Merced?,157,pass_k,bird_76,results/raw/Defog-Llama3-SQLCoder-8B_bird_pass_k_20260326_215129.jsonl
True,bird,"[true, true, true, true, true]",california_schools,data/bird/dev_databases/california_schools/california_schools.sqlite,simple,False,,True,,SELECT COUNT(*) FROM schools s WHERE LOWER(s.MailCity) = 'hickman' AND s.CharterNum = '00D4',True,,SELECT COUNT(*) FROM schools WHERE CharterNum = '00D4' AND MailCity = 'Hickman',79,True,Defog-Llama3-SQLCoder-8B,5,5,What is the total number of schools with a mailing city in Hickman belonging to the charter number 00D4?,104,pass_k,bird_64,results/raw/Defog-Llama3-SQLCoder-8B_bird_pass_k_20260326_215129.jsonl
False,bird,"[false, false, false, false, false]",california_schools,data/bird/dev_databases/california_schools/california_schools.sqlite,simple,False,,False,,SELECT s.Website FROM schools s WHERE (s.AdmFName1 = 'Mike Larson' OR s.AdmFName2 = 'Mike Larson' OR s.AdmFName3 = 'Mike Larson') AND (s.AdmFName1 = 'Dante Alvarez' OR s.AdmFName2 = 'Dante Alvarez' OR s.AdmFName3 = 'Dante Alvarez'),True,,SELECT Website FROM schools WHERE (AdmFName1 = 'Mike' AND AdmLName1 = 'Larson') OR (AdmFName1 = 'Dante' AND AdmLName1 = 'Alvarez'),130,True,Defog-Llama3-SQLCoder-8B,5,5,What is the website for the schools under the administrations of Mike Larson and Dante Alvarez?,95,pass_k,bird_59,results/raw/Defog-Llama3-SQLCoder-8B_bird_pass_k_20260326_215129.jsonl
False,bird,"[false, false, false, false, false]",california_schools,data/bird/dev_databases/california_schools/california_schools.sqlite,moderate,False,Ratio = count(schools in Colusa) / count(schools in Humboldt),False,,"SELECT CAST(COUNT(DISTINCT CASE WHEN s.County = 'Colusa' THEN s.CDSCode END) AS FLOAT) / NULLIF(CAST(COUNT(DISTINCT CASE WHEN s.County = 'Humboldt' THEN s.CDSCode END) AS FLOAT), 0) AS ratio FROM schools s WHERE LOWER(s.MailState) = 'california'",True,,SELECT CAST(SUM(CASE WHEN County = 'Colusa' THEN 1 ELSE 0 END) AS REAL) / SUM(CASE WHEN County = 'Humboldt' THEN 1 ELSE 0 END) FROM schools WHERE MailState = 'CA',162,True,Defog-Llama3-SQLCoder-8B,5,5,"Of the schools with a mailing state address in California, what is the ratio of the schools located in the county of Colusa against the school located in the county of Humboldt?",177,pass_k,bird_55,results/raw/Defog-Llama3-SQLCoder-8B_bird_pass_k_20260326_215129.jsonl
False,bird,"[false, false, false, false, false]",california_schools,data/bird/dev_databases/california_schools/california_schools.sqlite,simple,False,,False,,SELECT COUNT(*) FROM schools s WHERE LOWER(s.MailState) = 'california' AND s.City like '%San%Joaquin%' AND s.StatusType like '%active%',True,,SELECT COUNT(CDSCode) FROM schools WHERE City = 'San Joaquin' AND MailState = 'CA' AND StatusType = 'Active',108,True,Defog-Llama3-SQLCoder-8B,5,5,"Of all the schools with a mailing state address in California, how many are active in San Joaquin city?",103,pass_k,bird_56,results/raw/Defog-Llama3-SQLCoder-8B_bird_pass_k_20260326_215129.jsonl
True,bird,"[true, true, true, true, true]",california_schools,data/bird/dev_databases/california_schools/california_schools.sqlite,simple,False,State Special Schools means that SOC = 31.,True,,SELECT s.NCESDist FROM schools s JOIN frpm f ON s.CDSCode = f.CDSCode WHERE s.DOCType IN ('State Special Schools') AND s.EdOpsCode IS NOT NULL,True,,SELECT NCESDist FROM schools WHERE SOC = 31,43,True,Defog-Llama3-SQLCoder-8B,5,5,Please provide the National Center for Educational Statistics school district identification number for all schools with a School Ownership Code that are part of the State Special Schools.,188,pass_k,bird_69,results/raw/Defog-Llama3-SQLCoder-8B_bird_pass_k_20260326_215129.jsonl
False,bird,"[false, false, false, false, false]",financial,data/bird/dev_databases/financial/financial.sqlite,simple,False,A12 refers to unemploymant rate 1995; A13 refers to unemploymant rate 1996,False,no such column: A.A11,"WITH avg_1995 AS (SELECT AVG(A.A11) FROM account A WHERE to_char(A.date, 'YYYY') = '1995'), avg_1996 AS (SELECT AVG(A.A11) FROM account A WHERE to_char(A.date, 'YYYY') = '1996') SELECT '1995' AS year, avg_1995.avg FROM avg_1995 UNION ALL SELECT '1996' AS year, avg_1996.avg FROM avg_1996 ORDER BY year NULLS LAST",False,,"SELECT DISTINCT IIF(AVG(A13) > AVG(A12), '1996', '1995') FROM district",70,True,Defog-Llama3-SQLCoder-8B,5,5,"The average unemployment ratio of 1995 and 1996, which one has higher percentage?",81,pass_k,bird_91,results/raw/Defog-Llama3-SQLCoder-8B_bird_pass_k_20260326_215129.jsonl
False,bird,"[false, false, false, false, false]",financial,data/bird/dev_databases/financial/financial.sqlite,simple,False,A3 contains the data of region,False,"near ""FROM"": syntax error","SELECT COUNT(*) FROM account a JOIN client c ON a.district_id = c.district_id WHERE c.birth_date < current_date AND a.frequency = 'monthly' AND (EXTRACT(dow FROM age(current_date, a.date)) BETWEEN 1 AND 3 OR EXTRACT(dow FROM age(current_date, a.date)) BETWEEN 5 AND 7)",False,,SELECT COUNT(T1.account_id) FROM account AS T1 INNER JOIN loan AS T2 ON T1.account_id = T2.account_id INNER JOIN district AS T3 ON T1.district_id = T3.district_id WHERE T3.A3 = 'Prague',185,True,Defog-Llama3-SQLCoder-8B,5,5,How many accounts who have region in Prague are eligible for loans?,67,pass_k,bird_90,results/raw/Defog-Llama3-SQLCoder-8B_bird_pass_k_20260326_215129.jsonl
False,bird,"[false, false, false, false, false]",california_schools,data/bird/dev_databases/california_schools/california_schools.sqlite,simple,False,,False,no such column: e.CDSCode,"WITH MaxTakers AS (SELECT s.CDSCode FROM schools s JOIN SATScores p ON s.CDSCode = p.cds WHERE p.NumGE1500 IS NOT NULL GROUP BY s.CDSCode HAVING SUM(p.NumTstTakr) = MAX(SUM(p.NumTstTakr))), EmailAdmins AS (SELECT m.CDSCode, s.AdmEmail1 FROM schools s JOIN MaxTakers m ON s.CDSCode = m.CDSCode), TopScore AS (SELECT e.CDSCode, COUNT(e.cds) AS score_count FROM satscores e WHERE e.NumGE1500 IS NOT NULL GROUP BY e.CDSCode ORDER BY score_count DESC LIMIT 1) SELECT t.CDSCode, t.score_count, a.AdmEmail1 FROM TopScore t JOIN EmailAdmins a ON t.CDSCode = a.CDSCode",False,,"SELECT T2.AdmEmail1, T2.School FROM satscores AS T1 INNER JOIN schools AS T2 ON T1.cds = T2.CDSCode ORDER BY T1.NumGE1500 DESC LIMIT 1",134,True,Defog-Llama3-SQLCoder-8B,5,5,What is the administrator's email address for the school with the highest number of test takers who received SAT scores of at least 1500?Provide the name of the school.,168,pass_k,bird_88,results/raw/Defog-Llama3-SQLCoder-8B_bird_pass_k_20260326_215129.jsonl
False,bird,"[false, false, false, false, false]",financial,data/bird/dev_databases/financial/financial.sqlite,moderate,False,A3 contains the data of region; 'POPLATEK PO OBRATU' represents for 'issuance after transaction'.,False,"near ""'1950-01-01'"": syntax error",SELECT COUNT(*) FROM account a JOIN client c ON a.district_id = c.district_id WHERE LOWER(a.frequency) LIKE 'issu%' AND LOWER(c.gender) NOT IN ('male') AND c.birth_date > date '1950-01-01' AND c.district_id IN (SELECT district_id FROM district d WHERE LOWER(d.A3) = 'East Bohemia'),False,,SELECT COUNT(T2.account_id) FROM district AS T1 INNER JOIN account AS T2 ON T1.district_id = T2.district_id WHERE T1.A3 = 'east Bohemia' AND T2.frequency = 'POPLATEK PO OBRATU',176,True,Defog-Llama3-SQLCoder-8B,5,5,How many accounts who choose issuance after transaction are staying in East Bohemia region?,91,pass_k,bird_89,results/raw/Defog-Llama3-SQLCoder-8B_bird_pass_k_20260326_215129.jsonl
False,bird,"[false, false, false, false, false]",financial,data/bird/dev_databases/financial/financial.sqlite,moderate,False,Male means that gender = 'M'; A3 refers to region; A11 pertains to average salary.,False,no such column: A10,SELECT COUNT(*) AS total_customers FROM client c JOIN account a ON c.district_id = a.district_id WHERE gender = 'male' AND A10 > 8000,False,,SELECT COUNT(T1.client_id) FROM client AS T1 INNER JOIN district AS T2 ON T1.district_id = T2.district_id WHERE T1.gender = 'M' AND T2.A3 = 'north Bohemia' AND T2.A11 > 8000,173,True,Defog-Llama3-SQLCoder-8B,5,5,How many male customers who are living in North Bohemia have average salary greater than 8000?,94,pass_k,bird_93,results/raw/Defog-Llama3-SQLCoder-8B_bird_pass_k_20260326_215129.jsonl
False,bird,"[false, false, false, false, false]",financial,data/bird/dev_databases/financial/financial.sqlite,challenging,False,"Female means gender = 'F'; A11 refers to average salary; Gap = highest average salary - lowest average salary; If the person A's birthdate > B's birthdate, it means that person B is order than person A.",False,"near ""FROM"": syntax error","WITH avg_salary AS (SELECT client_id, AVG(A10) AS average_a10 FROM district GROUP BY client_id), min_max AS (SELECT MIN(AVERAGE_A10) AS lowest_avg_s, MAX(AVERAGE_A10) AS highest_avg_s FROM avg_salary), top_client AS (SELECT c.client_id FROM client c JOIN account a ON c.client_id = a.account_id JOIN avg_salary AS asl ON c.client_id = asl.client_id WHERE gender = 'F' AND A2 IN ('top', 'district') AND asl.AVERAGE_A10 = (SELECT lowest_avg_s FROM min_max)), age AS (SELECT client_id, EXTRACT(YEAR FROM CURRENT_DATE) - EXTRACT(YEAR FROM birth_date) AS age FROM client), ranked AS (SELECT client_id, RANK() OVER (PARTITION BY account_id ORDER BY date DESC) AS rank FROM trans WHERE type = 'withdrawal' GROUP BY client_id, account_id, date) SELECT a.account_id, c.gender, c.birth_date, d.A2, d.A3, d.A4, d.A5, d.A6, d.A7, d.A8, d.A9, d.A10, d.A11, d.A12, d.A13, d.A14, d.A15, d.A16, age.age, rank.rank FROM account a JOIN client c ON a.account_id = c.client_id JOIN district d ON a.district_id = d.district_id LEFT JOIN age ON age.client_id = c.client_id LEFT JOIN ranked AS r ON r.client_id = c.client_id ORDER BY age ASC, rank DESC NULLS LAST",False,,"SELECT T1.account_id , ( SELECT MAX(A11) - MIN(A11) FROM district ) FROM account AS T1 INNER JOIN district AS T2 ON T1.district_id = T2.district_id INNER JOIN disp AS T3 ON T1.account_id = T3.account_id INNER JOIN client AS T4 ON T3.client_id = T4.client_id WHERE T2.district_id = ( SELECT district_id FROM client WHERE gender = 'F' ORDER BY birth_date ASC LIMIT 1 ) ORDER BY T2.A11 DESC LIMIT 1",395,True,Defog-Llama3-SQLCoder-8B,5,5,"List out the account numbers of female clients who are oldest and has lowest average salary, calculate the gap between this lowest average salary with the highest average salary?",178,pass_k,bird_94,results/raw/Defog-Llama3-SQLCoder-8B_bird_pass_k_20260326_215129.jsonl
False,bird,"[false, false, false, false, false]",california_schools,data/bird/dev_databases/california_schools/california_schools.sqlite,challenging,False,Kindergarten to 8th grade refers to K-8; 'Offers a magnet program' means Magnet = 1; Multiple Provision Types refers to `NSLP Provision Status` = 'Multiple Provision Types',False,"near ""("": syntax error","WITH magnet_schools AS (SELECT s.CDSCode FROM schools s JOIN satscores sc ON s.CDSCode = sc.cds WHERE s.Virtual IS NULL AND s.Magnet > 0), gradespan AS (SELECT s.CDSCode FROM schools s JOIN frpm f ON s.CDSCode = f.CDSCode WHERE LOWER(f.low_grade) = 'k' AND LOWER(f.high_grade) = '8'), cities_with_gradespan AS (SELECT DISTINCT m.CDSCode, c.City, COUNT(*) OVER (PARTITION BY c.City) AS school_count FROM magnet_schools m JOIN schools s ON m.CDSCode = s.CDSCode CROSS APPLY (SELECT City FROM schools WHERE CDSCode = m.CDSCode) AS c LEFT JOIN gradespan g ON m.CDSCode = g.CDSCode ) SELECT * FROM cities_with_gradespan ORDER BY school_count DESC NULLS LAST",False,,"SELECT T2.City, COUNT(T2.CDSCode) FROM frpm AS T1 INNER JOIN schools AS T2 ON T1.CDSCode = T2.CDSCode WHERE T2.Magnet = 1 AND T2.GSoffered = 'K-8' AND T1.`NSLP Provision Status` = 'Multiple Provision Types' GROUP BY T2.City",223,True,Defog-Llama3-SQLCoder-8B,5,5,"Of the schools that offers a magnet program serving a grade span of Kindergarten to 8th grade, how many offers Multiple Provision Types? List the number of cities that offers a Kindergarten to 8th grade span and indicate how many schools are there serving such grade span for each city.",286,pass_k,bird_83,results/raw/Defog-Llama3-SQLCoder-8B_bird_pass_k_20260326_215129.jsonl
False,bird,"[false, false, false, false, false]",california_schools,data/bird/dev_databases/california_schools/california_schools.sqlite,simple,False,,False,,"SELECT s.Phone, s.Ext FROM schools s WHERE s.Zip = '95203-3704'",True,,"SELECT Phone, Ext, School FROM schools WHERE Zip = '95203-3704'",63,True,Defog-Llama3-SQLCoder-8B,5,5,What is the phone number and extension number for the school with the zip code 95203-3704? Indicate the school's name.,118,pass_k,bird_58,results/raw/Defog-Llama3-SQLCoder-8B_bird_pass_k_20260326_215129.jsonl
False,bird,"[false, false, false, false, false]",financial,data/bird/dev_databases/financial/financial.sqlite,simple,False,A11 refers to average salary; Female mapps to gender = 'F',False,"unrecognized token: "":""",SELECT COUNT(DISTINCT d.district_id) AS total_districts FROM account a JOIN client c ON a.account_id = c.client_id AND a.district_id = c.district_id JOIN district d ON a.district_id = d.district_id WHERE c.gender = 'Female' AND (a.frequency::numeric > 6000.00 AND a.frequency::numeric < 10000.00),False,,SELECT COUNT(DISTINCT T2.district_id)  FROM client AS T1 INNER JOIN district AS T2 ON T1.district_id = T2.district_id WHERE T1.gender = 'F' AND T2.A11 BETWEEN 6000 AND 10000,173,True,Defog-Llama3-SQLCoder-8B,5,5,List out the no. of districts that have female average salary is more than 6000 but less than 10000?,100,pass_k,bird_92,results/raw/Defog-Llama3-SQLCoder-8B_bird_pass_k_20260326_215129.jsonl
False,bird,"[false, false, false, false, false]",financial,data/bird/dev_databases/financial/financial.sqlite,moderate,False,'POPLATEK TYDNE' stands for weekly issuance,False,"near ""FROM"": syntax error","WITH lowest_amount AS (SELECT account_id, MIN(amount) AS min_amount FROM loan WHERE status='approved' AND EXTRACT(YEAR FROM date)=1997 GROUP BY account_id), weekly_statement AS (SELECT account_id, 'Weekly statement: '||frequency AS frequency FROM account WHERE date BETWEEN '1997-01-01' AND '1997-12-31') SELECT *, ws.frequency FROM lowest_amount la JOIN weekly_statement ws ON la.account_id=ws.account_id ORDER BY la.min_amount NULLS LAST",False,,"SELECT T2.account_id FROM loan AS T1 INNER JOIN account AS T2 ON T1.account_id = T2.account_id WHERE STRFTIME('%Y', T1.date) = '1997' AND T2.frequency = 'POPLATEK TYDNE' ORDER BY T1.amount LIMIT 1",196,True,Defog-Llama3-SQLCoder-8B,5,5,"Among the accounts who have approved loan date in 1997, list out the accounts that have the lowest approved amount and choose weekly issuance statement.",152,pass_k,bird_98,results/raw/Defog-Llama3-SQLCoder-8B_bird_pass_k_20260326_215129.jsonl
False,bird,"[false, false, false, false, false]",financial,data/bird/dev_databases/financial/financial.sqlite,moderate,False,"If the person A's birthdate < B's birthdate, it means that person B is younger than person A; A11 refers to average salary",False,no such column: d.A10,"WITH client_info AS (SELECT c.client_id, AVG(d.A10) AS avg_income FROM client c JOIN disp d ON c.client_id = d.client_id GROUP BY c.client_id), account_dates AS (SELECT a.account_id, MIN(a.date) AS first_date FROM account a GROUP BY a.account_id) SELECT ci.client_id, ad.first_date, ci.avg_income, a.account_id FROM client_info ci JOIN account_dates ad ON ci.client_id = ad.account_id JOIN account a ON ad.account_id = a.account_id ORDER BY ci.avg_income DESC, ad.first_date ASC LIMIT 1",False,,"SELECT T1.account_id  FROM account AS T1 INNER JOIN disp AS T2 ON T1.account_id = T2.account_id INNER JOIN client AS T3 ON T2.client_id = T3.client_id INNER JOIN district AS T4 on T4.district_id = T1.district_id WHERE T2.client_id = ( SELECT client_id FROM client ORDER BY birth_date DESC LIMIT 1) GROUP BY T4.A11, T1.account_id",328,True,Defog-Llama3-SQLCoder-8B,5,5,List out the account numbers of clients who are youngest and have highest average salary?,89,pass_k,bird_95,results/raw/Defog-Llama3-SQLCoder-8B_bird_pass_k_20260326_215129.jsonl
False,bird,"[false, false, false, false, false]",financial,data/bird/dev_databases/financial/financial.sqlite,simple,False,'POPLATEK PO OBRATU' stands for issuance after transaction,False,,SELECT c.client_id FROM client c JOIN disp d ON c.client_id = d.client_id WHERE d.type = 'Disponent' LIMIT 1,True,,SELECT T2.client_id FROM account AS T1 INNER JOIN disp AS T2 ON T1.account_id = T2.account_id WHERE T1.frequency = 'POPLATEK PO OBRATU' AND T2.type = 'DISPONENT',161,True,Defog-Llama3-SQLCoder-8B,5,5,List out the id number of client who choose statement of issuance after transaction are Disponent?,98,pass_k,bird_97,results/raw/Defog-Llama3-SQLCoder-8B_bird_pass_k_20260326_215129.jsonl
False,bird,"[false, false, false, false, false]",california_schools,data/bird/dev_databases/california_schools/california_schools.sqlite,moderate,False,State of California refers to state = 'CA',False,no such column: c.Low_Grade,"SELECT s.City, s.School, MIN(s.Latitude) AS latitude, c.Low_Grade FROM schools s JOIN frpm c ON s.CDSCode = c.CDSCode WHERE State = 'California' GROUP BY s.City, s.School, latitude ORDER BY latitude ASC LIMIT 1",False,,"SELECT T2.City, T1.`Low Grade`, T1.`School Name` FROM frpm AS T1 INNER JOIN schools AS T2 ON T1.CDSCode = T2.CDSCode WHERE T2.State = 'CA' ORDER BY T2.Latitude ASC LIMIT 1",171,True,Defog-Llama3-SQLCoder-8B,5,5,In which city can you find the school in the state of California with the lowest latitude coordinates and what is its lowest grade? Indicate the school name.,157,pass_k,bird_81,results/raw/Defog-Llama3-SQLCoder-8B_bird_pass_k_20260326_215129.jsonl
False,bird,"[false, false, false, false, false]",financial,data/bird/dev_databases/financial/financial.sqlite,moderate,False,Loan validity more than 12 months refers to duration > 12,False,"near ""FROM"": syntax error","WITH account_loan AS (SELECT a.account_id, l.amount FROM loan l JOIN account a ON l.account_id = a.account_id) SELECT al.account_id, MAX(al.amount) AS max_amount FROM account_loan al WHERE al.amount > 5000 AND EXTRACT(YEAR FROM a.date) = 1993 GROUP BY al.account_id HAVING SUM(CASE WHEN al.type = 'Credit' THEN -1 ELSE 1 END * al.amount) > 12000",False,,"SELECT T1.account_id FROM loan AS T1 INNER JOIN account AS T2 ON T1.account_id = T2.account_id WHERE STRFTIME('%Y', T2.date) = '1993' AND T1.duration > 12 ORDER BY T1.amount DESC LIMIT 1",186,True,Defog-Llama3-SQLCoder-8B,5,5,"Among the accounts who have loan validity more than 12 months, list out the accounts that have the highest approved amount and have account opening date in 1993.",161,pass_k,bird_99,results/raw/Defog-Llama3-SQLCoder-8B_bird_pass_k_20260326_215129.jsonl
False,bird,"[false, false, false, false, false]",financial,data/bird/dev_databases/financial/financial.sqlite,simple,False,'POPLATEK TYDNE' stands for weekly issuance,False,,SELECT COUNT(DISTINCT c.client_id) AS total_customers FROM client c JOIN account a ON c.district_id = a.district_id WHERE LOWER(a.frequency) LIKE '%weekly%' AND LOWER(c.gender) LIKE '%owner%',True,,SELECT COUNT(T1.account_id) FROM account AS T1 INNER JOIN disp AS T2 ON T1.account_id = T2.account_id WHERE T2.type = 'OWNER' AND T1.frequency = 'POPLATEK TYDNE',161,True,Defog-Llama3-SQLCoder-8B,5,5,How many customers who choose statement of weekly issuance are Owner?,69,pass_k,bird_96,results/raw/Defog-Llama3-SQLCoder-8B_bird_pass_k_20260326_215129.jsonl
False,bird,"[false, false, false, false, false]",california_schools,data/bird/dev_databases/california_schools/california_schools.sqlite,moderate,False,'Does not offer physical building' means Virtual = F in the database.,False,no such column: c.County,"WITH virtual_schools AS (SELECT s.CDSCode FROM schools s WHERE LOWER(s.Virtual) = 'true'), non_virtual_counties AS (SELECT v.CDSCode, COUNT(*) AS num_of_schools FROM frpm v JOIN schools s ON v.CDSCode = s.CDSCode WHERE LOWER(v.CDSCode) IN (SELECT CDSCode FROM virtual_schools) GROUP BY v.CDSCode), county_name AS (SELECT c.County, n.num_of_schools FROM non_virtual_counties n JOIN frpm c ON LOWER(c.CDSCode) = LOWER(n.CDSCode)) SELECT cn.County, cn.num_of_schools FROM county_name cn ORDER BY cn.num_of_schools DESC LIMIT 1",False,,"SELECT County, COUNT(Virtual) FROM schools WHERE (County = 'San Diego' OR County = 'Santa Barbara') AND Virtual = 'F' GROUP BY County ORDER BY COUNT(Virtual) DESC LIMIT 1",170,True,Defog-Llama3-SQLCoder-8B,5,5,"Between San Diego and Santa Barbara, which county offers the most number of schools that does not offer physical building? Indicate the amount.",143,pass_k,bird_79,results/raw/Defog-Llama3-SQLCoder-8B_bird_pass_k_20260326_215129.jsonl
False,bird,"[false, false, false, false, false]",california_schools,data/bird/dev_databases/california_schools/california_schools.sqlite,simple,False,,False,,SELECT COUNT(DISTINCT s.CDSCode) AS total_sch FROM schools s WHERE LOWER(s.County) = 'alpine' AND (s.StatusType = 'active' OR s.StatusType IS NULL) AND s.Magnet IS TRUE GROUP BY s.CDSCode ORDER BY total_sch DESC LIMIT 1,True,,SELECT COUNT(School) FROM schools WHERE (StatusType = 'Closed' OR StatusType = 'Active') AND SOC = 69 AND County = 'Alpine',123,True,Defog-Llama3-SQLCoder-8B,5,5,How many active and closed District Community Day Schools are there in the county of Alpine?,92,pass_k,bird_70,results/raw/Defog-Llama3-SQLCoder-8B_bird_pass_k_20260326_215129.jsonl
False,bird,"[false, false, false, false, false]",california_schools,data/bird/dev_databases/california_schools/california_schools.sqlite,simple,False,,False,"near ""CharterNum"": syntax error",SELECT s.AdmLName3 FROM schools s WHERE s CharterNum = 40,False,,"SELECT AdmLName1, District, County, School FROM schools WHERE CharterNum = '0040'",81,True,Defog-Llama3-SQLCoder-8B,5,5,"What is the administrator's last name that oversees the school with Charter number 40? Indicate the district, the county where the school is situated, and the name of the school.",178,pass_k,bird_86,results/raw/Defog-Llama3-SQLCoder-8B_bird_pass_k_20260326_215129.jsonl
False,bird,"[false, false, false, false, false]",california_schools,data/bird/dev_databases/california_schools/california_schools.sqlite,simple,False,the highest longitude refers to the school with the maximum absolute longitude value.,False,,SELECT s.School FROM schools s ORDER BY s.Longitude DESC LIMIT 1,True,,SELECT GSoffered FROM schools ORDER BY ABS(longitude) DESC LIMIT 1,66,True,Defog-Llama3-SQLCoder-8B,5,5,What is the grade span offered in the school with the highest longitude?,72,pass_k,bird_82,results/raw/Defog-Llama3-SQLCoder-8B_bird_pass_k_20260326_215129.jsonl
False,bird,"[false, false, false, false, false]",california_schools,data/bird/dev_databases/california_schools/california_schools.sqlite,moderate,False,Percent (%) Eligible Free (K-12) = `Free Meal Count (K-12)` / `Enrollment (K-12)` * 100%,False,"near ""("": syntax error","SELECT frpm.CDSCode, frpm.Percent(%) Eligible Free (K-12) FROM frpm JOIN schools ON frpm.CDSCode = schools.CDSCode WHERE UPPER(schools.AdmFName1) = 'ALUSINE' GROUP BY frpm.CDSCode ORDER BY frpm.Percent(%) Eligible Free (K-12) DESC NULLS LAST LIMIT 100",False,,"SELECT T1.`Free Meal Count (K-12)` * 100 / T1.`Enrollment (K-12)`, T1.`District Code` FROM frpm AS T1 INNER JOIN schools AS T2 ON T1.CDSCode = T2.CDSCode WHERE T2.AdmFName1 = 'Alusine'",184,True,Defog-Llama3-SQLCoder-8B,5,5,What is the Percent (%) Eligible Free (K-12) in the school administered by an administrator whose first name is Alusine. List the district code of the school.,158,pass_k,bird_85,results/raw/Defog-Llama3-SQLCoder-8B_bird_pass_k_20260326_215129.jsonl
False,bird,"[false, false, false, false, false]",california_schools,data/bird/dev_databases/california_schools/california_schools.sqlite,simple,False,,False,,"SELECT s.CDSCode, s.MailZip FROM schools s WHERE (s.AdmFName1 = 'Avetik Atoian' OR s.AdmLName1 = 'Avetik Atoian' OR s.AdmEmail1 = 'avetik.atoian@education.com' OR s.AdmFName2 = 'Avetik Atoian' OR s.AdmLName2 = 'Avetik Atoian' OR s.AdmEmail2 = 'avetik.atoian@education.com' OR s.AdmFName3 = 'Avetik Atoian' OR s.AdmLName3 = 'Avetik Atoian' OR s.AdmEmail3 = 'avetik.atoian@education.com') AND (s.AdmFName1 = 'Avetik Atoian' OR s.AdmLName1 = 'Avetik Atoian' OR s.AdmEmail1 = 'avetik.atoian@education.com' OR s.AdmFName2 = 'Avetik Atoian' OR s.AdmLName2 = 'Avetik Atoian' OR s.AdmEmail2 = 'avetik.atoian@education.com' OR s.AdmFName3 = 'Avetik Atoian' OR s.AdmLName3 = 'Avetik Atoian' OR s.AdmEmail3 = 'avetik.atoian@education.com')",True,,"SELECT School, MailZip FROM schools WHERE AdmFName1 = 'Avetik' AND AdmLName1 = 'Atoian'",87,True,Defog-Llama3-SQLCoder-8B,5,5,Please specify all of the schools and their related mailing zip codes that are under Avetik Atoian's administration.,116,pass_k,bird_54,results/raw/Defog-Llama3-SQLCoder-8B_bird_pass_k_20260326_215129.jsonl
False,bird,"[false, false, false, false, false]",california_schools,data/bird/dev_databases/california_schools/california_schools.sqlite,simple,False,,False,,"SELECT s.School, s.Latitude FROM schools s ORDER BY s.Latitude DESC LIMIT 1",True,,"SELECT T1.`School Type`, T1.`School Name`, T2.Latitude FROM frpm AS T1 INNER JOIN schools AS T2 ON T1.CDSCode = T2.CDSCode ORDER BY T2.Latitude DESC LIMIT 1",156,True,Defog-Llama3-SQLCoder-8B,5,5,What is the school type of the school with the highest latitude? Indicate the name of the school as well as the latitude coordinates.,133,pass_k,bird_80,results/raw/Defog-Llama3-SQLCoder-8B_bird_pass_k_20260326_215129.jsonl
False,bird,"[false, false, false, false, false]",california_schools,data/bird/dev_databases/california_schools/california_schools.sqlite,simple,False,,False,,"WITH grade_span_types AS (SELECT s.CDSCode, COUNT(*) AS number_of_schools, 'All' AS type FROM schools s WHERE s.City = 'Adelanto' GROUP BY s.CDSCode) SELECT s.type, SUM(s.number_of_schools) OVER () AS total_number_of_schools FROM grade_span_types s ORDER BY total_number_of_schools DESC LIMIT 1",True,,SELECT GSserved FROM schools WHERE City = 'Adelanto' GROUP BY GSserved ORDER BY COUNT(GSserved) DESC LIMIT 1,108,True,Defog-Llama3-SQLCoder-8B,5,5,What is the most common type of grade span served in the city of Adelanto?,74,pass_k,bird_78,results/raw/Defog-Llama3-SQLCoder-8B_bird_pass_k_20260326_215129.jsonl
False,bird,"[false, false, false, false, false]",california_schools,data/bird/dev_databases/california_schools/california_schools.sqlite,challenging,False,Intermediate/Middle Schools refers to SOC = 62; Unified School refers to DOC = 54; years between 2009 and 2010 can refer to 'between 1/1/2009 to 12/31/2010',False,,SELECT s.AdmEmail1 AS email FROM schools s WHERE LOWER(s.City) = 'san Bernardino' AND LOWER(s.County) = 'San Bernardino county' AND LOWER(s.School) = 'San Bernardino City Unified' AND s.OpenDate BETWEEN CAST('2009-01-01' AS DATE) AND CAST('2010-12-31' AS DATE) AND (s.StatusType = 'Unified School' OR s.StatusType = 'Public Intermediate/Middle School') ORDER BY email NULLS LAST,True,,"SELECT T2.AdmEmail1, T2.AdmEmail2 FROM frpm AS T1 INNER JOIN schools AS T2 ON T1.CDSCode = T2.CDSCode WHERE T2.County = 'San Bernardino' AND T2.City = 'San Bernardino' AND T2.DOC = 54 AND strftime('%Y', T2.OpenDate) BETWEEN '2009' AND '2010' AND T2.SOC = 62",257,True,Defog-Llama3-SQLCoder-8B,5,5,"What are the valid e-mail addresses of the administrator of the school located in the San Bernardino county, City of San Bernardino City Unified that opened between 1/1/2009 to 12/31/2010 whose school types are public Intermediate/Middle Schools and Unified Schools?",266,pass_k,bird_87,results/raw/Defog-Llama3-SQLCoder-8B_bird_pass_k_20260326_215129.jsonl
False,bird,"[false, false, false, false, false]",california_schools,data/bird/dev_databases/california_schools/california_schools.sqlite,simple,False,,False,no such column: s3.FName,"WITH AdminNames AS (SELECT s.CDSCode, s.District, ad.FName, COUNT(*) AS NameCount FROM schools s JOIN frpm f ON s.CDSCode = f.CDSCode LEFT JOIN (SELECT s3.CDSCode, s3.FName FROM schools s3 WHERE s3.Magnet IS TRUE) ad ON s.CDSCode = ad.CDSCode GROUP BY s.CDSCode, s.District, ad.FName), RankedAdmins AS (SELECT an.* FROM AdminNames an ORDER BY NameCount DESC LIMIT 2), FinalQuery AS (SELECT ra.District, ra.FName, ra.NameCount FROM RankedAdmins ra) SELECT fq.District, fq.FName, fq.NameCount FROM FinalQuery fq",False,,"SELECT DISTINCT T1.AdmFName1, T1.District FROM schools AS T1 INNER JOIN ( SELECT admfname1 FROM schools GROUP BY admfname1 ORDER BY COUNT(admfname1) DESC LIMIT 2 ) AS T2 ON T1.AdmFName1 = T2.admfname1",200,True,Defog-Llama3-SQLCoder-8B,5,5,What are the two most common first names among the school administrators? Indicate the district to which they administer.,121,pass_k,bird_84,results/raw/Defog-Llama3-SQLCoder-8B_bird_pass_k_20260326_215129.jsonl
False,bird,"[false, false, false, false, false]",california_schools,data/bird/dev_databases/california_schools/california_schools.sqlite,simple,False,Total enrollment can be represented by `Enrollment (K-12)` + `Enrollment (Ages 5-17)`,False,"near ""("": syntax error",SELECT s.CDSCode FROM schools s WHERE (s.Enrollment (K-12) + s.Enrollment (Ages 5-17)) / 2 > 500,False,,SELECT T2.CDSCode FROM schools AS T1 INNER JOIN frpm AS T2 ON T1.CDSCode = T2.CDSCode WHERE T2.`Enrollment (K-12)` + T2.`Enrollment (Ages 5-17)` > 500,150,True,Defog-Llama3-SQLCoder-8B,5,5,Please list the codes of the schools with a total enrollment of over 500.,73,pass_k,bird_11,results/raw/Defog-Llama3-SQLCoder-8B_bird_pass_k_20260326_215129.jsonl
False,bird,"[false, false, false, false, false]",california_schools,data/bird/dev_databases/california_schools/california_schools.sqlite,moderate,False,Communication number refers to phone number.,False,no such column: s.AvgScrWrite,"SELECT s.School, AVG(s.AvgScrWrite) AS avg_score FROM schools s WHERE ((s.OpenDate > '1991-01-01' AND (s.ClosedDate IS NULL OR s.ClosedDate < '2000-12-31')) OR (s.OpenDate < '1985-01-01' AND s.ClosedDate > '2012-12-31')) GROUP BY s.School, s.Phone",False,,"SELECT T2.School, T1.AvgScrWrite, T2.Phone FROM schools AS T2 LEFT JOIN satscores AS T1 ON T2.CDSCode = T1.cds WHERE strftime('%Y', T2.OpenDate) > '1991' OR strftime('%Y', T2.ClosedDate) < '2000'",195,True,Defog-Llama3-SQLCoder-8B,5,5,"What is the average score in writing for the schools that were opened after 1991 or closed before 2000? List the school names along with the score. Also, list the communication number of the schools if there is any.",215,pass_k,bird_27,results/raw/Defog-Llama3-SQLCoder-8B_bird_pass_k_20260326_215129.jsonl
True,spider,"[true, true, true, true, true]",concert_singer,data/spider/database/concert_singer/concert_singer.sqlite,,False,,True,,SELECT COUNT(*) AS total_singers FROM singer,True,,SELECT count(*) FROM singer,27,True,Defog-Llama3-SQLCoder-8B,5,5,How many singers do we have?,28,pass_k,spider_0,results/raw/Defog-Llama3-SQLCoder-8B_spider_pass_k_20260326_214000.jsonl
True,spider,"[true, true, true, true, true]",concert_singer,data/spider/database/concert_singer/concert_singer.sqlite,,False,,True,,SELECT COUNT(*) AS total_singers FROM singer,True,,SELECT count(*) FROM singer,27,True,Defog-Llama3-SQLCoder-8B,5,5,What is the total number of singers?,36,pass_k,spider_1,results/raw/Defog-Llama3-SQLCoder-8B_spider_pass_k_20260326_214000.jsonl
True,spider,"[true, true, true, true, true]",concert_singer,data/spider/database/concert_singer/concert_singer.sqlite,,False,,True,,"SELECT s.Name AS name, s.Country AS country, s.Age AS age FROM singer s ORDER BY s.Age DESC",True,,"SELECT name ,  country ,  age FROM singer ORDER BY age DESC",59,True,Defog-Llama3-SQLCoder-8B,5,5,"Show name, country, age for all singers ordered by age from the oldest to the youngest.",87,pass_k,spider_2,results/raw/Defog-Llama3-SQLCoder-8B_spider_pass_k_20260326_214000.jsonl
True,spider,"[true, true, true, true, true]",concert_singer,data/spider/database/concert_singer/concert_singer.sqlite,,False,,True,,"SELECT s.Name, s.Country, s.Age FROM singer s ORDER BY s.Age DESC",True,,"SELECT name ,  country ,  age FROM singer ORDER BY age DESC",59,True,Defog-Llama3-SQLCoder-8B,5,5,"What are the names, countries, and ages for every singer in descending order of age?",84,pass_k,spider_3,results/raw/Defog-Llama3-SQLCoder-8B_spider_pass_k_20260326_214000.jsonl
True,spider,"[true, true, true, true, true]",concert_singer,data/spider/database/concert_singer/concert_singer.sqlite,,False,,True,,"SELECT s.Country, COUNT(s.Singer_ID) AS num_singers FROM singer s GROUP BY s.Country ORDER BY num_singers DESC",True,,"SELECT country ,  count(*) FROM singer GROUP BY country",55,True,Defog-Llama3-SQLCoder-8B,5,5,Show all countries and the number of singers in each country.,61,pass_k,spider_10,results/raw/Defog-Llama3-SQLCoder-8B_spider_pass_k_20260326_214000.jsonl
True,spider,"[true, true, true, true, true]",concert_singer,data/spider/database/concert_singer/concert_singer.sqlite,,False,,True,,"SELECT AVG(s.Age) AS average_age, MIN(s.Age) AS minimum_age, MAX(s.Age) AS maximum_age FROM singer s WHERE LOWER(s.Country) = 'france'",True,,"SELECT avg(age) ,  min(age) ,  max(age) FROM singer WHERE country  =  'France'",78,True,Defog-Llama3-SQLCoder-8B,5,5,"What is the average, minimum, and maximum age of all singers from France?",73,pass_k,spider_4,results/raw/Defog-Llama3-SQLCoder-8B_spider_pass_k_20260326_214000.jsonl
True,spider,"[true, true, true, true, true]",concert_singer,data/spider/database/concert_singer/concert_singer.sqlite,,False,,True,,"SELECT AVG(s.Age) AS average_age, MIN(s.Age) AS minimum_age, MAX(s.Age) AS maximum_age FROM singer s WHERE LOWER(s.Country) = 'france'",True,,"SELECT avg(age) ,  min(age) ,  max(age) FROM singer WHERE country  =  'France'",78,True,Defog-Llama3-SQLCoder-8B,5,5,"What is the average, minimum, and maximum age for all French singers?",69,pass_k,spider_5,results/raw/Defog-Llama3-SQLCoder-8B_spider_pass_k_20260326_214000.jsonl
False,spider,"[false, false, false, false, false]",concert_singer,data/spider/database/concert_singer/concert_singer.sqlite,,False,,False,no such column: c.Congressman_ID,"WITH singer_info AS (SELECT s.Singer_ID, s.Name, MIN(CAST(s.Song_release_year AS INT)) AS min_song_year FROM singer s GROUP BY s.Singer_ID, s.Name), concert_singers AS (SELECT c.Congressman_ID, si.Name AS Singer_Name, si.min_song_year FROM concert c JOIN singer_in_concert sic ON c.Congressman_ID = sic.concert_ID JOIN singer_info si ON sic.singer_id = si.Singer_ID) SELECT cs.Singer_Name, cs.min_song_year FROM concert_singers cs",False,,"SELECT song_name ,  song_release_year FROM singer ORDER BY age LIMIT 1",70,True,Defog-Llama3-SQLCoder-8B,5,5,Show the name and the release year of the song by the youngest singer.,70,pass_k,spider_6,results/raw/Defog-Llama3-SQLCoder-8B_spider_pass_k_20260326_214000.jsonl
True,spider,"[true, true, true, true, true]",concert_singer,data/spider/database/concert_singer/concert_singer.sqlite,,False,,True,,SELECT DISTINCT s.Country FROM singer s WHERE s.Age > 20,True,,SELECT DISTINCT country FROM singer WHERE age  >  20,52,True,Defog-Llama3-SQLCoder-8B,5,5,What are all distinct countries where singers above age 20 are from?,68,pass_k,spider_8,results/raw/Defog-Llama3-SQLCoder-8B_spider_pass_k_20260326_214000.jsonl
False,spider,"[false, false, false, false, false]",concert_singer,data/spider/database/concert_singer/concert_singer.sqlite,,False,,False,,"WITH YoungestSinger AS (SELECT s.Singer_ID FROM singer s ORDER BY s.Age ASC LIMIT 1), BestSong AS (SELECT si.concert_ID, si.Singer_ID FROM singer_in_concert si JOIN YoungestSinger ys ON si.Singer_ID = ys.Singer_ID), SongList AS (SELECT c.concert_Name, sc.Song_Name, sc.Song_release_year FROM concert c JOIN BestSong bs ON c.concert_ID = bs.concert_ID JOIN singer sc ON bs.Singer_ID = sc.Singer_ID) SELECT sl.concert_Name, sl.Song_Name, sl.Song_release_year FROM SongList sl ORDER BY sl.Song_release_year DESC",True,,"SELECT song_name ,  song_release_year FROM singer ORDER BY age LIMIT 1",70,True,Defog-Llama3-SQLCoder-8B,5,5,What are the names and release years for all the songs of the youngest singer?,78,pass_k,spider_7,results/raw/Defog-Llama3-SQLCoder-8B_spider_pass_k_20260326_214000.jsonl
True,spider,"[true, true, true, true, true]",concert_singer,data/spider/database/concert_singer/concert_singer.sqlite,,False,,True,,SELECT DISTINCT s.Country FROM singer s WHERE s.Age > 20 ORDER BY s.Country NULLS LAST,True,,SELECT DISTINCT country FROM singer WHERE age  >  20,52,True,Defog-Llama3-SQLCoder-8B,5,5,What are  the different countries with singers above age 20?,60,pass_k,spider_9,results/raw/Defog-Llama3-SQLCoder-8B_spider_pass_k_20260326_214000.jsonl
True,spider,"[true, true, true, true, true]",concert_singer,data/spider/database/concert_singer/concert_singer.sqlite,,False,,True,,"SELECT s.Country, COUNT(*) AS number_of_singers FROM singer s GROUP BY s.Country",True,,"SELECT country ,  count(*) FROM singer GROUP BY country",55,True,Defog-Llama3-SQLCoder-8B,5,5,How many singers are from each country?,39,pass_k,spider_11,results/raw/Defog-Llama3-SQLCoder-8B_spider_pass_k_20260326_214000.jsonl
True,spider,"[true, true, true, true, true]",concert_singer,data/spider/database/concert_singer/concert_singer.sqlite,,False,,True,,SELECT s.Song_Name FROM singer s WHERE s.Age > (SELECT AVG(age) FROM singer) ORDER BY age DESC,True,,SELECT song_name FROM singer WHERE age  >  (SELECT avg(age) FROM singer),72,True,Defog-Llama3-SQLCoder-8B,5,5,List all song names by singers above the average age.,53,pass_k,spider_12,results/raw/Defog-Llama3-SQLCoder-8B_spider_pass_k_20260326_214000.jsonl
True,spider,"[true, true, true, true, true]",concert_singer,data/spider/database/concert_singer/concert_singer.sqlite,,False,,True,,"SELECT COUNT(*) AS total_concerts FROM concert c WHERE c.Year IN ('2014', '2015')",True,,SELECT count(*) FROM concert WHERE YEAR  =  2014 OR YEAR  =  2015,65,True,Defog-Llama3-SQLCoder-8B,5,5,How many concerts occurred in 2014 or 2015?,43,pass_k,spider_21,results/raw/Defog-Llama3-SQLCoder-8B_spider_pass_k_20260326_214000.jsonl
True,spider,"[true, false, false, false, false]",concert_singer,data/spider/database/concert_singer/concert_singer.sqlite,,False,,True,,SELECT COUNT(DISTINCT c.concert_ID) AS number_of_concerts FROM concert c WHERE (c.year = '2014' OR c.year = '2015'),True,,SELECT count(*) FROM concert WHERE YEAR  =  2014 OR YEAR  =  2015,65,True,Defog-Llama3-SQLCoder-8B,5,5,How many concerts are there in year 2014 or 2015?,49,pass_k,spider_20,results/raw/Defog-Llama3-SQLCoder-8B_spider_pass_k_20260326_214000.jsonl
False,spider,"[false, false, false, false, false]",concert_singer,data/spider/database/concert_singer/concert_singer.sqlite,,False,,False,"unrecognized token: "":""","WITH singer_ages AS (SELECT s.Singer_ID, AVG(s.Age) AS average_age FROM singer s GROUP BY s.Singer_ID) SELECT si Song_Name, s.Name, s.Country, CASE WHEN sa.average_age < TO_NUMBER(NULLIF(s.age::text, '')) THEN 'older' ELSE 'younger' END AS age_relation FROM singer s JOIN singer_ages sa ON s.singer_id = sa.singer_id LEFT JOIN singer_in_concert sic ON s.singer_id = sic.singer_id WHERE CASE WHEN sa.average_age < TO_NUMBER(NULLIF(s.age::text, '')) THEN 'older' ELSE 'younger' END IS NULL",False,,SELECT song_name FROM singer WHERE age  >  (SELECT avg(age) FROM singer),72,True,Defog-Llama3-SQLCoder-8B,5,5,What are all the song names by singers who are older than average?,66,pass_k,spider_13,results/raw/Defog-Llama3-SQLCoder-8B_spider_pass_k_20260326_214000.jsonl
True,spider,"[true, true, true, true, true]",concert_singer,data/spider/database/concert_singer/concert_singer.sqlite,,False,,True,,"SELECT s.Name AS Stadium_Name, s.Location FROM stadium s WHERE s.Capacity BETWEEN 5000 AND 10000 ORDER BY Capacity",True,,"SELECT LOCATION ,  name FROM stadium WHERE capacity BETWEEN 5000 AND 10000",74,True,Defog-Llama3-SQLCoder-8B,5,5,Show location and name for all stadiums with a capacity between 5000 and 10000.,79,pass_k,spider_14,results/raw/Defog-Llama3-SQLCoder-8B_spider_pass_k_20260326_214000.jsonl
False,spider,"[false, false, false, false, false]",concert_singer,data/spider/database/concert_singer/concert_singer.sqlite,,False,,False,incomplete input,"SELECT s.Name AS Stadium_Name, COUNT(c.concert_ID) AS concert_count FROM",False,,"SELECT T2.name ,  count(*) FROM concert AS T1 JOIN stadium AS T2 ON T1.stadium_id  =  T2.stadium_id GROUP BY T1.stadium_id",122,True,Defog-Llama3-SQLCoder-8B,5,5,"For each stadium, how many concerts play there?",47,pass_k,spider_23,results/raw/Defog-Llama3-SQLCoder-8B_spider_pass_k_20260326_214000.jsonl
True,spider,"[true, true, true, true, true]",concert_singer,data/spider/database/concert_singer/concert_singer.sqlite,,False,,True,,"SELECT s.Name AS Stadium_Name, s.Location FROM stadium s WHERE s.capacity BETWEEN 5000 AND 10000 ORDER BY s.name NULLS LAST",True,,"SELECT LOCATION ,  name FROM stadium WHERE capacity BETWEEN 5000 AND 10000",74,True,Defog-Llama3-SQLCoder-8B,5,5,What are the locations and names of all stations with capacity between 5000 and 10000?,86,pass_k,spider_15,results/raw/Defog-Llama3-SQLCoder-8B_spider_pass_k_20260326_214000.jsonl
True,spider,"[true, false, false, false, false]",concert_singer,data/spider/database/concert_singer/concert_singer.sqlite,,False,,True,,"SELECT s.Name AS stadium_name, COUNT(c.concert_ID) AS number_of_concerts FROM concert c JOIN stadium s ON c.Stadium_ID = CAST(s.Stadium_ID AS TEXT) GROUP BY s.Name",True,,"SELECT T2.name ,  count(*) FROM concert AS T1 JOIN stadium AS T2 ON T1.stadium_id  =  T2.stadium_id GROUP BY T1.stadium_id",122,True,Defog-Llama3-SQLCoder-8B,5,5,Show the stadium name and the number of concerts in each stadium.,65,pass_k,spider_22,results/raw/Defog-Llama3-SQLCoder-8B_spider_pass_k_20260326_214000.jsonl
False,spider,"[false, false, false, false, false]",concert_singer,data/spider/database/concert_singer/concert_singer.sqlite,,False,,False,,"SELECT MAX(s.capacity) AS max_capacity, AVG(s.average) AS average_capacity FROM stadium s",True,,"select max(capacity), average from stadium",42,True,Defog-Llama3-SQLCoder-8B,5,5,What is the maximum capacity and the average of all stadiums ?,62,pass_k,spider_16,results/raw/Defog-Llama3-SQLCoder-8B_spider_pass_k_20260326_214000.jsonl
True,spider,"[true, false, false, false, false]",concert_singer,data/spider/database/concert_singer/concert_singer.sqlite,,False,,True,,SELECT s.Name FROM stadium s WHERE NOT EXISTS (SELECT 1 FROM concert c JOIN singer_in_concert sic ON c.concert_ID = sic.concert_ID JOIN singer si ON sic.Singer_ID = si.Singer_ID WHERE c.Stadium_ID = s.Stadium_ID),True,,SELECT name FROM stadium WHERE stadium_id NOT IN (SELECT stadium_id FROM concert),81,True,Defog-Llama3-SQLCoder-8B,5,5,Show the stadium names without any concert.,43,pass_k,spider_28,results/raw/Defog-Llama3-SQLCoder-8B_spider_pass_k_20260326_214000.jsonl
False,spider,"[false, false, false, false, false]",concert_singer,data/spider/database/concert_singer/concert_singer.sqlite,,False,,False,no such column: Stadium_Name,"WITH concert_counts AS (SELECT c.Stadium_ID, COUNT(*) AS num_concerts FROM concert c WHERE c.Year >= '2014' GROUP BY c.Stadium_ID) SELECT Stadium_Name, Capacity, num_concerts FROM stadium s JOIN concert_counts cc ON s.Stadium_ID = cc.Stadium_ID ORDER BY num_concerts DESC LIMIT 1",False,,"SELECT T2.name ,  T2.capacity FROM concert AS T1 JOIN stadium AS T2 ON T1.stadium_id  =  T2.stadium_id WHERE T1.year  >=  2014 GROUP BY T2.stadium_id ORDER BY count(*) DESC LIMIT 1",180,True,Defog-Llama3-SQLCoder-8B,5,5,Show the stadium name and capacity with most number of concerts in year 2014 or after.,86,pass_k,spider_24,results/raw/Defog-Llama3-SQLCoder-8B_spider_pass_k_20260326_214000.jsonl
True,spider,"[true, true, true, true, true]",concert_singer,data/spider/database/concert_singer/concert_singer.sqlite,,False,,True,,"SELECT AVG(s.Capacity) AS average_capacity, MAX(s.Capacity) AS max_capacity FROM stadium s",True,,"select avg(capacity) ,  max(capacity) from stadium",50,True,Defog-Llama3-SQLCoder-8B,5,5,What is the average and maximum capacities for all stadiums ?,61,pass_k,spider_17,results/raw/Defog-Llama3-SQLCoder-8B_spider_pass_k_20260326_214000.jsonl
True,spider,"[true, true, true, true, true]",concert_singer,data/spider/database/concert_singer/concert_singer.sqlite,,False,,True,,SELECT s.Name FROM stadium s WHERE NOT EXISTS (SELECT 1 FROM concert c JOIN singer_in_concert sic ON c.concert_ID = sic.concert_ID JOIN singer si ON sic.Singer_ID = si.Singer_ID WHERE c.Stadium_ID = s.Stadium_ID),True,,SELECT name FROM stadium WHERE stadium_id NOT IN (SELECT stadium_id FROM concert),81,True,Defog-Llama3-SQLCoder-8B,5,5,What are the names of the stadiums without any concerts?,56,pass_k,spider_29,results/raw/Defog-Llama3-SQLCoder-8B_spider_pass_k_20260326_214000.jsonl
False,spider,"[false, false, false, false, false]",concert_singer,data/spider/database/concert_singer/concert_singer.sqlite,,False,,False,,"WITH concert_years AS (SELECT c.Year, COUNT(*) AS number_of_concerts FROM concert c GROUP BY c.Year) SELECT t.year FROM concert_years t ORDER BY t.number_of_concerts DESC LIMIT 1",True,,SELECT YEAR FROM concert GROUP BY YEAR ORDER BY count(*) DESC LIMIT 1,69,True,Defog-Llama3-SQLCoder-8B,5,5,What is the year that had the most concerts?,44,pass_k,spider_27,results/raw/Defog-Llama3-SQLCoder-8B_spider_pass_k_20260326_214000.jsonl
True,spider,"[true, true, true, true, true]",concert_singer,data/spider/database/concert_singer/concert_singer.sqlite,,False,,True,,"WITH concert_year_counts AS (SELECT c.Year, COUNT(c.concert_ID) AS count FROM concert c GROUP BY c.Year), max_count AS (SELECT MAX(count) AS max_count FROM concert_year_counts) SELECT cy.Year FROM concert_year_counts cy JOIN max_count mc ON mc.max_count = cy.count ORDER BY Year DESC LIMIT 1",True,,SELECT YEAR FROM concert GROUP BY YEAR ORDER BY count(*) DESC LIMIT 1,69,True,Defog-Llama3-SQLCoder-8B,5,5,Which year has most number of concerts?,39,pass_k,spider_26,results/raw/Defog-Llama3-SQLCoder-8B_spider_pass_k_20260326_214000.jsonl
False,spider,"[false, false, false, false, false]",concert_singer,data/spider/database/concert_singer/concert_singer.sqlite,,False,,False,no such column: cs.Singer_ID,"WITH concert_stadiums AS (SELECT c.concert_ID, s.Location FROM concert c JOIN stadium s ON c.Stadium_ID = s.Stadium_ID WHERE c.Year > '2013'), ranked_stadiums AS (SELECT cs.Singer_ID, ROW_NUMBER() OVER (PARTITION BY cs.concert_ID ORDER BY cs.Singer_ID) AS rank FROM singer_in_concert sic JOIN concert_stadiums cs ON sic.concert_ID = cs.concert_ID) SELECT s.Name, MAX(st.Capacity) AS Capacity FROM ranked_stadiums rs JOIN singer s ON rs.Singer_ID = s.Singer_ID JOIN concert c ON rs.rank = 1 AND c.concert_ID = rs.concert_ID JOIN stadium st ON c.Stadium_ID = st.Stadium_ID GROUP BY s.Name HAVING COUNT(DISTINCT rs.concert_ID) >= (SELECT COUNT(concert_ID) FROM concert WHERE Year > '2013')",False,,"select t2.name ,  t2.capacity from concert as t1 join stadium as t2 on t1.stadium_id  =  t2.stadium_id where t1.year  >  2013 group by t2.stadium_id order by count(*) desc limit 1",179,True,Defog-Llama3-SQLCoder-8B,5,5,What is the name and capacity of the stadium with the most concerts after 2013 ?,80,pass_k,spider_25,results/raw/Defog-Llama3-SQLCoder-8B_spider_pass_k_20260326_214000.jsonl
False,spider,"[false, false, false, false, false]",concert_singer,data/spider/database/concert_singer/concert_singer.sqlite,,False,,False,,SELECT s.Name FROM singer s JOIN singer_in_concert sic ON s.Singer_ID = sic.Singer_ID WHERE NOT EXISTS (SELECT concert_ID FROM concert c WHERE c.Year = '2014' AND sic.concert_ID = c.concert_ID) ORDER BY s.Name ASC,True,,SELECT name FROM stadium EXCEPT SELECT T2.name FROM concert AS T1 JOIN stadium AS T2 ON T1.stadium_id  =  T2.stadium_id WHERE T1.year  =  2014,142,True,Defog-Llama3-SQLCoder-8B,5,5,Show names for all stadiums except for stadiums having a concert in year 2014.,78,pass_k,spider_31,results/raw/Defog-Llama3-SQLCoder-8B_spider_pass_k_20260326_214000.jsonl
False,spider,"[false, false, false, false, false]",concert_singer,data/spider/database/concert_singer/concert_singer.sqlite,,False,,False,,SELECT s.Name FROM stadium s WHERE NOT EXISTS (SELECT 1 FROM concert c WHERE c.Concert_ID = s.Stadium_ID AND c.Year = '2014'),True,,SELECT name FROM stadium EXCEPT SELECT T2.name FROM concert AS T1 JOIN stadium AS T2 ON T1.stadium_id  =  T2.stadium_id WHERE T1.year  =  2014,142,True,Defog-Llama3-SQLCoder-8B,5,5,What are the names of all stadiums that did not have a concert in 2014?,71,pass_k,spider_32,results/raw/Defog-Llama3-SQLCoder-8B_spider_pass_k_20260326_214000.jsonl
False,spider,"[false, false, false, false, false]",concert_singer,data/spider/database/concert_singer/concert_singer.sqlite,,False,,False,ambiguous column name: concert_ID,"WITH singers_40 AS (SELECT s.Name FROM singer s WHERE s.Age > 40), singers_30 AS (SELECT s.Name FROM singer s WHERE s.Age < 30) SELECT DISTINCT Country FROM singer s JOIN singers_40 sp ON s.Name = sp.Name OR s.Name IN (SELECT t.Singer_ID FROM singer_in_concert ic JOIN singer t ON ic.Singer_ID = t.Singer_ID WHERE ic.concert_ID IN (SELECT concert_ID FROM singer_in_concert sic JOIN concert c ON sic.concert_ID = c.concert_ID WHERE c.Year < '2020') ) JOIN singers_30 s3o ON s.Name = s3o.Name",False,,SELECT country FROM singer WHERE age  >  40 INTERSECT SELECT country FROM singer WHERE age  <  30,97,True,Defog-Llama3-SQLCoder-8B,5,5,Show countries where a singer above age 40 and a singer below 30 are from.,74,pass_k,spider_30,results/raw/Defog-Llama3-SQLCoder-8B_spider_pass_k_20260326_214000.jsonl
True,spider,"[true, false, false, false, false]",concert_singer,data/spider/database/concert_singer/concert_singer.sqlite,,False,,True,,"SELECT s.Name AS stadium_name, s.Capacity FROM Stadium s ORDER BY s.Average DESC NULLS LAST LIMIT 1",True,,"SELECT name ,  capacity FROM stadium ORDER BY average DESC LIMIT 1",66,True,Defog-Llama3-SQLCoder-8B,5,5,What is the name and capacity for the stadium with highest average attendance?,78,pass_k,spider_18,results/raw/Defog-Llama3-SQLCoder-8B_spider_pass_k_20260326_214000.jsonl
True,spider,"[true, true, true, true, true]",concert_singer,data/spider/database/concert_singer/concert_singer.sqlite,,False,,True,,"SELECT s.Name AS singer_name, s.Country AS country_of_origin FROM singer s WHERE LOWER(s.Song_Name) LIKE '%hey%' ORDER BY s.Name NULLS LAST",True,,"SELECT name ,  country FROM singer WHERE song_name LIKE '%Hey%'",63,True,Defog-Llama3-SQLCoder-8B,5,5,What is the name and country of origin of every singer who has a song with the word 'Hey' in its title?,103,pass_k,spider_40,results/raw/Defog-Llama3-SQLCoder-8B_spider_pass_k_20260326_214000.jsonl
False,spider,"[false, false, false, false, false]",concert_singer,data/spider/database/concert_singer/concert_singer.sqlite,,False,,False,incomplete input,"SELECT s.Name AS singer_name, COUNT(singer_in_concert.concert_ID) AS num_concerts FROM",False,,"SELECT T2.name ,  count(*) FROM singer_in_concert AS T1 JOIN singer AS T2 ON T1.singer_id  =  T2.singer_id GROUP BY T2.singer_id",128,True,Defog-Llama3-SQLCoder-8B,5,5,What are the names of the singers and number of concerts for each person?,73,pass_k,spider_36,results/raw/Defog-Llama3-SQLCoder-8B_spider_pass_k_20260326_214000.jsonl
True,spider,"[false, true, true, true, true]",concert_singer,data/spider/database/concert_singer/concert_singer.sqlite,,False,,False,incomplete input,SELECT s.Name FROM singer s JOIN singer_in_concert sic ON s.Singer_ID = sic.Singer_ID JOIN concert c ON sic.concert_ID = c.concert_ID WHERE c.,False,,SELECT T2.name FROM singer_in_concert AS T1 JOIN singer AS T2 ON T1.singer_id  =  T2.singer_id JOIN concert AS T3 ON T1.concert_id  =  T3.concert_id WHERE T3.year  =  2014,171,True,Defog-Llama3-SQLCoder-8B,5,5,List all singer names in concerts in year 2014.,47,pass_k,spider_37,results/raw/Defog-Llama3-SQLCoder-8B_spider_pass_k_20260326_214000.jsonl
True,spider,"[false, true, true, true, true]",concert_singer,data/spider/database/concert_singer/concert_singer.sqlite,,False,,False,,"SELECT s.Name AS singer_name, COUNT(s.Singer_ID) AS number_of_concerts FROM singer s JOIN (SELECT concert_id FROM singer_in_concert GROUP BY concert_id HAVING COUNT(concert_id) > 1) c ON s.Singer_ID IN (SELECT Singer_ID FROM singer_in_concert WHERE concert_id = c.concert_id) GROUP BY s.Name",True,,"SELECT T2.name ,  count(*) FROM singer_in_concert AS T1 JOIN singer AS T2 ON T1.singer_id  =  T2.singer_id GROUP BY T2.singer_id",128,True,Defog-Llama3-SQLCoder-8B,5,5,List singer names and number of concerts for each singer.,57,pass_k,spider_35,results/raw/Defog-Llama3-SQLCoder-8B_spider_pass_k_20260326_214000.jsonl
True,spider,"[true, true, true, true, true]",concert_singer,data/spider/database/concert_singer/concert_singer.sqlite,,False,,True,,"SELECT c.concert_Name, c.Theme, COUNT(s.Singer_ID) AS number_of_singers FROM concert c JOIN singer_in_concert sic ON c.concert_ID = sic.concert_ID JOIN singer s ON sic.Singer_ID = s.Singer_ID GROUP BY c.concert_Name, c.Theme",True,,"select t2.concert_name ,  t2.theme ,  count(*) from singer_in_concert as t1 join concert as t2 on t1.concert_id  =  t2.concert_id group by t2.concert_id",152,True,Defog-Llama3-SQLCoder-8B,5,5,"What are the names , themes , and number of singers for every concert ?",71,pass_k,spider_34,results/raw/Defog-Llama3-SQLCoder-8B_spider_pass_k_20260326_214000.jsonl
False,spider,"[false, false, false, false, false]",concert_singer,data/spider/database/concert_singer/concert_singer.sqlite,,False,,False,no such column: s.Name,"SELECT s.Name AS Stadium_Name, st.Location FROM concert c JOIN stadium st ON c.Stadium_ID = CAST(st.Stadium_ID AS integer) WHERE (c.Year = '2014' OR c.Year = '2015') GROUP BY c.concert_ID, s.Name, st.Location HAVING COUNT(DISTINCT c.Year) = 2",False,,"SELECT T2.name ,  T2.location FROM concert AS T1 JOIN stadium AS T2 ON T1.stadium_id  =  T2.stadium_id WHERE T1.Year  =  2014 INTERSECT SELECT T2.name ,  T2.location FROM concert AS T1 JOIN stadium AS T2 ON T1.stadium_id  =  T2.stadium_id WHERE T1.Year  =  2015",261,True,Defog-Llama3-SQLCoder-8B,5,5,Find the name and location of the stadiums which some concerts happened in the years of both 2014 and 2015.,107,pass_k,spider_41,results/raw/Defog-Llama3-SQLCoder-8B_spider_pass_k_20260326_214000.jsonl
True,spider,"[true, false, false, false, false]",concert_singer,data/spider/database/concert_singer/concert_singer.sqlite,,False,,True,,"SELECT s.Name AS stadium_name, s.Capacity FROM Stadium s ORDER BY s.Average DESC NULLS LAST LIMIT 1",True,,"SELECT name ,  capacity FROM stadium ORDER BY average DESC LIMIT 1",66,True,Defog-Llama3-SQLCoder-8B,5,5,What is the name and capacity for the stadium with the highest average attendance?,82,pass_k,spider_19,results/raw/Defog-Llama3-SQLCoder-8B_spider_pass_k_20260326_214000.jsonl
False,spider,"[false, false, false, false, false]",concert_singer,data/spider/database/concert_singer/concert_singer.sqlite,,False,,False,,"SELECT s.Name AS singer_name, s.Country AS country_of_singer FROM singer AS s JOIN singer_in_concert AS sic ON s.Singer_ID = sic.Singer_ID LEFT JOIN concert AS c ON sic.Concert_ID = c.Concert_ID WHERE c.Theme LIKE '%Hey%'",True,,"SELECT name ,  country FROM singer WHERE song_name LIKE '%Hey%'",63,True,Defog-Llama3-SQLCoder-8B,5,5,what is the name and nation of the singer who have a song having 'Hey' in its name?,83,pass_k,spider_39,results/raw/Defog-Llama3-SQLCoder-8B_spider_pass_k_20260326_214000.jsonl
False,spider,"[false, false, false, false, false]",concert_singer,data/spider/database/concert_singer/concert_singer.sqlite,,False,,False,,SELECT s.Name FROM singer s JOIN singer_in_concert sic ON s.Singer_ID = sic.Singer_ID JOIN concert c ON sic.concert_ID = c.concert_ID WHERE (c.Year = '2014') GROUP BY s.Name,True,,SELECT T2.name FROM singer_in_concert AS T1 JOIN singer AS T2 ON T1.singer_id  =  T2.singer_id JOIN concert AS T3 ON T1.concert_id  =  T3.concert_id WHERE T3.year  =  2014,171,True,Defog-Llama3-SQLCoder-8B,5,5,What are the names of the singers who performed in a concert in 2014?,69,pass_k,spider_38,results/raw/Defog-Llama3-SQLCoder-8B_spider_pass_k_20260326_214000.jsonl
False,spider,"[false, false, false, false, false]",concert_singer,data/spider/database/concert_singer/concert_singer.sqlite,,False,,False,no such column: cl.Stadium_ID,"WITH MaxCapacityStadium AS (SELECT s.Stadium_ID FROM stadium s ORDER BY s.Capacity DESC LIMIT 1), ConcertList AS (SELECT c.concert_Name, COUNT(*) AS singer_count FROM concert c JOIN singer_in_concert sic ON c.concert_ID = sic.concert_ID GROUP BY c.concert_Name) SELECT cl.concert_Name, cl.singer_count FROM ConcertList cl JOIN MaxCapacityStadium mcs ON cl.Stadium_ID = mcs.Stadium_ID",False,,select count(*) from concert where stadium_id = (select stadium_id from stadium order by capacity desc limit 1),111,True,Defog-Llama3-SQLCoder-8B,5,5,Find the number of concerts happened in the stadium with the highest capacity .,79,pass_k,spider_43,results/raw/Defog-Llama3-SQLCoder-8B_spider_pass_k_20260326_214000.jsonl
True,spider,"[true, true, true, true, true]",concert_singer,data/spider/database/concert_singer/concert_singer.sqlite,,False,,True,,"SELECT c.concert_Name, c.Theme, COUNT(s.Singer_ID) AS num_singers FROM concert c LEFT JOIN singer_in_concert sic ON c.concert_ID = sic.concert_ID INNER JOIN singer s ON sic.Singer_ID = s.Singer_ID GROUP BY c.concert_Name, c.Theme ORDER BY num_singers DESC NULLS LAST",True,,"SELECT T2.concert_name ,  T2.theme ,  count(*) FROM singer_in_concert AS T1 JOIN concert AS T2 ON T1.concert_id  =  T2.concert_id GROUP BY T2.concert_id",152,True,Defog-Llama3-SQLCoder-8B,5,5,Show the name and theme for all concerts and the number of singers in each concert.,83,pass_k,spider_33,results/raw/Defog-Llama3-SQLCoder-8B_spider_pass_k_20260326_214000.jsonl
False,spider,"[false, false, false, false, false]",concert_singer,data/spider/database/concert_singer/concert_singer.sqlite,,False,,False,"unrecognized token: "":""","WITH Concerts_2014 AS (SELECT c.concert_ID FROM concert c WHERE c.Year = '2014' ), Concerts_2015 AS ( SELECT c.concert_ID FROM concert c WHERE c.Year = '2015' ) SELECT s.Name, s.Location, COUNT(DISTINCT sc.Singer_ID) FROM stadium s LEFT JOIN singer_in_concert sc ON s.Stadium_ID::text = sc.Singer_ID::text AND EXISTS (SELECT 1 FROM Concerts_2014 cc WHERE cc.concert_ID = sc.concert_ID) AND EXISTS (SELECT 1 FROM Concerts_2015 ca WHERE ca.concert_ID = sc.concert_ID) GROUP BY s.Name, s.Location HAVING COUNT(DISTINCT sc.Singer_ID) > 0 ORDER BY COUNT(DISTINCT sc.Singer_ID) DESC NULLS LAST",False,,"SELECT T2.name ,  T2.location FROM concert AS T1 JOIN stadium AS T2 ON T1.stadium_id  =  T2.stadium_id WHERE T1.Year  =  2014 INTERSECT SELECT T2.name ,  T2.location FROM concert AS T1 JOIN stadium AS T2 ON T1.stadium_id  =  T2.stadium_id WHERE T1.Year  =  2015",261,True,Defog-Llama3-SQLCoder-8B,5,5,What are the names and locations of the stadiums that had concerts that occurred in both 2014 and 2015?,103,pass_k,spider_42,results/raw/Defog-Llama3-SQLCoder-8B_spider_pass_k_20260326_214000.jsonl
False,spider,"[false, false, false, false, false]",concert_singer,data/spider/database/concert_singer/concert_singer.sqlite,,False,,False,no such column: s2.Year,"SELECT COUNT(c.concert_ID) AS number_of_concerts FROM concert c JOIN stadium s ON c.Stadium_ID = s.Stadium_ID WHERE c.Year IN (SELECT MAX(s2.Year) FROM stadium s2) GROUP BY s.Name, s.Location ORDER BY number_of_concerts DESC LIMIT 1",False,,select count(*) from concert where stadium_id = (select stadium_id from stadium order by capacity desc limit 1),111,True,Defog-Llama3-SQLCoder-8B,5,5,What are the number of concerts that occurred in the stadium with the largest capacity ?,88,pass_k,spider_44,results/raw/Defog-Llama3-SQLCoder-8B_spider_pass_k_20260326_214000.jsonl
True,spider,"[true, true, true, true, true]",pets_1,data/spider/database/pets_1/pets_1.sqlite,,False,,True,,SELECT COUNT(*) AS total_pets FROM Pets p WHERE p.weight > 10,True,,SELECT count(*) FROM pets WHERE weight  >  10,45,True,Defog-Llama3-SQLCoder-8B,5,5,Find the number of pets whose weight is heavier than 10.,56,pass_k,spider_45,results/raw/Defog-Llama3-SQLCoder-8B_spider_pass_k_20260326_214000.jsonl
True,spider,"[true, true, true, true, true]",pets_1,data/spider/database/pets_1/pets_1.sqlite,,False,,True,,SELECT COUNT(*) AS total_pets FROM Pets p WHERE p.weight > 10,True,,SELECT count(*) FROM pets WHERE weight  >  10,45,True,Defog-Llama3-SQLCoder-8B,5,5,How many pets have a greater weight than 10?,44,pass_k,spider_46,results/raw/Defog-Llama3-SQLCoder-8B_spider_pass_k_20260326_214000.jsonl
True,spider,"[true, true, true, true, true]",pets_1,data/spider/database/pets_1/pets_1.sqlite,,False,,True,,SELECT COUNT(*) AS num_dogs FROM Student s JOIN Has_Pet h ON s.StuID = h.StuID JOIN Pets p ON h.PetID = p.PetID WHERE p.petType='dog' AND s.Sex='F',True,,SELECT count(*) FROM student AS T1 JOIN has_pet AS T2 ON T1.stuid  =  T2.stuid JOIN pets AS T3 ON T2.petid  =  T3.petid WHERE T1.sex  =  'F' AND T3.pettype  =  'dog',165,True,Defog-Llama3-SQLCoder-8B,5,5,Find the number of dog pets that are raised by female students (with sex F).,76,pass_k,spider_53,results/raw/Defog-Llama3-SQLCoder-8B_spider_pass_k_20260326_214000.jsonl
True,spider,"[false, true, true, true, true]",pets_1,data/spider/database/pets_1/pets_1.sqlite,,False,,False,"near "","": syntax error","SELECT p.weight FROM Pets p WHERE p.pet_age = (SELECT MIN(age) FROM Student), PetType='dog'",False,,SELECT weight FROM pets ORDER BY pet_age LIMIT 1,48,True,Defog-Llama3-SQLCoder-8B,5,5,How much does the youngest dog weigh?,37,pass_k,spider_48,results/raw/Defog-Llama3-SQLCoder-8B_spider_pass_k_20260326_214000.jsonl
True,spider,"[true, true, true, true, true]",pets_1,data/spider/database/pets_1/pets_1.sqlite,,False,,True,,SELECT COUNT(*) AS total_dog_pets FROM Student s JOIN Has_Pet hp ON s.StuID = hp.StuID JOIN Pets p ON hp.PetID = p.petID WHERE LOWER(s.Sex) = 'f' AND LOWER(p.PetType) = 'dog',True,,SELECT count(*) FROM student AS T1 JOIN has_pet AS T2 ON T1.stuid  =  T2.stuid JOIN pets AS T3 ON T2.petid  =  T3.petid WHERE T1.sex  =  'F' AND T3.pettype  =  'dog',165,True,Defog-Llama3-SQLCoder-8B,5,5,How many dog pets are raised by female students?,48,pass_k,spider_54,results/raw/Defog-Llama3-SQLCoder-8B_spider_pass_k_20260326_214000.jsonl
False,spider,"[false, false, false, false, false]",pets_1,data/spider/database/pets_1/pets_1.sqlite,,False,,False,,SELECT COUNT(*) AS total_pets FROM Student s JOIN Has_Pet hp ON s.StuID = hp.StuID WHERE s.Age > 20 GROUP BY s.StuID,True,,SELECT count(*) FROM student AS T1 JOIN has_pet AS T2 ON T1.stuid  =  T2.stuid WHERE T1.age  >  20,98,True,Defog-Llama3-SQLCoder-8B,5,5,How many pets are owned by students that have an age greater than 20?,69,pass_k,spider_52,results/raw/Defog-Llama3-SQLCoder-8B_spider_pass_k_20260326_214000.jsonl
False,spider,"[false, false, false, false, false]",pets_1,data/spider/database/pets_1/pets_1.sqlite,,False,,False,no such column: p.pet_type,"SELECT p.pet_type, MAX(p.weight) AS max_weight FROM Pets p GROUP BY p.pet_type ORDER BY max_weight DESC NULLS LAST",False,,"SELECT max(weight) ,  petType FROM pets GROUP BY petType",56,True,Defog-Llama3-SQLCoder-8B,5,5,Find the maximum weight for each type of pet. List the maximum weight and pet type.,83,pass_k,spider_49,results/raw/Defog-Llama3-SQLCoder-8B_spider_pass_k_20260326_214000.jsonl
False,spider,"[false, false, false, false, false]",pets_1,data/spider/database/pets_1/pets_1.sqlite,,False,,False,,SELECT COUNT(*) AS total_pets FROM Student s JOIN Has_Pet h ON s.StuID = h.StuID JOIN Pets p ON h.PetID = p.PetID WHERE s.Age > 20 GROUP BY s.StuID,True,,SELECT count(*) FROM student AS T1 JOIN has_pet AS T2 ON T1.stuid  =  T2.stuid WHERE T1.age  >  20,98,True,Defog-Llama3-SQLCoder-8B,5,5,Find number of pets owned by students who are older than 20.,60,pass_k,spider_51,results/raw/Defog-Llama3-SQLCoder-8B_spider_pass_k_20260326_214000.jsonl
False,spider,"[false, false, false, false, false]",pets_1,data/spider/database/pets_1/pets_1.sqlite,,False,,False,,"SELECT p.pet_age, s.LName FROM Pets AS p JOIN Student AS s ON p.pet_age = s.Age ORDER BY s.LName NULLS LAST",True,,"SELECT max(weight) ,  petType FROM pets GROUP BY petType",56,True,Defog-Llama3-SQLCoder-8B,5,5,List the maximum weight and type for each type of pet.,54,pass_k,spider_50,results/raw/Defog-Llama3-SQLCoder-8B_spider_pass_k_20260326_214000.jsonl
False,spider,"[false, false, false, false, false]",pets_1,data/spider/database/pets_1/pets_1.sqlite,,False,,False,,SELECT s.Fname FROM Student s JOIN Has_Pet h ON s.StuID = h.StuID JOIN Pets p ON h.PetID = p.PetID WHERE p.pet_age >= 1 OR (p.pet_age IS NULL AND weight > 0),True,,SELECT DISTINCT T1.Fname FROM student AS T1 JOIN has_pet AS T2 ON T1.stuid  =  T2.stuid JOIN pets AS T3 ON T3.petid  =  T2.petid WHERE T3.pettype  =  'cat' OR T3.pettype  =  'dog',179,True,Defog-Llama3-SQLCoder-8B,5,5,What are the first names of every student who has a cat or dog as a pet?,72,pass_k,spider_58,results/raw/Defog-Llama3-SQLCoder-8B_spider_pass_k_20260326_214000.jsonl
True,spider,"[true, true, true, true, true]",pets_1,data/spider/database/pets_1/pets_1.sqlite,,False,,True,,SELECT COUNT(DISTINCT PetType) AS total_pet_types FROM Pets,True,,SELECT count(DISTINCT pettype) FROM pets,40,True,Defog-Llama3-SQLCoder-8B,5,5,Find the number of distinct type of pets.,41,pass_k,spider_55,results/raw/Defog-Llama3-SQLCoder-8B_spider_pass_k_20260326_214000.jsonl
True,spider,"[true, true, true, true, true]",pets_1,data/spider/database/pets_1/pets_1.sqlite,,False,,True,,SELECT p.weight FROM Pets p WHERE p.pet_age = (SELECT MIN(pet_age) FROM Pets),True,,SELECT weight FROM pets ORDER BY pet_age LIMIT 1,48,True,Defog-Llama3-SQLCoder-8B,5,5,Find the weight of the youngest dog.,36,pass_k,spider_47,results/raw/Defog-Llama3-SQLCoder-8B_spider_pass_k_20260326_214000.jsonl
False,spider,"[false, false, false, false, false]",pets_1,data/spider/database/pets_1/pets_1.sqlite,,False,,False,,SELECT s.Fname FROM Student s JOIN Has_Pet h ON s.StuID = h.StuID WHERE h.PetID IN (SELECT p.PetID FROM Pets p WHERE p.pet_age > 2 AND p.weight > 5) GROUP BY s.Fname ORDER BY s.Fname,True,,SELECT T1.Fname FROM student AS T1 JOIN has_pet AS T2 ON T1.stuid  =  T2.stuid JOIN pets AS T3 ON T3.petid  =  T2.petid WHERE T3.pettype  =  'cat' INTERSECT SELECT T1.Fname FROM student AS T1 JOIN has_pet AS T2 ON T1.stuid  =  T2.stuid JOIN pets AS T3 ON T3.petid  =  T2.petid WHERE T3.pettype  =  'dog',303,True,Defog-Llama3-SQLCoder-8B,5,5,What are the students' first names who have both cats and dogs as pets?,71,pass_k,spider_60,results/raw/Defog-Llama3-SQLCoder-8B_spider_pass_k_20260326_214000.jsonl
False,spider,"[false, false, false, false, false]",pets_1,data/spider/database/pets_1/pets_1.sqlite,,False,,False,,"SELECT s.Major, s.Age FROM Student s LEFT JOIN Has_Pet hp ON s.StuID = hp.StuID LEFT JOIN Pets p ON p.PetID = hp.PetID WHERE p.pet_age IS NULL AND p.PetType != 'cat'",True,,"SELECT major ,  age FROM student WHERE stuid NOT IN (SELECT T1.stuid FROM student AS T1 JOIN has_pet AS T2 ON T1.stuid  =  T2.stuid JOIN pets AS T3 ON T3.petid  =  T2.petid WHERE T3.pettype  =  'cat')",200,True,Defog-Llama3-SQLCoder-8B,5,5,Find the major and age of students who do not have a cat pet.,61,pass_k,spider_61,results/raw/Defog-Llama3-SQLCoder-8B_spider_pass_k_20260326_214000.jsonl
False,spider,"[false, false, false, false, false]",pets_1,data/spider/database/pets_1/pets_1.sqlite,,False,,False,no such column: pet_type,SELECT COUNT(DISTINCT pet_type) AS number_of_pet_types FROM Pets,False,,SELECT count(DISTINCT pettype) FROM pets,40,True,Defog-Llama3-SQLCoder-8B,5,5,How many different types of pet are there?,42,pass_k,spider_56,results/raw/Defog-Llama3-SQLCoder-8B_spider_pass_k_20260326_214000.jsonl
False,spider,"[false, false, false, false, false]",pets_1,data/spider/database/pets_1/pets_1.sqlite,,False,,False,no such column: p.pet_type,"SELECT s.Fname FROM Student s JOIN Has_Pet h ON s.StuID = h.StuID JOIN Pets p ON h.PetID = p.PetID WHERE LOWER(p.pet_type) IN ('cat', 'dog') LIMIT 1",False,,SELECT DISTINCT T1.Fname FROM student AS T1 JOIN has_pet AS T2 ON T1.stuid  =  T2.stuid JOIN pets AS T3 ON T3.petid  =  T2.petid WHERE T3.pettype  =  'cat' OR T3.pettype  =  'dog',179,True,Defog-Llama3-SQLCoder-8B,5,5,Find the first name of students who have cat or dog pet.,56,pass_k,spider_57,results/raw/Defog-Llama3-SQLCoder-8B_spider_pass_k_20260326_214000.jsonl
False,spider,"[false, false, false, false, false]",pets_1,data/spider/database/pets_1/pets_1.sqlite,,False,,False,no such column: pet_type,SELECT s.StuID FROM Student s LEFT JOIN Has_Pet h ON s.StuID = h.StuID WHERE h.PetID NOT IN (SELECT PetID FROM Pets WHERE pet_type = 'cat'),False,,SELECT stuid FROM student EXCEPT SELECT T1.stuid FROM student AS T1 JOIN has_pet AS T2 ON T1.stuid  =  T2.stuid JOIN pets AS T3 ON T3.petid  =  T2.petid WHERE T3.pettype  =  'cat',179,True,Defog-Llama3-SQLCoder-8B,5,5,Find the id of students who do not have a cat pet.,50,pass_k,spider_63,results/raw/Defog-Llama3-SQLCoder-8B_spider_pass_k_20260326_214000.jsonl
False,spider,"[false, false, false, false, false]",pets_1,data/spider/database/pets_1/pets_1.sqlite,,False,,False,no such column: p.pet_type,SELECT s.StuID FROM Student s LEFT JOIN Has_Pet h ON s.StuID = h.StuID WHERE NOT EXISTS (SELECT * FROM Pets p WHERE h.PetID = p.PetID AND LOWER(p.pet_type) = 'cat'),False,,SELECT stuid FROM student EXCEPT SELECT T1.stuid FROM student AS T1 JOIN has_pet AS T2 ON T1.stuid  =  T2.stuid JOIN pets AS T3 ON T3.petid  =  T2.petid WHERE T3.pettype  =  'cat',179,True,Defog-Llama3-SQLCoder-8B,5,5,What are the ids of the students who do not own cats as pets?,61,pass_k,spider_64,results/raw/Defog-Llama3-SQLCoder-8B_spider_pass_k_20260326_214000.jsonl
False,spider,"[false, false, false, false, false]",pets_1,data/spider/database/pets_1/pets_1.sqlite,,False,,False,,"SELECT s.Fname FROM Student s JOIN Has_Pet h ON s.StuID = h.StuID JOIN Pets p ON h.PetID = p.PetID WHERE LOWER(p.petType) IN ('cat', 'dog') LIMIT 1",True,,select t1.fname from student as t1 join has_pet as t2 on t1.stuid  =  t2.stuid join pets as t3 on t3.petid  =  t2.petid where t3.pettype  =  'cat' intersect select t1.fname from student as t1 join has_pet as t2 on t1.stuid  =  t2.stuid join pets as t3 on t3.petid  =  t2.petid where t3.pettype  =  'dog',303,True,Defog-Llama3-SQLCoder-8B,5,5,Find the first name of students who have both cat and dog pets .,64,pass_k,spider_59,results/raw/Defog-Llama3-SQLCoder-8B_spider_pass_k_20260326_214000.jsonl
False,spider,"[false, false, false, false, false]",pets_1,data/spider/database/pets_1/pets_1.sqlite,,False,,False,no such column: p.pet_type,"SELECT s.Major AS major, s.Age AS age FROM Student s WHERE NOT EXISTS (SELECT hp.StuID FROM Has_Pet hp JOIN Pets p ON hp.PetID = p.PetID WHERE LOWER(p.pet_type) = 'cat' AND hp.StuID = s.StuID)",False,,"SELECT major ,  age FROM student WHERE stuid NOT IN (SELECT T1.stuid FROM student AS T1 JOIN has_pet AS T2 ON T1.stuid  =  T2.stuid JOIN pets AS T3 ON T3.petid  =  T2.petid WHERE T3.pettype  =  'cat')",200,True,Defog-Llama3-SQLCoder-8B,5,5,"What major is every student who does not own a cat as a pet, and also how old are they?",87,pass_k,spider_62,results/raw/Defog-Llama3-SQLCoder-8B_spider_pass_k_20260326_214000.jsonl
False,spider,"[false, false, false, false, false]",pets_1,data/spider/database/pets_1/pets_1.sqlite,,False,,False,no such column: p.pet_type,"SELECT p.pet_type, MIN(p.pet_age) AS age_of_youngest_pets, AVG(p.weight) AS average_weight FROM Pets p GROUP BY p.pet_type",False,,"SELECT pettype ,  weight FROM pets ORDER BY pet_age LIMIT 1",59,True,Defog-Llama3-SQLCoder-8B,5,5,"What type of pet is the youngest animal, and how much does it weigh?",68,pass_k,spider_68,results/raw/Defog-Llama3-SQLCoder-8B_spider_pass_k_20260326_214000.jsonl
False,spider,"[false, false, false, false, false]",pets_1,data/spider/database/pets_1/pets_1.sqlite,,False,,False,no such column: p.pet_type,SELECT s.Fname FROM Student s JOIN Has_Pet h ON s.StuID = h.StuID WHERE EXISTS (SELECT 1 FROM Pets p WHERE h.PetID = p.PetID AND LOWER(p.pet_type) = 'dog') AND NOT EXISTS (SELECT 1 FROM Pets p WHERE h.PetID = p.PetID AND LOWER(p.pet_type) = 'cat'),False,,"SELECT T1.fname ,  T1.age FROM student AS T1 JOIN has_pet AS T2 ON T1.stuid  =  T2.stuid JOIN pets AS T3 ON T3.petid  =  T2.petid WHERE T3.pettype  =  'dog' AND T1.stuid NOT IN (SELECT T1.stuid FROM student AS T1 JOIN has_pet AS T2 ON T1.stuid  =  T2.stuid JOIN pets AS T3 ON T3.petid  =  T2.petid WHERE T3.pettype  =  'cat')",325,True,Defog-Llama3-SQLCoder-8B,5,5,What is the first name of every student who has a dog but does not have a cat?,78,pass_k,spider_66,results/raw/Defog-Llama3-SQLCoder-8B_spider_pass_k_20260326_214000.jsonl
False,spider,"[false, false, false, false, false]",pets_1,data/spider/database/pets_1/pets_1.sqlite,,False,,False,no such column: p.pet_type,"SELECT p.pet_type, AVG(p.weight) AS average_weight FROM Pets p GROUP BY p.pet_type",False,,"SELECT avg(weight) ,  pettype FROM pets GROUP BY pettype",56,True,Defog-Llama3-SQLCoder-8B,5,5,Find the average weight for each pet type.,42,pass_k,spider_73,results/raw/Defog-Llama3-SQLCoder-8B_spider_pass_k_20260326_214000.jsonl
True,spider,"[false, true, true, true, true]",pets_1,data/spider/database/pets_1/pets_1.sqlite,,False,,False,no such column: p.pet_id,"SELECT p.pet_id, p.weight FROM Pets p WHERE p.pet_age > 1",False,,"SELECT petid ,  weight FROM pets WHERE pet_age  >  1",52,True,Defog-Llama3-SQLCoder-8B,5,5,What is the id and weight of every pet who is older than 1?,59,pass_k,spider_70,results/raw/Defog-Llama3-SQLCoder-8B_spider_pass_k_20260326_214000.jsonl
False,spider,"[false, false, false, false, false]",pets_1,data/spider/database/pets_1/pets_1.sqlite,,False,,False,no such column: p.pet_type,"SELECT p.pet_type, AVG(p.weight) AS average_weight FROM Pets p GROUP BY p.pet_type",False,,"SELECT avg(weight) ,  pettype FROM pets GROUP BY pettype",56,True,Defog-Llama3-SQLCoder-8B,5,5,What is the average weight for each type of pet?,48,pass_k,spider_74,results/raw/Defog-Llama3-SQLCoder-8B_spider_pass_k_20260326_214000.jsonl
False,spider,"[false, false, false, false, false]",pets_1,data/spider/database/pets_1/pets_1.sqlite,,False,,False,no such column: p.pet_type,"SELECT p.pet_type, MIN(p.pet_age) AS youngest_age, AVG(p.weight) AS avg_weight FROM Pets p GROUP BY p.pet_type",False,,"SELECT pettype ,  weight FROM pets ORDER BY pet_age LIMIT 1",59,True,Defog-Llama3-SQLCoder-8B,5,5,Find the type and weight of the youngest pet.,45,pass_k,spider_67,results/raw/Defog-Llama3-SQLCoder-8B_spider_pass_k_20260326_214000.jsonl
True,spider,"[true, true, true, true, true]",pets_1,data/spider/database/pets_1/pets_1.sqlite,,False,,True,,"SELECT p.PetID, p.weight FROM Pets p WHERE p.pet_age > 1",True,,"SELECT petid ,  weight FROM pets WHERE pet_age  >  1",52,True,Defog-Llama3-SQLCoder-8B,5,5,Find the id and weight of all pets whose age is older than 1.,61,pass_k,spider_69,results/raw/Defog-Llama3-SQLCoder-8B_spider_pass_k_20260326_214000.jsonl
False,spider,"[false, false, false, false, false]",pets_1,data/spider/database/pets_1/pets_1.sqlite,,False,,False,,"SELECT s.StuID, COUNT(h.PetID) AS num_pets FROM Student s JOIN Has_Pet h ON s.StuID = h.StuID GROUP BY s.StuID HAVING COUNT(h.PetID) > 0",True,,"SELECT count(*) ,  T1.stuid FROM student AS T1 JOIN has_pet AS T2 ON T1.stuid  =  T2.stuid GROUP BY T1.stuid",108,True,Defog-Llama3-SQLCoder-8B,5,5,Find the number of pets for each student who has any pet and student id.,72,pass_k,spider_79,results/raw/Defog-Llama3-SQLCoder-8B_spider_pass_k_20260326_214000.jsonl
True,spider,"[true, true, true, true, true]",pets_1,data/spider/database/pets_1/pets_1.sqlite,,False,,True,,SELECT h.PetID FROM Has_Pet h JOIN Student s ON h.StuID = s.StuID WHERE LOWER(s.LName) = 'smith',True,,SELECT T2.petid FROM student AS T1 JOIN has_pet AS T2 ON T1.stuid  =  T2.stuid WHERE T1.Lname  =  'Smith',105,True,Defog-Llama3-SQLCoder-8B,5,5,Find the id of the pet owned by student whose last name is ‘Smith’.,67,pass_k,spider_77,results/raw/Defog-Llama3-SQLCoder-8B_spider_pass_k_20260326_214000.jsonl
False,spider,"[false, false, false, false, false]",pets_1,data/spider/database/pets_1/pets_1.sqlite,,False,,False,"near ""ilike"": syntax error","SELECT s.Fname, s.Age FROM Student s JOIN Has_Pet hp ON s.StuID = hp.StuID WHERE hp.PetID IN (SELECT PetID FROM Pets WHERE PetType ilike '%dog%') AND NOT EXISTS (SELECT 1 FROM Has_Pet h2 INNER JOIN Pets p2 ON h2.PetID = p2.PetID WHERE h2.StuID = s.StuID AND p2.pet_age IS NULL)",False,,"SELECT T1.fname ,  T1.age FROM student AS T1 JOIN has_pet AS T2 ON T1.stuid  =  T2.stuid JOIN pets AS T3 ON T3.petid  =  T2.petid WHERE T3.pettype  =  'dog' AND T1.stuid NOT IN (SELECT T1.stuid FROM student AS T1 JOIN has_pet AS T2 ON T1.stuid  =  T2.stuid JOIN pets AS T3 ON T3.petid  =  T2.petid WHERE T3.pettype  =  'cat')",325,True,Defog-Llama3-SQLCoder-8B,5,5,Find the first name and age of students who have a dog but do not have a cat as a pet.,86,pass_k,spider_65,results/raw/Defog-Llama3-SQLCoder-8B_spider_pass_k_20260326_214000.jsonl
False,spider,"[false, false, false, false, false]",pets_1,data/spider/database/pets_1/pets_1.sqlite,,False,,False,,"SELECT s.Fname, s.Age FROM Student s JOIN Has_Pet hp ON s.StuID = hp.StuID ORDER BY s.StuID NULLS LAST LIMIT 1",True,,"SELECT DISTINCT T1.fname ,  T1.age FROM student AS T1 JOIN has_pet AS T2 ON T1.stuid  =  T2.stuid",97,True,Defog-Llama3-SQLCoder-8B,5,5,Find the first name and age of students who have a pet.,55,pass_k,spider_75,results/raw/Defog-Llama3-SQLCoder-8B_spider_pass_k_20260326_214000.jsonl
True,spider,"[true, true, true, true, true]",pets_1,data/spider/database/pets_1/pets_1.sqlite,,False,,True,,"SELECT s.Fname, s.Age FROM Student s JOIN Has_Pet hp ON s.StuID = hp.StuID GROUP BY s.Fname, s.Age ORDER BY s.Fname",True,,"SELECT DISTINCT T1.fname ,  T1.age FROM student AS T1 JOIN has_pet AS T2 ON T1.stuid  =  T2.stuid",97,True,Defog-Llama3-SQLCoder-8B,5,5,What are the different first names and ages of the students who do have pets?,77,pass_k,spider_76,results/raw/Defog-Llama3-SQLCoder-8B_spider_pass_k_20260326_214000.jsonl
False,spider,"[false, false, false, false, false]",pets_1,data/spider/database/pets_1/pets_1.sqlite,,False,,False,,"SELECT p.pet_age AS average_age, MAX(p.pet_age) AS max_age FROM Pets p GROUP BY p.pet_age",True,,"SELECT avg(pet_age) ,  max(pet_age) ,  pettype FROM pets GROUP BY pettype",73,True,Defog-Llama3-SQLCoder-8B,5,5,What is the average and maximum age for each pet type?,54,pass_k,spider_72,results/raw/Defog-Llama3-SQLCoder-8B_spider_pass_k_20260326_214000.jsonl
True,spider,"[true, true, true, true, true]",pets_1,data/spider/database/pets_1/pets_1.sqlite,,False,,True,,SELECT p.PetID FROM Student s JOIN Has_Pet hp ON s.StuID = hp.StuID JOIN Pets p ON hp.PetID = p.PetID WHERE LOWER(s.LName) = 'smith',True,,SELECT T2.petid FROM student AS T1 JOIN has_pet AS T2 ON T1.stuid  =  T2.stuid WHERE T1.Lname  =  'Smith',105,True,Defog-Llama3-SQLCoder-8B,5,5,What is the id of the pet owned by the student whose last name is 'Smith'?,74,pass_k,spider_78,results/raw/Defog-Llama3-SQLCoder-8B_spider_pass_k_20260326_214000.jsonl
True,spider,"[true, false, false, false, false]",pets_1,data/spider/database/pets_1/pets_1.sqlite,,False,,True,,SELECT s.LName FROM Student s JOIN Has_Pet hp ON s.StuID = hp.StuID JOIN Pets p ON hp.PetID = p.PetID WHERE p.pet_age = 3 ORDER BY s.LName DESC NULLS LAST LIMIT 1,True,,SELECT T1.lname FROM student AS T1 JOIN has_pet AS T2 ON T1.stuid  =  T2.stuid JOIN pets AS T3 ON T3.petid  =  T2.petid WHERE T3.pet_age  =  3 AND T3.pettype  =  'cat',167,True,Defog-Llama3-SQLCoder-8B,5,5,Find the last name of the student who has a cat that is age 3.,62,pass_k,spider_83,results/raw/Defog-Llama3-SQLCoder-8B_spider_pass_k_20260326_214000.jsonl
True,spider,"[true, true, true, true, true]",pets_1,data/spider/database/pets_1/pets_1.sqlite,,False,,True,,"SELECT s.Fname, s.Sex FROM Student s JOIN Has_Pet h ON s.StuID = h.StuID GROUP BY s.StuID HAVING COUNT(DISTINCT h.PetID) > 1",True,,"SELECT T1.fname ,  T1.sex FROM student AS T1 JOIN has_pet AS T2 ON T1.stuid  =  T2.stuid GROUP BY T1.stuid HAVING count(*)  >  1",128,True,Defog-Llama3-SQLCoder-8B,5,5,Find the first name and gender of student who have more than one pet.,69,pass_k,spider_81,results/raw/Defog-Llama3-SQLCoder-8B_spider_pass_k_20260326_214000.jsonl
False,spider,"[false, false, false, false, false]",pets_1,data/spider/database/pets_1/pets_1.sqlite,,False,,False,no such column: pet_type,"SELECT p.pet_age AS average_age, MAX(p.pet_age) AS max_age FROM Pets p GROUP BY pet_type",False,,"SELECT avg(pet_age) ,  max(pet_age) ,  pettype FROM pets GROUP BY pettype",73,True,Defog-Llama3-SQLCoder-8B,5,5,Find the average and maximum age for each type of pet.,54,pass_k,spider_71,results/raw/Defog-Llama3-SQLCoder-8B_spider_pass_k_20260326_214000.jsonl
True,spider,"[true, true, true, true, true]",pets_1,data/spider/database/pets_1/pets_1.sqlite,,False,,True,,SELECT AVG(s.Age) AS average_age FROM Student s LEFT JOIN Has_Pet h ON s.StuID = h.StuID WHERE h.StuID IS NULL,True,,select avg(age) from student where stuid not in (select stuid from has_pet),75,True,Defog-Llama3-SQLCoder-8B,5,5,Find the average age of students who do not have any pet .,58,pass_k,spider_85,results/raw/Defog-Llama3-SQLCoder-8B_spider_pass_k_20260326_214000.jsonl
False,spider,"[false, false, false, false, false]",pets_1,data/spider/database/pets_1/pets_1.sqlite,,False,,False,,"SELECT s.StuID, COUNT(h.PetID) AS num_pets FROM Student s LEFT JOIN Has_Pet h ON s.StuID = h.StuID GROUP BY s.StuID",True,,"select count(*) ,  t1.stuid from student as t1 join has_pet as t2 on t1.stuid  =  t2.stuid group by t1.stuid",108,True,Defog-Llama3-SQLCoder-8B,5,5,"For students who have pets , how many pets does each student have ? list their ids instead of names .",101,pass_k,spider_80,results/raw/Defog-Llama3-SQLCoder-8B_spider_pass_k_20260326_214000.jsonl
False,spider,"[false, false, false, false, false]",pets_1,data/spider/database/pets_1/pets_1.sqlite,,False,,False,no such column: p.pet_type,SELECT s.LName FROM Student s JOIN Has_Pet h ON s.StuID = h.StuID JOIN Pets p ON h.PetID = p.PetID WHERE p.pet_age = 3 AND p.pet_type = 'cat',False,,SELECT T1.lname FROM student AS T1 JOIN has_pet AS T2 ON T1.stuid  =  T2.stuid JOIN pets AS T3 ON T3.petid  =  T2.petid WHERE T3.pet_age  =  3 AND T3.pettype  =  'cat',167,True,Defog-Llama3-SQLCoder-8B,5,5,What is the last name of the student who has a cat that is 3 years old?,71,pass_k,spider_84,results/raw/Defog-Llama3-SQLCoder-8B_spider_pass_k_20260326_214000.jsonl
False,spider,"[false, false, false, false, false]",pets_1,data/spider/database/pets_1/pets_1.sqlite,,False,,False,,"SELECT s.Fname, s.Sex FROM Student s JOIN Has_Pet hp ON s.StuID = hp.StuID WHERE (hp.PetID IN (SELECT PetID FROM Pets p WHERE p.pet_age > 10)) GROUP BY s.Fname, s.Sex HAVING COUNT(DISTINCT hp.PetID) >= 2",True,,"SELECT T1.fname ,  T1.sex FROM student AS T1 JOIN has_pet AS T2 ON T1.stuid  =  T2.stuid GROUP BY T1.stuid HAVING count(*)  >  1",128,True,Defog-Llama3-SQLCoder-8B,5,5,What is the first name and gender of the all the students who have more than one pet?,85,pass_k,spider_82,results/raw/Defog-Llama3-SQLCoder-8B_spider_pass_k_20260326_214000.jsonl
True,spider,"[true, true, true, true, true]",car_1,data/spider/database/car_1/car_1.sqlite,,False,,True,,SELECT COUNT(DISTINCT c.Continent) AS num_continents FROM countries c,True,,SELECT count(*) FROM CONTINENTS;,32,True,Defog-Llama3-SQLCoder-8B,5,5,How many continents are there?,30,pass_k,spider_87,results/raw/Defog-Llama3-SQLCoder-8B_spider_pass_k_20260326_214000.jsonl
True,spider,"[true, true, true, true, true]",car_1,data/spider/database/car_1/car_1.sqlite,,False,,True,,SELECT COUNT(DISTINCT c.Continent) AS num_continents FROM countries c,True,,SELECT count(*) FROM CONTINENTS;,32,True,Defog-Llama3-SQLCoder-8B,5,5,What is the number of continents?,33,pass_k,spider_88,results/raw/Defog-Llama3-SQLCoder-8B_spider_pass_k_20260326_214000.jsonl
True,spider,"[true, true, true, true, true]",pets_1,data/spider/database/pets_1/pets_1.sqlite,,False,,True,,SELECT AVG(s.Age) AS average_age FROM Student s LEFT JOIN Has_Pet hp ON s.StuID = hp.StuID WHERE hp.StuID IS NULL,True,,select avg(age) from student where stuid not in (select stuid from has_pet),75,True,Defog-Llama3-SQLCoder-8B,5,5,What is the average age for all students who do not own any pets ?,66,pass_k,spider_86,results/raw/Defog-Llama3-SQLCoder-8B_spider_pass_k_20260326_214000.jsonl
True,spider,"[true, true, true, true, true]",car_1,data/spider/database/car_1/car_1.sqlite,,False,,True,,SELECT COUNT(DISTINCT c.CountryName) AS country_count FROM countries c,True,,SELECT count(*) FROM COUNTRIES;,31,True,Defog-Llama3-SQLCoder-8B,5,5,How many countries are listed?,30,pass_k,spider_91,results/raw/Defog-Llama3-SQLCoder-8B_spider_pass_k_20260326_214000.jsonl
False,spider,"[false, false, false, false, false]",car_1,data/spider/database/car_1/car_1.sqlite,,False,,False,,"SELECT c.Continent, COUNT(DISTINCT c.CountryId) AS CountryCount FROM Countries c GROUP BY c.Continent ORDER BY Continent",True,,"SELECT T1.ContId ,  T1.Continent ,  count(*) FROM CONTINENTS AS T1 JOIN COUNTRIES AS T2 ON T1.ContId  =  T2.Continent GROUP BY T1.ContId;",137,True,Defog-Llama3-SQLCoder-8B,5,5,"How many countries does each continent have? List the continent id, continent name and the number of countries.",111,pass_k,spider_89,results/raw/Defog-Llama3-SQLCoder-8B_spider_pass_k_20260326_214000.jsonl
True,spider,"[true, true, true, true, true]",car_1,data/spider/database/car_1/car_1.sqlite,,False,,True,,SELECT COUNT(DISTINCT c.CountryName) AS country_count FROM countries c,True,,SELECT count(*) FROM COUNTRIES;,31,True,Defog-Llama3-SQLCoder-8B,5,5,How many countries exist?,25,pass_k,spider_92,results/raw/Defog-Llama3-SQLCoder-8B_spider_pass_k_20260326_214000.jsonl
False,spider,"[false, false, false, false, false]",car_1,data/spider/database/car_1/car_1.sqlite,,False,,False,no such column: c.ContId,"SELECT c.ContId, c.Continent, COUNT(*) FROM countries AS c GROUP BY c.ContId, c.Continent",False,,"SELECT T1.ContId ,  T1.Continent ,  count(*) FROM CONTINENTS AS T1 JOIN COUNTRIES AS T2 ON T1.ContId  =  T2.Continent GROUP BY T1.ContId;",137,True,Defog-Llama3-SQLCoder-8B,5,5,"For each continent, list its id, name, and how many countries it has?",69,pass_k,spider_90,results/raw/Defog-Llama3-SQLCoder-8B_spider_pass_k_20260326_214000.jsonl
False,spider,"[false, false, false, false, false]",car_1,data/spider/database/car_1/car_1.sqlite,,False,,False,no such column: cn.MakeId,"WITH maker_models AS (SELECT cm.Id, COUNT(cn.MakeId) AS NumModels FROM car_makers cm JOIN model_list ml ON cm.Id = ml.Maker GROUP BY cm.Id) SELECT ca.Maker, ca.Id, ca.NumModels, c.CountryName FROM maker_models ca INNER JOIN countries c ON ca.Id = c.CountryId ORDER BY ca.Id NULLS LAST",False,,"SELECT T1.FullName ,  T1.Id ,  count(*) FROM CAR_MAKERS AS T1 JOIN MODEL_LIST AS T2 ON T1.Id  =  T2.Maker GROUP BY T1.Id;",121,True,Defog-Llama3-SQLCoder-8B,5,5,"How many models does each car maker produce? List maker full name, id and the number.",85,pass_k,spider_93,results/raw/Defog-Llama3-SQLCoder-8B_spider_pass_k_20260326_214000.jsonl
False,spider,"[false, false, false, false, false]",car_1,data/spider/database/car_1/car_1.sqlite,,False,,False,,"SELECT cm.Id AS car_maker_id, cm.Maker AS maker_name, COUNT(model_list.Model) AS number_of_models FROM car_makers cm JOIN model_list ON model_list.Maker = cm.Id GROUP BY cm.Id, cm.Maker",True,,"SELECT T1.FullName ,  T1.Id ,  count(*) FROM CAR_MAKERS AS T1 JOIN MODEL_LIST AS T2 ON T1.Id  =  T2.Maker GROUP BY T1.Id;",121,True,Defog-Llama3-SQLCoder-8B,5,5,"What is the full name of each car maker, along with its id and how many models it produces?",91,pass_k,spider_94,results/raw/Defog-Llama3-SQLCoder-8B_spider_pass_k_20260326_214000.jsonl
False,spider,"[false, false, false, false, false]",car_1,data/spider/database/car_1/car_1.sqlite,,False,,False,no such column: c.Maker,SELECT c.Maker FROM car_names cn JOIN cars_data cd ON cn.MakeId = cd.Id WHERE cd.Year = 1970,False,,SELECT DISTINCT T1.Maker FROM CAR_MAKERS AS T1 JOIN MODEL_LIST AS T2 ON T1.Id  =  T2.Maker JOIN CAR_NAMES AS T3 ON T2.model  =  T3.model JOIN CARS_DATA AS T4 ON T3.MakeId  =  T4.id WHERE T4.year  =  '1970';,206,True,Defog-Llama3-SQLCoder-8B,5,5,Find the name of the makers that produced some cars in the year of 1970?,72,pass_k,spider_99,results/raw/Defog-Llama3-SQLCoder-8B_spider_pass_k_20260326_214000.jsonl
False,spider,"[false, false, false, false, false]",car_1,data/spider/database/car_1/car_1.sqlite,,False,,False,no such column: c.Model,SELECT c.Model FROM cars_data c ORDER BY c.Horsepower ASC NULLS LAST LIMIT 1,False,,SELECT T1.Model FROM CAR_NAMES AS T1 JOIN CARS_DATA AS T2 ON T1.MakeId  =  T2.Id ORDER BY T2.horsepower ASC LIMIT 1;,116,True,Defog-Llama3-SQLCoder-8B,5,5,What is the model of the car with the smallest amount of horsepower?,68,pass_k,spider_96,results/raw/Defog-Llama3-SQLCoder-8B_spider_pass_k_20260326_214000.jsonl
False,spider,"[false, false, false, false, false]",car_1,data/spider/database/car_1/car_1.sqlite,,False,,False,,"WITH min_hp AS (SELECT MIN(horsepower) AS min_hp_value FROM cars_data) SELECT Model, horsepower FROM car_names JOIN cars_data ON car_names.makeid = cars_data.id WHERE horsepower = (SELECT min_hp_value FROM min_hp)",True,,SELECT T1.Model FROM CAR_NAMES AS T1 JOIN CARS_DATA AS T2 ON T1.MakeId  =  T2.Id ORDER BY T2.horsepower ASC LIMIT 1;,116,True,Defog-Llama3-SQLCoder-8B,5,5,Which model of the car has the minimum horsepower?,50,pass_k,spider_95,results/raw/Defog-Llama3-SQLCoder-8B_spider_pass_k_20260326_214000.jsonl
False,spider,"[false, false, false, false, false]",car_1,data/spider/database/car_1/car_1.sqlite,,False,,False,,SELECT cn.Model FROM cars_data cd JOIN car_names cn ON cd.Id = cn.MakeId WHERE cd.Weight < (SELECT AVG(cd2.Weight) FROM cars_data cd2) ORDER BY WEIGHT DESC LIMIT 1,True,,SELECT T1.model FROM CAR_NAMES AS T1 JOIN CARS_DATA AS T2 ON T1.MakeId  =  T2.Id WHERE T2.Weight  <  (SELECT avg(Weight) FROM CARS_DATA),136,True,Defog-Llama3-SQLCoder-8B,5,5,What is the model for the car with a weight smaller than the average?,69,pass_k,spider_98,results/raw/Defog-Llama3-SQLCoder-8B_spider_pass_k_20260326_214000.jsonl
True,spider,"[true, false, false, false, false]",car_1,data/spider/database/car_1/car_1.sqlite,,False,,True,,SELECT cn.Model FROM cars_data cd JOIN car_names cn ON cd.Id = cn.MakeId WHERE cd.Weight < (SELECT AVG(cd2.Weight) FROM cars_data cd2),True,,SELECT T1.model FROM CAR_NAMES AS T1 JOIN CARS_DATA AS T2 ON T1.MakeId  =  T2.Id WHERE T2.Weight  <  (SELECT avg(Weight) FROM CARS_DATA),136,True,Defog-Llama3-SQLCoder-8B,5,5,Find the model of the car whose weight is below the average weight.,67,pass_k,spider_97,results/raw/Defog-Llama3-SQLCoder-8B_spider_pass_k_20260326_214000.jsonl
False,bird,"[false, false, false, false, false]",california_schools,data/bird/dev_databases/california_schools/california_schools.sqlite,simple,False,Eligible free rate for K-12 = `Free Meal Count (K-12)` / `Enrollment (K-12)`,False,"near ""("": syntax error","SELECT s.SchoolName, MAX(frpm.FRPM_Percent (K-12)) FROM frpm INNER JOIN schools s ON frpm.CDSCode = s.CDSCode WHERE frpm.CountyName = 'Alameda' AND frpm.Enrollment (K-12) IS NOT NULL GROUP BY s.SchoolName",False,,SELECT `Free Meal Count (K-12)` / `Enrollment (K-12)` FROM frpm WHERE `County Name` = 'Alameda' ORDER BY (CAST(`Free Meal Count (K-12)` AS REAL) / `Enrollment (K-12)`) DESC LIMIT 1,180,True,Hrida-T2SQL,5,5,What is the highest eligible free rate for K-12 students in the schools in Alameda County?,90,pass_k,bird_0,results/raw/Hrida-T2SQL_bird_pass_k_20260326_221644.jsonl
False,bird,"[false, false, false, false, false]",california_schools,data/bird/dev_databases/california_schools/california_schools.sqlite,simple,False,,False,"unrecognized token: ""{""","{""sql"": ""?>    SELECT satscores.FRPMCount FROM schools JOIN SATScores ON (schools.CDSCode = SATScores.cds) WHERE SATScores.Rtype = 'Reading' AND ST_Contains(ST_MakeBox2D((schools.Latitude, schools.Longitude), (schools.Latitude + 0.1, schools.Longitude + 0.1)), ST_Point('school_coordinates')) ORDER BY SATScores.AvgScoreRead DESC LIMIT 1;   ?>",False,,SELECT T2.`FRPM Count (Ages 5-17)` FROM satscores AS T1 INNER JOIN frpm AS T2 ON T1.cds = T2.CDSCode ORDER BY T1.AvgScrRead DESC LIMIT 1,136,True,Hrida-T2SQL,5,5,"For the school with the highest average score in Reading in the SAT test, what is its FRPM count for students aged 5-17?",120,pass_k,bird_10,results/raw/Hrida-T2SQL_bird_pass_k_20260326_221644.jsonl
False,bird,"[false, false, false, false, false]",california_schools,data/bird/dev_databases/california_schools/california_schools.sqlite,moderate,False,Eligible free rates for students aged 5-17 = `Free Meal Count (Ages 5-17)` / `Enrollment (Ages 5-17)`,False,"near ""?"": syntax error",?>    SELECT satscores.AvgScrRead AS EligibleFreeRate_5To17 FROM schools INNER JOIN frpm ON schools.CDSCode = frpm.CDSCode WHERE frpm.CountyName LIKE 'Continuation County%' AND satscores.StatusType = 'N' GROUP BY satscores.AvgScrRead ORDER BY EligibleFreeRate_5To17 ASC LIMIT 3<?,False,,SELECT `Free Meal Count (Ages 5-17)` / `Enrollment (Ages 5-17)` FROM frpm WHERE `Educational Option Type` = 'Continuation School' AND `Free Meal Count (Ages 5-17)` / `Enrollment (Ages 5-17)` IS NOT NULL ORDER BY `Free Meal Count (Ages 5-17)` / `Enrollment (Ages 5-17)` ASC LIMIT 3,280,True,Hrida-T2SQL,5,5,Please list the lowest three eligible free rates for students aged 5-17 in continuation schools.,96,pass_k,bird_1,results/raw/Hrida-T2SQL_bird_pass_k_20260326_221644.jsonl
False,bird,"[false, false, false, false, false]",california_schools,data/bird/dev_databases/california_schools/california_schools.sqlite,simple,False,,False,"near ""?"": syntax error",?>    SELECT s.Phone FROM schools AS s INNER JOIN SATScores As sat ON s.CDSCode = sat.cds WHERE sat.NumTstTakr > (SELECT MAX(num_scores) * 1500/1611 FROM SATScores) GROUP BY s.Phone ORDER BY COUNT(*) DESC LIMIT 1;<?,False,,SELECT T2.Phone FROM satscores AS T1 INNER JOIN schools AS T2 ON T1.cds = T2.CDSCode ORDER BY T1.NumGE1500 DESC LIMIT 1,119,True,Hrida-T2SQL,5,5,What is the phone number of the school that has the highest number of test takers with an SAT score of over 1500?,113,pass_k,bird_7,results/raw/Hrida-T2SQL_bird_pass_k_20260326_221644.jsonl
False,bird,"[false, false, false, false, false]",california_schools,data/bird/dev_databases/california_schools/california_schools.sqlite,simple,False,,False,"unrecognized token: ""{""","{""sql"": ""?>    SELECT satscores.NumTstTakr FROM schools INNER JOIN frpm ON schools.CDSCode = frpm.CDSCode WHERE FrPMCount (K-12) = (SELECT MAX(FrPMCount_k12) FROM frpm)}<?",False,,SELECT NumTstTakr FROM satscores WHERE cds = ( SELECT CDSCode FROM frpm ORDER BY `FRPM Count (K-12)` DESC LIMIT 1 ),115,True,Hrida-T2SQL,5,5,What is the number of SAT test takers of the schools with the highest FRPM count for K-12 students?,99,pass_k,bird_8,results/raw/Hrida-T2SQL_bird_pass_k_20260326_221644.jsonl
False,bird,"[false, false, false, false, false]",california_schools,data/bird/dev_databases/california_schools/california_schools.sqlite,simple,False,,False,"unrecognized token: ""{""","{""sql"": ""?>    SELECT COUNT(*) FROM schools s JOIN satscores sc ON s.CDSCode = sc.cds WHERE (sc.AvgScrMath > 560) AND s.CharterNum IS NOT NULL GROUP BY sc.Rtype, s.State, sc.SchoolName, sc.DistrictName, s.City, s.Zip, s.Country, s.DOC, s.EdOpsCode, s.EdOpsName, s.GSOffers, s.GSserved, s.Magnet, s.Latitude, s.Longitude, s.AdmFName1, s.AdmLName1, s.AdmEmail1, s.AdmFName2, s.AdmLName2, s.AdmEmail2, s.AdmFName3, s.AdmLName3, s.AdmEmail3 WHERE sc.StatusType = 'Directly Charter-Funded' GROUP BY CASE WHEN rtype LIKE '%SAT%' THEN 1 ELSE 0 END, s.State, s.SchoolName, s.DistrictName, s.City, s.Zip, s.Country, s.DOC, s.EdOpsCode, s.EdOpsName, s.GSOffers, s.GSserved, s.Magnet, s.Latitude, s.Longitude, s.AdmFName1, s.AdmLName1, s.AdmEmail1, s.AdmFName2, s.AdmLName2, s.AdmEmail2, s.AdmFName3, s.AdmLName3, s.AdmEmail3 }",False,,SELECT COUNT(T2.`School Code`) FROM satscores AS T1 INNER JOIN frpm AS T2 ON T1.cds = T2.CDSCode WHERE T1.AvgScrMath > 560 AND T2.`Charter Funding Type` = 'Directly funded',172,True,Hrida-T2SQL,5,5,"Among the schools with the average score in Math over 560 in the SAT test, how many schools are directly charter-funded?",120,pass_k,bird_9,results/raw/Hrida-T2SQL_bird_pass_k_20260326_221644.jsonl
False,bird,"[false, false, false, false, false]",california_schools,data/bird/dev_databases/california_schools/california_schools.sqlite,simple,False,,False,"unrecognized token: ""}""",SELECT s.CDSCode FROM schools s JOIN frpm f ON s.CDSCode = f.CDSCode WHERE city = 'Los Angeles' AND (f.FreeMealCountK12 > 500 AND f.FreeMealCountK12 < 700)},False,,SELECT COUNT(CDSCode) FROM frpm WHERE `County Name` = 'Los Angeles' AND `Free Meal Count (K-12)` > 500 AND `FRPM Count (K-12)`< 700,131,True,Hrida-T2SQL,5,5,In Los Angeles how many schools have more than 500 free meals but less than 700 free or reduced price meals for K-12?,117,pass_k,bird_21,results/raw/Hrida-T2SQL_bird_pass_k_20260326_221644.jsonl
False,bird,"[false, false, false, false, false]",california_schools,data/bird/dev_databases/california_schools/california_schools.sqlite,simple,False,,False,"near ""?"": syntax error",?>    SELECT s.Street FROM schools AS s JOIN (SELECT frpm_school_code FROM frpm JOIN satscores ON frpm.cds = satscores.cds GROUP BY satscores.cds ORDER BY MAX(frpm.FRPM Count (K-12)) DESC LIMIT 1) AS f ON s.CDSCode = f.frpm_school_code<?,False,,SELECT T2.MailStreet FROM frpm AS T1 INNER JOIN schools AS T2 ON T1.CDSCode = T2.CDSCode ORDER BY T1.`FRPM Count (K-12)` DESC LIMIT 1,133,True,Hrida-T2SQL,5,5,What is the unabbreviated mailing street address of the school with the highest FRPM count for K-12 students?,109,pass_k,bird_3,results/raw/Hrida-T2SQL_bird_pass_k_20260326_221644.jsonl
False,bird,"[false, false, false, false, false]",california_schools,data/bird/dev_databases/california_schools/california_schools.sqlite,moderate,False,Excellence rate = NumGE1500 / NumTstTakr; Eligible free rates for students aged 5-17 = `Free Meal Count (Ages 5-17)` / `Enrollment (Ages 5-17)`,False,"near ""?"": syntax error","?>    SELECT satscores.AvgScrRead AS Highest_Eligible_FRPM_For_Ages_5_17 FROM schools INNER JOIN SATscores ON schools.CDSCode = SATscores.cds INNER JOIN (SELECT schools.CDSCode, GREATEST(schools.Enrollment_Ages_5_17 * 0.3) AS AvgScrRead FROM schools INNER JOIN SATscores ON schools.CDSCode = SATscores.cds WHERE schools.StatusType = 'Private' AND schools.County <> NULL) as ExclusionTable ON satscores.cds = ExclusionTable.CDSCode WHERE satscores.AvgScrRead > 0.3 AND schools.StatusType IN ('Charter', 'Public') GROUP BY Highest_Eligible_FRPM_For_Ages_5_17 ORDER BY Highest_Eligible_FRPM_For_Ages_5_17 DESC LIMIT 1",False,,SELECT MAX(CAST(T1.`Free Meal Count (Ages 5-17)` AS REAL) / T1.`Enrollment (Ages 5-17)`) FROM frpm AS T1 INNER JOIN satscores AS T2 ON T1.CDSCode = T2.cds WHERE CAST(T2.NumGE1500 AS REAL) / T2.NumTstTakr > 0.3,209,True,Hrida-T2SQL,5,5,"Among the schools with an SAT excellence rate of over 0.3, what is the highest eligible free rate for students aged 5-17?",121,pass_k,bird_12,results/raw/Hrida-T2SQL_bird_pass_k_20260326_221644.jsonl
False,bird,"[false, false, false, false, false]",california_schools,data/bird/dev_databases/california_schools/california_schools.sqlite,simple,False,,False,"near ""?"": syntax error","?>   SELECT s.SchoolName, MAX(satscores.NumTstTakr) AS Max_Test_Takers FROM schools s JOIN satscores ON s.CDSCode = satscores.cds WHERE s.County IN ('Contra Costa') GROUP BY s.SchoolName ORDER BY Max_Test_Takers DESC LIMIT 1; ?<",False,,SELECT sname FROM satscores WHERE cname = 'Contra Costa' AND sname IS NOT NULL ORDER BY NumTstTakr DESC LIMIT 1,111,True,Hrida-T2SQL,5,5,Which school in Contra Costa has the highest number of test takers?,67,pass_k,bird_22,results/raw/Hrida-T2SQL_bird_pass_k_20260326_221644.jsonl
False,bird,"[false, false, false, false, false]",california_schools,data/bird/dev_databases/california_schools/california_schools.sqlite,simple,False,Exclusively virtual refers to Virtual = 'F',False,no such column: s.SchoolID,SELECT COUNT(*) FROM schools s JOIN satscores sc ON s.CDSCode = sc.cds WHERE sc.Rtype IS NULL AND sc.AvgScrMath > 400 AND s.Virtual = 'T' GROUP BY s.SchoolID,False,,SELECT COUNT(DISTINCT T2.School) FROM satscores AS T1 INNER JOIN schools AS T2 ON T1.cds = T2.CDSCode WHERE T2.Virtual = 'F' AND T1.AvgScrMath > 400,148,True,Hrida-T2SQL,5,5,How many schools with an average score in Math greater than 400 in the SAT test are exclusively virtual?,104,pass_k,bird_5,results/raw/Hrida-T2SQL_bird_pass_k_20260326_221644.jsonl
False,bird,"[false, false, false, false, false]",california_schools,data/bird/dev_databases/california_schools/california_schools.sqlite,simple,False,Magnet schools or offer a magnet program means that Magnet = 1,False,"near ""?"": syntax error","?>   SELECT s.CDSCode AS School, s.StatusType as StatusFromSchoolsTable, CASE WHEN s.Magnet IS NOT NULL THEN 'Yes' ELSE 'No' END AS IsMagnetProgram FROM schools s INNER JOIN satscores sp ON s.CDSCode = sp.cds WHERE sp.NumTstTakr > 500 AND (s.Magnet IS NOT NULL OR s.IsMagnetProgram = 'Yes') GROUP BY School, StatusFromSchoolsTable HAVING COUNT(*) >= 1 AND IsMagnetProgram != 'No'   ?>",False,,SELECT T2.School FROM satscores AS T1 INNER JOIN schools AS T2 ON T1.cds = T2.CDSCode WHERE T2.Magnet = 1 AND T1.NumTstTakr > 500,129,True,Hrida-T2SQL,5,5,"Among the schools with the SAT test takers of over 500, please list the schools that are magnet schools or offer a magnet program.",130,pass_k,bird_6,results/raw/Hrida-T2SQL_bird_pass_k_20260326_221644.jsonl
False,bird,"[false, false, false, false, false]",california_schools,data/bird/dev_databases/california_schools/california_schools.sqlite,moderate,False,Charter schools refers to `Charter School (Y/N)` = 1 in the frpm,False,no such column: CharterSchoolNumber,SELECT Schools.Phone FROM Schools INNER JOIN Satscores ON Schools.CDSCode = Satscores.CDS WHERE CharterSchoolNumber IS NOT NULL AND OpenDate >= '2000-01-01' AND FundingType IN ('direct'),False,,SELECT T2.Phone FROM frpm AS T1 INNER JOIN schools AS T2 ON T1.CDSCode = T2.CDSCode WHERE T1.`Charter Funding Type` = 'Directly funded' AND T1.`Charter School (Y/N)` = 1 AND T2.OpenDate > '2000-01-01',200,True,Hrida-T2SQL,5,5,Please list the phone numbers of the direct charter-funded schools that are opened after 2000/1/1.,98,pass_k,bird_4,results/raw/Hrida-T2SQL_bird_pass_k_20260326_221644.jsonl
False,bird,"[false, false, false, false, false]",california_schools,data/bird/dev_databases/california_schools/california_schools.sqlite,moderate,False,Average of average math = sum(average math scores) / count(schools).,False,no such column: satscores.FundingType,"SELECT schools.CDSCode AS school_code, satscores.FundingType FROM satscores INNER JOIN schools ON schools.CDSCode = satscores.cds WHERE schools.County = 'Riverside' AND satscores.AvgScrMath > 400",False,,"SELECT T1.sname, T2.`Charter Funding Type` FROM satscores AS T1 INNER JOIN frpm AS T2 ON T1.cds = T2.CDSCode WHERE T2.`District Name` LIKE 'Riverside%' GROUP BY T1.sname, T2.`Charter Funding Type` HAVING CAST(SUM(T1.AvgScrMath) AS REAL) / COUNT(T1.cds) > 400",258,True,Hrida-T2SQL,5,5,"Name schools in Riverside which the average of average math score for SAT is grater than 400, what is the funding type of these schools?",136,pass_k,bird_25,results/raw/Hrida-T2SQL_bird_pass_k_20260326_221644.jsonl
False,bird,"[false, false, false, false, false]",california_schools,data/bird/dev_databases/california_schools/california_schools.sqlite,simple,False,,False,"unrecognized token: ""{""","{""sql"": ""?>    SELECT COUNT(*) FROM schools s JOIN frpm p ON s.CDSCode = p.CDSCode AND p.CharterSchoolNumber IS NULL GROUP BY cname HAVING AVG(s.Enroll12) <= 250",False,,SELECT COUNT(T1.CDSCode) FROM frpm AS T1 INNER JOIN satscores AS T2 ON T1.CDSCode = T2.cds WHERE T1.`Charter Funding Type` = 'Directly funded' AND T1.`County Name` = 'Fresno' AND T2.NumTstTakr <= 250,199,True,Hrida-T2SQL,5,5,How many schools in Fresno (directly funded) have number of test takers not more than 250?,90,pass_k,bird_18,results/raw/Hrida-T2SQL_bird_pass_k_20260326_221644.jsonl
False,bird,"[false, false, false, false, false]",california_schools,data/bird/dev_databases/california_schools/california_schools.sqlite,simple,False,,False,no such column: NumTstTakr,SELECT COUNT(*) FROM schools WHERE County = 'Alameda' AND NumTstTakr < 100,False,,SELECT COUNT(T1.CDSCode) FROM schools AS T1 INNER JOIN satscores AS T2 ON T1.CDSCode = T2.cds WHERE T1.StatusType = 'Merged' AND T2.NumTstTakr < 100 AND T1.County = 'Lake',171,True,Hrida-T2SQL,5,5,How many schools in merged Alameda have number of test takers less than 100?,76,pass_k,bird_16,results/raw/Hrida-T2SQL_bird_pass_k_20260326_221644.jsonl
False,bird,"[false, false, false, false, false]",california_schools,data/bird/dev_databases/california_schools/california_schools.sqlite,moderate,False,Percent eligible for free meals = Free Meal Count (K-12) / Total (Enrollment (K-12),False,"unrecognized token: ""{""","{""sql"": ""?>    SELECT s.SchoolName FROM schools s JOIN frpm r ON r.CDSCode = s.CDSCode WHERE r.Percent (%) Eligible FRPM (K-12) > 0.1 AND NOT EXISTS (SELECT * FROM satscores m WHERE s.CDSCode = m.cds AND NumTstTakr <= 1500)",False,,SELECT T2.`School Name` FROM satscores AS T1 INNER JOIN frpm AS T2 ON T1.cds = T2.CDSCode WHERE CAST(T2.`Free Meal Count (K-12)` AS REAL) / T2.`Enrollment (K-12)` > 0.1 AND T1.NumGE1500 > 0,189,True,Hrida-T2SQL,5,5,Give the names of the schools with the percent eligible for free meals in K-12 is more than 0.1 and test takers whose test score is greater than or equal to 1500?,162,pass_k,bird_24,results/raw/Hrida-T2SQL_bird_pass_k_20260326_221644.jsonl
False,bird,"[false, false, false, false, false]",california_schools,data/bird/dev_databases/california_schools/california_schools.sqlite,moderate,False,K-12 refers to students in grades 1 through 12; Eligible free rate for K-12 = `Free Meal Count (K-12)` / `Enrollment (K-12)`,False,"unrecognized token: ""{""","{""sql"": ""?>    SELECT s.CDSCode AS SchoolName, AVG(FRPM_Counts) AS EligibleFreeRate FROM schools s LEFT JOIN (SELECT * FROM satscores WHERE Ages = '5-17') st ON s.CDSCode = st.cds GROUP BY s.CDSCode ORDER BY FRPM_Counts DESC LIMIT 10",False,,"SELECT CAST(`Free Meal Count (K-12)` AS REAL) / `Enrollment (K-12)` FROM frpm ORDER BY `Enrollment (K-12)` DESC LIMIT 9, 2",122,True,Hrida-T2SQL,5,5,What is the eligible free rate of the 10th and 11th schools with the highest enrolment for students in grades 1 through 12?,123,pass_k,bird_31,results/raw/Hrida-T2SQL_bird_pass_k_20260326_221644.jsonl
False,bird,"[false, false, false, false, false]",california_schools,data/bird/dev_databases/california_schools/california_schools.sqlite,simple,False,,False,no such column: LowGrade,SELECT COUNT(*) FROM schools WHERE County = 'Amador' AND LowGrade = 9 AND HighGrade = 12,False,,SELECT COUNT(T1.`School Name`) FROM frpm AS T1 INNER JOIN schools AS T2 ON T1.CDSCode = T2.CDSCode WHERE T2.County = 'Amador' AND T1.`Low Grade` = 9 AND T1.`High Grade` = 12,173,True,Hrida-T2SQL,5,5,How many schools in Amador which the Low Grade is 9 and the High Grade is 12?,77,pass_k,bird_20,results/raw/Hrida-T2SQL_bird_pass_k_20260326_221644.jsonl
False,bird,"[false, false, false, false, false]",california_schools,data/bird/dev_databases/california_schools/california_schools.sqlite,simple,False,Excellence rate = NumGE1500 / NumTstTakr,False,no such column: Rate,SELECT Schools.Phone FROM schools JOIN (SELECT cds FROM satscores ORDER BY Rate DESC LIMIT 3) as top_schools ON Schools.CDSCode = top_schools.cds,False,,SELECT T1.Phone FROM schools AS T1 INNER JOIN satscores AS T2 ON T1.CDSCode = T2.cds ORDER BY CAST(T2.NumGE1500 AS REAL) / T2.NumTstTakr DESC LIMIT 3,149,True,Hrida-T2SQL,5,5,Please list the phone numbers of the schools with the top 3 SAT excellence rate.,80,pass_k,bird_13,results/raw/Hrida-T2SQL_bird_pass_k_20260326_221644.jsonl
False,bird,"[false, false, false, false, false]",california_schools,data/bird/dev_databases/california_schools/california_schools.sqlite,challenging,False,"full name means first name, last name; There are at most 3 administrators for each school; SAT Scores are greater or equal to 1500 refers to NumGE1500",False,"near ""?"": syntax error",?>    SELECT s.FullName FROM schools AS s JOIN SATScores As ss ON s.CDSCode = ss.cds WHERE ss.NumGE1500 IS NOT NULL ORDER BY ss.NumGE1500 DESC LIMIT 1;   ?>,False,,"SELECT T2.AdmFName1, T2.AdmLName1, T2.AdmFName2, T2.AdmLName2, T2.AdmFName3, T2.AdmLName3 FROM satscores AS T1 INNER JOIN schools AS T2 ON T1.cds = T2.CDSCode ORDER BY T1.NumGE1500 DESC LIMIT 1",193,True,Hrida-T2SQL,5,5,Under whose administration is the school with the highest number of students scoring 1500 or more on the SAT? Indicate their full names.,136,pass_k,bird_36,results/raw/Hrida-T2SQL_bird_pass_k_20260326_221644.jsonl
False,bird,"[false, false, false, false, false]",california_schools,data/bird/dev_databases/california_schools/california_schools.sqlite,simple,False,,False,"near ""?"": syntax error","?>    SELECT s.Phone FROM schools s INNER JOIN (SELECT d.dname AS SchoolName, AVG(s.AvgScrMath) OVER () AS AvgScoreFromDsc FROM schools s JOIN satscores sc ON s.CDSCode = sc.cds WHERE rtype = 'Math' AND enroll12 > 0 GROUP BY d.dname) sub ON s.School = sub.SchoolName WHERE s.Phone IS NOT NULL LIMIT 1",False,,SELECT T1.Phone FROM schools AS T1 INNER JOIN satscores AS T2 ON T1.CDSCode = T2.cds ORDER BY T2.AvgScrMath DESC LIMIT 1,120,True,Hrida-T2SQL,5,5,What is the phone number of the school that has the highest average score in Math?,82,pass_k,bird_19,results/raw/Hrida-T2SQL_bird_pass_k_20260326_221644.jsonl
False,bird,"[false, false, false, false, false]",california_schools,data/bird/dev_databases/california_schools/california_schools.sqlite,moderate,False,Charted school means `Charter School (Y/N)` = 1 in the table frpm; Students enrolled in grades 1 through 12 refers to `Enrollment (K-12)`,False,"unrecognized token: ""{""","{""sql"": ""?>    SELECT AdmEmail1 FROM schools s JOIN charters c ON c.CDSCode = s.CDSCode WHERE s.Enrollment (5-17) = (SELECT MIN(s2.Enrollment_Ages_5-17) FROM satscores s2 JOIN schools s3 ON s2.cds = s3.CDSCode JOIN charters c2 ON c2.CDSCode = s3.CDSCode WHERE s3.CharterNum IS NOT NULL) AND (s.Charter <> 0 OR s.Gov != 'NonProfit')",False,,SELECT T2.AdmEmail1 FROM frpm AS T1 INNER JOIN schools AS T2 ON T1.CDSCode = T2.CDSCode WHERE T1.`Charter School (Y/N)` = 1 ORDER BY T1.`Enrollment (K-12)` ASC LIMIT 1,167,True,Hrida-T2SQL,5,5,What is the administrator's email address of the chartered school with the fewest students enrolled in grades 1 through 12?,123,pass_k,bird_35,results/raw/Hrida-T2SQL_bird_pass_k_20260326_221644.jsonl
False,bird,"[false, false, false, false, false]",california_schools,data/bird/dev_databases/california_schools/california_schools.sqlite,simple,False,K-12 means First-through-twelfth-grade,False,no such column: Enrollment12,SELECT MIN(LastUpdate) FROM schools WHERE Enrollment12 = (SELECT MAX(Enrollment12) FROM schools),False,,SELECT T2.OpenDate FROM frpm AS T1 INNER JOIN schools AS T2 ON T1.CDSCode = T2.CDSCode ORDER BY T1.`Enrollment (K-12)` DESC LIMIT 1,131,True,Hrida-T2SQL,5,5,When did the first-through-twelfth-grade school with the largest enrollment open?,81,pass_k,bird_29,results/raw/Hrida-T2SQL_bird_pass_k_20260326_221644.jsonl
False,bird,"[false, false, false, false, false]",california_schools,data/bird/dev_databases/california_schools/california_schools.sqlite,moderate,False,"Execellence Rate = NumGE1500 / NumTstTakr; complete address has Street, City, State, Zip code",False,"near "">"": syntax error",># Schools with lowest excellence rate<br>,False,,"SELECT T2.Street, T2.City, T2.State, T2.Zip FROM satscores AS T1 INNER JOIN schools AS T2 ON T1.cds = T2.CDSCode ORDER BY CAST(T1.NumGE1500 AS REAL) / T1.NumTstTakr ASC LIMIT 1",176,True,Hrida-T2SQL,5,5,"What is the complete address of the school with the lowest excellence rate? Indicate the Street, City, Zip and State.",117,pass_k,bird_37,results/raw/Hrida-T2SQL_bird_pass_k_20260326_221644.jsonl
False,bird,"[false, false, false, false, false]",california_schools,data/bird/dev_databases/california_schools/california_schools.sqlite,moderate,False,"Full communication address should include Street, City, State and zip code if any.",False,"unrecognized token: ""{""","{""sql"": ""?>   SELECT s.SchoolName AS SchoolFullCommunicationAddress   FROM schools s INNER JOIN frpm p ON s.CDSCode = p.CDSCode WHERE S.County = 'Monterey' AND (FRPMCount_K12 * FRPMCount_Ages5_17) > 800;   <?",False,,"SELECT T1.`School Name`, T2.Street, T2.City, T2.State, T2.Zip FROM frpm AS T1 INNER JOIN schools AS T2 ON T1.CDSCode = T2.CDSCode WHERE T2.County = 'Monterey' AND T1.`Free Meal Count (Ages 5-17)` > 800 AND T1.`School Type` = 'High Schools (Public)'",248,True,Hrida-T2SQL,5,5,State the names and full communication address of high schools in Monterey which has more than 800 free or reduced price meals for ages 15-17?,142,pass_k,bird_26,results/raw/Hrida-T2SQL_bird_pass_k_20260326_221644.jsonl
False,bird,"[false, false, false, false, false]",california_schools,data/bird/dev_databases/california_schools/california_schools.sqlite,simple,False,Charter schools refers to `Charter School (Y/N)` = 1 in the table fprm,False,,SELECT Schools.Zip FROM Schools INNER JOIN satscores ON Schools.CDSCode = satscores.cds WHERE County == 'Fresno' AND Charter > 0,True,,SELECT T2.Zip FROM frpm AS T1 INNER JOIN schools AS T2 ON T1.CDSCode = T2.CDSCode WHERE T1.`District Name` = 'Fresno County Office of Education' AND T1.`Charter School (Y/N)` = 1,178,True,Hrida-T2SQL,5,5,Please list the zip code of all the charter schools in Fresno County Office of Education.,89,pass_k,bird_2,results/raw/Hrida-T2SQL_bird_pass_k_20260326_221644.jsonl
False,bird,"[false, false, false, false, false]",california_schools,data/bird/dev_databases/california_schools/california_schools.sqlite,simple,False,,False,"near ""?"": syntax error",?>    SELECT s.SchoolType FROM schools s INNER JOIN satscores sc ON sc.cds = s.CDSCode WHERE sc.AvgScrMath = (SELECT MAX(sc2.AvgScrMath) FROM satscores sc2 WHERE sc2.Rtype = 'standard') AND sc.StatusType = 'standard' GROUP BY s.SchoolType;  ?>,False,,SELECT T2.EdOpsName FROM satscores AS T1 INNER JOIN schools AS T2 ON T1.cds = T2.CDSCode ORDER BY T1.AvgScrMath DESC LIMIT 1,124,True,Hrida-T2SQL,5,5,What is the type of education offered in the school who scored the highest average in Math?,91,pass_k,bird_42,results/raw/Hrida-T2SQL_bird_pass_k_20260326_221644.jsonl
False,bird,"[false, false, false, false, false]",california_schools,data/bird/dev_databases/california_schools/california_schools.sqlite,simple,False,Valid charter number means the number is not null,False,,"SELECT schools.CDSCode, satscores.AvgScrWrite FROM schools JOIN satscores ON schools.CDSCode = satscores.cds WHERE satscores.avgscrwrite > 499 ORDER BY satscores.avgscrwrite DESC",True,,"SELECT CharterNum, AvgScrWrite, RANK() OVER (ORDER BY AvgScrWrite DESC) AS WritingScoreRank FROM schools AS T1  INNER JOIN satscores AS T2 ON T1.CDSCode = T2.cds WHERE T2.AvgScrWrite > 499 AND CharterNum is not null",215,True,Hrida-T2SQL,5,5,"Rank schools by their average score in Writing where the score is greater than 499, showing their charter numbers.",114,pass_k,bird_17,results/raw/Hrida-T2SQL_bird_pass_k_20260326_221644.jsonl
False,bird,"[false, false, false, false, false]",california_schools,data/bird/dev_databases/california_schools/california_schools.sqlite,simple,False,,False,"unrecognized token: ""{""","{""sql"": ""?>    SELECT s.DistrictName, AVG(sc.AvgScrRead) AS Avg_Reading FROM schools s JOIN satscores sc ON s.CDSCode = sc.cds WHERE s.StatusType = 'Public' GROUP BY s.DistrictName ORDER BY Avg_Reading DESC LIMIT 1; ?<</}",False,,SELECT T1.District FROM schools AS T1 INNER JOIN satscores AS T2 ON T1.CDSCode = T2.cds WHERE T1.StatusType = 'Active' ORDER BY T2.AvgScrRead DESC LIMIT 1,154,True,Hrida-T2SQL,5,5,Which active district has the highest average score in Reading?,63,pass_k,bird_15,results/raw/Hrida-T2SQL_bird_pass_k_20260326_221644.jsonl
False,bird,"[false, false, false, false, false]",california_schools,data/bird/dev_databases/california_schools/california_schools.sqlite,moderate,False,,False,"near ""?"": syntax error","?>   SELECT s.SchoolName, s.Website   FROM schools    JOIN frpm ON schools.CDSCode = frpm.CDSCode WHERE frpm.FreeMealCount_Ages517 >= 1900 AND frpm.FreeMealCount_Ages517 <= 2000  ?<@",False,,"SELECT T2.Website, T1.`School Name` FROM frpm AS T1 INNER JOIN schools AS T2 ON T1.CDSCode = T2.CDSCode WHERE T1.`Free Meal Count (Ages 5-17)` BETWEEN 1900 AND 2000 AND T2.Website IS NOT NULL",191,True,Hrida-T2SQL,5,5,"If there are any, what are the websites address of the schools with a free meal count of 1,900-2,000 to students aged 5-17? Include the name of the school.",155,pass_k,bird_33,results/raw/Hrida-T2SQL_bird_pass_k_20260326_221644.jsonl
False,bird,"[false, false, false, false, false]",california_schools,data/bird/dev_databases/california_schools/california_schools.sqlite,moderate,False,Eligible free rates for students aged 5-17 = `Free Meal Count (Ages 5-17)` / `Enrollment (Ages 5-17)`,False,no such table: FRPT17,SELECT FLPTK17.FRPMCount FROM FRPT17 INNER JOIN SATSCOURT ON FLPTK17.cds = SATSCOURT.CDS WHERE AdmFName3 = 'Gibson' AND AdmLName3 = 'Kacey' LIMIT 1,False,,SELECT CAST(T2.`Free Meal Count (Ages 5-17)` AS REAL) / T2.`Enrollment (Ages 5-17)` FROM schools AS T1 INNER JOIN frpm AS T2 ON T1.CDSCode = T2.CDSCode WHERE T1.AdmFName1 = 'Kacey' AND T1.AdmLName1 = 'Gibson',208,True,Hrida-T2SQL,5,5,What is the free rate for students between the ages of 5 and 17 at the school run by Kacey Gibson?,98,pass_k,bird_34,results/raw/Hrida-T2SQL_bird_pass_k_20260326_221644.jsonl
False,bird,"[false, false, false, false, false]",california_schools,data/bird/dev_databases/california_schools/california_schools.sqlite,simple,False,,False,no such column: SchoolName,"SELECT s.City FROM schools s JOIN (SELECT rtype = 'WR', SchoolName, MAX(NumTstTakr) FROM satscores GROUP BY SchoolName HAVING MaxScore >= 1500) st ON s.CDSCode = st.SchoolName WHERE s.StatusType != 'Open' AND s.StatusType != 'Closed'",False,,"SELECT T1.AvgScrWrite, T2.City FROM satscores AS T1 INNER JOIN schools AS T2 ON T1.cds = T2.CDSCode ORDER BY T1.NumGE1500 DESC LIMIT 1",134,True,Hrida-T2SQL,5,5,What is the average writing score of the school who has the highest number of test takers whose total SAT sscores are greater or equal to 1500? Indicate the city to where the school is situated.,194,pass_k,bird_44,results/raw/Hrida-T2SQL_bird_pass_k_20260326_221644.jsonl
False,bird,"[false, false, false, false, false]",california_schools,data/bird/dev_databases/california_schools/california_schools.sqlite,simple,False,,False,"near ""?"": syntax error","?>    SELECT s.SchoolName, schools.Street FROM satscores JOIN schools ON cds = CDSCode WHERE AvgScrRead = (SELECT MIN(AvgScrRead) FROM satscores) AND school_type IS NOT NULL?<@",False,,"SELECT T2.MailStreet, T2.School FROM satscores AS T1 INNER JOIN schools AS T2 ON T1.cds = T2.CDSCode WHERE T1.AvgScrRead IS NOT NULL ORDER BY T1.AvgScrRead ASC LIMIT 1",167,True,Hrida-T2SQL,5,5,In which mailing street address can you find the school that has the lowest average score in reading? Also give the school's name.,130,pass_k,bird_51,results/raw/Hrida-T2SQL_bird_pass_k_20260326_221644.jsonl
False,bird,"[false, false, false, false, false]",california_schools,data/bird/dev_databases/california_schools/california_schools.sqlite,simple,False,Postal street and mailing street are synonyms.,False,,"SELECT s.School, s.Street FROM schools AS s JOIN satscores AS sc ON s.CDSCode = sc.cds WHERE sc.rtype = 'Average Score' GROUP BY s.School ORDER BY AVG(sc.AvgScrMath) DESC LIMIT 1 OFFSET 6",True,,"SELECT T2.MailStreet, T2.School FROM satscores AS T1 INNER JOIN schools AS T2 ON T1.cds = T2.CDSCode ORDER BY T1.AvgScrMath DESC LIMIT 6, 1",139,True,Hrida-T2SQL,5,5,What is the postal street address for the school with the 7th highest Math average? Indicate the school's name.,111,pass_k,bird_50,results/raw/Hrida-T2SQL_bird_pass_k_20260326_221644.jsonl
False,bird,"[false, false, false, false, false]",california_schools,data/bird/dev_databases/california_schools/california_schools.sqlite,simple,False,,False,"unrecognized token: ""{""","{""sql"": ""?>   SELECT s.NCESDist as SchoolID, ROW_NUMBER() OVER(ORDER BY e12 DESC) AS Rank FROM schools s INNER JOIN satscores sc ON sc.cds = s.CDSCode GROUP BY s.NCESDist ORDER BY e12 DESC LIMIT 5;   <?",False,,SELECT T1.NCESSchool FROM schools AS T1 INNER JOIN frpm AS T2 ON T1.CDSCode = T2.CDSCode ORDER BY T2.`Enrollment (Ages 5-17)` DESC LIMIT 5,138,True,Hrida-T2SQL,5,5,"List the top five schools, by descending order, from the highest to the lowest, the most number of Enrollment (Ages 5-17). Please give their NCES school identification number.",175,pass_k,bird_14,results/raw/Hrida-T2SQL_bird_pass_k_20260326_221644.jsonl
False,bird,"[false, false, false, false, false]",california_schools,data/bird/dev_databases/california_schools/california_schools.sqlite,moderate,False,Diffrence in enrollement = `Enrollment (K-12)` - `Enrollment (Ages 5-17)`,False,"near ""?"": syntax error","?>   SELECT s.SchoolName, s.Street FROM schools as s JOIN (SELECT SchoolCode, ABS(12 - AvgScrWrite) AS DiffK5A60 FROM satscores GROUP BY SchoolCode HAVING DiffK5A60 > 30) as diff_scrs ON s.CDSCode = diff_scrs.SchoolCode   ?<@",False,,"SELECT T1.School, T1.Street FROM schools AS T1 INNER JOIN frpm AS T2 ON T1.CDSCode = T2.CDSCode WHERE T2.`Enrollment (K-12)` - T2.`Enrollment (Ages 5-17)` > 30",159,True,Hrida-T2SQL,5,5,List the names of schools with more than 30 difference in enrollements between K-12 and ages 5-17? Please also give the full street adress of the schools.,154,pass_k,bird_23,results/raw/Hrida-T2SQL_bird_pass_k_20260326_221644.jsonl
False,bird,"[false, false, false, false, false]",california_schools,data/bird/dev_databases/california_schools/california_schools.sqlite,moderate,False,Average score for all subjects can be computed by AvgScrMath + AvgScrRead + AvgScrWrite,False,no such column: Scores,"SELECT schools.County, AVG(satscores.AvgScrMath) FROM satscores INNER JOIN schools ON schools.CDSCode = satscores.CDS WHERE AvgScrMath = (SELECT MIN(AVG(Scores)) FROM satscores GROUP BY rtype) AND COUNT(*) > 1 GROUP BY schools.County",False,,"SELECT T1.AvgScrMath, T2.County FROM satscores AS T1 INNER JOIN schools AS T2 ON T1.cds = T2.CDSCode WHERE T1.AvgScrMath IS NOT NULL ORDER BY T1.AvgScrMath + T1.AvgScrRead + T1.AvgScrWrite ASC LIMIT 1",200,True,Hrida-T2SQL,5,5,"What is the average math score of the school with the lowest average score for all subjects, and in which county is it located?",127,pass_k,bird_43,results/raw/Hrida-T2SQL_bird_pass_k_20260326_221644.jsonl
False,bird,"[false, false, false, false, false]",california_schools,data/bird/dev_databases/california_schools/california_schools.sqlite,moderate,False,grades 1-12 means K-12; Eligible free or reduced price meal rate for K-12 = `FRPM Count (K-12)` / `Enrollment (K-12)`,False,"near ""?"": syntax error","?>    SELECT cds, MAX(FRPMCount) FROM schools JOIN frpm USING (CDSCode) WHERE Charter = 0 GROUP BY cds ORDER BY FRPMCount DESC LIMIT 5<?",False,,SELECT CAST(T1.`FRPM Count (K-12)` AS REAL) / T1.`Enrollment (K-12)` FROM frpm AS T1 INNER JOIN schools AS T2 ON T1.CDSCode = T2.CDSCode WHERE T2.SOC = 66 ORDER BY T1.`FRPM Count (K-12)` DESC LIMIT 5,199,True,Hrida-T2SQL,5,5,What is the eligible free or reduced price meal rate for the top 5 schools in grades 1-12 with the highest free or reduced price meal count of the schools with the ownership code 66?,182,pass_k,bird_32,results/raw/Hrida-T2SQL_bird_pass_k_20260326_221644.jsonl
False,bird,"[false, false, false, false, false]",california_schools,data/bird/dev_databases/california_schools/california_schools.sqlite,moderate,False,Elementary School District refers to DOC = 52; Unified School District refers to DOC = 54.,False,no such table: districts,SELECT SUM(CASE WHEN s.StatusType = 'Unified School District' THEN 1 ELSE 0 END)/SUM(CASE WHEN p.StatusType = 'Elementary School District' THEN 1 ELSE 0 END) as ratio FROM schools s JOIN districts d ON d.CDSCode = s.CDSCode WHERE OrangeCounty LIKE '%' AND UnifiedSchoolDistrict = TRUE AND ElementarySchoolDistrict = FALSE,False,,SELECT CAST(SUM(CASE WHEN DOC = 54 THEN 1 ELSE 0 END) AS REAL) / SUM(CASE WHEN DOC = 52 THEN 1 ELSE 0 END) FROM schools WHERE StatusType = 'Merged' AND County = 'Orange',169,True,Hrida-T2SQL,5,5,What is the ratio of merged Unified School District schools in Orange County to merged Elementary School District schools?,122,pass_k,bird_48,results/raw/Hrida-T2SQL_bird_pass_k_20260326_221644.jsonl
False,bird,"[false, false, false, false, false]",california_schools,data/bird/dev_databases/california_schools/california_schools.sqlite,simple,False,K-12 refers to students in grades 1 through 12.,False,"unrecognized token: ""{""","{""sql"": ""?>   SELECT s.City, MIN(s.Enroll12) AS Min_Enrollment FROM schools s INNER JOIN frpm p ON s.CDSCode = p.CDSCode GROUP BY s.City HAVING COUNT(*) > 5 ORDER BY Min_Enrollment LIMIT 5;   <?",False,,SELECT T2.City FROM frpm AS T1 INNER JOIN schools AS T2 ON T1.CDSCode = T2.CDSCode GROUP BY T2.City ORDER BY SUM(T1.`Enrollment (K-12)`) ASC LIMIT 5,148,True,Hrida-T2SQL,5,5,Which cities have the top 5 lowest enrollment number for students in grades 1 through 12?,89,pass_k,bird_30,results/raw/Hrida-T2SQL_bird_pass_k_20260326_221644.jsonl
False,bird,"[false, false, false, false, false]",california_schools,data/bird/dev_databases/california_schools/california_schools.sqlite,simple,False,between 1/1/1980 and 12/31/1980 means the year = 1980,False,"near ""Grade"": syntax error",SELECT AVG(NumTstTakr) FROM satscores JOIN frpm ON satscores.cds = frpm.CDSCode WHERE frpm.County = 'Fresno' AND frpm.Low Grade >= 1980 AND frpm.High Grade <= 12/31/1980,False,,"SELECT AVG(T1.NumTstTakr) FROM satscores AS T1 INNER JOIN schools AS T2 ON T1.cds = T2.CDSCode WHERE strftime('%Y', T2.OpenDate) = '1980' AND T2.County = 'Fresno'",162,True,Hrida-T2SQL,5,5,What is the average number of test takers from Fresno schools that opened between 1/1/1980 and 12/31/1980?,106,pass_k,bird_39,results/raw/Hrida-T2SQL_bird_pass_k_20260326_221644.jsonl
False,bird,"[false, false, false, false, false]",california_schools,data/bird/dev_databases/california_schools/california_schools.sqlite,challenging,False,Difference between K-12 enrollment and 15-17 enrollment can be computed by `Enrollment (K-12)` - `Enrollment (Ages 5-17)`,False,no such column: schools.Name,"WITH AvgDiff AS (SELECT AVG(satscores.enroll15_7 - frpm.Enrollment) as avg_diff FROM satscores INNER JOIN frpm ON satscores.cds = frpm.CDSCode) SELECT schools.Name, schools.DOCType FROM schools INNER JOIN satscores ON schools.CDSCode = satscores.cds INNER JOIN frpm ON schools.CDSCode = frpm.CDSCode WHERE satscores.enroll15_7 - frpm.Enrollment > (SELECT avg_diff FROM AvgDiff) and schools.FundingType IN ('local', 'state', 'federal')",False,,"SELECT T2.School, T2.DOC FROM frpm AS T1 INNER JOIN schools AS T2 ON T1.CDSCode = T2.CDSCode WHERE T2.FundingType = 'Locally funded' AND (T1.`Enrollment (K-12)` - T1.`Enrollment (Ages 5-17)`) > (SELECT AVG(T3.`Enrollment (K-12)` - T3.`Enrollment (Ages 5-17)`) FROM frpm AS T3 INNER JOIN schools AS T4 ON T3.CDSCode = T4.CDSCode WHERE T4.FundingType = 'Locally funded')",368,True,Hrida-T2SQL,5,5,"Consider the average difference between K-12 enrollment and 15-17 enrollment of schools that are locally funded, list the names and DOC type of schools which has a difference above this average.",194,pass_k,bird_28,results/raw/Hrida-T2SQL_bird_pass_k_20260326_221644.jsonl
False,bird,"[false, false, false, false, false]",california_schools,data/bird/dev_databases/california_schools/california_schools.sqlite,simple,False,State Special Schools refers to DOC = 31; Grades 1 through 12 means K-12,False,"near ""?"": syntax error","?>   SELECT s.State, COUNT(*) as num_students FROM special_schools ss JOIN schools s ON ss.CDSCode = s.CDSCode WHERE s.StatusType = 'Special School' GROUP BY s.State ORDER BY num_students DESC; ?<",False,,SELECT T2.School FROM frpm AS T1 INNER JOIN schools AS T2 ON T1.CDSCode = T2.CDSCode WHERE T2.DOC = 31 ORDER BY T1.`Enrollment (K-12)` DESC LIMIT 1,147,True,Hrida-T2SQL,5,5,Which state special schools have the highest number of enrollees from grades 1 through 12?,90,pass_k,bird_46,results/raw/Hrida-T2SQL_bird_pass_k_20260326_221644.jsonl
False,bird,"[false, false, false, false, false]",california_schools,data/bird/dev_databases/california_schools/california_schools.sqlite,moderate,False,Elementary School District refers to DOC = 52; Monthly average number of schools that opened in 1980 = count(schools that opened in 1980) / 12,False,no such function: DATE_TRUNC,"SELECT DATE_TRUNC('month', LastUpdate) as Month, COUNT(*) as TotalSchools from schools WHERE County = 'Alameda' AND DistrictType = 'Elementary School District' AND DOCDate BETWEEN '1980-01-01' and '1980-12-31' GROUP BY Month ORDER BY Month",False,,"SELECT CAST(COUNT(School) AS REAL) / 12 FROM schools WHERE DOC = 52 AND County = 'Alameda' AND strftime('%Y', OpenDate) = '1980'",128,True,Hrida-T2SQL,5,5,What is the monthly average number of schools that opened in Alameda County under the jurisdiction of the Elementary School District in 1980?,141,pass_k,bird_47,results/raw/Hrida-T2SQL_bird_pass_k_20260326_221644.jsonl
False,bird,"[false, false, false, false, false]",california_schools,data/bird/dev_databases/california_schools/california_schools.sqlite,simple,False,Exclusively virtual refers to Virtual = 'F'; respective counties means PARTITION BY County,False,"near ""WITH"": syntax error","SELECT s.School FROM schools s JOIN (SELECT cdssalesc.cds, AVG(scores.AvgScrRead) avg_reading_score FROM students cdssalesc LEFT JOIN scores ON cdssalesc.cds = scores.CDSCode GROUP BY cdssalesc.cds ORDER BY avg_reading_score DESC LIMIT 5) top_schools ON s.CDSCode = top_schools.cds WHERE s.Virtual = 'Y' AND s.County IN (SELECT County FROM schools ss JOIN students START WITH ss.SchoolName LIKE '%Virtual%' GROUP BY ss.District ORDER BY SUM(scores.AvgScrRead) DESC LIMIT 5)",False,,"SELECT School FROM (SELECT T2.School,T1.AvgScrRead, RANK() OVER (PARTITION BY T2.County ORDER BY T1.AvgScrRead DESC) AS rnk FROM satscores AS T1 INNER JOIN schools AS T2 ON T1.cds = T2.CDSCode WHERE T2.Virtual = 'F' ) ranked_schools WHERE rnk <= 5",247,True,Hrida-T2SQL,5,5,List the names of virtual schools that are among the top 5 in their respective counties based on average reading scores.,120,pass_k,bird_41,results/raw/Hrida-T2SQL_bird_pass_k_20260326_221644.jsonl
False,bird,"[false, false, false, false, false]",california_schools,data/bird/dev_databases/california_schools/california_schools.sqlite,moderate,False,Ratio = count(schools in Colusa) / count(schools in Humboldt),False,no such column: Country,"SELECT COUNT(*) FROM schools WHERE State = 'CA' AND County IN ('Colusa', 'Humboldt') GROUP BY Country; -- Calculate the ratio as a separate operation",False,,SELECT CAST(SUM(CASE WHEN County = 'Colusa' THEN 1 ELSE 0 END) AS REAL) / SUM(CASE WHEN County = 'Humboldt' THEN 1 ELSE 0 END) FROM schools WHERE MailState = 'CA',162,True,Hrida-T2SQL,5,5,"Of the schools with a mailing state address in California, what is the ratio of the schools located in the county of Colusa against the school located in the county of Humboldt?",177,pass_k,bird_55,results/raw/Hrida-T2SQL_bird_pass_k_20260326_221644.jsonl
False,bird,"[false, false, false, false, false]",california_schools,data/bird/dev_databases/california_schools/california_schools.sqlite,moderate,False,"Usually, administrators manage the school stuff.",False,no such column: students.CDSCode,"SELECT schools.School AS SchoolName, AVG(satscores.AvgScrWrite) AS AvgWritingScore FROM schools JOIN satscores ON students.CDSCode = schools.CDSCode GROUP BY schools.School",False,,"SELECT T2.School, T1.AvgScrWrite FROM satscores AS T1 INNER JOIN schools AS T2 ON T1.cds = T2.CDSCode WHERE T2.AdmFName1 = 'Ricci' AND T2.AdmLName1 = 'Ulrich'",158,True,Hrida-T2SQL,5,5,What is the average writing score of each of the schools managed by Ricci Ulrich? List the schools and the corresponding average writing scores.,144,pass_k,bird_45,results/raw/Hrida-T2SQL_bird_pass_k_20260326_221644.jsonl
False,bird,"[false, false, false, false, false]",california_schools,data/bird/dev_databases/california_schools/california_schools.sqlite,moderate,False,Fresno Unified is a name of district;,False,,SELECT schools.Phone FROM schools INNER JOIN satscores ON schools.CDSCode = satscores.cds WHERE schools.County LIKE 'Fresno Unified%' ORDER BY satscores.AvgScrRead LIMIT 1,True,,SELECT T2.Phone FROM satscores AS T1 INNER JOIN schools AS T2 ON T1.cds = T2.CDSCode WHERE T2.District = 'Fresno Unified' AND T1.AvgScrRead IS NOT NULL ORDER BY T1.AvgScrRead ASC LIMIT 1,186,True,Hrida-T2SQL,5,5,What is the telephone number for the school with the lowest average score in reading in Fresno Unified?,103,pass_k,bird_40,results/raw/Hrida-T2SQL_bird_pass_k_20260326_221644.jsonl
False,bird,"[false, false, false, false, false]",california_schools,data/bird/dev_databases/california_schools/california_schools.sqlite,simple,False,"Chartered schools refer to Charter = 1 in the table schools; Full name refers to first name, last name",False,"unrecognized token: ""00D2""","SELECT schools.School, cities.City FROM satscores JOIN schools ON schools.CDSCode = '00D2' LEFT OUTER JOIN (SELECT SchoolName AS City FROM Admin WHERE CharterNum = 00D2) cities ON schools.School = cities.City",False,,"SELECT AdmFName1, AdmLName1, School, City FROM schools WHERE Charter = 1 AND CharterNum = '00D2'",96,True,Hrida-T2SQL,5,5,"In chartered schools with charter number 00D2, what are the names of all the administrators? Include the name of the school and the city to which it belongs",156,pass_k,bird_63,results/raw/Hrida-T2SQL_bird_pass_k_20260326_221644.jsonl
False,bird,"[false, false, false, false, false]",california_schools,data/bird/dev_databases/california_schools/california_schools.sqlite,simple,False,,False,no such table: amentities,"SELECT schools.CDSCode AS School, schools.Zip FROM schools INNER JOIN amentities ON schools.DOC = amentsities.DocID WHERE schools.AdminInCharter IS NULL AND charters.CharterNum LIKE 'AV%'",False,,"SELECT School, MailZip FROM schools WHERE AdmFName1 = 'Avetik' AND AdmLName1 = 'Atoian'",87,True,Hrida-T2SQL,5,5,Please specify all of the schools and their related mailing zip codes that are under Avetik Atoian's administration.,116,pass_k,bird_54,results/raw/Hrida-T2SQL_bird_pass_k_20260326_221644.jsonl
False,bird,"[false, false, false, false, false]",california_schools,data/bird/dev_databases/california_schools/california_schools.sqlite,simple,False,,False,"near ""LIMIT"": syntax error","SELECT schools.Phone, schools.Ext FROM (SELECT school, AVG(AvgScrWrite) OVER (PARTITION BY cds ORDER BY AvgScrWrite DESC LIMIT 1) as avgScore FROM satscores WHERE rtype = 'WR' GROUP BY school) AS subquery JOIN schools ON subquery.school = schools.CDSCode WHERE ROWNUM = 333",False,,"SELECT T2.Phone, T2.Ext FROM satscores AS T1 INNER JOIN schools AS T2 ON T1.cds = T2.CDSCode ORDER BY T1.AvgScrWrite DESC LIMIT 332, 1",134,True,Hrida-T2SQL,5,5,What is the phone number and extension number for the school that had the 333rd highest average writing score?,110,pass_k,bird_57,results/raw/Hrida-T2SQL_bird_pass_k_20260326_221644.jsonl
False,bird,"[false, false, false, false, false]",california_schools,data/bird/dev_databases/california_schools/california_schools.sqlite,simple,False,Total SAT scores can be computed by AvgScrRead + AvgScrMath + AvgScrWrite,False,"unrecognized token: ""{""","{""sql"": ""SELECT s.School FROM schools s JOIN satscores sc ON s.CDSCode = sc.cds WHERE sc.PctGE1500 >= 15 AND s.City = 'Lakeport'}",False,,SELECT COUNT(T1.cds) FROM satscores AS T1 INNER JOIN schools AS T2 ON T1.cds = T2.CDSCode WHERE T2.MailCity = 'Lakeport' AND (T1.AvgScrRead + T1.AvgScrMath + T1.AvgScrWrite) >= 1500,181,True,Hrida-T2SQL,5,5,What is the total number of schools whose total SAT scores are greater or equal to 1500 whose mailing city is Lakeport?,119,pass_k,bird_52,results/raw/Hrida-T2SQL_bird_pass_k_20260326_221644.jsonl
False,bird,"[false, false, false, false, false]",california_schools,data/bird/dev_databases/california_schools/california_schools.sqlite,moderate,False,Ratio in percentage = (count(locally funded schools in Santa Clara) / count(all funding type schools in Santa Clara) * 100%,False,no such column: Country,"SELECT ROUND(SUM(CASE WHEN FundingType = 'Local' THEN 1 ELSE 0 END) * 100 / COUNT(*) ,2) as Ratio FROM schools GROUP BY County HAVING Country <> (SELECT Country FROM schools WHERE CharterNum > 0 AND CharterFundingType != 'Local')",False,,SELECT CAST(SUM(CASE WHEN FundingType = 'Locally funded' THEN 1 ELSE 0 END) AS REAL) * 100 / SUM(CASE WHEN FundingType != 'Locally funded' THEN 1 ELSE 0 END) FROM schools WHERE County = 'Santa Clara' AND Charter = 1,215,True,Hrida-T2SQL,5,5,What is the ratio in percentage of Santa Clara County schools that are locally funded compared to all other types of charter school funding?,140,pass_k,bird_65,results/raw/Hrida-T2SQL_bird_pass_k_20260326_221644.jsonl
False,bird,"[false, false, false, false, false]",california_schools,data/bird/dev_databases/california_schools/california_schools.sqlite,simple,False,,False,"unrecognized token: ""00D4""",SELECT COUNT(*) FROM schools WHERE MailCity = 'Hickman' AND CharterNum = 00D4,False,,SELECT COUNT(*) FROM schools WHERE CharterNum = '00D4' AND MailCity = 'Hickman',79,True,Hrida-T2SQL,5,5,What is the total number of schools with a mailing city in Hickman belonging to the charter number 00D4?,104,pass_k,bird_64,results/raw/Hrida-T2SQL_bird_pass_k_20260326_221644.jsonl
False,bird,"[false, false, false, false, false]",california_schools,data/bird/dev_databases/california_schools/california_schools.sqlite,challenging,False,non-chartered schools refer to schools whose Charter = 0; K-12 means grades 1 through 12; percent of eligible free rate for K-12 = `Free Meal Count (K-12)` * 100 / `Enrollment (K-12)`,False,"near ""?"": syntax error","?>    SELECT COUNT(*) FROM frpm WHERE County = 'Los Angeles' AND Percent_%_Free_FRPM_K12 < 0.18 GROUP BY County;<?
} 4.936157345881043e-324",False,,SELECT COUNT(T2.School) FROM frpm AS T1 INNER JOIN schools AS T2 ON T1.CDSCode = T2.CDSCode WHERE T2.County = 'Los Angeles' AND T2.Charter = 0 AND CAST(T1.`Free Meal Count (K-12)` AS REAL) * 100 / T1.`Enrollment (K-12)` < 0.18,226,True,Hrida-T2SQL,5,5,What is the total number of non-chartered schools in the county of Los Angeles with a percent (%) of eligible free meals for grades 1 through 12 that is less than 0.18%?,169,pass_k,bird_62,results/raw/Hrida-T2SQL_bird_pass_k_20260326_221644.jsonl
False,bird,"[false, false, false, false, false]",california_schools,data/bird/dev_databases/california_schools/california_schools.sqlite,simple,False,,False,"unrecognized token: ""{""","{""sql"": ""?>   SELECT COUNT(*) FROM schools WHERE County = 'Alpine' AND StatusType IN (1805, 1809) ?",False,,SELECT COUNT(School) FROM schools WHERE (StatusType = 'Closed' OR StatusType = 'Active') AND SOC = 69 AND County = 'Alpine',123,True,Hrida-T2SQL,5,5,How many active and closed District Community Day Schools are there in the county of Alpine?,92,pass_k,bird_70,results/raw/Hrida-T2SQL_bird_pass_k_20260326_221644.jsonl
False,bird,"[false, false, false, false, false]",california_schools,data/bird/dev_databases/california_schools/california_schools.sqlite,simple,False,"When magent is equal to 0 in the database, it means ths school doesn't offer a magnet program.",False,no such table: magnet,SELECT s.DistrictCode FROM schools s WHERE s.City = 'Fresno' AND NOT EXISTS (SELECT * FROM magnet s2 WHERE s2.School = s.School) GROUP BY s.DistrictCode,False,,SELECT T1.`District Code` FROM frpm AS T1 INNER JOIN schools AS T2 ON T1.CDSCode = T2.CDSCode WHERE T2.City = 'Fresno' AND T2.Magnet = 0,136,True,Hrida-T2SQL,5,5,What is the district code for the School that does not offer a magnet program in the city of Fresno?,100,pass_k,bird_71,results/raw/Hrida-T2SQL_bird_pass_k_20260326_221644.jsonl
False,bird,"[false, false, false, false, false]",california_schools,data/bird/dev_databases/california_schools/california_schools.sqlite,moderate,False,State Special School means EdOpsCode = 'SSS',False,"unrecognized token: ""{""","{""sql"": ""SELECT enrollment_5_17 FROM schools s JOIN frpm r ON (s.CDSCode = r.CDSCode) WHERE school_name = 'State Special School' AND county = 'Fremont' AND academic_year = '2014-15'}",False,,SELECT T1.`Enrollment (Ages 5-17)` FROM frpm AS T1 INNER JOIN schools AS T2 ON T1.CDSCode = T2.CDSCode WHERE T2.EdOpsCode = 'SSS' AND T2.City = 'Fremont' AND T1.`Academic Year` BETWEEN 2014 AND 2015,198,True,Hrida-T2SQL,5,5,How many students from the ages of 5 to 17 are enrolled at the State Special School school in Fremont for the 2014-2015 academic year?,134,pass_k,bird_72,results/raw/Hrida-T2SQL_bird_pass_k_20260326_221644.jsonl
False,bird,"[false, false, false, false, false]",california_schools,data/bird/dev_databases/california_schools/california_schools.sqlite,simple,False,,False,no such table: admins,"SELECT Schools.Website FROM schools INNER JOIN admins ON schools.CDSCode = admins.CDSCode WHERE admin_name IN ('Mike Larson', 'Dante Alvarez') GROUP BY Schools.Website",False,,SELECT Website FROM schools WHERE (AdmFName1 = 'Mike' AND AdmLName1 = 'Larson') OR (AdmFName1 = 'Dante' AND AdmLName1 = 'Alvarez'),130,True,Hrida-T2SQL,5,5,What is the website for the schools under the administrations of Mike Larson and Dante Alvarez?,95,pass_k,bird_59,results/raw/Hrida-T2SQL_bird_pass_k_20260326_221644.jsonl
False,bird,"[false, false, false, false, false]",california_schools,data/bird/dev_databases/california_schools/california_schools.sqlite,simple,False,,False,no such column: schools.School,SELECT schools.School FROM frpm INNER JOIN satscores ON frpm.CDSCode = satscores.cds WHERE FPMTYPE LIKE '%Breakfast%' AND CountyCode=37 GROUP BY School,False,,"SELECT T2.EILName, T2.School FROM frpm AS T1 INNER JOIN schools AS T2 ON T1.CDSCode = T2.CDSCode WHERE T1.`NSLP Provision Status` = 'Breakfast Provision 2' AND T1.`County Code` = 37",181,True,Hrida-T2SQL,5,5,What is the educational level name for the schools with Breakfast Provision 2 in county code 37? Indicate the name of the school.,129,pass_k,bird_75,results/raw/Hrida-T2SQL_bird_pass_k_20260326_221644.jsonl
False,bird,"[false, false, false, false, false]",california_schools,data/bird/dev_databases/california_schools/california_schools.sqlite,moderate,False,Youth Authority Facilities (CEA) refers to SOC = 11; 1980s = years between 1980 and 1989,False,"near ""?"": syntax error","?>   SELECT s.County, COUNT(*) as closure_count FROM schools sa INNER JOIN frpm r ON sa.CDSCode = r.CDSCode AND r.CharterSchoolStatus = 'CEA' WHERE r.Year >= 1980 AND r.Year <= 1989 GROUP BY s.County ORDER BY closure_count DESC LIMIT 1;   ?<",False,,"SELECT County FROM schools WHERE strftime('%Y', ClosedDate) BETWEEN '1980' AND '1989' AND StatusType = 'Closed' AND SOC = 11 GROUP BY County ORDER BY COUNT(School) DESC LIMIT 1",176,True,Hrida-T2SQL,5,5,Which county reported the most number of school closure in the 1980s with school wonership code belonging to Youth Authority Facilities (CEA)?,142,pass_k,bird_68,results/raw/Hrida-T2SQL_bird_pass_k_20260326_221644.jsonl
False,bird,"[false, false, false, false, false]",california_schools,data/bird/dev_databases/california_schools/california_schools.sqlite,simple,False,,False,,SELECT satscores.enroll12 FROM schools INNER JOIN satscores ON schools.CDSCode = satscores.cds WHERE schools.City = 'Fresno' LIMIT 10,True,,SELECT T1.NumTstTakr FROM satscores AS T1 INNER JOIN schools AS T2 ON T1.cds = T2.CDSCode WHERE T2.MailCity = 'Fresno',118,True,Hrida-T2SQL,5,5,How many test takers are there at the school/s whose mailing city address is in Fresno?,87,pass_k,bird_53,results/raw/Hrida-T2SQL_bird_pass_k_20260326_221644.jsonl
False,bird,"[false, false, false, false, false]",california_schools,data/bird/dev_databases/california_schools/california_schools.sqlite,simple,False,,False,"unrecognized token: ""{""","{""sql"": ""?>    SELECT YA_Schools.CDSCode AS school_name, FLPScores.Enroll12 as enrollment, FLPScores.FRPMCountK12 as FRPMCntK12, FLPScores.FRMPCntAges5to17 as FRPMAges5to17 from YA_Schools INNER JOIN FLPScores ON YA_Schools.CDSCode = FLPScores.CDS where SchoolName='Youth Authority School' and MailStreet LIKE 'PO Box 1040%' and FRPMAges5to17 is not null",False,,SELECT T1.`FRPM Count (Ages 5-17)` FROM frpm AS T1 INNER JOIN schools AS T2 ON T1.CDSCode = T2.CDSCode WHERE T2.MailStreet = 'PO Box 1040' AND T2.SOCType = 'Youth Authority Facilities',184,True,Hrida-T2SQL,5,5,What is the free or reduced price meal count for ages 5 to 17 in the Youth Authority School with a mailing street address of PO Box 1040?,137,pass_k,bird_73,results/raw/Hrida-T2SQL_bird_pass_k_20260326_221644.jsonl
False,bird,"[false, false, false, false, false]",california_schools,data/bird/dev_databases/california_schools/california_schools.sqlite,moderate,False,High school can be represented as EILCode = 'HS',False,"unrecognized token: ""}""",SELECT c.City FROM schools s JOIN frpm f ON s.CDSCode = f.CDSCode WHERE LowGrade = '9' AND HighGrade = '12' AND LunchProvisionStatus = '2' AND Merced IS TRUE GROUP BY City}},False,,SELECT T2.City FROM frpm AS T1 INNER JOIN schools AS T2 ON T1.CDSCode = T2.CDSCode WHERE T1.`NSLP Provision Status` = 'Lunch Provision 2' AND T2.County = 'Merced' AND T1.`Low Grade` = 9 AND T1.`High Grade` = 12 AND T2.EILCode = 'HS',232,True,Hrida-T2SQL,5,5,What is the city location of the high school level school with Lunch Provision 2 whose lowest grade is 9 and the highest grade is 12 in the county of Merced?,157,pass_k,bird_76,results/raw/Hrida-T2SQL_bird_pass_k_20260326_221644.jsonl
False,bird,"[false, false, false, false, false]",california_schools,data/bird/dev_databases/california_schools/california_schools.sqlite,challenging,False,Kindergarten to 8th grade refers to K-8; 'Offers a magnet program' means Magnet = 1; Multiple Provision Types refers to `NSLP Provision Status` = 'Multiple Provision Types',False,"near ""?"": syntax error","?>   SELECT COUNT(DISTINCT s.CDSCode), DISTINCT ct.City FROM schools s INNER JOIN charter_programs cp ON s.CDSCode = cp.Cds LEFT JOIN city_offering co ON s.CDSCode = co.CDS INNER JOIN county_district_service cdss ON s.CDSCode = cdss.cds WHERE cp.Magnet = 1 AND (sd.LowGrade IS NULL OR sd.HighGrade IS NOT NULL) GROUP BY ct.City, s.CDSCode, co.County, co.District, co.School, cp.ProvisionType; ?>",False,,"SELECT T2.City, COUNT(T2.CDSCode) FROM frpm AS T1 INNER JOIN schools AS T2 ON T1.CDSCode = T2.CDSCode WHERE T2.Magnet = 1 AND T2.GSoffered = 'K-8' AND T1.`NSLP Provision Status` = 'Multiple Provision Types' GROUP BY T2.City",223,True,Hrida-T2SQL,5,5,"Of the schools that offers a magnet program serving a grade span of Kindergarten to 8th grade, how many offers Multiple Provision Types? List the number of cities that offers a Kindergarten to 8th grade span and indicate how many schools are there serving such grade span for each city.",286,pass_k,bird_83,results/raw/Hrida-T2SQL_bird_pass_k_20260326_221644.jsonl
False,bird,"[false, false, false, false, false]",california_schools,data/bird/dev_databases/california_schools/california_schools.sqlite,simple,False,Elementary School District refers to DOC = 52; Chartered schools refer to Charter = 1 in the table schools,False,no such function: CharterSchool,SELECT COUNT(*) FROM frpm JOIN schools ON frpm.CDSCode = schools.CDSCode WHERE Schools.StatusType = '5' AND City = 'Hickman' AND CharterSchool(Y/N) = 1 and ElementarySchoolDistrict(Y/N) = 1,False,,SELECT COUNT(School) FROM schools WHERE DOC = 52 AND Charter = 1 AND City = 'Hickman',85,True,Hrida-T2SQL,5,5,How many chartered schools located in the city of Hickman are owned by the Elementary School District?,102,pass_k,bird_61,results/raw/Hrida-T2SQL_bird_pass_k_20260326_221644.jsonl
True,bird,"[false, true, true, true, true]",california_schools,data/bird/dev_databases/california_schools/california_schools.sqlite,simple,False,,False,no such column: LowGradeBetween2000And3000,SELECT schools.Website FROM schools JOIN satscores ON schools.CDSCode = satscores.cds WHERE County = 'Los Angeles' AND LowGradeBetween2000And3000 = 1 GROUP BY schools.School,False,,SELECT T2.Website FROM satscores AS T1 INNER JOIN schools AS T2 ON T1.cds = T2.CDSCode WHERE T1.NumTstTakr BETWEEN 2000 AND 3000 AND T2.County = 'Los Angeles',158,True,Hrida-T2SQL,5,5,"What are the webpages for the Los Angeles County school that has between 2,000 and 3,000 test takers?",101,pass_k,bird_38,results/raw/Hrida-T2SQL_bird_pass_k_20260326_221644.jsonl
False,bird,"[false, false, false, false, false]",california_schools,data/bird/dev_databases/california_schools/california_schools.sqlite,moderate,False,Closure date and closed date are synonyms; 'Closed' was mentioned in schools.StatusType.,False,no such table: districts,"SELECT c.CountyName, s.SchoolName, d.DistrictType, d.DistrictName, CONVERT(VARCHAR, SATScores.LastUpdate, 103) AS ClosureDate FROM schools s JOIN districts d ON s.CDSCode = d.CDSCode LEFT JOIN county c ON s.CountyCode = c.CountyCode WHERE s.StatusType IS NULL GROUP BY c.CountyName, s.SchoolName, d.DistrictType, d.DistrictName ORDER BY COUNT(*) DESC LIMIT 1",False,,"SELECT DISTINCT County, School, ClosedDate FROM schools WHERE County = ( SELECT County FROM schools WHERE StatusType = 'Closed' GROUP BY County ORDER BY COUNT(School) DESC LIMIT 1 ) AND StatusType = 'Closed' AND school IS NOT NULL",230,True,Hrida-T2SQL,5,5,Which different county has the most number of closed schools? Please provide the name of each school as well as the closure date.,129,pass_k,bird_49,results/raw/Hrida-T2SQL_bird_pass_k_20260326_221644.jsonl
False,bird,"[false, false, false, false, false]",california_schools,data/bird/dev_databases/california_schools/california_schools.sqlite,simple,False,Virtual = 'P' means partially virtual; Charter schools refers to Charter = 1 in the table schools,False,"unrecognized token: ""{""","{""sql"": ""?>   SELECT s.School as Website FROM schools s INNER JOIN frpm fs ON s.CDSCode = fs.CDSCode WHERE fs.CharterSchoolCount > 0 AND fs.CharterSchoolNum IS NOT NULL AND fs.CharterType = 'Partially Virtual' AND fs.DistrictType != 'Virtual' AND fs.County = 'San Joaquin' ORDER BY s.School; <?",False,,SELECT Website FROM schools WHERE County = 'San Joaquin' AND Virtual = 'P' AND Charter = 1,90,True,Hrida-T2SQL,5,5,What are the websites for all the partially virtual chartered schools located in San Joaquin?,93,pass_k,bird_60,results/raw/Hrida-T2SQL_bird_pass_k_20260326_221644.jsonl
False,bird,"[false, false, false, false, false]",california_schools,data/bird/dev_databases/california_schools/california_schools.sqlite,simple,False,,False,no such function: YEAR,"SELECT SUM(CASE WHEN ClosedDate IS NOT NULL AND City = 'San Francisco' AND YEAR(ClosedDate) = 1989 THEN 1 ELSE 0 END) AS Total_CCD_Closures FROM schools, satscores WHERE DOC LIKE '%community%college%' OR DOC LIKE '%community%colleges%' GROUP BY City",False,,"SELECT COUNT(School) FROM schools WHERE strftime('%Y', ClosedDate) = '1989' AND City = 'San Francisco' AND DOCType = 'Community College District'",145,True,Hrida-T2SQL,5,5,What is the total amount of Community College District closure in 1989 in the city of San Francisco?,100,pass_k,bird_67,results/raw/Hrida-T2SQL_bird_pass_k_20260326_221644.jsonl
False,bird,"[false, false, false, false, false]",california_schools,data/bird/dev_databases/california_schools/california_schools.sqlite,moderate,False,District Special Education Consortia School refers to EdOpsCode = 'SPECON'.,False,no such column: Grade,SELECT Grade FROM frpm WHERE SchoolCode = '0613360' AND SchoolType = 'National Center for Educational Statistics',False,,SELECT MIN(T1.`Low Grade`) FROM frpm AS T1 INNER JOIN schools AS T2 ON T1.CDSCode = T2.CDSCode WHERE T2.NCESDist = '0613360' AND T2.EdOpsCode = 'SPECON',152,True,Hrida-T2SQL,5,5,What is the lowest grade for the District Special Education Consortia School with National Center for Educational Statistics school district identification number of 0613360?,174,pass_k,bird_74,results/raw/Hrida-T2SQL_bird_pass_k_20260326_221644.jsonl
False,bird,"[false, false, false, false, false]",california_schools,data/bird/dev_databases/california_schools/california_schools.sqlite,simple,False,,False,"unrecognized token: ""{""","{""sql"": ""SELECT COUNT(*) FROM schools WHERE State = 'CA' AND City = 'San Joaquin' AND (OpenDate <= CURRENT_DATE OR ClosedDate IS NULL) and MailStreet LIKE '%San Joaquin%'}",False,,SELECT COUNT(CDSCode) FROM schools WHERE City = 'San Joaquin' AND MailState = 'CA' AND StatusType = 'Active',108,True,Hrida-T2SQL,5,5,"Of all the schools with a mailing state address in California, how many are active in San Joaquin city?",103,pass_k,bird_56,results/raw/Hrida-T2SQL_bird_pass_k_20260326_221644.jsonl
False,bird,"[false, false, false, false, false]",california_schools,data/bird/dev_databases/california_schools/california_schools.sqlite,simple,False,Directly funded schools refers to FundingType = 'Directly Funded',False,"near ""?"": syntax error",?>    SELECT COUNT(*) FROM schools WHERE OpenDate BETWEEN '2000-01-01' AND '2005-12-31' AND State = 'California' GROUP BY Schools.County; ?<,False,,"SELECT COUNT(School) FROM schools WHERE strftime('%Y', OpenDate) BETWEEN '2000' AND '2005' AND County = 'Stanislaus' AND FundingType = 'Directly funded'",152,True,Hrida-T2SQL,5,5,"Between 1/1/2000 to 12/31/2005, how many directly funded schools opened in the county of Stanislaus?",100,pass_k,bird_66,results/raw/Hrida-T2SQL_bird_pass_k_20260326_221644.jsonl
False,bird,"[false, false, false, false, false]",california_schools,data/bird/dev_databases/california_schools/california_schools.sqlite,simple,False,,False,"near ""?"": syntax error","?>    SELECT s.Name AS School_Name, AVG(s2.NumTstTakr) AS Avg_Test_Scores FROM schools s JOIN schools s2 ON s.CDSCode = s2.CDSCode AND s2.AvgScrRead >= 1500 GROUP BY s.CDSCode ORDER BY AVG(s2.NumTstTakr) DESC LIMIT 1;    ?<",False,,"SELECT T2.AdmEmail1, T2.School FROM satscores AS T1 INNER JOIN schools AS T2 ON T1.cds = T2.CDSCode ORDER BY T1.NumGE1500 DESC LIMIT 1",134,True,Hrida-T2SQL,5,5,What is the administrator's email address for the school with the highest number of test takers who received SAT scores of at least 1500?Provide the name of the school.,168,pass_k,bird_88,results/raw/Hrida-T2SQL_bird_pass_k_20260326_221644.jsonl
False,bird,"[false, false, false, false, false]",financial,data/bird/dev_databases/financial/financial.sqlite,simple,False,A3 contains the data of region,False,no such column: id,SELECT COUNT(*) FROM account WHERE district_id IN (SELECT id FROM district WHERE A1 = 'Prague') AND EXISTS (SELECT * FROM loan WHERE account_id = account.account_id),False,,SELECT COUNT(T1.account_id) FROM account AS T1 INNER JOIN loan AS T2 ON T1.account_id = T2.account_id INNER JOIN district AS T3 ON T1.district_id = T3.district_id WHERE T3.A3 = 'Prague',185,True,Hrida-T2SQL,5,5,How many accounts who have region in Prague are eligible for loans?,67,pass_k,bird_90,results/raw/Hrida-T2SQL_bird_pass_k_20260326_221644.jsonl
False,bird,"[false, false, false, false, false]",financial,data/bird/dev_databases/financial/financial.sqlite,moderate,False,A3 contains the data of region; 'POPLATEK PO OBRATU' represents for 'issuance after transaction'.,False,"near ""ALL"": syntax error",SELECT COUNT(*) FROM account a JOIN trans t ON a.account_id = t.account_id WHERE a.district_id = (SELECT district_id FROM district where A2 = 'East Bohemia') AND t.trans_type LIKE '%issue%' AND a.date >= ALL (SELECT date FROM trans WHERE account_id = a.account_id AND trans_type LIKE '%transaction%'),False,,SELECT COUNT(T2.account_id) FROM district AS T1 INNER JOIN account AS T2 ON T1.district_id = T2.district_id WHERE T1.A3 = 'east Bohemia' AND T2.frequency = 'POPLATEK PO OBRATU',176,True,Hrida-T2SQL,5,5,How many accounts who choose issuance after transaction are staying in East Bohemia region?,91,pass_k,bird_89,results/raw/Hrida-T2SQL_bird_pass_k_20260326_221644.jsonl
False,bird,"[false, false, false, false, false]",financial,data/bird/dev_databases/financial/financial.sqlite,simple,False,A12 refers to unemploymant rate 1995; A13 refers to unemploymant rate 1996,False,no such column: district_id,"SELECT district_id, AVG(CASE WHEN YEAR(date) = 1995 THEN k_symbol ELSE NULL END), AVG(CASE WHEN YEAR(date) = 1996 THEN k_symbol ELSE NULL END) FROM trans GROUP BY account_id HAVING COUNT(*) = 2",False,,"SELECT DISTINCT IIF(AVG(A13) > AVG(A12), '1996', '1995') FROM district",70,True,Hrida-T2SQL,5,5,"The average unemployment ratio of 1995 and 1996, which one has higher percentage?",81,pass_k,bird_91,results/raw/Hrida-T2SQL_bird_pass_k_20260326_221644.jsonl
False,bird,"[false, false, false, false, false]",california_schools,data/bird/dev_databases/california_schools/california_schools.sqlite,simple,False,,False,,"SELECT schools.Phone, schools.Ext FROM schools WHERE zip = '95203-3704'",True,,"SELECT Phone, Ext, School FROM schools WHERE Zip = '95203-3704'",63,True,Hrida-T2SQL,5,5,What is the phone number and extension number for the school with the zip code 95203-3704? Indicate the school's name.,118,pass_k,bird_58,results/raw/Hrida-T2SQL_bird_pass_k_20260326_221644.jsonl
False,bird,"[false, false, false, false, false]",california_schools,data/bird/dev_databases/california_schools/california_schools.sqlite,moderate,False,Percent (%) Eligible FRPM (Ages 5-17) can be acquired by `FRPM Count (Ages 5-17)` / `Enrollment (Ages 5-17)` * 100,False,"unrecognized token: ""{""","{""sql"": ""?>    SELECT s.CDSCode, s.Percent (%) Eligible FRPM (Ages 5-17) FROM satscores ss JOIN schools s ON ss.cds = s.CDSCode WHERE s.County = 'Los Angeles' AND s.Rtype LIKE '%Kindergarten%9th Grade%'",False,,"SELECT T2.School, T1.`FRPM Count (Ages 5-17)` * 100 / T1.`Enrollment (Ages 5-17)` FROM frpm AS T1 INNER JOIN schools AS T2 ON T1.CDSCode = T2.CDSCode WHERE T2.County = 'Los Angeles' AND T2.GSserved = 'K-9'",205,True,Hrida-T2SQL,5,5,Which schools served a grade span of Kindergarten to 9th grade in the county of Los Angeles and what is its Percent (%) Eligible FRPM (Ages 5-17)?,146,pass_k,bird_77,results/raw/Hrida-T2SQL_bird_pass_k_20260326_221644.jsonl
False,bird,"[false, false, false, false, false]",financial,data/bird/dev_databases/financial/financial.sqlite,moderate,False,"If the person A's birthdate < B's birthdate, it means that person B is younger than person A; A11 refers to average salary",False,no such column: b.amount,SELECT a.account_id FROM account a JOIN client c ON a.district_id = c.district_id GROUP BY c.client_id HAVING AVG(a.frequency) = (SELECT MAX(avg_salary) FROM (SELECT AVG(b.amount/1000) AS avg_salary FROM client c JOIN account a ON c.district_id = a.district_id GROUP BY c.client_id)),False,,"SELECT T1.account_id  FROM account AS T1 INNER JOIN disp AS T2 ON T1.account_id = T2.account_id INNER JOIN client AS T3 ON T2.client_id = T3.client_id INNER JOIN district AS T4 on T4.district_id = T1.district_id WHERE T2.client_id = ( SELECT client_id FROM client ORDER BY birth_date DESC LIMIT 1) GROUP BY T4.A11, T1.account_id",328,True,Hrida-T2SQL,5,5,List out the account numbers of clients who are youngest and have highest average salary?,89,pass_k,bird_95,results/raw/Hrida-T2SQL_bird_pass_k_20260326_221644.jsonl
False,bird,"[false, false, false, false, false]",california_schools,data/bird/dev_databases/california_schools/california_schools.sqlite,moderate,False,'Does not offer physical building' means Virtual = F in the database.,False,no such column: CHARITY,"SELECT schools.County, COUNT(*) FROM schools WHERE CHARITY = FALSE AND CDSCode IN (SELECT CDSCode FROM frpm WHERE county_code LIKE 'California%' AND school_type IS NULL) GROUP BY schools.County ORDER BY COUNT(*) DESC LIMIT 1",False,,"SELECT County, COUNT(Virtual) FROM schools WHERE (County = 'San Diego' OR County = 'Santa Barbara') AND Virtual = 'F' GROUP BY County ORDER BY COUNT(Virtual) DESC LIMIT 1",170,True,Hrida-T2SQL,5,5,"Between San Diego and Santa Barbara, which county offers the most number of schools that does not offer physical building? Indicate the amount.",143,pass_k,bird_79,results/raw/Hrida-T2SQL_bird_pass_k_20260326_221644.jsonl
False,bird,"[false, false, false, false, false]",california_schools,data/bird/dev_databases/california_schools/california_schools.sqlite,simple,False,the highest longitude refers to the school with the maximum absolute longitude value.,False,"unrecognized token: ""{""","{""sql"": ""?>    SELECT s.SchoolName, MIN(satscores.Rtype), MAX(satscores.Rtype) FROM schools AS s INNER JOIN satscores ON s.CDSCode = satscores.cds GROUP BY s.SchoolName",False,,SELECT GSoffered FROM schools ORDER BY ABS(longitude) DESC LIMIT 1,66,True,Hrida-T2SQL,5,5,What is the grade span offered in the school with the highest longitude?,72,pass_k,bird_82,results/raw/Hrida-T2SQL_bird_pass_k_20260326_221644.jsonl
False,bird,"[false, false, false, false, false]",financial,data/bird/dev_databases/financial/financial.sqlite,challenging,False,"Female means gender = 'F'; A11 refers to average salary; Gap = highest average salary - lowest average salary; If the person A's birthdate > B's birthdate, it means that person B is order than person A.",False,"near "">>"": syntax error",">> SELECT account_id FROM client WHERE gender = 'female' AND date >= ALL(SELECT MIN(date) FROM client GROUP BY district_id HAVING COUNT(*) > 1), AVG(amount) OVER (PARTITION BY type ORDER BY amount ASC ROWS BETWEEN UNBOUNDED PRECEDING AND CURRENT ROW) as avg_salary, MAX(amount) OVER () as max_avg_salary FROM loan WHERE client.district_id = account.district_id HAVING AVG(amount) < (SELECT MAX(avg_salary) FROM (SELECT type, AVG(amount) AS avg_salary FROM client INNER JOIN account ON client.client_id = account.account_id GROUP BY type))",False,,"SELECT T1.account_id , ( SELECT MAX(A11) - MIN(A11) FROM district ) FROM account AS T1 INNER JOIN district AS T2 ON T1.district_id = T2.district_id INNER JOIN disp AS T3 ON T1.account_id = T3.account_id INNER JOIN client AS T4 ON T3.client_id = T4.client_id WHERE T2.district_id = ( SELECT district_id FROM client WHERE gender = 'F' ORDER BY birth_date ASC LIMIT 1 ) ORDER BY T2.A11 DESC LIMIT 1",395,True,Hrida-T2SQL,5,5,"List out the account numbers of female clients who are oldest and has lowest average salary, calculate the gap between this lowest average salary with the highest average salary?",178,pass_k,bird_94,results/raw/Hrida-T2SQL_bird_pass_k_20260326_221644.jsonl
False,bird,"[false, false, false, false, false]",financial,data/bird/dev_databases/financial/financial.sqlite,simple,False,A11 refers to average salary; Female mapps to gender = 'F',False,ambiguous column name: district_id,SELECT district_id FROM district JOIN client ON district.district_id = client.district_id GROUP BY district_id HAVING AVG(1000 * account.frequency / 365) > 6000 AND COUNT(*) > 1,False,,SELECT COUNT(DISTINCT T2.district_id)  FROM client AS T1 INNER JOIN district AS T2 ON T1.district_id = T2.district_id WHERE T1.gender = 'F' AND T2.A11 BETWEEN 6000 AND 10000,173,True,Hrida-T2SQL,5,5,List out the no. of districts that have female average salary is more than 6000 but less than 10000?,100,pass_k,bird_92,results/raw/Hrida-T2SQL_bird_pass_k_20260326_221644.jsonl
False,bird,"[false, false, false, false, false]",financial,data/bird/dev_databases/financial/financial.sqlite,moderate,False,Male means that gender = 'M'; A3 refers to region; A11 pertains to average salary.,False,no such column: account.frequency,SELECT COUNT(*) FROM client WHERE gender = 'male' AND district_id IN (SELECT district_id FROM district WHERE A8 = 0) AND account.frequency > 7500,False,,SELECT COUNT(T1.client_id) FROM client AS T1 INNER JOIN district AS T2 ON T1.district_id = T2.district_id WHERE T1.gender = 'M' AND T2.A3 = 'north Bohemia' AND T2.A11 > 8000,173,True,Hrida-T2SQL,5,5,How many male customers who are living in North Bohemia have average salary greater than 8000?,94,pass_k,bird_93,results/raw/Hrida-T2SQL_bird_pass_k_20260326_221644.jsonl
False,bird,"[false, false, false, false, false]",california_schools,data/bird/dev_databases/california_schools/california_schools.sqlite,simple,False,,False,no such table: charter_schools,"SELECT schools.LastUpdate, schools.District, schools.County, schools.School FROM schools JOIN charter_schools ON schools.CDSCode = charter_schools.CharterNum WHERE charter_schools.CatalogNo = '40' LIMIT 1",False,,"SELECT AdmLName1, District, County, School FROM schools WHERE CharterNum = '0040'",81,True,Hrida-T2SQL,5,5,"What is the administrator's last name that oversees the school with Charter number 40? Indicate the district, the county where the school is situated, and the name of the school.",178,pass_k,bird_86,results/raw/Hrida-T2SQL_bird_pass_k_20260326_221644.jsonl
False,bird,"[false, false, false, false, false]",financial,data/bird/dev_databases/financial/financial.sqlite,simple,False,'POPLATEK TYDNE' stands for weekly issuance,False,"unrecognized token: ""}""",SELECT COUNT(*) FROM client WHERE gender = 'Owner' AND frequency = 'weekly'},False,,SELECT COUNT(T1.account_id) FROM account AS T1 INNER JOIN disp AS T2 ON T1.account_id = T2.account_id WHERE T2.type = 'OWNER' AND T1.frequency = 'POPLATEK TYDNE',161,True,Hrida-T2SQL,5,5,How many customers who choose statement of weekly issuance are Owner?,69,pass_k,bird_96,results/raw/Hrida-T2SQL_bird_pass_k_20260326_221644.jsonl
False,bird,"[false, false, false, false, false]",california_schools,data/bird/dev_databases/california_schools/california_schools.sqlite,challenging,False,Intermediate/Middle Schools refers to SOC = 62; Unified School refers to DOC = 54; years between 2009 and 2010 can refer to 'between 1/1/2009 to 12/31/2010',False,"unrecognized token: ""{""","{""sql"": ""SELECT S.AdmEmail1 FROM schools S JOIN satscores SAT ON SAT.cds = S.cds WHERE S.County = 'San Bernardino' AND City = 'San Bernardino City Unified' AND (S.Type IN ('Intermediate', 'Middle School') OR S.Type IN ('Unified')) AND OpenDate >= '2009-01-01' AND ClosedDate <= '2010-12-31'}",False,,"SELECT T2.AdmEmail1, T2.AdmEmail2 FROM frpm AS T1 INNER JOIN schools AS T2 ON T1.CDSCode = T2.CDSCode WHERE T2.County = 'San Bernardino' AND T2.City = 'San Bernardino' AND T2.DOC = 54 AND strftime('%Y', T2.OpenDate) BETWEEN '2009' AND '2010' AND T2.SOC = 62",257,True,Hrida-T2SQL,5,5,"What are the valid e-mail addresses of the administrator of the school located in the San Bernardino county, City of San Bernardino City Unified that opened between 1/1/2009 to 12/31/2010 whose school types are public Intermediate/Middle Schools and Unified Schools?",266,pass_k,bird_87,results/raw/Hrida-T2SQL_bird_pass_k_20260326_221644.jsonl
False,bird,"[false, false, false, false, false]",financial,data/bird/dev_databases/financial/financial.sqlite,simple,False,'POPLATEK PO OBRATU' stands for issuance after transaction,False,"near ""order"": syntax error",SELECT t.trans_id FROM trans t INNER JOIN client c ON t.account_id = c.client_id WHERE t.date > (SELECT MAX(o.order_time) FROM order o INNER JOIN card ca ON o.bank_to = ca.type GROUP BY ca.card_id HAVING SUM(o.amount) > 0),False,,SELECT T2.client_id FROM account AS T1 INNER JOIN disp AS T2 ON T1.account_id = T2.account_id WHERE T1.frequency = 'POPLATEK PO OBRATU' AND T2.type = 'DISPONENT',161,True,Hrida-T2SQL,5,5,List out the id number of client who choose statement of issuance after transaction are Disponent?,98,pass_k,bird_97,results/raw/Hrida-T2SQL_bird_pass_k_20260326_221644.jsonl
False,bird,"[false, false, false, false, false]",california_schools,data/bird/dev_databases/california_schools/california_schools.sqlite,moderate,False,Percent (%) Eligible Free (K-12) = `Free Meal Count (K-12)` / `Enrollment (K-12)` * 100%,False,no such column: schools.DistrictCode,SELECT schools.DistrictCode FROM schools INNER JOIN satscores ON schools.CDSCode = satscores.cds WHERE first_name_of_administrator = 'Alusine' AND SchoolType = 'Public School' LIMIT 1,False,,"SELECT T1.`Free Meal Count (K-12)` * 100 / T1.`Enrollment (K-12)`, T1.`District Code` FROM frpm AS T1 INNER JOIN schools AS T2 ON T1.CDSCode = T2.CDSCode WHERE T2.AdmFName1 = 'Alusine'",184,True,Hrida-T2SQL,5,5,What is the Percent (%) Eligible Free (K-12) in the school administered by an administrator whose first name is Alusine. List the district code of the school.,158,pass_k,bird_85,results/raw/Hrida-T2SQL_bird_pass_k_20260326_221644.jsonl
False,bird,"[false, false, false, false, false]",financial,data/bird/dev_databases/financial/financial.sqlite,moderate,False,'POPLATEK TYDNE' stands for weekly issuance,False,"near ""FROM"": syntax error","SELECT a.account_id, MIN(l.amount) FROM account a JOIN loan l ON a.account_id = l.account_id WHERE EXTRACT(YEAR FROM l.date) BETWEEN 1997 AND 2000 GROUP BY a.account_id",False,,"SELECT T2.account_id FROM loan AS T1 INNER JOIN account AS T2 ON T1.account_id = T2.account_id WHERE STRFTIME('%Y', T1.date) = '1997' AND T2.frequency = 'POPLATEK TYDNE' ORDER BY T1.amount LIMIT 1",196,True,Hrida-T2SQL,5,5,"Among the accounts who have approved loan date in 1997, list out the accounts that have the lowest approved amount and choose weekly issuance statement.",152,pass_k,bird_98,results/raw/Hrida-T2SQL_bird_pass_k_20260326_221644.jsonl
False,bird,"[false, false, false, false, false]",financial,data/bird/dev_databases/financial/financial.sqlite,moderate,False,Loan validity more than 12 months refers to duration > 12,False,no such function: YEAR,"SELECT account_id FROM loan WHERE duration > 12 AND status = 'Approved' AND (YEAR(date) = 1993 OR YEAR(date) IS NULL) GROUP BY account_id, amount ORDER BY SUM(amount) DESC LIMIT 5",False,,"SELECT T1.account_id FROM loan AS T1 INNER JOIN account AS T2 ON T1.account_id = T2.account_id WHERE STRFTIME('%Y', T2.date) = '1993' AND T1.duration > 12 ORDER BY T1.amount DESC LIMIT 1",186,True,Hrida-T2SQL,5,5,"Among the accounts who have loan validity more than 12 months, list out the accounts that have the highest approved amount and have account opening date in 1993.",161,pass_k,bird_99,results/raw/Hrida-T2SQL_bird_pass_k_20260326_221644.jsonl
False,bird,"[false, false, false, false, false]",california_schools,data/bird/dev_databases/california_schools/california_schools.sqlite,simple,False,,False,"unrecognized token: ""{""","{""sql"": ""?>    SELECT COUNT(DISTINCT GradeSpan) FROM satscores INNER JOIN schools ON satscores.CDSCode = schools.CDSCode WHERE Schools.City = 'Adelanto' GROUP BY Schools.GradeSpan ORDER BY COUNT(DISTINCT Schools.GradeSpan) DESC LIMIT 1",False,,SELECT GSserved FROM schools WHERE City = 'Adelanto' GROUP BY GSserved ORDER BY COUNT(GSserved) DESC LIMIT 1,108,True,Hrida-T2SQL,5,5,What is the most common type of grade span served in the city of Adelanto?,74,pass_k,bird_78,results/raw/Hrida-T2SQL_bird_pass_k_20260326_221644.jsonl
False,bird,"[false, false, false, false, false]",california_schools,data/bird/dev_databases/california_schools/california_schools.sqlite,simple,False,State Special Schools means that SOC = 31.,False,no such column: cds,SELECT cds FROM schools WHERE DOC = 'State Special Schools' AND SOC IS NOT NULL AND Charter IS NULL,False,,SELECT NCESDist FROM schools WHERE SOC = 31,43,True,Hrida-T2SQL,5,5,Please provide the National Center for Educational Statistics school district identification number for all schools with a School Ownership Code that are part of the State Special Schools.,188,pass_k,bird_69,results/raw/Hrida-T2SQL_bird_pass_k_20260326_221644.jsonl
False,bird,"[false, false, false, false, false]",california_schools,data/bird/dev_databases/california_schools/california_schools.sqlite,simple,False,,False,"unrecognized token: ""{""","{""sql"": ""?>   SELECT s.SchoolName, MAX(s.Latitude) FROM schools as s GROUP BY s.SchoolName",False,,"SELECT T1.`School Type`, T1.`School Name`, T2.Latitude FROM frpm AS T1 INNER JOIN schools AS T2 ON T1.CDSCode = T2.CDSCode ORDER BY T2.Latitude DESC LIMIT 1",156,True,Hrida-T2SQL,5,5,What is the school type of the school with the highest latitude? Indicate the name of the school as well as the latitude coordinates.,133,pass_k,bird_80,results/raw/Hrida-T2SQL_bird_pass_k_20260326_221644.jsonl
False,bird,"[false, false, false, false, false]",california_schools,data/bird/dev_databases/california_schools/california_schools.sqlite,moderate,False,State of California refers to state = 'CA',False,"unrecognized token: ""{""","{""sql"": ""?>   SELECT s.SchoolName, s.Latitude, s2.LowestGrade FROM schools s JOIN (SELECT LowestGrade = MIN(s1.Grade) FROM schools WHERE State = 'California') s2 ON s.State = 'California' AND s.Latitude = (SELECT MIN(Latitude) FROM schools WHERE State = 'California' GROUP BY City, Latitude LIMIT 1)<?",False,,"SELECT T2.City, T1.`Low Grade`, T1.`School Name` FROM frpm AS T1 INNER JOIN schools AS T2 ON T1.CDSCode = T2.CDSCode WHERE T2.State = 'CA' ORDER BY T2.Latitude ASC LIMIT 1",171,True,Hrida-T2SQL,5,5,In which city can you find the school in the state of California with the lowest latitude coordinates and what is its lowest grade? Indicate the school name.,157,pass_k,bird_81,results/raw/Hrida-T2SQL_bird_pass_k_20260326_221644.jsonl
False,bird,"[false, false, false, false, false]",california_schools,data/bird/dev_databases/california_schools/california_schools.sqlite,simple,False,,False,"near "">"": syntax error","> SELECT s.District, COUNT(*) as NameCount FROM satscores ss JOIN schools s ON ss.CDSCode = s.CDSCode JOIN (SELECT DISTINCT AdmFName1 AS AdminFirstName FROM schools UNION ALL SELECT DISTINCT AdmFName2 FROM schools UNION ALL SELECT DISTINCT AdmFName3 FROM schools) a ON ss.AdmEmail LIKE CONCAT('%', a.AdminFirstName, '%') GROUP BY s.District ORDER BY NameCount DESC LIMIT 2",False,,"SELECT DISTINCT T1.AdmFName1, T1.District FROM schools AS T1 INNER JOIN ( SELECT admfname1 FROM schools GROUP BY admfname1 ORDER BY COUNT(admfname1) DESC LIMIT 2 ) AS T2 ON T1.AdmFName1 = T2.admfname1",200,True,Hrida-T2SQL,5,5,What are the two most common first names among the school administrators? Indicate the district to which they administer.,121,pass_k,bird_84,results/raw/Hrida-T2SQL_bird_pass_k_20260326_221644.jsonl
False,bird,"[false, false, false, false, false]",california_schools,data/bird/dev_databases/california_schools/california_schools.sqlite,simple,False,Total enrollment can be represented by `Enrollment (K-12)` + `Enrollment (Ages 5-17)`,False,no such column: s.Enroll12,SELECT s.CDSCode FROM schools s WHERE s.Enroll12 > 500,False,,SELECT T2.CDSCode FROM schools AS T1 INNER JOIN frpm AS T2 ON T1.CDSCode = T2.CDSCode WHERE T2.`Enrollment (K-12)` + T2.`Enrollment (Ages 5-17)` > 500,150,True,Hrida-T2SQL,5,5,Please list the codes of the schools with a total enrollment of over 500.,73,pass_k,bird_11,results/raw/Hrida-T2SQL_bird_pass_k_20260326_221644.jsonl
False,bird,"[false, false, false, false, false]",california_schools,data/bird/dev_databases/california_schools/california_schools.sqlite,moderate,False,Communication number refers to phone number.,False,no such table: scores,"SELECT s.SchoolName, AVG(scores.AvgScrWrite) FROM schools sc JOIN scores ON sc.CDSCode = scores.cds WHERE (CAST(OpenDate AS DATE) > 1991 OR ClosedDate < '2000') GROUP BY SchoolName",False,,"SELECT T2.School, T1.AvgScrWrite, T2.Phone FROM schools AS T2 LEFT JOIN satscores AS T1 ON T2.CDSCode = T1.cds WHERE strftime('%Y', T2.OpenDate) > '1991' OR strftime('%Y', T2.ClosedDate) < '2000'",195,True,Hrida-T2SQL,5,5,"What is the average score in writing for the schools that were opened after 1991 or closed before 2000? List the school names along with the score. Also, list the communication number of the schools if there is any.",215,pass_k,bird_27,results/raw/Hrida-T2SQL_bird_pass_k_20260326_221644.jsonl
False,spider,"[false, false, false, false, false]",concert_singer,data/spider/database/concert_singer/concert_singer.sqlite,,False,,False,,SELECT COUNT(*) FROM singer_in_concert,True,,SELECT count(*) FROM singer,27,True,Hrida-T2SQL,5,5,What is the total number of singers?,36,pass_k,spider_1,results/raw/Hrida-T2SQL_spider_pass_k_20260326_220953.jsonl
True,spider,"[true, true, true, true, true]",concert_singer,data/spider/database/concert_singer/concert_singer.sqlite,,False,,True,,SELECT COUNT(*) FROM singer,True,,SELECT count(*) FROM singer,27,True,Hrida-T2SQL,5,5,How many singers do we have?,28,pass_k,spider_0,results/raw/Hrida-T2SQL_spider_pass_k_20260326_220953.jsonl
True,spider,"[true, true, true, true, true]",concert_singer,data/spider/database/concert_singer/concert_singer.sqlite,,False,,True,,"SELECT singer.Name, singer.Country, singer.Age FROM singer ORDER BY Age DESC",True,,"SELECT name ,  country ,  age FROM singer ORDER BY age DESC",59,True,Hrida-T2SQL,5,5,"Show name, country, age for all singers ordered by age from the oldest to the youngest.",87,pass_k,spider_2,results/raw/Hrida-T2SQL_spider_pass_k_20260326_220953.jsonl
False,spider,"[false, false, false, false, false]",concert_singer,data/spider/database/concert_singer/concert_singer.sqlite,,False,,False,aggregate functions are not allowed in the GROUP BY clause,"SELECT AVG(s.Age) as avg_age, MIN(s.Age) as min_age, MAX(s.Age) as max_age FROM singer s WHERE s.Country = 'France' GROUP BY 1",False,,"SELECT avg(age) ,  min(age) ,  max(age) FROM singer WHERE country  =  'France'",78,True,Hrida-T2SQL,5,5,"What is the average, minimum, and maximum age of all singers from France?",73,pass_k,spider_4,results/raw/Hrida-T2SQL_spider_pass_k_20260326_220953.jsonl
False,spider,"[false, false, false, false, false]",concert_singer,data/spider/database/concert_singer/concert_singer.sqlite,,False,,False,no such column: singer_in_concert.Name,"SELECT singer_in_concert.Name as Singer_Name, singer_in_concert.Country as Country, min(singer.Age) as Age FROM singer INNER JOIN singer_in_concert ON singer.Singer_ID = singer_in_concert.Singer_ID GROUP BY singer.Singer_ID ORDER BY Age DESC",False,,"SELECT name ,  country ,  age FROM singer ORDER BY age DESC",59,True,Hrida-T2SQL,5,5,"What are the names, countries, and ages for every singer in descending order of age?",84,pass_k,spider_3,results/raw/Hrida-T2SQL_spider_pass_k_20260326_220953.jsonl
False,spider,"[false, false, false, false, false]",concert_singer,data/spider/database/concert_singer/concert_singer.sqlite,,False,,False,SELECTs to the left and right of UNION ALL do not have the same number of result columns,"SELECT AVG(s.Age) as avg_age, MIN(s.Age) as min_age, MAX(s.Age) as max_age FROM singer s WHERE s.Country = 'France' UNION ALL SELECT S.Name, AVG(c.Stadium_ID) as avg_stadium FROM concert c INNER JOIN singer_in_concert si ON c.concert_ID = si.concert_ID INNER JOIN singer S ON si.Singer_ID = S.Singer_ID WHERE S.Country = 'France' GROUP BY S.Name UNION ALL SELECT AVG(c.Stadium_ID) as avg_stadium FROM concert c INNER JOIN singer_in_concert si ON c.concert_ID = si.concert_ID UNION ALL SELECT COUNT(*) as count FROM stadium s WHERE s.Location IN ('France')",False,,"SELECT avg(age) ,  min(age) ,  max(age) FROM singer WHERE country  =  'France'",78,True,Hrida-T2SQL,5,5,"What is the average, minimum, and maximum age for all French singers?",69,pass_k,spider_5,results/raw/Hrida-T2SQL_spider_pass_k_20260326_220953.jsonl
False,spider,"[false, false, false, false, false]",concert_singer,data/spider/database/concert_singer/concert_singer.sqlite,,False,,False,,SELECT COUNT(DISTINCT s.Country) FROM singer s JOIN (SELECT DISTINCT Age FROM singer WHERE Is_male = true) as M ON s.Age = M.age GROUP BY s.Country,True,,"SELECT country ,  count(*) FROM singer GROUP BY country",55,True,Hrida-T2SQL,5,5,How many singers are from each country?,39,pass_k,spider_11,results/raw/Hrida-T2SQL_spider_pass_k_20260326_220953.jsonl
False,spider,"[false, false, false, false, false]",concert_singer,data/spider/database/concert_singer/concert_singer.sqlite,,False,,False,no such column: singer_name,"SELECT singer_in_concert.Song_release_year FROM (SELECT CONCAT(singer_name, ' ', age) AS youngest, MIN(age) AS min_age FROM (SELECT Name, Age FROM singer UNION ALL SELECT Name, Age FROM singer WHERE Is_male = 0) AS all_singers) AS youngest_singers INNER JOIN singer_in_concert ON CONCAT(singer.Name, ' ', singer.Age) IN (youngest_singers.youngest, youngest_singers.min_age)",False,,"SELECT song_name ,  song_release_year FROM singer ORDER BY age LIMIT 1",70,True,Hrida-T2SQL,5,5,Show the name and the release year of the song by the youngest singer.,70,pass_k,spider_6,results/raw/Hrida-T2SQL_spider_pass_k_20260326_220953.jsonl
False,spider,"[false, false, false, false, false]",concert_singer,data/spider/database/concert_singer/concert_singer.sqlite,,False,,False,no such table: singers,"SELECT singer_in_concert.Song_Name, singer_in_concert.Song_release_year FROM singer_in_concert INNER JOIN singers ON singer_in_concert.Singer_ID = singers.Singer_ID WHERE singers.Age = (SELECT MIN(Age) FROM singers)",False,,"SELECT song_name ,  song_release_year FROM singer ORDER BY age LIMIT 1",70,True,Hrida-T2SQL,5,5,What are the names and release years for all the songs of the youngest singer?,78,pass_k,spider_7,results/raw/Hrida-T2SQL_spider_pass_k_20260326_220953.jsonl
True,spider,"[true, true, true, true, true]",concert_singer,data/spider/database/concert_singer/concert_singer.sqlite,,False,,True,,"SELECT COUNT(*) FROM concert WHERE Year IN ('2014', '2015')",True,,SELECT count(*) FROM concert WHERE YEAR  =  2014 OR YEAR  =  2015,65,True,Hrida-T2SQL,5,5,How many concerts are there in year 2014 or 2015?,49,pass_k,spider_20,results/raw/Hrida-T2SQL_spider_pass_k_20260326_220953.jsonl
False,spider,"[false, false, false, false, false]",concert_singer,data/spider/database/concert_singer/concert_singer.sqlite,,False,,False,,"SELECT s.Name as Stadium_Name, s.Capacity FROM stadium s INNER JOIN (SELECT * FROM stadium ORDER BY Average DESC LIMIT 1) AS highest ON true",True,,"SELECT name ,  capacity FROM stadium ORDER BY average DESC LIMIT 1",66,True,Hrida-T2SQL,5,5,What is the name and capacity for the stadium with highest average attendance?,78,pass_k,spider_18,results/raw/Hrida-T2SQL_spider_pass_k_20260326_220953.jsonl
False,spider,"[false, false, false, false, false]",concert_singer,data/spider/database/concert_singer/concert_singer.sqlite,,False,,False,"unrecognized token: ""{""","{""sql"": ""?>   SELECT singer.Country FROM singer INNER JOIN singer_in_concert ON singer.Singer_ID = singer_in_concert.Singer_ID GROUP BY singer.Country HAVING MIN(singer.Age) > 20",False,,SELECT DISTINCT country FROM singer WHERE age  >  20,52,True,Hrida-T2SQL,5,5,What are  the different countries with singers above age 20?,60,pass_k,spider_9,results/raw/Hrida-T2SQL_spider_pass_k_20260326_220953.jsonl
True,spider,"[true, true, true, true, true]",concert_singer,data/spider/database/concert_singer/concert_singer.sqlite,,False,,True,,"SELECT s.Name AS Stadium_Name, COUNT(c.concert_ID) AS NumberOfConcerts FROM stadium s INNER JOIN concert c ON s.Stadium_ID = c.Stadium_ID GROUP BY s.Stadium_ID",True,,"SELECT T2.name ,  count(*) FROM concert AS T1 JOIN stadium AS T2 ON T1.stadium_id  =  T2.stadium_id GROUP BY T1.stadium_id",122,True,Hrida-T2SQL,5,5,Show the stadium name and the number of concerts in each stadium.,65,pass_k,spider_22,results/raw/Hrida-T2SQL_spider_pass_k_20260326_220953.jsonl
True,spider,"[true, false, false, false, false]",concert_singer,data/spider/database/concert_singer/concert_singer.sqlite,,False,,True,,"SELECT singer.Country, COUNT(*) as num_singers FROM singer GROUP BY singer.Country",True,,"SELECT country ,  count(*) FROM singer GROUP BY country",55,True,Hrida-T2SQL,5,5,Show all countries and the number of singers in each country.,61,pass_k,spider_10,results/raw/Hrida-T2SQL_spider_pass_k_20260326_220953.jsonl
True,spider,"[true, true, true, true, true]",concert_singer,data/spider/database/concert_singer/concert_singer.sqlite,,False,,True,,"SELECT COUNT(*) FROM concert WHERE Year IN ('2014', '2015')",True,,SELECT count(*) FROM concert WHERE YEAR  =  2014 OR YEAR  =  2015,65,True,Hrida-T2SQL,5,5,How many concerts occurred in 2014 or 2015?,43,pass_k,spider_21,results/raw/Hrida-T2SQL_spider_pass_k_20260326_220953.jsonl
False,spider,"[false, false, false, false, false]",concert_singer,data/spider/database/concert_singer/concert_singer.sqlite,,False,,False,no such column: stadium.Stadium_ID,SELECT DISTINCT singer.Country FROM singer INNER JOIN singer_in_concert ON singer.Singer_ID = singer_in_concert.Singer_ID WHERE singer.Age > 20 AND EXISTS (SELECT 1 FROM concert con WHERE con.Stadium_ID = stadium.Stadium_ID),False,,SELECT DISTINCT country FROM singer WHERE age  >  20,52,True,Hrida-T2SQL,5,5,What are all distinct countries where singers above age 20 are from?,68,pass_k,spider_8,results/raw/Hrida-T2SQL_spider_pass_k_20260326_220953.jsonl
False,spider,"[false, false, false, false, false]",concert_singer,data/spider/database/concert_singer/concert_singer.sqlite,,False,,False,no such column: singer_in_concert.Song_Name,SELECT singer_in_concert.Song_Name FROM singer JOIN singer_in_concert ON singer.Singer_ID = singer_in_concert.Singer_ID JOIN concert WHERE Age > (SELECT AVG(Age) FROM singer),False,,SELECT song_name FROM singer WHERE age  >  (SELECT avg(age) FROM singer),72,True,Hrida-T2SQL,5,5,List all song names by singers above the average age.,53,pass_k,spider_12,results/raw/Hrida-T2SQL_spider_pass_k_20260326_220953.jsonl
False,spider,"[false, false, false, false, false]",concert_singer,data/spider/database/concert_singer/concert_singer.sqlite,,False,,False,,"SELECT s.Name as Stadium_Name, s.Capacity from stadium s INNER JOIN concert c ON s.Stadium_ID = c.Stadium_ID WHERE (c.Year >= '2014' AND c.Theme IS NULL) GROUP BY Stadium_Name ORDER BY COUNT(DISTINCT c.concert_ID) DESC LIMIT 1",True,,"SELECT T2.name ,  T2.capacity FROM concert AS T1 JOIN stadium AS T2 ON T1.stadium_id  =  T2.stadium_id WHERE T1.year  >=  2014 GROUP BY T2.stadium_id ORDER BY count(*) DESC LIMIT 1",180,True,Hrida-T2SQL,5,5,Show the stadium name and capacity with most number of concerts in year 2014 or after.,86,pass_k,spider_24,results/raw/Hrida-T2SQL_spider_pass_k_20260326_220953.jsonl
True,spider,"[true, true, true, true, true]",concert_singer,data/spider/database/concert_singer/concert_singer.sqlite,,False,,True,,"SELECT s.Location, s.Name FROM stadium s WHERE s.Capacity BETWEEN 5000 AND 10000",True,,"SELECT LOCATION ,  name FROM stadium WHERE capacity BETWEEN 5000 AND 10000",74,True,Hrida-T2SQL,5,5,Show location and name for all stadiums with a capacity between 5000 and 10000.,79,pass_k,spider_14,results/raw/Hrida-T2SQL_spider_pass_k_20260326_220953.jsonl
True,spider,"[false, true, true, true, true]",concert_singer,data/spider/database/concert_singer/concert_singer.sqlite,,False,,False,,"SELECT s.Name, COUNT(c.concert_ID) FROM stadium s LEFT JOIN concert c ON s.Stadium_ID = c.Stadium_ID GROUP BY s.Name",True,,"SELECT T2.name ,  count(*) FROM concert AS T1 JOIN stadium AS T2 ON T1.stadium_id  =  T2.stadium_id GROUP BY T1.stadium_id",122,True,Hrida-T2SQL,5,5,"For each stadium, how many concerts play there?",47,pass_k,spider_23,results/raw/Hrida-T2SQL_spider_pass_k_20260326_220953.jsonl
True,spider,"[true, true, true, true, true]",concert_singer,data/spider/database/concert_singer/concert_singer.sqlite,,False,,True,,"SELECT stadium.Name, stadium.Capacity FROM stadium INNER JOIN (SELECT concert.Stadium_ID, COUNT(concert.Stadium_ID) as ConcertCount FROM concert WHERE year > '2013' GROUP BY concert.Stadium_ID ORDER BY ConcertCount DESC LIMIT 1) st ON stadium.Stadium_ID = st.Stadium_ID",True,,"select t2.name ,  t2.capacity from concert as t1 join stadium as t2 on t1.stadium_id  =  t2.stadium_id where t1.year  >  2013 group by t2.stadium_id order by count(*) desc limit 1",179,True,Hrida-T2SQL,5,5,What is the name and capacity of the stadium with the most concerts after 2013 ?,80,pass_k,spider_25,results/raw/Hrida-T2SQL_spider_pass_k_20260326_220953.jsonl
False,spider,"[false, false, false, false, false]",concert_singer,data/spider/database/concert_singer/concert_singer.sqlite,,False,,False,no such column: singers.Country,SELECT singers.Country FROM singer JOIN singer_in_concert ON singer.Singer_ID = singer_in_concert.Singer_ID WHERE singer.Age > 40 OR singer.Age < 30,False,,SELECT country FROM singer WHERE age  >  40 INTERSECT SELECT country FROM singer WHERE age  <  30,97,True,Hrida-T2SQL,5,5,Show countries where a singer above age 40 and a singer below 30 are from.,74,pass_k,spider_30,results/raw/Hrida-T2SQL_spider_pass_k_20260326_220953.jsonl
True,spider,"[true, true, true, true, true]",concert_singer,data/spider/database/concert_singer/concert_singer.sqlite,,False,,True,,"SELECT c.concert_Name, c.Theme, COUNT(sic.Singer_ID) as num_singers FROM concert c INNER JOIN singer_in_concert sic ON c.concert_ID = sic.concert_ID GROUP BY c.concert_ID",True,,"SELECT T2.concert_name ,  T2.theme ,  count(*) FROM singer_in_concert AS T1 JOIN concert AS T2 ON T1.concert_id  =  T2.concert_id GROUP BY T2.concert_id",152,True,Hrida-T2SQL,5,5,Show the name and theme for all concerts and the number of singers in each concert.,83,pass_k,spider_33,results/raw/Hrida-T2SQL_spider_pass_k_20260326_220953.jsonl
True,spider,"[false, true, true, true, true]",concert_singer,data/spider/database/concert_singer/concert_singer.sqlite,,False,,False,no such column: s.Name,"SELECT s.Name FROM stadium s WHERE NOT EXISTS (SELECT * FROM concert c JOIN singer_in_concert sic ON c.Stadium_ID = s.Stadium_ID JOIN singer sng ON sic.Singer_ID = sng.Singer_ID GROUP BY s.Name, s.Location HAVING COUNT(DISTINCT sng.Singer_ID) < (SELECT COUNT(*) FROM singer))",False,,SELECT name FROM stadium WHERE stadium_id NOT IN (SELECT stadium_id FROM concert),81,True,Hrida-T2SQL,5,5,What are the names of the stadiums without any concerts?,56,pass_k,spider_29,results/raw/Hrida-T2SQL_spider_pass_k_20260326_220953.jsonl
False,spider,"[false, false, false, false, false]",concert_singer,data/spider/database/concert_singer/concert_singer.sqlite,,False,,False,no such column: concert_Year,SELECT concert_Year FROM concert GROUP BY concert_Year ORDER BY COUNT(*) DESC LIMIT 1,False,,SELECT YEAR FROM concert GROUP BY YEAR ORDER BY count(*) DESC LIMIT 1,69,True,Hrida-T2SQL,5,5,What is the year that had the most concerts?,44,pass_k,spider_27,results/raw/Hrida-T2SQL_spider_pass_k_20260326_220953.jsonl
True,spider,"[true, true, true, true, true]",concert_singer,data/spider/database/concert_singer/concert_singer.sqlite,,False,,True,,"SELECT c.concert_Name, c.Theme, COUNT(sic.Singer_ID) as NumberOfSingers FROM concert c INNER JOIN singer_in_concert sic ON c.concert_ID = sic.concert_ID GROUP BY c.concert_ID, c.concert_Name, c.Theme",True,,"select t2.concert_name ,  t2.theme ,  count(*) from singer_in_concert as t1 join concert as t2 on t1.concert_id  =  t2.concert_id group by t2.concert_id",152,True,Hrida-T2SQL,5,5,"What are the names , themes , and number of singers for every concert ?",71,pass_k,spider_34,results/raw/Hrida-T2SQL_spider_pass_k_20260326_220953.jsonl
True,spider,"[true, false, false, false, false]",concert_singer,data/spider/database/concert_singer/concert_singer.sqlite,,False,,True,,SELECT stadium.Name FROM stadium WHERE Stadium_ID NOT IN (SELECT Stadium_ID FROM concert INNER JOIN singer_in_concert ON concert.concert_ID = singer_in_concert.concert_ID WHERE Year LIKE '2014%'),True,,SELECT name FROM stadium EXCEPT SELECT T2.name FROM concert AS T1 JOIN stadium AS T2 ON T1.stadium_id  =  T2.stadium_id WHERE T1.year  =  2014,142,True,Hrida-T2SQL,5,5,Show names for all stadiums except for stadiums having a concert in year 2014.,78,pass_k,spider_31,results/raw/Hrida-T2SQL_spider_pass_k_20260326_220953.jsonl
False,spider,"[false, false, false, false, false]",concert_singer,data/spider/database/concert_singer/concert_singer.sqlite,,False,,False,no such column: singer_in_concert.Song_Name,SELECT singer_in_concert.Song_Name FROM singer JOIN singer_in_concert ON singer.Singer_ID = singer_in_concert.Singer_ID INNER JOIN concert on singer_in_concert.concert_ID = concert.concert_ID WHERE singer.Age > (SELECT AVG(Singer.Age) FROM Singer),False,,SELECT song_name FROM singer WHERE age  >  (SELECT avg(age) FROM singer),72,True,Hrida-T2SQL,5,5,What are all the song names by singers who are older than average?,66,pass_k,spider_13,results/raw/Hrida-T2SQL_spider_pass_k_20260326_220953.jsonl
False,spider,"[false, false, false, false, false]",concert_singer,data/spider/database/concert_singer/concert_singer.sqlite,,False,,False,"unrecognized token: ""{""","{""sql"": ""?>   SELECT s.Name AS Singer_Name, COUNT(sic.Singer_ID) AS NumberOfConcerts FROM singer s INNER JOIN singer_in_concert sic ON s.Singer_ID = sic.Singer_ID GROUP BY s.Name",False,,"SELECT T2.name ,  count(*) FROM singer_in_concert AS T1 JOIN singer AS T2 ON T1.singer_id  =  T2.singer_id GROUP BY T2.singer_id",128,True,Hrida-T2SQL,5,5,What are the names of the singers and number of concerts for each person?,73,pass_k,spider_36,results/raw/Hrida-T2SQL_spider_pass_k_20260326_220953.jsonl
False,spider,"[false, false, false, false, false]",concert_singer,data/spider/database/concert_singer/concert_singer.sqlite,,False,,False,no such column: singer_in_concert.Name,SELECT singer_in_concert.Name FROM concert INNER JOIN singer_in_concert ON concert.concert_ID = singer_in_concert.concert_ID WHERE concert.Year = '2014' AND singleton.Is_male = true,False,,SELECT T2.name FROM singer_in_concert AS T1 JOIN singer AS T2 ON T1.singer_id  =  T2.singer_id JOIN concert AS T3 ON T1.concert_id  =  T3.concert_id WHERE T3.year  =  2014,171,True,Hrida-T2SQL,5,5,List all singer names in concerts in year 2014.,47,pass_k,spider_37,results/raw/Hrida-T2SQL_spider_pass_k_20260326_220953.jsonl
False,spider,"[false, false, false, false, false]",concert_singer,data/spider/database/concert_singer/concert_singer.sqlite,,False,,False,no such table: concert_in_singer,"SELECT singer.Name, COUNT(concert_in_singer.concert_ID) as number_of_concerts FROM singer JOIN concert_in_singer ON singer.Singer_ID = concert_in_singer.Singer_ID GROUP BY singer.Name",False,,"SELECT T2.name ,  count(*) FROM singer_in_concert AS T1 JOIN singer AS T2 ON T1.singer_id  =  T2.singer_id GROUP BY T2.singer_id",128,True,Hrida-T2SQL,5,5,List singer names and number of concerts for each singer.,57,pass_k,spider_35,results/raw/Hrida-T2SQL_spider_pass_k_20260326_220953.jsonl
True,spider,"[true, true, true, true, true]",concert_singer,data/spider/database/concert_singer/concert_singer.sqlite,,False,,True,,"SELECT stadium.Location, stadium.Name FROM stadium WHERE stadium.Capacity BETWEEN 5000 AND 10000",True,,"SELECT LOCATION ,  name FROM stadium WHERE capacity BETWEEN 5000 AND 10000",74,True,Hrida-T2SQL,5,5,What are the locations and names of all stations with capacity between 5000 and 10000?,86,pass_k,spider_15,results/raw/Hrida-T2SQL_spider_pass_k_20260326_220953.jsonl
False,spider,"[false, false, false, false, false]",concert_singer,data/spider/database/concert_singer/concert_singer.sqlite,,False,,False,no such column: s.Stadium_ID,SELECT s.Name FROM stadium s WHERE NOT EXISTS (SELECT * FROM concert c JOIN singer_in_concert si ON c.concert_ID = si.concert_ID WHERE c.year = '2014' AND si.Singer_ID IN (SELECT Singer_ID FROM singer) GROUP BY s.Stadium_ID HAVING MAX(c.Year) <> '2014'),False,,SELECT name FROM stadium EXCEPT SELECT T2.name FROM concert AS T1 JOIN stadium AS T2 ON T1.stadium_id  =  T2.stadium_id WHERE T1.year  =  2014,142,True,Hrida-T2SQL,5,5,What are the names of all stadiums that did not have a concert in 2014?,71,pass_k,spider_32,results/raw/Hrida-T2SQL_spider_pass_k_20260326_220953.jsonl
False,spider,"[false, false, false, false, false]",concert_singer,data/spider/database/concert_singer/concert_singer.sqlite,,False,,False,no such column: Stadium_Capacity,SELECT AVG(Stadium_Capacity) as AverageCapacity FROM stadium WHERE Highest IS NOT NULL and Lowest IS NOT NULL GROUP BY Stadium_ID,False,,"select max(capacity), average from stadium",42,True,Hrida-T2SQL,5,5,What is the maximum capacity and the average of all stadiums ?,62,pass_k,spider_16,results/raw/Hrida-T2SQL_spider_pass_k_20260326_220953.jsonl
False,spider,"[false, false, false, false, false]",concert_singer,data/spider/database/concert_singer/concert_singer.sqlite,,False,,False,,"SELECT s.Name as Stadium_Name, s.Capacity FROM stadium s ORDER BY s.Average ASC LIMIT 1",True,,"SELECT name ,  capacity FROM stadium ORDER BY average DESC LIMIT 1",66,True,Hrida-T2SQL,5,5,What is the name and capacity for the stadium with the highest average attendance?,82,pass_k,spider_19,results/raw/Hrida-T2SQL_spider_pass_k_20260326_220953.jsonl
False,spider,"[false, false, false, false, false]",concert_singer,data/spider/database/concert_singer/concert_singer.sqlite,,False,,False,,"SELECT Stadium_ID, Location, Name, Capacity, Highest FROM stadium ORDER BY Capacity DESC, Highest DESC",True,,"select avg(capacity) ,  max(capacity) from stadium",50,True,Hrida-T2SQL,5,5,What is the average and maximum capacities for all stadiums ?,61,pass_k,spider_17,results/raw/Hrida-T2SQL_spider_pass_k_20260326_220953.jsonl
False,spider,"[false, false, false, false, false]",concert_singer,data/spider/database/concert_singer/concert_singer.sqlite,,False,,False,,"SELECT Year, COUNT(*) as concert_count FROM concert GROUP BY Year ORDER BY concert_count DESC LIMIT 1",True,,SELECT YEAR FROM concert GROUP BY YEAR ORDER BY count(*) DESC LIMIT 1,69,True,Hrida-T2SQL,5,5,Which year has most number of concerts?,39,pass_k,spider_26,results/raw/Hrida-T2SQL_spider_pass_k_20260326_220953.jsonl
True,spider,"[true, true, true, true, true]",concert_singer,data/spider/database/concert_singer/concert_singer.sqlite,,False,,True,,SELECT s.Name FROM stadium s WHERE NOT EXISTS (SELECT * FROM concert c JOIN singer_in_concert si ON c.concert_ID = si.concert_ID AND c.Stadium_ID = s.Stadium_ID) GROUP BY s.Name,True,,SELECT name FROM stadium WHERE stadium_id NOT IN (SELECT stadium_id FROM concert),81,True,Hrida-T2SQL,5,5,Show the stadium names without any concert.,43,pass_k,spider_28,results/raw/Hrida-T2SQL_spider_pass_k_20260326_220953.jsonl
False,spider,"[false, false, false, false, false]",concert_singer,data/spider/database/concert_singer/concert_singer.sqlite,,False,,False,"unrecognized token: ""{""","{""sql"": ""?>    SELECT s.Name, s.Country FROM singer s JOIN concert_singer cs ON s.Singer_ID = cs.Singer_ID GROUP BY s.Name, s.Country HAVING COUNT(*) > 1 AND EXISTS (SELECT * FROM concert_in c WHERE c.concert_Name LIKE '%Hey%' AND cs.concert_ID = c.concert_ID)",False,,"SELECT name ,  country FROM singer WHERE song_name LIKE '%Hey%'",63,True,Hrida-T2SQL,5,5,What is the name and country of origin of every singer who has a song with the word 'Hey' in its title?,103,pass_k,spider_40,results/raw/Hrida-T2SQL_spider_pass_k_20260326_220953.jsonl
False,spider,"[false, false, false, false, false]",concert_singer,data/spider/database/concert_singer/concert_singer.sqlite,,False,,False,,"SELECT singer.Name, singer.Country FROM singer INNER JOIN singer_in_concert ON singer.Singer_ID = singer_in_concert.Singer_ID WHERE singer.Name LIKE '%Hey%'",True,,"SELECT name ,  country FROM singer WHERE song_name LIKE '%Hey%'",63,True,Hrida-T2SQL,5,5,what is the name and nation of the singer who have a song having 'Hey' in its name?,83,pass_k,spider_39,results/raw/Hrida-T2SQL_spider_pass_k_20260326_220953.jsonl
False,spider,"[false, false, false, false, false]",concert_singer,data/spider/database/concert_singer/concert_singer.sqlite,,False,,False,no such column: singer.Name,SELECT singer.Name FROM concert INNER JOIN singer_in_concert ON concert.concert_ID = singer_in_concert.concert_ID WHERE concert.Year = '2014' GROUP BY singer.Name,False,,SELECT T2.name FROM singer_in_concert AS T1 JOIN singer AS T2 ON T1.singer_id  =  T2.singer_id JOIN concert AS T3 ON T1.concert_id  =  T3.concert_id WHERE T3.year  =  2014,171,True,Hrida-T2SQL,5,5,What are the names of the singers who performed in a concert in 2014?,69,pass_k,spider_38,results/raw/Hrida-T2SQL_spider_pass_k_20260326_220953.jsonl
False,spider,"[false, false, false, false, false]",concert_singer,data/spider/database/concert_singer/concert_singer.sqlite,,False,,False,"near "","": syntax error","SELECT stadium.Name, stadium.Location FROM stadium INNER JOIN concert ON concert.Stadium_ID = stadium.Stadium_ID WHERE CONCAT(concert.Year, '-', concert.concert_Name) IN (2014, 2015), stadium.Capacity NOT BETWEEN stadium.Lowest AND stadium.Highest",False,,"SELECT T2.name ,  T2.location FROM concert AS T1 JOIN stadium AS T2 ON T1.stadium_id  =  T2.stadium_id WHERE T1.Year  =  2014 INTERSECT SELECT T2.name ,  T2.location FROM concert AS T1 JOIN stadium AS T2 ON T1.stadium_id  =  T2.stadium_id WHERE T1.Year  =  2015",261,True,Hrida-T2SQL,5,5,Find the name and location of the stadiums which some concerts happened in the years of both 2014 and 2015.,107,pass_k,spider_41,results/raw/Hrida-T2SQL_spider_pass_k_20260326_220953.jsonl
True,spider,"[false, true, true, true, true]",concert_singer,data/spider/database/concert_singer/concert_singer.sqlite,,False,,False,"near ""ALL"": syntax error",SELECT COUNT(*) FROM concert INNER JOIN stadium ON concert.Stadium_ID = stadium.Stadium_ID WHERE stadium.Highest >= ALL (SELECT Highest FROM stadium),False,,select count(*) from concert where stadium_id = (select stadium_id from stadium order by capacity desc limit 1),111,True,Hrida-T2SQL,5,5,Find the number of concerts happened in the stadium with the highest capacity .,79,pass_k,spider_43,results/raw/Hrida-T2SQL_spider_pass_k_20260326_220953.jsonl
True,spider,"[true, false, false, false, false]",concert_singer,data/spider/database/concert_singer/concert_singer.sqlite,,False,,True,,SELECT COUNT(*) FROM concert INNER JOIN stadium ON concert.Stadium_ID = stadium.Stadium_ID WHERE stadium.Capacity = (SELECT MAX(Highest) FROM stadium),True,,select count(*) from concert where stadium_id = (select stadium_id from stadium order by capacity desc limit 1),111,True,Hrida-T2SQL,5,5,What are the number of concerts that occurred in the stadium with the largest capacity ?,88,pass_k,spider_44,results/raw/Hrida-T2SQL_spider_pass_k_20260326_220953.jsonl
True,spider,"[true, true, true, true, true]",pets_1,data/spider/database/pets_1/pets_1.sqlite,,False,,True,,SELECT COUNT(*) FROM Pets WHERE weight > 10,True,,SELECT count(*) FROM pets WHERE weight  >  10,45,True,Hrida-T2SQL,5,5,How many pets have a greater weight than 10?,44,pass_k,spider_46,results/raw/Hrida-T2SQL_spider_pass_k_20260326_220953.jsonl
True,spider,"[true, true, true, true, true]",pets_1,data/spider/database/pets_1/pets_1.sqlite,,False,,True,,SELECT COUNT(*) FROM Pets WHERE weight > 10,True,,SELECT count(*) FROM pets WHERE weight  >  10,45,True,Hrida-T2SQL,5,5,Find the number of pets whose weight is heavier than 10.,56,pass_k,spider_45,results/raw/Hrida-T2SQL_spider_pass_k_20260326_220953.jsonl
False,spider,"[false, false, false, false, false]",pets_1,data/spider/database/pets_1/pets_1.sqlite,,False,,False,,"SELECT PetType, MAX(weight) FROM Pets GROUP BY PetType",True,,"SELECT max(weight) ,  petType FROM pets GROUP BY petType",56,True,Hrida-T2SQL,5,5,Find the maximum weight for each type of pet. List the maximum weight and pet type.,83,pass_k,spider_49,results/raw/Hrida-T2SQL_spider_pass_k_20260326_220953.jsonl
True,spider,"[true, true, true, true, true]",concert_singer,data/spider/database/concert_singer/concert_singer.sqlite,,False,,True,,"SELECT stadium.Name, stadium.Location FROM concert INNER JOIN stadium ON concert.Stadium_ID = stadium.Stadium_ID WHERE concert.Year IN ('2014', '2015') GROUP BY stadium.Stadium_ID HAVING COUNT(DISTINCT concert.Year) = 2",True,,"SELECT T2.name ,  T2.location FROM concert AS T1 JOIN stadium AS T2 ON T1.stadium_id  =  T2.stadium_id WHERE T1.Year  =  2014 INTERSECT SELECT T2.name ,  T2.location FROM concert AS T1 JOIN stadium AS T2 ON T1.stadium_id  =  T2.stadium_id WHERE T1.Year  =  2015",261,True,Hrida-T2SQL,5,5,What are the names and locations of the stadiums that had concerts that occurred in both 2014 and 2015?,103,pass_k,spider_42,results/raw/Hrida-T2SQL_spider_pass_k_20260326_220953.jsonl
False,spider,"[false, false, false, false, false]",pets_1,data/spider/database/pets_1/pets_1.sqlite,,False,,False,no such column: Pets.age,SELECT Pets.weight FROM Student JOIN Has_Pet ON Student.StuID = Has_Pet.StuID JOIN Pets ON Has_Pet.PetID = Pets.PetID WHERE PetType = 'Dog' GROUP BY Pets.age ORDER BY Pets.pet_age ASC LIMIT 1,False,,SELECT weight FROM pets ORDER BY pet_age LIMIT 1,48,True,Hrida-T2SQL,5,5,How much does the youngest dog weigh?,37,pass_k,spider_48,results/raw/Hrida-T2SQL_spider_pass_k_20260326_220953.jsonl
False,spider,"[false, false, false, false, false]",pets_1,data/spider/database/pets_1/pets_1.sqlite,,False,,False,,SELECT COUNT(*) FROM Has_Pet hp JOIN Student s ON hp.StuID = s.StuID WHERE s.Age > 20 GROUP BY hp.StuID,True,,SELECT count(*) FROM student AS T1 JOIN has_pet AS T2 ON T1.stuid  =  T2.stuid WHERE T1.age  >  20,98,True,Hrida-T2SQL,5,5,How many pets are owned by students that have an age greater than 20?,69,pass_k,spider_52,results/raw/Hrida-T2SQL_spider_pass_k_20260326_220953.jsonl
False,spider,"[false, false, false, false, false]",pets_1,data/spider/database/pets_1/pets_1.sqlite,,False,,False,,SELECT weight FROM Pets WHERE PetType = 'Dog' ORDER BY pet_age ASC LIMIT 1,True,,SELECT weight FROM pets ORDER BY pet_age LIMIT 1,48,True,Hrida-T2SQL,5,5,Find the weight of the youngest dog.,36,pass_k,spider_47,results/raw/Hrida-T2SQL_spider_pass_k_20260326_220953.jsonl
False,spider,"[false, false, false, false, false]",pets_1,data/spider/database/pets_1/pets_1.sqlite,,False,,False,,SELECT COUNT(*) FROM Has_Pet HP JOIN Student S ON HP.StuID = S.StuID WHERE S.Age > 20 GROUP BY HP.StuID,True,,SELECT count(*) FROM student AS T1 JOIN has_pet AS T2 ON T1.stuid  =  T2.stuid WHERE T1.age  >  20,98,True,Hrida-T2SQL,5,5,Find number of pets owned by students who are older than 20.,60,pass_k,spider_51,results/raw/Hrida-T2SQL_spider_pass_k_20260326_220953.jsonl
False,spider,"[false, false, false, false, false]",pets_1,data/spider/database/pets_1/pets_1.sqlite,,False,,False,no such column: PetType,"SELECT COUNT(*) FROM Has_Pet hp JOIN Student s ON hp.StuID = s.StuID WHERE PetType = 'Dog' AND s.Sex = 'F' GROUP BY DogPets.pet_age, Dogs.weight",False,,SELECT count(*) FROM student AS T1 JOIN has_pet AS T2 ON T1.stuid  =  T2.stuid JOIN pets AS T3 ON T2.petid  =  T3.petid WHERE T1.sex  =  'F' AND T3.pettype  =  'dog',165,True,Hrida-T2SQL,5,5,Find the number of dog pets that are raised by female students (with sex F).,76,pass_k,spider_53,results/raw/Hrida-T2SQL_spider_pass_k_20260326_220953.jsonl
False,spider,"[false, false, false, false, false]",pets_1,data/spider/database/pets_1/pets_1.sqlite,,False,,False,,"SELECT PetType, MAX(weight) FROM Pets GROUP BY PetType",True,,"SELECT max(weight) ,  petType FROM pets GROUP BY petType",56,True,Hrida-T2SQL,5,5,List the maximum weight and type for each type of pet.,54,pass_k,spider_50,results/raw/Hrida-T2SQL_spider_pass_k_20260326_220953.jsonl
False,spider,"[false, false, false, false, false]",pets_1,data/spider/database/pets_1/pets_1.sqlite,,False,,False,"unrecognized token: ""{""","{""sql"": ""SELECT COUNT(*) FROM Has_Pet HP JOIN Student S ON HP.StuID = S.StuID WHERE PetType = 'dog' AND Sex = 'female'}",False,,SELECT count(*) FROM student AS T1 JOIN has_pet AS T2 ON T1.stuid  =  T2.stuid JOIN pets AS T3 ON T2.petid  =  T3.petid WHERE T1.sex  =  'F' AND T3.pettype  =  'dog',165,True,Hrida-T2SQL,5,5,How many dog pets are raised by female students?,48,pass_k,spider_54,results/raw/Hrida-T2SQL_spider_pass_k_20260326_220953.jsonl
True,spider,"[true, true, true, true, true]",pets_1,data/spider/database/pets_1/pets_1.sqlite,,False,,True,,SELECT COUNT(DISTINCT PetType) FROM Pets,True,,SELECT count(DISTINCT pettype) FROM pets,40,True,Hrida-T2SQL,5,5,Find the number of distinct type of pets.,41,pass_k,spider_55,results/raw/Hrida-T2SQL_spider_pass_k_20260326_220953.jsonl
False,spider,"[false, false, false, false, false]",pets_1,data/spider/database/pets_1/pets_1.sqlite,,False,,False,no such column: s.StudentID,"SELECT s.Fname FROM Student s JOIN Has_Pet hp ON s.StuID = hp.StuID JOIN Pets p ON hp.PetID = p.PetID WHERE p.PetType IN ('Cat', 'Dog') GROUP BY s.Fname, s.StudentID HAVING COUNT(DISTINCT p.PetID) = 1",False,,SELECT DISTINCT T1.Fname FROM student AS T1 JOIN has_pet AS T2 ON T1.stuid  =  T2.stuid JOIN pets AS T3 ON T3.petid  =  T2.petid WHERE T3.pettype  =  'cat' OR T3.pettype  =  'dog',179,True,Hrida-T2SQL,5,5,Find the first name of students who have cat or dog pet.,56,pass_k,spider_57,results/raw/Hrida-T2SQL_spider_pass_k_20260326_220953.jsonl
False,spider,"[false, false, false, false, false]",pets_1,data/spider/database/pets_1/pets_1.sqlite,,False,,False,no such column: pet_type,SELECT DISTINCT s.Fname FROM Student s JOIN Has_Pet hp ON s.StuID = hp.StuID JOIN Pets p1 ON hp.PetID = p1.PetID AND p1.pet_type = 'Cat' JOIN Pets p2 ON hp.PetID = p2.PetID AND p2.pet_type = 'Dog' WHERE s.StuID IN (SELECT StuID FROM Has_Pet INNER JOIN Pets ON Has_Pet.PetID = Pets.PetID GROUP BY StuID HAVING COUNT(DISTINCT pet_type) > 1),False,,select t1.fname from student as t1 join has_pet as t2 on t1.stuid  =  t2.stuid join pets as t3 on t3.petid  =  t2.petid where t3.pettype  =  'cat' intersect select t1.fname from student as t1 join has_pet as t2 on t1.stuid  =  t2.stuid join pets as t3 on t3.petid  =  t2.petid where t3.pettype  =  'dog',303,True,Hrida-T2SQL,5,5,Find the first name of students who have both cat and dog pets .,64,pass_k,spider_59,results/raw/Hrida-T2SQL_spider_pass_k_20260326_220953.jsonl
False,spider,"[false, false, false, false, false]",pets_1,data/spider/database/pets_1/pets_1.sqlite,,False,,False,,SELECT PetType FROM Pets GROUP BY PetType HAVING COUNT(*) > 1,True,,SELECT count(DISTINCT pettype) FROM pets,40,True,Hrida-T2SQL,5,5,How many different types of pet are there?,42,pass_k,spider_56,results/raw/Hrida-T2SQL_spider_pass_k_20260326_220953.jsonl
False,spider,"[false, false, false, false, false]",pets_1,data/spider/database/pets_1/pets_1.sqlite,,False,,False,"unrecognized token: ""{""","{""sql"": ""?>   SELECT Student.Fname FROM Student INNER JOIN Has_Pet ON Student.StuID = Has_Pet.StuID INNER JOIN Pets ON Has_Pet.PetID = Pets.PetID WHERE Pets.PetType IN (SELECT PetType FROM Pets WHERE PetID != 1) AND Fname IS NOT NULL AND Pets.PetType IN ('Dog', 'Cat') GROUP BY Student.Fname HAVING COUNT(DISTINCT Pets.PetType) = 2",False,,"SELECT T1.fname ,  T1.age FROM student AS T1 JOIN has_pet AS T2 ON T1.stuid  =  T2.stuid JOIN pets AS T3 ON T3.petid  =  T2.petid WHERE T3.pettype  =  'dog' AND T1.stuid NOT IN (SELECT T1.stuid FROM student AS T1 JOIN has_pet AS T2 ON T1.stuid  =  T2.stuid JOIN pets AS T3 ON T3.petid  =  T2.petid WHERE T3.pettype  =  'cat')",325,True,Hrida-T2SQL,5,5,What is the first name of every student who has a dog but does not have a cat?,78,pass_k,spider_66,results/raw/Hrida-T2SQL_spider_pass_k_20260326_220953.jsonl
False,spider,"[false, false, false, false, false]",pets_1,data/spider/database/pets_1/pets_1.sqlite,,False,,False,,"SELECT s.Fname FROM Student s JOIN Has_Pet hp ON s.StuID = hp.StuID JOIN Pets p ON hp.PetID = p.PetID WHERE p.PetType IN ('Cat', 'Dog') GROUP BY s.Fname",True,,SELECT DISTINCT T1.Fname FROM student AS T1 JOIN has_pet AS T2 ON T1.stuid  =  T2.stuid JOIN pets AS T3 ON T3.petid  =  T2.petid WHERE T3.pettype  =  'cat' OR T3.pettype  =  'dog',179,True,Hrida-T2SQL,5,5,What are the first names of every student who has a cat or dog as a pet?,72,pass_k,spider_58,results/raw/Hrida-T2SQL_spider_pass_k_20260326_220953.jsonl
True,spider,"[true, true, true, true, true]",pets_1,data/spider/database/pets_1/pets_1.sqlite,,False,,True,,SELECT Student.Fname FROM Student JOIN Has_Pet ON Student.StuID = Has_Pet.StuID JOIN Pets ON Has_Pet.PetID = Pets.PetID WHERE (Student.LName != 'Smith' AND Student.Age > 30) GROUP BY Student.Fname HAVING COUNT(DISTINCT Has_Pet.PetID) >= 2,True,,SELECT T1.Fname FROM student AS T1 JOIN has_pet AS T2 ON T1.stuid  =  T2.stuid JOIN pets AS T3 ON T3.petid  =  T2.petid WHERE T3.pettype  =  'cat' INTERSECT SELECT T1.Fname FROM student AS T1 JOIN has_pet AS T2 ON T1.stuid  =  T2.stuid JOIN pets AS T3 ON T3.petid  =  T2.petid WHERE T3.pettype  =  'dog',303,True,Hrida-T2SQL,5,5,What are the students' first names who have both cats and dogs as pets?,71,pass_k,spider_60,results/raw/Hrida-T2SQL_spider_pass_k_20260326_220953.jsonl
True,spider,"[true, true, true, true, true]",pets_1,data/spider/database/pets_1/pets_1.sqlite,,False,,True,,"SELECT pets.PetID, pets.weight FROM Pets as pets WHERE pets.pet_age > 1",True,,"SELECT petid ,  weight FROM pets WHERE pet_age  >  1",52,True,Hrida-T2SQL,5,5,Find the id and weight of all pets whose age is older than 1.,61,pass_k,spider_69,results/raw/Hrida-T2SQL_spider_pass_k_20260326_220953.jsonl
False,spider,"[false, false, false, false, false]",pets_1,data/spider/database/pets_1/pets_1.sqlite,,False,,False,"unrecognized token: ""{""","{""sql"": ""?>   SELECT s.Major, s.Age FROM Student s LEFT JOIN Has_Pet hp ON s.StuID = hp.StuID LEFT JOIN Pets p ON hp.PetID = p.PetID WHERE s.Fname IS NULL AND (s.Sex = 'M' OR s.Sex = 'F') GROUP BY s.StuID HAVING MAX(CASE WHEN pet_type <> 'Cat' THEN 1 ELSE NULL END) OVER (PARTITION BY s.StuID) IS NOT NULL",False,,"SELECT major ,  age FROM student WHERE stuid NOT IN (SELECT T1.stuid FROM student AS T1 JOIN has_pet AS T2 ON T1.stuid  =  T2.stuid JOIN pets AS T3 ON T3.petid  =  T2.petid WHERE T3.pettype  =  'cat')",200,True,Hrida-T2SQL,5,5,"What major is every student who does not own a cat as a pet, and also how old are they?",87,pass_k,spider_62,results/raw/Hrida-T2SQL_spider_pass_k_20260326_220953.jsonl
True,spider,"[false, true, true, true, true]",pets_1,data/spider/database/pets_1/pets_1.sqlite,,False,,False,no such column: pets.PetID,"SELECT pets.PetID, pets.weight FROM Pets p JOIN Has_Pet hp ON p.PetID = hp.PetID WHERE p.pet_age > 1",False,,"SELECT petid ,  weight FROM pets WHERE pet_age  >  1",52,True,Hrida-T2SQL,5,5,What is the id and weight of every pet who is older than 1?,59,pass_k,spider_70,results/raw/Hrida-T2SQL_spider_pass_k_20260326_220953.jsonl
True,spider,"[true, true, true, true, true]",pets_1,data/spider/database/pets_1/pets_1.sqlite,,False,,True,,"SELECT Pets.PetType, Pets.weight FROM Pets INNER JOIN Has_Pet ON Pets.PetID = Has_Pet.PetID WHERE pets.pet_age IN (SELECT MIN(pets.pet_age) FROM Pets)",True,,"SELECT pettype ,  weight FROM pets ORDER BY pet_age LIMIT 1",59,True,Hrida-T2SQL,5,5,"What type of pet is the youngest animal, and how much does it weigh?",68,pass_k,spider_68,results/raw/Hrida-T2SQL_spider_pass_k_20260326_220953.jsonl
False,spider,"[false, false, false, false, false]",pets_1,data/spider/database/pets_1/pets_1.sqlite,,False,,False,,"SELECT PetType, AVG(pet_age) as avg_age, MAX(pet_age) as max_age FROM Pets GROUP BY PetType",True,,"SELECT avg(pet_age) ,  max(pet_age) ,  pettype FROM pets GROUP BY pettype",73,True,Hrida-T2SQL,5,5,Find the average and maximum age for each type of pet.,54,pass_k,spider_71,results/raw/Hrida-T2SQL_spider_pass_k_20260326_220953.jsonl
False,spider,"[false, false, false, false, false]",pets_1,data/spider/database/pets_1/pets_1.sqlite,,False,,False,"unrecognized token: ""{""","{""sql"": ""?>   SELECT s.Fname, s.Age FROM Student s JOIN Has_Pet hp ON s.StuID = hp.StuID JOIN Pets p1 ON hp.PetID = p1.PetID WHERE pet_type = 'Dog' AND NOT EXISTS (SELECT 1 FROM Has_Pet hp2 WHERE hp2.StuID = s.StuID AND PetID IN (SELECT PetID FROM Pets WHERE PetType = 'Cat'))",False,,"SELECT T1.fname ,  T1.age FROM student AS T1 JOIN has_pet AS T2 ON T1.stuid  =  T2.stuid JOIN pets AS T3 ON T3.petid  =  T2.petid WHERE T3.pettype  =  'dog' AND T1.stuid NOT IN (SELECT T1.stuid FROM student AS T1 JOIN has_pet AS T2 ON T1.stuid  =  T2.stuid JOIN pets AS T3 ON T3.petid  =  T2.petid WHERE T3.pettype  =  'cat')",325,True,Hrida-T2SQL,5,5,Find the first name and age of students who have a dog but do not have a cat as a pet.,86,pass_k,spider_65,results/raw/Hrida-T2SQL_spider_pass_k_20260326_220953.jsonl
False,spider,"[false, false, false, false, false]",pets_1,data/spider/database/pets_1/pets_1.sqlite,,False,,False,,"SELECT PetType, AVG(weight) FROM Pets GROUP BY PetType",True,,"SELECT avg(weight) ,  pettype FROM pets GROUP BY pettype",56,True,Hrida-T2SQL,5,5,Find the average weight for each pet type.,42,pass_k,spider_73,results/raw/Hrida-T2SQL_spider_pass_k_20260326_220953.jsonl
False,spider,"[false, false, false, false, false]",pets_1,data/spider/database/pets_1/pets_1.sqlite,,False,,False,,"SELECT PetType, AVG(pet_age) as avg_age, MAX(pet_age) as max_age FROM Pets JOIN Has_Pet ON Pets.PetID = Has_Pet.PetID GROUP BY PetType",True,,"SELECT avg(pet_age) ,  max(pet_age) ,  pettype FROM pets GROUP BY pettype",73,True,Hrida-T2SQL,5,5,What is the average and maximum age for each pet type?,54,pass_k,spider_72,results/raw/Hrida-T2SQL_spider_pass_k_20260326_220953.jsonl
False,spider,"[false, false, false, false, false]",pets_1,data/spider/database/pets_1/pets_1.sqlite,,False,,False,,SELECT DISTINCT hp.StuID FROM Has_Pet hp LEFT JOIN Pets p ON hp.PetID = p.PetID WHERE p.PetType != 'cat' OR p.pet_age IS NULL OR p.weight IS NULL GROUP BY hp.StuID HAVING COUNT(*) > 1,True,,SELECT stuid FROM student EXCEPT SELECT T1.stuid FROM student AS T1 JOIN has_pet AS T2 ON T1.stuid  =  T2.stuid JOIN pets AS T3 ON T3.petid  =  T2.petid WHERE T3.pettype  =  'cat',179,True,Hrida-T2SQL,5,5,What are the ids of the students who do not own cats as pets?,61,pass_k,spider_64,results/raw/Hrida-T2SQL_spider_pass_k_20260326_220953.jsonl
False,spider,"[false, false, false, false, false]",pets_1,data/spider/database/pets_1/pets_1.sqlite,,False,,False,,"SELECT Pets.PetType, Pets.weight FROM Pets INNER JOIN Has_Pet ON Pets.PetID = Has_Pet.PetID WHERE has_pet.PetID IN (SELECT PetID FROM Pets ORDER BY pet_age ASC) LIMIT 1",True,,"SELECT pettype ,  weight FROM pets ORDER BY pet_age LIMIT 1",59,True,Hrida-T2SQL,5,5,Find the type and weight of the youngest pet.,45,pass_k,spider_67,results/raw/Hrida-T2SQL_spider_pass_k_20260326_220953.jsonl
False,spider,"[false, false, false, false, false]",pets_1,data/spider/database/pets_1/pets_1.sqlite,,False,,False,,"SELECT PetType, AVG(weight) FROM Pets GROUP BY PetType",True,,"SELECT avg(weight) ,  pettype FROM pets GROUP BY pettype",56,True,Hrida-T2SQL,5,5,What is the average weight for each type of pet?,48,pass_k,spider_74,results/raw/Hrida-T2SQL_spider_pass_k_20260326_220953.jsonl
False,spider,"[false, false, false, false, false]",pets_1,data/spider/database/pets_1/pets_1.sqlite,,False,,False,ambiguous column name: StuID,SELECT StuID FROM Student s JOIN Has_Pet hp ON s.StuID = hp.StuID WHERE PetType != 'Cat' GROUP BY StuID HAVING COUNT(DISTINCT pet_id) > 1,False,,SELECT stuid FROM student EXCEPT SELECT T1.stuid FROM student AS T1 JOIN has_pet AS T2 ON T1.stuid  =  T2.stuid JOIN pets AS T3 ON T3.petid  =  T2.petid WHERE T3.pettype  =  'cat',179,True,Hrida-T2SQL,5,5,Find the id of students who do not have a cat pet.,50,pass_k,spider_63,results/raw/Hrida-T2SQL_spider_pass_k_20260326_220953.jsonl
False,spider,"[false, false, false, false, false]",pets_1,data/spider/database/pets_1/pets_1.sqlite,,False,,False,no such column: PetType,"SELECT Student.Major, Student.Age FROM Student LEFT JOIN Has_Pet ON Student.StuID = Has_Pet.StuID WHERE PetType != 'Cat' OR Has_Pet.pet_id IS NULL GROUP BY Student.StuID",False,,"SELECT major ,  age FROM student WHERE stuid NOT IN (SELECT T1.stuid FROM student AS T1 JOIN has_pet AS T2 ON T1.stuid  =  T2.stuid JOIN pets AS T3 ON T3.petid  =  T2.petid WHERE T3.pettype  =  'cat')",200,True,Hrida-T2SQL,5,5,Find the major and age of students who do not have a cat pet.,61,pass_k,spider_61,results/raw/Hrida-T2SQL_spider_pass_k_20260326_220953.jsonl
False,spider,"[false, false, false, false, false]",pets_1,data/spider/database/pets_1/pets_1.sqlite,,False,,False,,"SELECT s.Fname, s.Age FROM Student s INNER JOIN Has_Pet hp ON s.StuID = hp.StuID WHERE hp.PetID IS NOT NULL",True,,"SELECT DISTINCT T1.fname ,  T1.age FROM student AS T1 JOIN has_pet AS T2 ON T1.stuid  =  T2.stuid",97,True,Hrida-T2SQL,5,5,Find the first name and age of students who have a pet.,55,pass_k,spider_75,results/raw/Hrida-T2SQL_spider_pass_k_20260326_220953.jsonl
False,spider,"[false, false, false, false, false]",pets_1,data/spider/database/pets_1/pets_1.sqlite,,False,,False,no such column: Has_Pet.PetAge,SELECT Has_Pet.petID FROM Has_Pet INNER JOIN Student ON Has_Pet.StuID = Student.StuID WHERE Student.LName = 'Smith' AND Has_Pet.PetType IS NOT NULL AND Has_Pet.PetAge IS NOT NULL,False,,SELECT T2.petid FROM student AS T1 JOIN has_pet AS T2 ON T1.stuid  =  T2.stuid WHERE T1.Lname  =  'Smith',105,True,Hrida-T2SQL,5,5,Find the id of the pet owned by student whose last name is ‘Smith’.,67,pass_k,spider_77,results/raw/Hrida-T2SQL_spider_pass_k_20260326_220953.jsonl
False,spider,"[false, false, false, false, false]",pets_1,data/spider/database/pets_1/pets_1.sqlite,,False,,False,no such column: Has_Pet.pet_type,SELECT Has_Pet.StuID FROM Student JOIN Has_Pet ON Student.StuID = Has_Pet.StuID WHERE Student.LName = 'Smith' AND Has_Pet.pet_type IS NOT NULL LIMIT 1,False,,SELECT T2.petid FROM student AS T1 JOIN has_pet AS T2 ON T1.stuid  =  T2.stuid WHERE T1.Lname  =  'Smith',105,True,Hrida-T2SQL,5,5,What is the id of the pet owned by the student whose last name is 'Smith'?,74,pass_k,spider_78,results/raw/Hrida-T2SQL_spider_pass_k_20260326_220953.jsonl
True,spider,"[true, true, true, true, true]",pets_1,data/spider/database/pets_1/pets_1.sqlite,,False,,True,,"SELECT s.Fname, s.Age FROM Student s INNER JOIN Has_Pet hp ON s.StuID = hp.StuID GROUP BY Fname, Age",True,,"SELECT DISTINCT T1.fname ,  T1.age FROM student AS T1 JOIN has_pet AS T2 ON T1.stuid  =  T2.stuid",97,True,Hrida-T2SQL,5,5,What are the different first names and ages of the students who do have pets?,77,pass_k,spider_76,results/raw/Hrida-T2SQL_spider_pass_k_20260326_220953.jsonl
True,spider,"[true, true, true, true, true]",pets_1,data/spider/database/pets_1/pets_1.sqlite,,False,,True,,"SELECT COUNT(PetID), Has_Pet.StuID FROM Has_Pet GROUP BY Has_Pet.StuID",True,,"SELECT count(*) ,  T1.stuid FROM student AS T1 JOIN has_pet AS T2 ON T1.stuid  =  T2.stuid GROUP BY T1.stuid",108,True,Hrida-T2SQL,5,5,Find the number of pets for each student who has any pet and student id.,72,pass_k,spider_79,results/raw/Hrida-T2SQL_spider_pass_k_20260326_220953.jsonl
False,spider,"[false, false, false, false, false]",pets_1,data/spider/database/pets_1/pets_1.sqlite,,False,,False,,SELECT s.StuID FROM Student s JOIN Has_Pet hp ON s.StuID = hp.StuID GROUP BY s.StuID,True,,"select count(*) ,  t1.stuid from student as t1 join has_pet as t2 on t1.stuid  =  t2.stuid group by t1.stuid",108,True,Hrida-T2SQL,5,5,"For students who have pets , how many pets does each student have ? list their ids instead of names .",101,pass_k,spider_80,results/raw/Hrida-T2SQL_spider_pass_k_20260326_220953.jsonl
False,spider,"[false, false, false, false, false]",pets_1,data/spider/database/pets_1/pets_1.sqlite,,False,,False,no such column: Student.Gender,"SELECT Student.Fname, Student.Sex FROM Student JOIN Has_Pet ON Student.StuID = Has_Pet.StuID GROUP BY Student.Fname, Student.Gender HAVING COUNT(Has_Pet.PetID) > 1",False,,"SELECT T1.fname ,  T1.sex FROM student AS T1 JOIN has_pet AS T2 ON T1.stuid  =  T2.stuid GROUP BY T1.stuid HAVING count(*)  >  1",128,True,Hrida-T2SQL,5,5,What is the first name and gender of the all the students who have more than one pet?,85,pass_k,spider_82,results/raw/Hrida-T2SQL_spider_pass_k_20260326_220953.jsonl
True,spider,"[false, true, true, true, true]",pets_1,data/spider/database/pets_1/pets_1.sqlite,,False,,False,,SELECT s.LName FROM Student s JOIN Has_Pet hp ON s.StuID = hp.StuID JOIN Pets p ON hp.PetID = p.PetID WHERE p.PetType = 'Cat' AND p.pet_age = 3,True,,SELECT T1.lname FROM student AS T1 JOIN has_pet AS T2 ON T1.stuid  =  T2.stuid JOIN pets AS T3 ON T3.petid  =  T2.petid WHERE T3.pet_age  =  3 AND T3.pettype  =  'cat',167,True,Hrida-T2SQL,5,5,Find the last name of the student who has a cat that is age 3.,62,pass_k,spider_83,results/raw/Hrida-T2SQL_spider_pass_k_20260326_220953.jsonl
False,spider,"[false, false, false, false, false]",pets_1,data/spider/database/pets_1/pets_1.sqlite,,False,,False,,SELECT s.LName FROM Student s JOIN Has_Pet hp ON s.StuID = hp.StuID JOIN Pets p ON hp.PetID = p.PetID WHERE p.PetType = 'Cat' AND p.pet_age = 3,True,,SELECT T1.lname FROM student AS T1 JOIN has_pet AS T2 ON T1.stuid  =  T2.stuid JOIN pets AS T3 ON T3.petid  =  T2.petid WHERE T3.pet_age  =  3 AND T3.pettype  =  'cat',167,True,Hrida-T2SQL,5,5,What is the last name of the student who has a cat that is 3 years old?,71,pass_k,spider_84,results/raw/Hrida-T2SQL_spider_pass_k_20260326_220953.jsonl
False,spider,"[false, false, false, false, false]",pets_1,data/spider/database/pets_1/pets_1.sqlite,,False,,False,,"SELECT s.Fname, s.Sex FROM Student s INNER JOIN Has_Pet hp ON s.StuID = hp.StuID GROUP BY s.StuID HAVING COUNT(hp.PetID) > 1 UNION SELECT NULL AS Fname, NULL AS Sex",True,,"SELECT T1.fname ,  T1.sex FROM student AS T1 JOIN has_pet AS T2 ON T1.stuid  =  T2.stuid GROUP BY T1.stuid HAVING count(*)  >  1",128,True,Hrida-T2SQL,5,5,Find the first name and gender of student who have more than one pet.,69,pass_k,spider_81,results/raw/Hrida-T2SQL_spider_pass_k_20260326_220953.jsonl
True,spider,"[true, true, true, true, true]",car_1,data/spider/database/car_1/car_1.sqlite,,False,,True,,SELECT COUNT(*) FROM continents,True,,SELECT count(*) FROM CONTINENTS;,32,True,Hrida-T2SQL,5,5,What is the number of continents?,33,pass_k,spider_88,results/raw/Hrida-T2SQL_spider_pass_k_20260326_220953.jsonl
False,spider,"[false, false, false, false, false]",pets_1,data/spider/database/pets_1/pets_1.sqlite,,False,,False,,SELECT AVG(Age) FROM Student s LEFT JOIN Has_Pet hp ON s.StuID = hp.StuID WHERE hp.PetID IS NULL GROUP BY s.StuID,True,,select avg(age) from student where stuid not in (select stuid from has_pet),75,True,Hrida-T2SQL,5,5,What is the average age for all students who do not own any pets ?,66,pass_k,spider_86,results/raw/Hrida-T2SQL_spider_pass_k_20260326_220953.jsonl
True,spider,"[true, true, true, true, true]",car_1,data/spider/database/car_1/car_1.sqlite,,False,,True,,SELECT COUNT(*) FROM countries,True,,SELECT count(*) FROM COUNTRIES;,31,True,Hrida-T2SQL,5,5,How many countries are listed?,30,pass_k,spider_91,results/raw/Hrida-T2SQL_spider_pass_k_20260326_220953.jsonl
True,spider,"[true, false, false, false, false]",pets_1,data/spider/database/pets_1/pets_1.sqlite,,False,,True,,SELECT AVG(Age) FROM Student WHERE StuID NOT IN (SELECT DISTINCT StuID FROM Has_Pet),True,,select avg(age) from student where stuid not in (select stuid from has_pet),75,True,Hrida-T2SQL,5,5,Find the average age of students who do not have any pet .,58,pass_k,spider_85,results/raw/Hrida-T2SQL_spider_pass_k_20260326_220953.jsonl
False,spider,"[false, false, false, false, false]",car_1,data/spider/database/car_1/car_1.sqlite,,False,,False,no such column: c.ContinentName,"SELECT c.ContId AS ContinentID, c.ContinentName AS CountryName, COUNT(co.CountryId) AS NumberOfCountries FROM continents c JOIN countries co ON c.ContId = co.Continent INNER JOIN car_makers cm ON co.Country = cm.Country GROUP BY c.ContId",False,,"SELECT T1.ContId ,  T1.Continent ,  count(*) FROM CONTINENTS AS T1 JOIN COUNTRIES AS T2 ON T1.ContId  =  T2.Continent GROUP BY T1.ContId;",137,True,Hrida-T2SQL,5,5,"For each continent, list its id, name, and how many countries it has?",69,pass_k,spider_90,results/raw/Hrida-T2SQL_spider_pass_k_20260326_220953.jsonl
True,spider,"[true, true, true, true, true]",car_1,data/spider/database/car_1/car_1.sqlite,,False,,True,,SELECT COUNT(*) FROM continents,True,,SELECT count(*) FROM CONTINENTS;,32,True,Hrida-T2SQL,5,5,How many continents are there?,30,pass_k,spider_87,results/raw/Hrida-T2SQL_spider_pass_k_20260326_220953.jsonl
True,spider,"[true, true, true, true, true]",car_1,data/spider/database/car_1/car_1.sqlite,,False,,True,,SELECT COUNT(*) FROM countries,True,,SELECT count(*) FROM COUNTRIES;,31,True,Hrida-T2SQL,5,5,How many countries exist?,25,pass_k,spider_92,results/raw/Hrida-T2SQL_spider_pass_k_20260326_220953.jsonl
True,spider,"[true, false, false, false, false]",car_1,data/spider/database/car_1/car_1.sqlite,,False,,True,,"SELECT c.ContId AS ContinentID, c.Continent AS ContinentName, COUNT(r.CountryId) as CountryCount FROM continents c JOIN countries r ON c.ContId = r.Continent GROUP BY ContinentID, ContinentName",True,,"SELECT T1.ContId ,  T1.Continent ,  count(*) FROM CONTINENTS AS T1 JOIN COUNTRIES AS T2 ON T1.ContId  =  T2.Continent GROUP BY T1.ContId;",137,True,Hrida-T2SQL,5,5,"How many countries does each continent have? List the continent id, continent name and the number of countries.",111,pass_k,spider_89,results/raw/Hrida-T2SQL_spider_pass_k_20260326_220953.jsonl
False,spider,"[false, false, false, false, false]",car_1,data/spider/database/car_1/car_1.sqlite,,False,,False,no such column: cm.Id,"SELECT c.FullName, cm.Id, COUNT(DISTINCT m.Model) FROM car_makers AS c JOIN model_list AS m ON c.Id = m.Maker GROUP BY c.FullName, cm.Id",False,,"SELECT T1.FullName ,  T1.Id ,  count(*) FROM CAR_MAKERS AS T1 JOIN MODEL_LIST AS T2 ON T1.Id  =  T2.Maker GROUP BY T1.Id;",121,True,Hrida-T2SQL,5,5,"What is the full name of each car maker, along with its id and how many models it produces?",91,pass_k,spider_94,results/raw/Hrida-T2SQL_spider_pass_k_20260326_220953.jsonl
False,spider,"[false, false, false, false, false]",car_1,data/spider/database/car_1/car_1.sqlite,,False,,False,no such column: m.MakeId,SELECT m.Model FROM model_list m JOIN cars_data c ON m.MakeId = c.Id ORDER BY c.Horsepower ASC LIMIT 1,False,,SELECT T1.Model FROM CAR_NAMES AS T1 JOIN CARS_DATA AS T2 ON T1.MakeId  =  T2.Id ORDER BY T2.horsepower ASC LIMIT 1;,116,True,Hrida-T2SQL,5,5,Which model of the car has the minimum horsepower?,50,pass_k,spider_95,results/raw/Hrida-T2SQL_spider_pass_k_20260326_220953.jsonl
False,spider,"[false, false, false, false, false]",car_1,data/spider/database/car_1/car_1.sqlite,,False,,False,no such column: cm.Id,"SELECT c.FullName, cm.Id, COUNT(c2m.ModelId) FROM car_makers c JOIN model_list ml ON c.Maker = ml.Maker JOIN cars_data cd on cd.Id = ml.MakeId GROUP BY c.FullName, cm.Id",False,,"SELECT T1.FullName ,  T1.Id ,  count(*) FROM CAR_MAKERS AS T1 JOIN MODEL_LIST AS T2 ON T1.Id  =  T2.Maker GROUP BY T1.Id;",121,True,Hrida-T2SQL,5,5,"How many models does each car maker produce? List maker full name, id and the number.",85,pass_k,spider_93,results/raw/Hrida-T2SQL_spider_pass_k_20260326_220953.jsonl
False,spider,"[false, false, false, false, false]",car_1,data/spider/database/car_1/car_1.sqlite,,False,,False,no such column: m.MakeId,SELECT m.Model FROM model_list m JOIN cars_data c ON m.MakeId = c.Id WHERE c.Horsepower IS NOT NULL GROUP BY m.Model ORDER BY MIN(c.Horsepower) LIMIT 1,False,,SELECT T1.Model FROM CAR_NAMES AS T1 JOIN CARS_DATA AS T2 ON T1.MakeId  =  T2.Id ORDER BY T2.horsepower ASC LIMIT 1;,116,True,Hrida-T2SQL,5,5,What is the model of the car with the smallest amount of horsepower?,68,pass_k,spider_96,results/raw/Hrida-T2SQL_spider_pass_k_20260326_220953.jsonl
False,spider,"[false, false, false, false, false]",car_1,data/spider/database/car_1/car_1.sqlite,,False,,False,no such column: car_names.Make,SELECT DISTINCT car_makers.Maker FROM car_makers JOIN cars_data ON car_names.Make = cars_data.Id WHERE cars_data.Year = 1970 GROUP BY car_makers.Maker,False,,SELECT DISTINCT T1.Maker FROM CAR_MAKERS AS T1 JOIN MODEL_LIST AS T2 ON T1.Id  =  T2.Maker JOIN CAR_NAMES AS T3 ON T2.model  =  T3.model JOIN CARS_DATA AS T4 ON T3.MakeId  =  T4.id WHERE T4.year  =  '1970';,206,True,Hrida-T2SQL,5,5,Find the name of the makers that produced some cars in the year of 1970?,72,pass_k,spider_99,results/raw/Hrida-T2SQL_spider_pass_k_20260326_220953.jsonl
False,spider,"[false, false, false, false, false]",car_1,data/spider/database/car_1/car_1.sqlite,,False,,False,no such column: model_list.MakeId,SELECT Model FROM cars_data JOIN model_list ON cars_data.Id = model_list.MakeId WHERE Weight < (SELECT AVG(Weight) FROM cars_data),False,,SELECT T1.model FROM CAR_NAMES AS T1 JOIN CARS_DATA AS T2 ON T1.MakeId  =  T2.Id WHERE T2.Weight  <  (SELECT avg(Weight) FROM CARS_DATA),136,True,Hrida-T2SQL,5,5,Find the model of the car whose weight is below the average weight.,67,pass_k,spider_97,results/raw/Hrida-T2SQL_spider_pass_k_20260326_220953.jsonl
False,spider,"[false, false, false, false, false]",car_1,data/spider/database/car_1/car_1.sqlite,,False,,False,ambiguous column name: model,SELECT model FROM cars_data c JOIN car_names n ON c.Id = n.MakeId JOIN model_list m ON n.MakeId = m.Maker WHERE Weight < (SELECT AVG(Weight) FROM cars_data),False,,SELECT T1.model FROM CAR_NAMES AS T1 JOIN CARS_DATA AS T2 ON T1.MakeId  =  T2.Id WHERE T2.Weight  <  (SELECT avg(Weight) FROM CARS_DATA),136,True,Hrida-T2SQL,5,5,What is the model for the car with a weight smaller than the average?,69,pass_k,spider_98,results/raw/Hrida-T2SQL_spider_pass_k_20260326_220953.jsonl
