any_hit,benchmark,candidate_hits,db_id,db_path,difficulty,empty_sql,evidence,first_hit,first_pred_error,first_pred_sql,first_pred_success,gold_error,gold_sql,gold_sql_len,gold_success,model_name,n_candidates,n_generations,question,question_len,run_label,sample_id,source_path
False,bird,[false],california_schools,data/bird/dev_databases/california_schools/california_schools.sqlite,simple,False,,False,"near ""."": syntax error",SELECT ...,False,,SELECT T2.`FRPM Count (Ages 5-17)` FROM satscores AS T1 INNER JOIN frpm AS T2 ON T1.cds = T2.CDSCode ORDER BY T1.AvgScrRead DESC LIMIT 1,136,True,Arctic-Text2SQL-R1-7B,1,1,"For the school with the highest average score in Reading in the SAT test, what is its FRPM count for students aged 5-17?",120,ea,bird_10,results/raw/Arctic-Text2SQL-R1-7B_bird_ea_20260326_143231.jsonl
False,bird,[false],california_schools,data/bird/dev_databases/california_schools/california_schools.sqlite,simple,False,Charter schools refers to `Charter School (Y/N)` = 1 in the table fprm,False,incomplete input,SELECT Zip FROM schools WHERE Charter = 1 AND DOC = 'Fresno County Office of Education'.,False,,SELECT T2.Zip FROM frpm AS T1 INNER JOIN schools AS T2 ON T1.CDSCode = T2.CDSCode WHERE T1.`District Name` = 'Fresno County Office of Education' AND T1.`Charter School (Y/N)` = 1,178,True,Arctic-Text2SQL-R1-7B,1,1,Please list the zip code of all the charter schools in Fresno County Office of Education.,89,ea,bird_2,results/raw/Arctic-Text2SQL-R1-7B_bird_ea_20260326_143231.jsonl
False,bird,[false],california_schools,data/bird/dev_databases/california_schools/california_schools.sqlite,moderate,False,Excellence rate = NumGE1500 / NumTstTakr; Eligible free rates for students aged 5-17 = `Free Meal Count (Ages 5-17)` / `Enrollment (Ages 5-17)`,False,,SELECT MAX(T2.`Percent (%) Eligible Free (Ages 5-17)`) AS max_eligible_free_rate FROM satscores AS T1 INNER JOIN frpm AS T2 ON T1.cds = T2.CDSCode WHERE T1.rtype = 'SAT' AND T1.NumTstTakr > 0 AND (T1.AvgScrRead + T1.AvgScrMath + T1.AvgScrWrite) / 3.0 > 0.3,True,,SELECT MAX(CAST(T1.`Free Meal Count (Ages 5-17)` AS REAL) / T1.`Enrollment (Ages 5-17)`) FROM frpm AS T1 INNER JOIN satscores AS T2 ON T1.CDSCode = T2.cds WHERE CAST(T2.NumGE1500 AS REAL) / T2.NumTstTakr > 0.3,209,True,Arctic-Text2SQL-R1-7B,1,1,"Among the schools with an SAT excellence rate of over 0.3, what is the highest eligible free rate for students aged 5-17?",121,ea,bird_12,results/raw/Arctic-Text2SQL-R1-7B_bird_ea_20260326_143231.jsonl
False,bird,[false],california_schools,data/bird/dev_databases/california_schools/california_schools.sqlite,simple,False,Eligible free rate for K-12 = `Free Meal Count (K-12)` / `Enrollment (K-12)`,False,,SELECT MAX(T1.`Percent (%) Eligible Free (K-12)`) AS max_eligible_free_rate FROM frpm AS T1 WHERE T1.`County Name` = 'Alameda County',True,,SELECT `Free Meal Count (K-12)` / `Enrollment (K-12)` FROM frpm WHERE `County Name` = 'Alameda' ORDER BY (CAST(`Free Meal Count (K-12)` AS REAL) / `Enrollment (K-12)`) DESC LIMIT 1,180,True,Arctic-Text2SQL-R1-7B,1,1,What is the highest eligible free rate for K-12 students in the schools in Alameda County?,90,ea,bird_0,results/raw/Arctic-Text2SQL-R1-7B_bird_ea_20260326_143231.jsonl
True,bird,[true],california_schools,data/bird/dev_databases/california_schools/california_schools.sqlite,simple,False,,True,,SELECT NumTstTakr FROM satscores WHERE cds IN (SELECT CDSCode FROM frpm ORDER BY `FRPM Count (K-12)` DESC LIMIT 1),True,,SELECT NumTstTakr FROM satscores WHERE cds = ( SELECT CDSCode FROM frpm ORDER BY `FRPM Count (K-12)` DESC LIMIT 1 ),115,True,Arctic-Text2SQL-R1-7B,1,1,What is the number of SAT test takers of the schools with the highest FRPM count for K-12 students?,99,ea,bird_8,results/raw/Arctic-Text2SQL-R1-7B_bird_ea_20260326_143231.jsonl
True,bird,[true],california_schools,data/bird/dev_databases/california_schools/california_schools.sqlite,simple,False,,True,,SELECT COUNT(*) FROM frpm WHERE `County Name` = 'Los Angeles' AND `Free Meal Count (K-12)` > 500 AND `FRPM Count (K-12)` < 700,True,,SELECT COUNT(CDSCode) FROM frpm WHERE `County Name` = 'Los Angeles' AND `Free Meal Count (K-12)` > 500 AND `FRPM Count (K-12)`< 700,131,True,Arctic-Text2SQL-R1-7B,1,1,In Los Angeles how many schools have more than 500 free meals but less than 700 free or reduced price meals for K-12?,117,ea,bird_21,results/raw/Arctic-Text2SQL-R1-7B_bird_ea_20260326_143231.jsonl
True,bird,[true],california_schools,data/bird/dev_databases/california_schools/california_schools.sqlite,simple,False,,True,,SELECT MailStreet FROM schools WHERE CDSCode = (SELECT CDSCode FROM frpm ORDER BY `FRPM Count (K-12)` DESC LIMIT 1),True,,SELECT T2.MailStreet FROM frpm AS T1 INNER JOIN schools AS T2 ON T1.CDSCode = T2.CDSCode ORDER BY T1.`FRPM Count (K-12)` DESC LIMIT 1,133,True,Arctic-Text2SQL-R1-7B,1,1,What is the unabbreviated mailing street address of the school with the highest FRPM count for K-12 students?,109,ea,bird_3,results/raw/Arctic-Text2SQL-R1-7B_bird_ea_20260326_143231.jsonl
False,bird,[false],california_schools,data/bird/dev_databases/california_schools/california_schools.sqlite,simple,False,,False,,SELECT COUNT(*) FROM schools WHERE FundingType = 'Direct' AND CDSCode IN (SELECT cds FROM satscores WHERE AvgScrMath > 560),True,,SELECT COUNT(T2.`School Code`) FROM satscores AS T1 INNER JOIN frpm AS T2 ON T1.cds = T2.CDSCode WHERE T1.AvgScrMath > 560 AND T2.`Charter Funding Type` = 'Directly funded',172,True,Arctic-Text2SQL-R1-7B,1,1,"Among the schools with the average score in Math over 560 in the SAT test, how many schools are directly charter-funded?",120,ea,bird_9,results/raw/Arctic-Text2SQL-R1-7B_bird_ea_20260326_143231.jsonl
False,bird,[false],california_schools,data/bird/dev_databases/california_schools/california_schools.sqlite,moderate,False,Percent eligible for free meals = Free Meal Count (K-12) / Total (Enrollment (K-12),False,,SELECT s.School FROM schools AS s INNER JOIN frpm AS f ON s.CDSCode = f.CDSCode WHERE f.`Percent (%) Eligible Free (K-12)` > 0.1 AND f.`FRPM Count (K-12)` >= 1500,True,,SELECT T2.`School Name` FROM satscores AS T1 INNER JOIN frpm AS T2 ON T1.cds = T2.CDSCode WHERE CAST(T2.`Free Meal Count (K-12)` AS REAL) / T2.`Enrollment (K-12)` > 0.1 AND T1.NumGE1500 > 0,189,True,Arctic-Text2SQL-R1-7B,1,1,Give the names of the schools with the percent eligible for free meals in K-12 is more than 0.1 and test takers whose test score is greater than or equal to 1500?,162,ea,bird_24,results/raw/Arctic-Text2SQL-R1-7B_bird_ea_20260326_143231.jsonl
False,bird,[false],california_schools,data/bird/dev_databases/california_schools/california_schools.sqlite,simple,False,Total enrollment can be represented by `Enrollment (K-12)` + `Enrollment (Ages 5-17)`,False,,SELECT CDSCode FROM frpm WHERE `Enrollment (K-12)` > 500,True,,SELECT T2.CDSCode FROM schools AS T1 INNER JOIN frpm AS T2 ON T1.CDSCode = T2.CDSCode WHERE T2.`Enrollment (K-12)` + T2.`Enrollment (Ages 5-17)` > 500,150,True,Arctic-Text2SQL-R1-7B,1,1,Please list the codes of the schools with a total enrollment of over 500.,73,ea,bird_11,results/raw/Arctic-Text2SQL-R1-7B_bird_ea_20260326_143231.jsonl
False,bird,[false],california_schools,data/bird/dev_databases/california_schools/california_schools.sqlite,simple,False,K-12 means First-through-twelfth-grade,False,no such column: Enrollment,SELECT OpenDate FROM schools ORDER BY Enrollment DESC LIMIT 1,False,,SELECT T2.OpenDate FROM frpm AS T1 INNER JOIN schools AS T2 ON T1.CDSCode = T2.CDSCode ORDER BY T1.`Enrollment (K-12)` DESC LIMIT 1,131,True,Arctic-Text2SQL-R1-7B,1,1,When did the first-through-twelfth-grade school with the largest enrollment open?,81,ea,bird_29,results/raw/Arctic-Text2SQL-R1-7B_bird_ea_20260326_143231.jsonl
False,bird,[false],california_schools,data/bird/dev_databases/california_schools/california_schools.sqlite,simple,False,,False,,SELECT s.School FROM schools AS s INNER JOIN satscores AS ss ON s.CDSCode = ss.cds WHERE s.County = 'Contra Costa' ORDER BY ss.NumTstTakr DESC LIMIT 1,True,,SELECT sname FROM satscores WHERE cname = 'Contra Costa' AND sname IS NOT NULL ORDER BY NumTstTakr DESC LIMIT 1,111,True,Arctic-Text2SQL-R1-7B,1,1,Which school in Contra Costa has the highest number of test takers?,67,ea,bird_22,results/raw/Arctic-Text2SQL-R1-7B_bird_ea_20260326_143231.jsonl
False,bird,[false],california_schools,data/bird/dev_databases/california_schools/california_schools.sqlite,moderate,False,Average of average math = sum(average math scores) / count(schools).,False,,"SELECT s.School, s.FundingType FROM schools AS s INNER JOIN satscores AS ss ON s.CDSCode = ss.cds WHERE s.County = 'Riverside' GROUP BY s.School, s.FundingType HAVING AVG(ss.AvgScrMath) > 400",True,,"SELECT T1.sname, T2.`Charter Funding Type` FROM satscores AS T1 INNER JOIN frpm AS T2 ON T1.cds = T2.CDSCode WHERE T2.`District Name` LIKE 'Riverside%' GROUP BY T1.sname, T2.`Charter Funding Type` HAVING CAST(SUM(T1.AvgScrMath) AS REAL) / COUNT(T1.cds) > 400",258,True,Arctic-Text2SQL-R1-7B,1,1,"Name schools in Riverside which the average of average math score for SAT is grater than 400, what is the funding type of these schools?",136,ea,bird_25,results/raw/Arctic-Text2SQL-R1-7B_bird_ea_20260326_143231.jsonl
False,bird,[false],california_schools,data/bird/dev_databases/california_schools/california_schools.sqlite,moderate,False,"Full communication address should include Street, City, State and zip code if any.",False,"near ""."": syntax error",SELECT ...,False,,"SELECT T1.`School Name`, T2.Street, T2.City, T2.State, T2.Zip FROM frpm AS T1 INNER JOIN schools AS T2 ON T1.CDSCode = T2.CDSCode WHERE T2.County = 'Monterey' AND T1.`Free Meal Count (Ages 5-17)` > 800 AND T1.`School Type` = 'High Schools (Public)'",248,True,Arctic-Text2SQL-R1-7B,1,1,State the names and full communication address of high schools in Monterey which has more than 800 free or reduced price meals for ages 15-17?,142,ea,bird_26,results/raw/Arctic-Text2SQL-R1-7B_bird_ea_20260326_143231.jsonl
False,bird,[false],california_schools,data/bird/dev_databases/california_schools/california_schools.sqlite,simple,False,,False,,SELECT COUNT(*) FROM schools AS T1 INNER JOIN satscores AS T2 ON T1.CDSCode = T2.cds WHERE T1.County = 'Fresno' AND T1.FundingType = 'Direct' AND T2.NumTstTakr <= 250,True,,SELECT COUNT(T1.CDSCode) FROM frpm AS T1 INNER JOIN satscores AS T2 ON T1.CDSCode = T2.cds WHERE T1.`Charter Funding Type` = 'Directly funded' AND T1.`County Name` = 'Fresno' AND T2.NumTstTakr <= 250,199,True,Arctic-Text2SQL-R1-7B,1,1,How many schools in Fresno (directly funded) have number of test takers not more than 250?,90,ea,bird_18,results/raw/Arctic-Text2SQL-R1-7B_bird_ea_20260326_143231.jsonl
True,bird,[true],california_schools,data/bird/dev_databases/california_schools/california_schools.sqlite,simple,False,,True,,SELECT s.Phone FROM schools AS s INNER JOIN satscores AS ss ON s.CDSCode = ss.cds ORDER BY ss.NumTstTakr DESC LIMIT 1,True,,SELECT T2.Phone FROM satscores AS T1 INNER JOIN schools AS T2 ON T1.cds = T2.CDSCode ORDER BY T1.NumGE1500 DESC LIMIT 1,119,True,Arctic-Text2SQL-R1-7B,1,1,What is the phone number of the school that has the highest number of test takers with an SAT score of over 1500?,113,ea,bird_7,results/raw/Arctic-Text2SQL-R1-7B_bird_ea_20260326_143231.jsonl
False,bird,[false],california_schools,data/bird/dev_databases/california_schools/california_schools.sqlite,moderate,False,Eligible free rates for students aged 5-17 = `Free Meal Count (Ages 5-17)` / `Enrollment (Ages 5-17)`,False,,SELECT MIN(T1.`Percent (%) Eligible Free (Ages 5-17)`) FROM frpm AS T1 INNER JOIN schools AS T2 ON T1.CDSCode = T2.CDSCode WHERE T2.StatusType = 'Continuation' LIMIT 3,True,,SELECT `Free Meal Count (Ages 5-17)` / `Enrollment (Ages 5-17)` FROM frpm WHERE `Educational Option Type` = 'Continuation School' AND `Free Meal Count (Ages 5-17)` / `Enrollment (Ages 5-17)` IS NOT NULL ORDER BY `Free Meal Count (Ages 5-17)` / `Enrollment (Ages 5-17)` ASC LIMIT 3,280,True,Arctic-Text2SQL-R1-7B,1,1,Please list the lowest three eligible free rates for students aged 5-17 in continuation schools.,96,ea,bird_1,results/raw/Arctic-Text2SQL-R1-7B_bird_ea_20260326_143231.jsonl
False,bird,[false],california_schools,data/bird/dev_databases/california_schools/california_schools.sqlite,simple,False,,False,"near ""."": syntax error",SELECT ...,False,,SELECT T1.District FROM schools AS T1 INNER JOIN satscores AS T2 ON T1.CDSCode = T2.cds WHERE T1.StatusType = 'Active' ORDER BY T2.AvgScrRead DESC LIMIT 1,154,True,Arctic-Text2SQL-R1-7B,1,1,Which active district has the highest average score in Reading?,63,ea,bird_15,results/raw/Arctic-Text2SQL-R1-7B_bird_ea_20260326_143231.jsonl
False,bird,[false],california_schools,data/bird/dev_databases/california_schools/california_schools.sqlite,simple,False,,False,,SELECT COUNT(*) FROM satscores WHERE NumTstTakr < 100 AND dname = 'Merged Alameda',True,,SELECT COUNT(T1.CDSCode) FROM schools AS T1 INNER JOIN satscores AS T2 ON T1.CDSCode = T2.cds WHERE T1.StatusType = 'Merged' AND T2.NumTstTakr < 100 AND T1.County = 'Lake',171,True,Arctic-Text2SQL-R1-7B,1,1,How many schools in merged Alameda have number of test takers less than 100?,76,ea,bird_16,results/raw/Arctic-Text2SQL-R1-7B_bird_ea_20260326_143231.jsonl
False,bird,[false],california_schools,data/bird/dev_databases/california_schools/california_schools.sqlite,simple,False,Valid charter number means the number is not null,False,"near ""."": syntax error",SELECT ...,False,,"SELECT CharterNum, AvgScrWrite, RANK() OVER (ORDER BY AvgScrWrite DESC) AS WritingScoreRank FROM schools AS T1  INNER JOIN satscores AS T2 ON T1.CDSCode = T2.cds WHERE T2.AvgScrWrite > 499 AND CharterNum is not null",215,True,Arctic-Text2SQL-R1-7B,1,1,"Rank schools by their average score in Writing where the score is greater than 499, showing their charter numbers.",114,ea,bird_17,results/raw/Arctic-Text2SQL-R1-7B_bird_ea_20260326_143231.jsonl
True,bird,[true],california_schools,data/bird/dev_databases/california_schools/california_schools.sqlite,simple,False,,True,,SELECT COUNT(*) FROM frpm WHERE `County Name` = 'Amador' AND `Low Grade` = '9' AND `High Grade` = '12',True,,SELECT COUNT(T1.`School Name`) FROM frpm AS T1 INNER JOIN schools AS T2 ON T1.CDSCode = T2.CDSCode WHERE T2.County = 'Amador' AND T1.`Low Grade` = 9 AND T1.`High Grade` = 12,173,True,Arctic-Text2SQL-R1-7B,1,1,How many schools in Amador which the Low Grade is 9 and the High Grade is 12?,77,ea,bird_20,results/raw/Arctic-Text2SQL-R1-7B_bird_ea_20260326_143231.jsonl
False,bird,[false],california_schools,data/bird/dev_databases/california_schools/california_schools.sqlite,moderate,False,K-12 refers to students in grades 1 through 12; Eligible free rate for K-12 = `Free Meal Count (K-12)` / `Enrollment (K-12)`,False,"near ""."": syntax error",SELECT ...,False,,"SELECT CAST(`Free Meal Count (K-12)` AS REAL) / `Enrollment (K-12)` FROM frpm ORDER BY `Enrollment (K-12)` DESC LIMIT 9, 2",122,True,Arctic-Text2SQL-R1-7B,1,1,What is the eligible free rate of the 10th and 11th schools with the highest enrolment for students in grades 1 through 12?,123,ea,bird_31,results/raw/Arctic-Text2SQL-R1-7B_bird_ea_20260326_143231.jsonl
False,bird,[false],california_schools,data/bird/dev_databases/california_schools/california_schools.sqlite,challenging,False,"full name means first name, last name; There are at most 3 administrators for each school; SAT Scores are greater or equal to 1500 refers to NumGE1500",False,,"SELECT AdmFName1, AdmLName1 FROM schools WHERE CDSCode = (SELECT cds FROM satscores ORDER BY NumGE1500 DESC LIMIT 1)",True,,"SELECT T2.AdmFName1, T2.AdmLName1, T2.AdmFName2, T2.AdmLName2, T2.AdmFName3, T2.AdmLName3 FROM satscores AS T1 INNER JOIN schools AS T2 ON T1.cds = T2.CDSCode ORDER BY T1.NumGE1500 DESC LIMIT 1",193,True,Arctic-Text2SQL-R1-7B,1,1,Under whose administration is the school with the highest number of students scoring 1500 or more on the SAT? Indicate their full names.,136,ea,bird_36,results/raw/Arctic-Text2SQL-R1-7B_bird_ea_20260326_143231.jsonl
False,bird,[false],california_schools,data/bird/dev_databases/california_schools/california_schools.sqlite,simple,False,Excellence rate = NumGE1500 / NumTstTakr,False,,SELECT s.Phone FROM schools AS s INNER JOIN satscores AS ss ON s.CDSCode = ss.cds WHERE ss.rtype = 'Excellence Rate' ORDER BY ss.NumTstTakr DESC LIMIT 3,True,,SELECT T1.Phone FROM schools AS T1 INNER JOIN satscores AS T2 ON T1.CDSCode = T2.cds ORDER BY CAST(T2.NumGE1500 AS REAL) / T2.NumTstTakr DESC LIMIT 3,149,True,Arctic-Text2SQL-R1-7B,1,1,Please list the phone numbers of the schools with the top 3 SAT excellence rate.,80,ea,bird_13,results/raw/Arctic-Text2SQL-R1-7B_bird_ea_20260326_143231.jsonl
False,bird,[false],california_schools,data/bird/dev_databases/california_schools/california_schools.sqlite,simple,False,,False,,SELECT EdOpsName FROM schools WHERE CDSCode = (SELECT cds FROM satscores ORDER BY AvgScrMath DESC LIMIT 1),True,,SELECT T2.EdOpsName FROM satscores AS T1 INNER JOIN schools AS T2 ON T1.cds = T2.CDSCode ORDER BY T1.AvgScrMath DESC LIMIT 1,124,True,Arctic-Text2SQL-R1-7B,1,1,What is the type of education offered in the school who scored the highest average in Math?,91,ea,bird_42,results/raw/Arctic-Text2SQL-R1-7B_bird_ea_20260326_143231.jsonl
False,bird,[false],california_schools,data/bird/dev_databases/california_schools/california_schools.sqlite,simple,False,Exclusively virtual refers to Virtual = 'F',False,,SELECT COUNT(*) FROM schools WHERE Virtual = 'Yes' AND CDSCode IN (SELECT cds FROM satscores WHERE AvgScrMath > 400),True,,SELECT COUNT(DISTINCT T2.School) FROM satscores AS T1 INNER JOIN schools AS T2 ON T1.cds = T2.CDSCode WHERE T2.Virtual = 'F' AND T1.AvgScrMath > 400,148,True,Arctic-Text2SQL-R1-7B,1,1,How many schools with an average score in Math greater than 400 in the SAT test are exclusively virtual?,104,ea,bird_5,results/raw/Arctic-Text2SQL-R1-7B_bird_ea_20260326_143231.jsonl
False,bird,[false],california_schools,data/bird/dev_databases/california_schools/california_schools.sqlite,moderate,False,Charted school means `Charter School (Y/N)` = 1 in the table frpm; Students enrolled in grades 1 through 12 refers to `Enrollment (K-12)`,False,"near ""."": syntax error",SELECT ...,False,,SELECT T2.AdmEmail1 FROM frpm AS T1 INNER JOIN schools AS T2 ON T1.CDSCode = T2.CDSCode WHERE T1.`Charter School (Y/N)` = 1 ORDER BY T1.`Enrollment (K-12)` ASC LIMIT 1,167,True,Arctic-Text2SQL-R1-7B,1,1,What is the administrator's email address of the chartered school with the fewest students enrolled in grades 1 through 12?,123,ea,bird_35,results/raw/Arctic-Text2SQL-R1-7B_bird_ea_20260326_143231.jsonl
True,bird,[true],california_schools,data/bird/dev_databases/california_schools/california_schools.sqlite,simple,False,,True,,"SELECT AVG(T1.AvgScrWrite) AS average_writing_score, T2.City FROM satscores AS T1 INNER JOIN schools AS T2 ON T1.cds = T2.CDSCode WHERE T1.NumTstTakr = (SELECT MAX(NumTstTakr) FROM satscores WHERE NumGE1500 > 0) AND T1.NumGE1500 > 0 GROUP BY T2.City LIMIT 1",True,,"SELECT T1.AvgScrWrite, T2.City FROM satscores AS T1 INNER JOIN schools AS T2 ON T1.cds = T2.CDSCode ORDER BY T1.NumGE1500 DESC LIMIT 1",134,True,Arctic-Text2SQL-R1-7B,1,1,What is the average writing score of the school who has the highest number of test takers whose total SAT sscores are greater or equal to 1500? Indicate the city to where the school is situated.,194,ea,bird_44,results/raw/Arctic-Text2SQL-R1-7B_bird_ea_20260326_143231.jsonl
True,bird,[true],california_schools,data/bird/dev_databases/california_schools/california_schools.sqlite,simple,False,,True,,SELECT s.Phone FROM schools AS s INNER JOIN satscores AS ss ON s.CDSCode = ss.cds ORDER BY ss.AvgScrMath DESC LIMIT 1,True,,SELECT T1.Phone FROM schools AS T1 INNER JOIN satscores AS T2 ON T1.CDSCode = T2.cds ORDER BY T2.AvgScrMath DESC LIMIT 1,120,True,Arctic-Text2SQL-R1-7B,1,1,What is the phone number of the school that has the highest average score in Math?,82,ea,bird_19,results/raw/Arctic-Text2SQL-R1-7B_bird_ea_20260326_143231.jsonl
False,bird,[false],california_schools,data/bird/dev_databases/california_schools/california_schools.sqlite,moderate,False,Eligible free rates for students aged 5-17 = `Free Meal Count (Ages 5-17)` / `Enrollment (Ages 5-17)`,False,"near ""."": syntax error",SELECT ...,False,,SELECT CAST(T2.`Free Meal Count (Ages 5-17)` AS REAL) / T2.`Enrollment (Ages 5-17)` FROM schools AS T1 INNER JOIN frpm AS T2 ON T1.CDSCode = T2.CDSCode WHERE T1.AdmFName1 = 'Kacey' AND T1.AdmLName1 = 'Gibson',208,True,Arctic-Text2SQL-R1-7B,1,1,What is the free rate for students between the ages of 5 and 17 at the school run by Kacey Gibson?,98,ea,bird_34,results/raw/Arctic-Text2SQL-R1-7B_bird_ea_20260326_143231.jsonl
True,bird,[true],california_schools,data/bird/dev_databases/california_schools/california_schools.sqlite,simple,False,Magnet schools or offer a magnet program means that Magnet = 1,True,,SELECT s.School FROM schools AS s INNER JOIN satscores AS ss ON s.CDSCode = ss.cds WHERE ss.NumTstTakr > 500 AND (s.Magnet = 1 OR s.GSoffered LIKE '%MAGNET%'),True,,SELECT T2.School FROM satscores AS T1 INNER JOIN schools AS T2 ON T1.cds = T2.CDSCode WHERE T2.Magnet = 1 AND T1.NumTstTakr > 500,129,True,Arctic-Text2SQL-R1-7B,1,1,"Among the schools with the SAT test takers of over 500, please list the schools that are magnet schools or offer a magnet program.",130,ea,bird_6,results/raw/Arctic-Text2SQL-R1-7B_bird_ea_20260326_143231.jsonl
False,bird,[false],california_schools,data/bird/dev_databases/california_schools/california_schools.sqlite,moderate,False,"Execellence Rate = NumGE1500 / NumTstTakr; complete address has Street, City, State, Zip code",False,,"SELECT Street, City, Zip, State FROM schools WHERE CDSCode = (SELECT CDSCode FROM frpm ORDER BY IRC ASC LIMIT 1)",True,,"SELECT T2.Street, T2.City, T2.State, T2.Zip FROM satscores AS T1 INNER JOIN schools AS T2 ON T1.cds = T2.CDSCode ORDER BY CAST(T1.NumGE1500 AS REAL) / T1.NumTstTakr ASC LIMIT 1",176,True,Arctic-Text2SQL-R1-7B,1,1,"What is the complete address of the school with the lowest excellence rate? Indicate the Street, City, Zip and State.",117,ea,bird_37,results/raw/Arctic-Text2SQL-R1-7B_bird_ea_20260326_143231.jsonl
False,bird,[false],california_schools,data/bird/dev_databases/california_schools/california_schools.sqlite,simple,False,Exclusively virtual refers to Virtual = 'F'; respective counties means PARTITION BY County,False,"near ""."": syntax error",SELECT ...,False,,"SELECT School FROM (SELECT T2.School,T1.AvgScrRead, RANK() OVER (PARTITION BY T2.County ORDER BY T1.AvgScrRead DESC) AS rnk FROM satscores AS T1 INNER JOIN schools AS T2 ON T1.cds = T2.CDSCode WHERE T2.Virtual = 'F' ) ranked_schools WHERE rnk <= 5",247,True,Arctic-Text2SQL-R1-7B,1,1,List the names of virtual schools that are among the top 5 in their respective counties based on average reading scores.,120,ea,bird_41,results/raw/Arctic-Text2SQL-R1-7B_bird_ea_20260326_143231.jsonl
False,bird,[false],california_schools,data/bird/dev_databases/california_schools/california_schools.sqlite,moderate,False,grades 1-12 means K-12; Eligible free or reduced price meal rate for K-12 = `FRPM Count (K-12)` / `Enrollment (K-12)`,False,"near ""."": syntax error",SELECT ...,False,,SELECT CAST(T1.`FRPM Count (K-12)` AS REAL) / T1.`Enrollment (K-12)` FROM frpm AS T1 INNER JOIN schools AS T2 ON T1.CDSCode = T2.CDSCode WHERE T2.SOC = 66 ORDER BY T1.`FRPM Count (K-12)` DESC LIMIT 5,199,True,Arctic-Text2SQL-R1-7B,1,1,What is the eligible free or reduced price meal rate for the top 5 schools in grades 1-12 with the highest free or reduced price meal count of the schools with the ownership code 66?,182,ea,bird_32,results/raw/Arctic-Text2SQL-R1-7B_bird_ea_20260326_143231.jsonl
False,bird,[false],california_schools,data/bird/dev_databases/california_schools/california_schools.sqlite,moderate,False,Average score for all subjects can be computed by AvgScrMath + AvgScrRead + AvgScrWrite,False,,"SELECT AVG(T1.AvgScrMath) AS average_math_score, T2.County FROM satscores AS T1 INNER JOIN schools AS T2 ON T1.cds = T2.CDSCode GROUP BY T2.County ORDER BY AVG(T1.AvgScrMath) ASC LIMIT 1",True,,"SELECT T1.AvgScrMath, T2.County FROM satscores AS T1 INNER JOIN schools AS T2 ON T1.cds = T2.CDSCode WHERE T1.AvgScrMath IS NOT NULL ORDER BY T1.AvgScrMath + T1.AvgScrRead + T1.AvgScrWrite ASC LIMIT 1",200,True,Arctic-Text2SQL-R1-7B,1,1,"What is the average math score of the school with the lowest average score for all subjects, and in which county is it located?",127,ea,bird_43,results/raw/Arctic-Text2SQL-R1-7B_bird_ea_20260326_143231.jsonl
True,bird,[true],california_schools,data/bird/dev_databases/california_schools/california_schools.sqlite,simple,False,,True,,SELECT Website FROM schools WHERE County = 'Los Angeles' AND CDSCode IN (SELECT cds FROM satscores WHERE NumTstTakr BETWEEN 2000 AND 3000),True,,SELECT T2.Website FROM satscores AS T1 INNER JOIN schools AS T2 ON T1.cds = T2.CDSCode WHERE T1.NumTstTakr BETWEEN 2000 AND 3000 AND T2.County = 'Los Angeles',158,True,Arctic-Text2SQL-R1-7B,1,1,"What are the webpages for the Los Angeles County school that has between 2,000 and 3,000 test takers?",101,ea,bird_38,results/raw/Arctic-Text2SQL-R1-7B_bird_ea_20260326_143231.jsonl
False,bird,[false],california_schools,data/bird/dev_databases/california_schools/california_schools.sqlite,simple,False,State Special Schools refers to DOC = 31; Grades 1 through 12 means K-12,False,"near ""."": syntax error",SELECT ...,False,,SELECT T2.School FROM frpm AS T1 INNER JOIN schools AS T2 ON T1.CDSCode = T2.CDSCode WHERE T2.DOC = 31 ORDER BY T1.`Enrollment (K-12)` DESC LIMIT 1,147,True,Arctic-Text2SQL-R1-7B,1,1,Which state special schools have the highest number of enrollees from grades 1 through 12?,90,ea,bird_46,results/raw/Arctic-Text2SQL-R1-7B_bird_ea_20260326_143231.jsonl
False,bird,[false],california_schools,data/bird/dev_databases/california_schools/california_schools.sqlite,moderate,False,Charter schools refers to `Charter School (Y/N)` = 1 in the frpm,False,,SELECT Phone FROM schools WHERE Charter = 1 AND FundingType = 'Direct' AND OpenDate > '2000-01-01',True,,SELECT T2.Phone FROM frpm AS T1 INNER JOIN schools AS T2 ON T1.CDSCode = T2.CDSCode WHERE T1.`Charter Funding Type` = 'Directly funded' AND T1.`Charter School (Y/N)` = 1 AND T2.OpenDate > '2000-01-01',200,True,Arctic-Text2SQL-R1-7B,1,1,Please list the phone numbers of the direct charter-funded schools that are opened after 2000/1/1.,98,ea,bird_4,results/raw/Arctic-Text2SQL-R1-7B_bird_ea_20260326_143231.jsonl
False,bird,[false],california_schools,data/bird/dev_databases/california_schools/california_schools.sqlite,moderate,False,Elementary School District refers to DOC = 52; Unified School District refers to DOC = 54.,False,"near ""."": syntax error",SELECT ...,False,,SELECT CAST(SUM(CASE WHEN DOC = 54 THEN 1 ELSE 0 END) AS REAL) / SUM(CASE WHEN DOC = 52 THEN 1 ELSE 0 END) FROM schools WHERE StatusType = 'Merged' AND County = 'Orange',169,True,Arctic-Text2SQL-R1-7B,1,1,What is the ratio of merged Unified School District schools in Orange County to merged Elementary School District schools?,122,ea,bird_48,results/raw/Arctic-Text2SQL-R1-7B_bird_ea_20260326_143231.jsonl
False,bird,[false],california_schools,data/bird/dev_databases/california_schools/california_schools.sqlite,challenging,False,Difference between K-12 enrollment and 15-17 enrollment can be computed by `Enrollment (K-12)` - `Enrollment (Ages 5-17)`,False,"near ""."": syntax error",SELECT ...,False,,"SELECT T2.School, T2.DOC FROM frpm AS T1 INNER JOIN schools AS T2 ON T1.CDSCode = T2.CDSCode WHERE T2.FundingType = 'Locally funded' AND (T1.`Enrollment (K-12)` - T1.`Enrollment (Ages 5-17)`) > (SELECT AVG(T3.`Enrollment (K-12)` - T3.`Enrollment (Ages 5-17)`) FROM frpm AS T3 INNER JOIN schools AS T4 ON T3.CDSCode = T4.CDSCode WHERE T4.FundingType = 'Locally funded')",368,True,Arctic-Text2SQL-R1-7B,1,1,"Consider the average difference between K-12 enrollment and 15-17 enrollment of schools that are locally funded, list the names and DOC type of schools which has a difference above this average.",194,ea,bird_28,results/raw/Arctic-Text2SQL-R1-7B_bird_ea_20260326_143231.jsonl
False,bird,[false],california_schools,data/bird/dev_databases/california_schools/california_schools.sqlite,moderate,False,Fresno Unified is a name of district;,False,,SELECT T1.Phone FROM schools AS T1 INNER JOIN satscores AS T2 ON T1.CDSCode = T2.cds WHERE T2.rtype = 'Fresno Unified' ORDER BY T2.AvgScrRead ASC LIMIT 1,True,,SELECT T2.Phone FROM satscores AS T1 INNER JOIN schools AS T2 ON T1.cds = T2.CDSCode WHERE T2.District = 'Fresno Unified' AND T1.AvgScrRead IS NOT NULL ORDER BY T1.AvgScrRead ASC LIMIT 1,186,True,Arctic-Text2SQL-R1-7B,1,1,What is the telephone number for the school with the lowest average score in reading in Fresno Unified?,103,ea,bird_40,results/raw/Arctic-Text2SQL-R1-7B_bird_ea_20260326_143231.jsonl
True,bird,[true],california_schools,data/bird/dev_databases/california_schools/california_schools.sqlite,simple,False,,True,,SELECT s.NCESSchool FROM schools AS s INNER JOIN frpm AS f ON s.CDSCode = f.CDSCode ORDER BY f.`Enrollment (Ages 5-17)` DESC LIMIT 5,True,,SELECT T1.NCESSchool FROM schools AS T1 INNER JOIN frpm AS T2 ON T1.CDSCode = T2.CDSCode ORDER BY T2.`Enrollment (Ages 5-17)` DESC LIMIT 5,138,True,Arctic-Text2SQL-R1-7B,1,1,"List the top five schools, by descending order, from the highest to the lowest, the most number of Enrollment (Ages 5-17). Please give their NCES school identification number.",175,ea,bird_14,results/raw/Arctic-Text2SQL-R1-7B_bird_ea_20260326_143231.jsonl
False,bird,[false],california_schools,data/bird/dev_databases/california_schools/california_schools.sqlite,moderate,False,Elementary School District refers to DOC = 52; Monthly average number of schools that opened in 1980 = count(schools that opened in 1980) / 12,False,"near ""."": syntax error",SELECT ...,False,,"SELECT CAST(COUNT(School) AS REAL) / 12 FROM schools WHERE DOC = 52 AND County = 'Alameda' AND strftime('%Y', OpenDate) = '1980'",128,True,Arctic-Text2SQL-R1-7B,1,1,What is the monthly average number of schools that opened in Alameda County under the jurisdiction of the Elementary School District in 1980?,141,ea,bird_47,results/raw/Arctic-Text2SQL-R1-7B_bird_ea_20260326_143231.jsonl
False,bird,[false],california_schools,data/bird/dev_databases/california_schools/california_schools.sqlite,moderate,False,,False,,"SELECT s.Website, s.School FROM schools AS s INNER JOIN frpm AS f ON s.CDSCode = f.CDSCode WHERE f.`Free Meal Count (Ages 5-17)` BETWEEN 1900 AND 2000",True,,"SELECT T2.Website, T1.`School Name` FROM frpm AS T1 INNER JOIN schools AS T2 ON T1.CDSCode = T2.CDSCode WHERE T1.`Free Meal Count (Ages 5-17)` BETWEEN 1900 AND 2000 AND T2.Website IS NOT NULL",191,True,Arctic-Text2SQL-R1-7B,1,1,"If there are any, what are the websites address of the schools with a free meal count of 1,900-2,000 to students aged 5-17? Include the name of the school.",155,ea,bird_33,results/raw/Arctic-Text2SQL-R1-7B_bird_ea_20260326_143231.jsonl
False,bird,[false],california_schools,data/bird/dev_databases/california_schools/california_schools.sqlite,simple,False,K-12 refers to students in grades 1 through 12.,False,"near ""."": syntax error",SELECT ...,False,,SELECT T2.City FROM frpm AS T1 INNER JOIN schools AS T2 ON T1.CDSCode = T2.CDSCode GROUP BY T2.City ORDER BY SUM(T1.`Enrollment (K-12)`) ASC LIMIT 5,148,True,Arctic-Text2SQL-R1-7B,1,1,Which cities have the top 5 lowest enrollment number for students in grades 1 through 12?,89,ea,bird_30,results/raw/Arctic-Text2SQL-R1-7B_bird_ea_20260326_143231.jsonl
False,bird,[false],california_schools,data/bird/dev_databases/california_schools/california_schools.sqlite,simple,False,between 1/1/1980 and 12/31/1980 means the year = 1980,False,,SELECT AVG(T1.NumTstTakr) AS average_test_takers FROM satscores T1 INNER JOIN schools T2 ON T1.cds = T2.CDSCode WHERE T2.OpenDate BETWEEN '1980-01-01' AND '1980-12-31' AND T2.City = 'Fresno',True,,"SELECT AVG(T1.NumTstTakr) FROM satscores AS T1 INNER JOIN schools AS T2 ON T1.cds = T2.CDSCode WHERE strftime('%Y', T2.OpenDate) = '1980' AND T2.County = 'Fresno'",162,True,Arctic-Text2SQL-R1-7B,1,1,What is the average number of test takers from Fresno schools that opened between 1/1/1980 and 12/31/1980?,106,ea,bird_39,results/raw/Arctic-Text2SQL-R1-7B_bird_ea_20260326_143231.jsonl
False,bird,[false],california_schools,data/bird/dev_databases/california_schools/california_schools.sqlite,moderate,False,Diffrence in enrollement = `Enrollment (K-12)` - `Enrollment (Ages 5-17)`,False,,"SELECT s.School, s.Street || ', ' || s.City || ', ' || s.State AS FullAddress FROM schools s INNER JOIN frpm f ON s.CDSCode = f.CDSCode WHERE ABS(f.`Enrollment (K-12)` - f.`Enrollment (Ages 5-17)`) > 30",True,,"SELECT T1.School, T1.Street FROM schools AS T1 INNER JOIN frpm AS T2 ON T1.CDSCode = T2.CDSCode WHERE T2.`Enrollment (K-12)` - T2.`Enrollment (Ages 5-17)` > 30",159,True,Arctic-Text2SQL-R1-7B,1,1,List the names of schools with more than 30 difference in enrollements between K-12 and ages 5-17? Please also give the full street adress of the schools.,154,ea,bird_23,results/raw/Arctic-Text2SQL-R1-7B_bird_ea_20260326_143231.jsonl
True,bird,[true],california_schools,data/bird/dev_databases/california_schools/california_schools.sqlite,moderate,False,"Usually, administrators manage the school stuff.",True,,"SELECT s.School, AVG(ss.AvgScrWrite) AS Average_Writing_Score FROM schools s INNER JOIN satscores ss ON s.CDSCode = ss.cds WHERE s.AdmFName1 = 'Ricci' AND s.AdmLName1 = 'Ulrich' GROUP BY s.School",True,,"SELECT T2.School, T1.AvgScrWrite FROM satscores AS T1 INNER JOIN schools AS T2 ON T1.cds = T2.CDSCode WHERE T2.AdmFName1 = 'Ricci' AND T2.AdmLName1 = 'Ulrich'",158,True,Arctic-Text2SQL-R1-7B,1,1,What is the average writing score of each of the schools managed by Ricci Ulrich? List the schools and the corresponding average writing scores.,144,ea,bird_45,results/raw/Arctic-Text2SQL-R1-7B_bird_ea_20260326_143231.jsonl
False,bird,[false],california_schools,data/bird/dev_databases/california_schools/california_schools.sqlite,moderate,False,Closure date and closed date are synonyms; 'Closed' was mentioned in schools.StatusType.,False,,"SELECT County, School, ClosedDate FROM schools WHERE StatusType = 'Closed' ORDER BY ClosedDate DESC LIMIT 1",True,,"SELECT DISTINCT County, School, ClosedDate FROM schools WHERE County = ( SELECT County FROM schools WHERE StatusType = 'Closed' GROUP BY County ORDER BY COUNT(School) DESC LIMIT 1 ) AND StatusType = 'Closed' AND school IS NOT NULL",230,True,Arctic-Text2SQL-R1-7B,1,1,Which different county has the most number of closed schools? Please provide the name of each school as well as the closure date.,129,ea,bird_49,results/raw/Arctic-Text2SQL-R1-7B_bird_ea_20260326_143231.jsonl
False,bird,[false],california_schools,data/bird/dev_databases/california_schools/california_schools.sqlite,moderate,False,Communication number refers to phone number.,False,,"SELECT s.School, AVG(ss.AvgScrWrite) AS Average_Score_Write, s.MailZip FROM schools s INNER JOIN satscores ss ON s.CDSCode = ss.cds WHERE (s.OpenDate > '1991-01-01' OR s.ClosedDate < '2000-12-31') GROUP BY s.School, s.MailZip",True,,"SELECT T2.School, T1.AvgScrWrite, T2.Phone FROM schools AS T2 LEFT JOIN satscores AS T1 ON T2.CDSCode = T1.cds WHERE strftime('%Y', T2.OpenDate) > '1991' OR strftime('%Y', T2.ClosedDate) < '2000'",195,True,Arctic-Text2SQL-R1-7B,1,1,"What is the average score in writing for the schools that were opened after 1991 or closed before 2000? List the school names along with the score. Also, list the communication number of the schools if there is any.",215,ea,bird_27,results/raw/Arctic-Text2SQL-R1-7B_bird_ea_20260326_143231.jsonl
True,spider,[true],concert_singer,data/spider/database/concert_singer/concert_singer.sqlite,,False,,True,,"SELECT Name, Country, Age FROM singer ORDER BY Age DESC",True,,"SELECT name ,  country ,  age FROM singer ORDER BY age DESC",59,True,Arctic-Text2SQL-R1-7B,1,1,"Show name, country, age for all singers ordered by age from the oldest to the youngest.",87,ea,spider_2,results/raw/Arctic-Text2SQL-R1-7B_spider_ea_20260326_143116.jsonl
True,spider,[true],concert_singer,data/spider/database/concert_singer/concert_singer.sqlite,,False,,True,,SELECT COUNT(*) FROM singer,True,,SELECT count(*) FROM singer,27,True,Arctic-Text2SQL-R1-7B,1,1,What is the total number of singers?,36,ea,spider_1,results/raw/Arctic-Text2SQL-R1-7B_spider_ea_20260326_143116.jsonl
True,spider,[true],concert_singer,data/spider/database/concert_singer/concert_singer.sqlite,,False,,True,,"SELECT Name, Country, Age FROM singer ORDER BY Age DESC",True,,"SELECT name ,  country ,  age FROM singer ORDER BY age DESC",59,True,Arctic-Text2SQL-R1-7B,1,1,"What are the names, countries, and ages for every singer in descending order of age?",84,ea,spider_3,results/raw/Arctic-Text2SQL-R1-7B_spider_ea_20260326_143116.jsonl
True,spider,[true],concert_singer,data/spider/database/concert_singer/concert_singer.sqlite,,False,,True,,SELECT COUNT(*) FROM singer,True,,SELECT count(*) FROM singer,27,True,Arctic-Text2SQL-R1-7B,1,1,How many singers do we have?,28,ea,spider_0,results/raw/Arctic-Text2SQL-R1-7B_spider_ea_20260326_143116.jsonl
True,spider,[true],concert_singer,data/spider/database/concert_singer/concert_singer.sqlite,,False,,True,,"SELECT AVG(Age), MIN(Age), MAX(Age) FROM singer WHERE Country = 'France'",True,,"SELECT avg(age) ,  min(age) ,  max(age) FROM singer WHERE country  =  'France'",78,True,Arctic-Text2SQL-R1-7B,1,1,"What is the average, minimum, and maximum age of all singers from France?",73,ea,spider_4,results/raw/Arctic-Text2SQL-R1-7B_spider_ea_20260326_143116.jsonl
True,spider,[true],concert_singer,data/spider/database/concert_singer/concert_singer.sqlite,,False,,True,,"SELECT Location, Name FROM stadium WHERE Capacity BETWEEN 5000 AND 10000",True,,"SELECT LOCATION ,  name FROM stadium WHERE capacity BETWEEN 5000 AND 10000",74,True,Arctic-Text2SQL-R1-7B,1,1,What are the locations and names of all stations with capacity between 5000 and 10000?,86,ea,spider_15,results/raw/Arctic-Text2SQL-R1-7B_spider_ea_20260326_143116.jsonl
True,spider,[true],concert_singer,data/spider/database/concert_singer/concert_singer.sqlite,,False,,True,,"SELECT AVG(Age), MIN(Age), MAX(Age) FROM singer WHERE Country = 'France'",True,,"SELECT avg(age) ,  min(age) ,  max(age) FROM singer WHERE country  =  'France'",78,True,Arctic-Text2SQL-R1-7B,1,1,"What is the average, minimum, and maximum age for all French singers?",69,ea,spider_5,results/raw/Arctic-Text2SQL-R1-7B_spider_ea_20260326_143116.jsonl
True,spider,[true],concert_singer,data/spider/database/concert_singer/concert_singer.sqlite,,False,,True,,"SELECT Song_Name, Song_release_year FROM singer ORDER BY Age ASC LIMIT 1",True,,"SELECT song_name ,  song_release_year FROM singer ORDER BY age LIMIT 1",70,True,Arctic-Text2SQL-R1-7B,1,1,Show the name and the release year of the song by the youngest singer.,70,ea,spider_6,results/raw/Arctic-Text2SQL-R1-7B_spider_ea_20260326_143116.jsonl
True,spider,[true],concert_singer,data/spider/database/concert_singer/concert_singer.sqlite,,False,,True,,"SELECT Song_Name, Song_release_year FROM singer WHERE Age = (SELECT MIN(Age) FROM singer)",True,,"SELECT song_name ,  song_release_year FROM singer ORDER BY age LIMIT 1",70,True,Arctic-Text2SQL-R1-7B,1,1,What are the names and release years for all the songs of the youngest singer?,78,ea,spider_7,results/raw/Arctic-Text2SQL-R1-7B_spider_ea_20260326_143116.jsonl
True,spider,[true],concert_singer,data/spider/database/concert_singer/concert_singer.sqlite,,False,,True,,"SELECT COUNT(*) FROM concert WHERE Year IN ('2014', '2015')",True,,SELECT count(*) FROM concert WHERE YEAR  =  2014 OR YEAR  =  2015,65,True,Arctic-Text2SQL-R1-7B,1,1,How many concerts are there in year 2014 or 2015?,49,ea,spider_20,results/raw/Arctic-Text2SQL-R1-7B_spider_ea_20260326_143116.jsonl
True,spider,[true],concert_singer,data/spider/database/concert_singer/concert_singer.sqlite,,False,,True,,SELECT DISTINCT Country FROM singer WHERE Age > 20,True,,SELECT DISTINCT country FROM singer WHERE age  >  20,52,True,Arctic-Text2SQL-R1-7B,1,1,What are all distinct countries where singers above age 20 are from?,68,ea,spider_8,results/raw/Arctic-Text2SQL-R1-7B_spider_ea_20260326_143116.jsonl
True,spider,[true],concert_singer,data/spider/database/concert_singer/concert_singer.sqlite,,False,,True,,"SELECT T2.Name, COUNT(*) AS Number_of_Concerts FROM concert AS T1 INNER JOIN stadium AS T2 ON T1.Stadium_ID = T2.Stadium_ID GROUP BY T2.Name",True,,"SELECT T2.name ,  count(*) FROM concert AS T1 JOIN stadium AS T2 ON T1.stadium_id  =  T2.stadium_id GROUP BY T1.stadium_id",122,True,Arctic-Text2SQL-R1-7B,1,1,Show the stadium name and the number of concerts in each stadium.,65,ea,spider_22,results/raw/Arctic-Text2SQL-R1-7B_spider_ea_20260326_143116.jsonl
True,spider,[true],concert_singer,data/spider/database/concert_singer/concert_singer.sqlite,,False,,True,,"SELECT Country, COUNT(*) FROM singer GROUP BY Country",True,,"SELECT country ,  count(*) FROM singer GROUP BY country",55,True,Arctic-Text2SQL-R1-7B,1,1,Show all countries and the number of singers in each country.,61,ea,spider_10,results/raw/Arctic-Text2SQL-R1-7B_spider_ea_20260326_143116.jsonl
True,spider,[true],concert_singer,data/spider/database/concert_singer/concert_singer.sqlite,,False,,True,,"SELECT COUNT(*) FROM concert WHERE Year IN ('2014', '2015')",True,,SELECT count(*) FROM concert WHERE YEAR  =  2014 OR YEAR  =  2015,65,True,Arctic-Text2SQL-R1-7B,1,1,How many concerts occurred in 2014 or 2015?,43,ea,spider_21,results/raw/Arctic-Text2SQL-R1-7B_spider_ea_20260326_143116.jsonl
True,spider,[true],concert_singer,data/spider/database/concert_singer/concert_singer.sqlite,,False,,True,,SELECT Year FROM concert GROUP BY Year ORDER BY COUNT(*) DESC LIMIT 1,True,,SELECT YEAR FROM concert GROUP BY YEAR ORDER BY count(*) DESC LIMIT 1,69,True,Arctic-Text2SQL-R1-7B,1,1,What is the year that had the most concerts?,44,ea,spider_27,results/raw/Arctic-Text2SQL-R1-7B_spider_ea_20260326_143116.jsonl
True,spider,[true],concert_singer,data/spider/database/concert_singer/concert_singer.sqlite,,False,,True,,SELECT DISTINCT Country FROM singer WHERE Age > 20,True,,SELECT DISTINCT country FROM singer WHERE age  >  20,52,True,Arctic-Text2SQL-R1-7B,1,1,What are  the different countries with singers above age 20?,60,ea,spider_9,results/raw/Arctic-Text2SQL-R1-7B_spider_ea_20260326_143116.jsonl
True,spider,[true],concert_singer,data/spider/database/concert_singer/concert_singer.sqlite,,False,,True,,"SELECT T2.Name, T2.Capacity FROM concert AS T1 INNER JOIN stadium AS T2 ON T1.Stadium_ID = T2.Stadium_ID WHERE T1.Year >= '2014' GROUP BY T2.Stadium_ID ORDER BY COUNT(*) DESC LIMIT 1",True,,"SELECT T2.name ,  T2.capacity FROM concert AS T1 JOIN stadium AS T2 ON T1.stadium_id  =  T2.stadium_id WHERE T1.year  >=  2014 GROUP BY T2.stadium_id ORDER BY count(*) DESC LIMIT 1",180,True,Arctic-Text2SQL-R1-7B,1,1,Show the stadium name and capacity with most number of concerts in year 2014 or after.,86,ea,spider_24,results/raw/Arctic-Text2SQL-R1-7B_spider_ea_20260326_143116.jsonl
True,spider,[true],concert_singer,data/spider/database/concert_singer/concert_singer.sqlite,,False,,True,,"SELECT Country, COUNT(*) FROM singer GROUP BY Country",True,,"SELECT country ,  count(*) FROM singer GROUP BY country",55,True,Arctic-Text2SQL-R1-7B,1,1,How many singers are from each country?,39,ea,spider_11,results/raw/Arctic-Text2SQL-R1-7B_spider_ea_20260326_143116.jsonl
True,spider,[true],concert_singer,data/spider/database/concert_singer/concert_singer.sqlite,,False,,True,,"SELECT T1.Name, COUNT(T2.concert_ID) AS num_concerts FROM stadium AS T1 JOIN concert AS T2 ON T1.Stadium_ID = T2.Stadium_ID GROUP BY T1.Name",True,,"SELECT T2.name ,  count(*) FROM concert AS T1 JOIN stadium AS T2 ON T1.stadium_id  =  T2.stadium_id GROUP BY T1.stadium_id",122,True,Arctic-Text2SQL-R1-7B,1,1,"For each stadium, how many concerts play there?",47,ea,spider_23,results/raw/Arctic-Text2SQL-R1-7B_spider_ea_20260326_143116.jsonl
False,spider,[false],concert_singer,data/spider/database/concert_singer/concert_singer.sqlite,,False,,False,no such column: Stadia_ID,SELECT Name FROM stadium WHERE Stadium_ID NOT IN (SELECT Stadia_ID FROM concert),False,,SELECT name FROM stadium WHERE stadium_id NOT IN (SELECT stadium_id FROM concert),81,True,Arctic-Text2SQL-R1-7B,1,1,Show the stadium names without any concert.,43,ea,spider_28,results/raw/Arctic-Text2SQL-R1-7B_spider_ea_20260326_143116.jsonl
True,spider,[true],concert_singer,data/spider/database/concert_singer/concert_singer.sqlite,,False,,True,,SELECT Year FROM concert GROUP BY Year ORDER BY COUNT(*) DESC LIMIT 1,True,,SELECT YEAR FROM concert GROUP BY YEAR ORDER BY count(*) DESC LIMIT 1,69,True,Arctic-Text2SQL-R1-7B,1,1,Which year has most number of concerts?,39,ea,spider_26,results/raw/Arctic-Text2SQL-R1-7B_spider_ea_20260326_143116.jsonl
True,spider,[true],concert_singer,data/spider/database/concert_singer/concert_singer.sqlite,,False,,True,,"SELECT T2.Name, T2.Capacity FROM concert AS T1 INNER JOIN stadium AS T2 ON T1.Stadium_ID = T2.Stadium_ID WHERE T1.Year > 2013 GROUP BY T2.Stadium_ID ORDER BY COUNT(*) DESC LIMIT 1",True,,"select t2.name ,  t2.capacity from concert as t1 join stadium as t2 on t1.stadium_id  =  t2.stadium_id where t1.year  >  2013 group by t2.stadium_id order by count(*) desc limit 1",179,True,Arctic-Text2SQL-R1-7B,1,1,What is the name and capacity of the stadium with the most concerts after 2013 ?,80,ea,spider_25,results/raw/Arctic-Text2SQL-R1-7B_spider_ea_20260326_143116.jsonl
True,spider,[true],concert_singer,data/spider/database/concert_singer/concert_singer.sqlite,,False,,True,,SELECT DISTINCT T1.Country FROM singer AS T1 WHERE T1.Age > 40 INTERSECT SELECT DISTINCT T2.Country FROM singer AS T2 WHERE T2.Age < 30,True,,SELECT country FROM singer WHERE age  >  40 INTERSECT SELECT country FROM singer WHERE age  <  30,97,True,Arctic-Text2SQL-R1-7B,1,1,Show countries where a singer above age 40 and a singer below 30 are from.,74,ea,spider_30,results/raw/Arctic-Text2SQL-R1-7B_spider_ea_20260326_143116.jsonl
True,spider,[true],concert_singer,data/spider/database/concert_singer/concert_singer.sqlite,,False,,True,,SELECT DISTINCT Song_Name FROM singer WHERE Age > (SELECT AVG(Age) FROM singer),True,,SELECT song_name FROM singer WHERE age  >  (SELECT avg(age) FROM singer),72,True,Arctic-Text2SQL-R1-7B,1,1,List all song names by singers above the average age.,53,ea,spider_12,results/raw/Arctic-Text2SQL-R1-7B_spider_ea_20260326_143116.jsonl
True,spider,[true],concert_singer,data/spider/database/concert_singer/concert_singer.sqlite,,False,,True,,SELECT DISTINCT T1.Song_Name FROM singer AS T1 WHERE T1.Age > (SELECT AVG(Age) FROM singer),True,,SELECT song_name FROM singer WHERE age  >  (SELECT avg(age) FROM singer),72,True,Arctic-Text2SQL-R1-7B,1,1,What are all the song names by singers who are older than average?,66,ea,spider_13,results/raw/Arctic-Text2SQL-R1-7B_spider_ea_20260326_143116.jsonl
True,spider,[true],concert_singer,data/spider/database/concert_singer/concert_singer.sqlite,,False,,True,,"SELECT Location, Name FROM stadium WHERE Capacity BETWEEN 5000 AND 10000",True,,"SELECT LOCATION ,  name FROM stadium WHERE capacity BETWEEN 5000 AND 10000",74,True,Arctic-Text2SQL-R1-7B,1,1,Show location and name for all stadiums with a capacity between 5000 and 10000.,79,ea,spider_14,results/raw/Arctic-Text2SQL-R1-7B_spider_ea_20260326_143116.jsonl
False,spider,[false],concert_singer,data/spider/database/concert_singer/concert_singer.sqlite,,False,,False,,"SELECT MAX(Capacity), AVG(Capacity) FROM stadium",True,,"select max(capacity), average from stadium",42,True,Arctic-Text2SQL-R1-7B,1,1,What is the maximum capacity and the average of all stadiums ?,62,ea,spider_16,results/raw/Arctic-Text2SQL-R1-7B_spider_ea_20260326_143116.jsonl
True,spider,[true],concert_singer,data/spider/database/concert_singer/concert_singer.sqlite,,False,,True,,"SELECT Name, Capacity FROM stadium ORDER BY Average DESC LIMIT 1",True,,"SELECT name ,  capacity FROM stadium ORDER BY average DESC LIMIT 1",66,True,Arctic-Text2SQL-R1-7B,1,1,What is the name and capacity for the stadium with the highest average attendance?,82,ea,spider_19,results/raw/Arctic-Text2SQL-R1-7B_spider_ea_20260326_143116.jsonl
True,spider,[true],concert_singer,data/spider/database/concert_singer/concert_singer.sqlite,,False,,True,,"SELECT AVG(Capacity) AS Average_Capacity, MAX(Capacity) AS Maximum_Capacity FROM stadium",True,,"select avg(capacity) ,  max(capacity) from stadium",50,True,Arctic-Text2SQL-R1-7B,1,1,What is the average and maximum capacities for all stadiums ?,61,ea,spider_17,results/raw/Arctic-Text2SQL-R1-7B_spider_ea_20260326_143116.jsonl
True,spider,[true],concert_singer,data/spider/database/concert_singer/concert_singer.sqlite,,False,,True,,"SELECT Name, Capacity FROM stadium ORDER BY Average DESC LIMIT 1",True,,"SELECT name ,  capacity FROM stadium ORDER BY average DESC LIMIT 1",66,True,Arctic-Text2SQL-R1-7B,1,1,What is the name and capacity for the stadium with highest average attendance?,78,ea,spider_18,results/raw/Arctic-Text2SQL-R1-7B_spider_ea_20260326_143116.jsonl
False,spider,[false],concert_singer,data/spider/database/concert_singer/concert_singer.sqlite,,False,,False,no such column: Stadia_ID,SELECT Name FROM stadium WHERE Stadium_ID NOT IN (SELECT Stadia_ID FROM concert),False,,SELECT name FROM stadium WHERE stadium_id NOT IN (SELECT stadium_id FROM concert),81,True,Arctic-Text2SQL-R1-7B,1,1,What are the names of the stadiums without any concerts?,56,ea,spider_29,results/raw/Arctic-Text2SQL-R1-7B_spider_ea_20260326_143116.jsonl
False,spider,[false],concert_singer,data/spider/database/concert_singer/concert_singer.sqlite,,False,,False,"near ""."": syntax error",SELECT ...,False,,SELECT name FROM stadium EXCEPT SELECT T2.name FROM concert AS T1 JOIN stadium AS T2 ON T1.stadium_id  =  T2.stadium_id WHERE T1.year  =  2014,142,True,Arctic-Text2SQL-R1-7B,1,1,What are the names of all stadiums that did not have a concert in 2014?,71,ea,spider_32,results/raw/Arctic-Text2SQL-R1-7B_spider_ea_20260326_143116.jsonl
True,spider,[true],concert_singer,data/spider/database/concert_singer/concert_singer.sqlite,,False,,True,,"SELECT c.concert_Name, c.Theme, COUNT(*) as num_singers FROM concert AS c JOIN singer_in_concert AS sic ON c.concert_ID = sic.concert_ID GROUP BY c.concert_ID",True,,"SELECT T2.concert_name ,  T2.theme ,  count(*) FROM singer_in_concert AS T1 JOIN concert AS T2 ON T1.concert_id  =  T2.concert_id GROUP BY T2.concert_id",152,True,Arctic-Text2SQL-R1-7B,1,1,Show the name and theme for all concerts and the number of singers in each concert.,83,ea,spider_33,results/raw/Arctic-Text2SQL-R1-7B_spider_ea_20260326_143116.jsonl
True,spider,[true],concert_singer,data/spider/database/concert_singer/concert_singer.sqlite,,False,,True,,SELECT DISTINCT T1.Name FROM stadium AS T1 WHERE T1.Stadium_ID NOT IN (SELECT T2.Stadium_ID FROM concert AS T2 WHERE T2.Year = '2014'),True,,SELECT name FROM stadium EXCEPT SELECT T2.name FROM concert AS T1 JOIN stadium AS T2 ON T1.stadium_id  =  T2.stadium_id WHERE T1.year  =  2014,142,True,Arctic-Text2SQL-R1-7B,1,1,Show names for all stadiums except for stadiums having a concert in year 2014.,78,ea,spider_31,results/raw/Arctic-Text2SQL-R1-7B_spider_ea_20260326_143116.jsonl
True,spider,[true],concert_singer,data/spider/database/concert_singer/concert_singer.sqlite,,False,,True,,"SELECT c.concert_Name, c.Theme, COUNT(*) as num_singers FROM concert AS c JOIN singer_in_concert AS sic ON c.concert_ID = sic.concert_ID GROUP BY c.concert_ID",True,,"select t2.concert_name ,  t2.theme ,  count(*) from singer_in_concert as t1 join concert as t2 on t1.concert_id  =  t2.concert_id group by t2.concert_id",152,True,Arctic-Text2SQL-R1-7B,1,1,"What are the names , themes , and number of singers for every concert ?",71,ea,spider_34,results/raw/Arctic-Text2SQL-R1-7B_spider_ea_20260326_143116.jsonl
True,spider,[true],concert_singer,data/spider/database/concert_singer/concert_singer.sqlite,,False,,True,,"SELECT s.Name, COUNT(*) as num_concerts FROM singer AS s JOIN singer_in_concert AS sic ON s.Singer_ID = sic.Singer_ID GROUP BY s.Name",True,,"SELECT T2.name ,  count(*) FROM singer_in_concert AS T1 JOIN singer AS T2 ON T1.singer_id  =  T2.singer_id GROUP BY T2.singer_id",128,True,Arctic-Text2SQL-R1-7B,1,1,List singer names and number of concerts for each singer.,57,ea,spider_35,results/raw/Arctic-Text2SQL-R1-7B_spider_ea_20260326_143116.jsonl
True,spider,[true],concert_singer,data/spider/database/concert_singer/concert_singer.sqlite,,False,,True,,"SELECT T1.Name, COUNT(T2.concert_ID) AS num_concerts FROM singer AS T1 JOIN singer_in_concert AS T2 ON T1.Singer_ID = T2.Singer_ID GROUP BY T1.Name",True,,"SELECT T2.name ,  count(*) FROM singer_in_concert AS T1 JOIN singer AS T2 ON T1.singer_id  =  T2.singer_id GROUP BY T2.singer_id",128,True,Arctic-Text2SQL-R1-7B,1,1,What are the names of the singers and number of concerts for each person?,73,ea,spider_36,results/raw/Arctic-Text2SQL-R1-7B_spider_ea_20260326_143116.jsonl
True,spider,[true],concert_singer,data/spider/database/concert_singer/concert_singer.sqlite,,False,,True,,"SELECT Name, Country FROM singer WHERE Song_Name LIKE '%Hey%'",True,,"SELECT name ,  country FROM singer WHERE song_name LIKE '%Hey%'",63,True,Arctic-Text2SQL-R1-7B,1,1,what is the name and nation of the singer who have a song having 'Hey' in its name?,83,ea,spider_39,results/raw/Arctic-Text2SQL-R1-7B_spider_ea_20260326_143116.jsonl
False,spider,[false],concert_singer,data/spider/database/concert_singer/concert_singer.sqlite,,False,,False,,SELECT DISTINCT T2.Name FROM concert AS T1 INNER JOIN singer_in_concert AS T3 ON T1.concert_ID = T3.concert_ID INNER JOIN singer AS T2 ON T3.Singer_ID = T2.Singer_ID WHERE T1.Year = '2014',True,,SELECT T2.name FROM singer_in_concert AS T1 JOIN singer AS T2 ON T1.singer_id  =  T2.singer_id JOIN concert AS T3 ON T1.concert_id  =  T3.concert_id WHERE T3.year  =  2014,171,True,Arctic-Text2SQL-R1-7B,1,1,What are the names of the singers who performed in a concert in 2014?,69,ea,spider_38,results/raw/Arctic-Text2SQL-R1-7B_spider_ea_20260326_143116.jsonl
True,spider,[true],concert_singer,data/spider/database/concert_singer/concert_singer.sqlite,,False,,True,,"SELECT Name, Country FROM singer WHERE Song_Name LIKE '%Hey%'",True,,"SELECT name ,  country FROM singer WHERE song_name LIKE '%Hey%'",63,True,Arctic-Text2SQL-R1-7B,1,1,What is the name and country of origin of every singer who has a song with the word 'Hey' in its title?,103,ea,spider_40,results/raw/Arctic-Text2SQL-R1-7B_spider_ea_20260326_143116.jsonl
False,spider,[false],concert_singer,data/spider/database/concert_singer/concert_singer.sqlite,,False,,False,,SELECT DISTINCT T2.Name FROM concert AS T1 INNER JOIN singer_in_concert AS T3 ON T1.concert_ID = T3.concert_ID INNER JOIN singer AS T2 ON T3.Singer_ID = T2.Singer_ID WHERE T1.Year = '2014',True,,SELECT T2.name FROM singer_in_concert AS T1 JOIN singer AS T2 ON T1.singer_id  =  T2.singer_id JOIN concert AS T3 ON T1.concert_id  =  T3.concert_id WHERE T3.year  =  2014,171,True,Arctic-Text2SQL-R1-7B,1,1,List all singer names in concerts in year 2014.,47,ea,spider_37,results/raw/Arctic-Text2SQL-R1-7B_spider_ea_20260326_143116.jsonl
True,spider,[true],concert_singer,data/spider/database/concert_singer/concert_singer.sqlite,,False,,True,,SELECT COUNT(*) FROM concert WHERE Stadium_ID = (SELECT Stadium_ID FROM stadium ORDER BY Capacity DESC LIMIT 1),True,,select count(*) from concert where stadium_id = (select stadium_id from stadium order by capacity desc limit 1),111,True,Arctic-Text2SQL-R1-7B,1,1,What are the number of concerts that occurred in the stadium with the largest capacity ?,88,ea,spider_44,results/raw/Arctic-Text2SQL-R1-7B_spider_ea_20260326_143116.jsonl
True,spider,[true],concert_singer,data/spider/database/concert_singer/concert_singer.sqlite,,False,,True,,"SELECT DISTINCT T1.Name, T1.Location FROM stadium AS T1 INNER JOIN concert AS T2 ON T1.Stadium_ID = T2.Stadium_ID WHERE T2.Year IN ('2014', '2015') GROUP BY T1.Stadium_ID HAVING COUNT(DISTINCT T2.Year) > 1",True,,"SELECT T2.name ,  T2.location FROM concert AS T1 JOIN stadium AS T2 ON T1.stadium_id  =  T2.stadium_id WHERE T1.Year  =  2014 INTERSECT SELECT T2.name ,  T2.location FROM concert AS T1 JOIN stadium AS T2 ON T1.stadium_id  =  T2.stadium_id WHERE T1.Year  =  2015",261,True,Arctic-Text2SQL-R1-7B,1,1,What are the names and locations of the stadiums that had concerts that occurred in both 2014 and 2015?,103,ea,spider_42,results/raw/Arctic-Text2SQL-R1-7B_spider_ea_20260326_143116.jsonl
True,spider,[true],concert_singer,data/spider/database/concert_singer/concert_singer.sqlite,,False,,True,,"SELECT DISTINCT T1.Name, T1.Location FROM stadium AS T1 INNER JOIN concert AS T2 ON T1.Stadium_ID = T2.Stadium_ID WHERE T2.Year IN ('2014', '2015') GROUP BY T1.Stadium_ID HAVING COUNT(DISTINCT T2.Year) > 1",True,,"SELECT T2.name ,  T2.location FROM concert AS T1 JOIN stadium AS T2 ON T1.stadium_id  =  T2.stadium_id WHERE T1.Year  =  2014 INTERSECT SELECT T2.name ,  T2.location FROM concert AS T1 JOIN stadium AS T2 ON T1.stadium_id  =  T2.stadium_id WHERE T1.Year  =  2015",261,True,Arctic-Text2SQL-R1-7B,1,1,Find the name and location of the stadiums which some concerts happened in the years of both 2014 and 2015.,107,ea,spider_41,results/raw/Arctic-Text2SQL-R1-7B_spider_ea_20260326_143116.jsonl
True,spider,[true],concert_singer,data/spider/database/concert_singer/concert_singer.sqlite,,False,,True,,SELECT COUNT(*) FROM concert AS T1 JOIN stadium AS T2 ON T1.Stadium_ID = T2.Stadium_ID WHERE T2.Capacity = (SELECT MAX(Capacity) FROM stadium),True,,select count(*) from concert where stadium_id = (select stadium_id from stadium order by capacity desc limit 1),111,True,Arctic-Text2SQL-R1-7B,1,1,Find the number of concerts happened in the stadium with the highest capacity .,79,ea,spider_43,results/raw/Arctic-Text2SQL-R1-7B_spider_ea_20260326_143116.jsonl
True,spider,[true],pets_1,data/spider/database/pets_1/pets_1.sqlite,,False,,True,,SELECT COUNT(*) FROM Pets WHERE weight > 10,True,,SELECT count(*) FROM pets WHERE weight  >  10,45,True,Arctic-Text2SQL-R1-7B,1,1,How many pets have a greater weight than 10?,44,ea,spider_46,results/raw/Arctic-Text2SQL-R1-7B_spider_ea_20260326_143116.jsonl
True,spider,[true],pets_1,data/spider/database/pets_1/pets_1.sqlite,,False,,True,,SELECT COUNT(*) FROM Pets WHERE weight > 10,True,,SELECT count(*) FROM pets WHERE weight  >  10,45,True,Arctic-Text2SQL-R1-7B,1,1,Find the number of pets whose weight is heavier than 10.,56,ea,spider_45,results/raw/Arctic-Text2SQL-R1-7B_spider_ea_20260326_143116.jsonl
False,spider,[false],pets_1,data/spider/database/pets_1/pets_1.sqlite,,False,,False,,SELECT weight FROM Pets WHERE PetType = 'Dog' ORDER BY pet_age ASC LIMIT 1,True,,SELECT weight FROM pets ORDER BY pet_age LIMIT 1,48,True,Arctic-Text2SQL-R1-7B,1,1,Find the weight of the youngest dog.,36,ea,spider_47,results/raw/Arctic-Text2SQL-R1-7B_spider_ea_20260326_143116.jsonl
False,spider,[false],pets_1,data/spider/database/pets_1/pets_1.sqlite,,False,,False,,SELECT MIN(weight) FROM Pets WHERE PetType = 'Dog',True,,SELECT weight FROM pets ORDER BY pet_age LIMIT 1,48,True,Arctic-Text2SQL-R1-7B,1,1,How much does the youngest dog weigh?,37,ea,spider_48,results/raw/Arctic-Text2SQL-R1-7B_spider_ea_20260326_143116.jsonl
False,spider,[false],pets_1,data/spider/database/pets_1/pets_1.sqlite,,False,,False,,"SELECT PetType, MAX(weight) AS Max_Weight FROM Pets GROUP BY PetType",True,,"SELECT max(weight) ,  petType FROM pets GROUP BY petType",56,True,Arctic-Text2SQL-R1-7B,1,1,Find the maximum weight for each type of pet. List the maximum weight and pet type.,83,ea,spider_49,results/raw/Arctic-Text2SQL-R1-7B_spider_ea_20260326_143116.jsonl
False,bird,[false],california_schools,data/bird/dev_databases/california_schools/california_schools.sqlite,moderate,False,Eligible free rates for students aged 5-17 = `Free Meal Count (Ages 5-17)` / `Enrollment (Ages 5-17)`,False,,"SELECT f.`Percent (%) Eligible Free (Ages 5-17)` AS eligible_free_rate_ages_5_17, f.`School Name` AS school_name, f.`District Name` AS district_name, f.`County Name` AS county_name FROM frpm AS f WHERE f.`School Type` = 'Continuation School' AND f.`Percent (%) Eligible Free (Ages 5-17)` IS NOT NULL ORDER BY f.`Percent (%) Eligible Free (Ages 5-17)` ASC LIMIT 3",True,,SELECT `Free Meal Count (Ages 5-17)` / `Enrollment (Ages 5-17)` FROM frpm WHERE `Educational Option Type` = 'Continuation School' AND `Free Meal Count (Ages 5-17)` / `Enrollment (Ages 5-17)` IS NOT NULL ORDER BY `Free Meal Count (Ages 5-17)` / `Enrollment (Ages 5-17)` ASC LIMIT 3,280,True,ChatGPT,1,1,Please list the lowest three eligible free rates for students aged 5-17 in continuation schools.,96,ea,bird_1,results/raw/ChatGPT_bird_ea_20260326_142402.jsonl
True,bird,[true],california_schools,data/bird/dev_databases/california_schools/california_schools.sqlite,simple,False,Eligible free rate for K-12 = `Free Meal Count (K-12)` / `Enrollment (K-12)`,True,,SELECT MAX(f.`Percent (%) Eligible Free (K-12)`) AS highest_eligible_free_rate_k12 FROM frpm AS f WHERE f.`County Name` = 'Alameda' AND f.`Percent (%) Eligible Free (K-12)` IS NOT NULL,True,,SELECT `Free Meal Count (K-12)` / `Enrollment (K-12)` FROM frpm WHERE `County Name` = 'Alameda' ORDER BY (CAST(`Free Meal Count (K-12)` AS REAL) / `Enrollment (K-12)`) DESC LIMIT 1,180,True,ChatGPT,1,1,What is the highest eligible free rate for K-12 students in the schools in Alameda County?,90,ea,bird_0,results/raw/ChatGPT_bird_ea_20260326_142402.jsonl
False,bird,[false],california_schools,data/bird/dev_databases/california_schools/california_schools.sqlite,simple,False,Charter schools refers to `Charter School (Y/N)` = 1 in the table fprm,False,,"SELECT DISTINCT s.Zip
FROM schools AS s
WHERE s.County = 'Fresno'
  AND s.District = 'Fresno County Office of Education'
  AND s.Charter = 1
  AND s.Zip IS NOT NULL",True,,SELECT T2.Zip FROM frpm AS T1 INNER JOIN schools AS T2 ON T1.CDSCode = T2.CDSCode WHERE T1.`District Name` = 'Fresno County Office of Education' AND T1.`Charter School (Y/N)` = 1,178,True,ChatGPT,1,1,Please list the zip code of all the charter schools in Fresno County Office of Education.,89,ea,bird_2,results/raw/ChatGPT_bird_ea_20260326_142402.jsonl
True,bird,[true],california_schools,data/bird/dev_databases/california_schools/california_schools.sqlite,simple,False,,True,,"SELECT sc.Phone
FROM satscores AS sa
JOIN schools AS sc ON sc.CDSCode = sa.cds
WHERE sa.NumGE1500 IS NOT NULL
ORDER BY sa.NumGE1500 DESC
LIMIT 1",True,,SELECT T2.Phone FROM satscores AS T1 INNER JOIN schools AS T2 ON T1.cds = T2.CDSCode ORDER BY T1.NumGE1500 DESC LIMIT 1,119,True,ChatGPT,1,1,What is the phone number of the school that has the highest number of test takers with an SAT score of over 1500?,113,ea,bird_7,results/raw/ChatGPT_bird_ea_20260326_142402.jsonl
True,bird,[true],california_schools,data/bird/dev_databases/california_schools/california_schools.sqlite,simple,False,,True,,SELECT f.`FRPM Count (Ages 5-17)` FROM satscores AS s JOIN frpm AS f ON f.CDSCode = s.cds WHERE s.AvgScrRead IS NOT NULL ORDER BY s.AvgScrRead DESC LIMIT 1,True,,SELECT T2.`FRPM Count (Ages 5-17)` FROM satscores AS T1 INNER JOIN frpm AS T2 ON T1.cds = T2.CDSCode ORDER BY T1.AvgScrRead DESC LIMIT 1,136,True,ChatGPT,1,1,"For the school with the highest average score in Reading in the SAT test, what is its FRPM count for students aged 5-17?",120,ea,bird_10,results/raw/ChatGPT_bird_ea_20260326_142402.jsonl
True,bird,[true],california_schools,data/bird/dev_databases/california_schools/california_schools.sqlite,simple,False,,True,,SELECT s.MailStreet FROM frpm f JOIN schools s ON s.CDSCode = f.CDSCode ORDER BY f.`FRPM Count (K-12)` DESC LIMIT 1,True,,SELECT T2.MailStreet FROM frpm AS T1 INNER JOIN schools AS T2 ON T1.CDSCode = T2.CDSCode ORDER BY T1.`FRPM Count (K-12)` DESC LIMIT 1,133,True,ChatGPT,1,1,What is the unabbreviated mailing street address of the school with the highest FRPM count for K-12 students?,109,ea,bird_3,results/raw/ChatGPT_bird_ea_20260326_142402.jsonl
True,bird,[true],california_schools,data/bird/dev_databases/california_schools/california_schools.sqlite,moderate,False,Excellence rate = NumGE1500 / NumTstTakr; Eligible free rates for students aged 5-17 = `Free Meal Count (Ages 5-17)` / `Enrollment (Ages 5-17)`,True,,"SELECT MAX(f.`Percent (%) Eligible Free (Ages 5-17)`) AS highest_eligible_free_rate_ages_5_17 FROM satscores s JOIN frpm f ON f.CDSCode = s.cds WHERE (CAST(s.NumGE1500 AS REAL) / NULLIF(CAST(s.NumTstTakr AS REAL), 0)) > 0.3",True,,SELECT MAX(CAST(T1.`Free Meal Count (Ages 5-17)` AS REAL) / T1.`Enrollment (Ages 5-17)`) FROM frpm AS T1 INNER JOIN satscores AS T2 ON T1.CDSCode = T2.cds WHERE CAST(T2.NumGE1500 AS REAL) / T2.NumTstTakr > 0.3,209,True,ChatGPT,1,1,"Among the schools with an SAT excellence rate of over 0.3, what is the highest eligible free rate for students aged 5-17?",121,ea,bird_12,results/raw/ChatGPT_bird_ea_20260326_142402.jsonl
False,bird,[false],california_schools,data/bird/dev_databases/california_schools/california_schools.sqlite,simple,False,,False,,"SELECT s.School AS school_name, sa.NumTstTakr AS num_test_takers FROM satscores sa JOIN schools s ON s.CDSCode = sa.cds WHERE s.County = 'Contra Costa' AND s.School IS NOT NULL ORDER BY sa.NumTstTakr DESC LIMIT 1",True,,SELECT sname FROM satscores WHERE cname = 'Contra Costa' AND sname IS NOT NULL ORDER BY NumTstTakr DESC LIMIT 1,111,True,ChatGPT,1,1,Which school in Contra Costa has the highest number of test takers?,67,ea,bird_22,results/raw/ChatGPT_bird_ea_20260326_142402.jsonl
True,bird,[true],california_schools,data/bird/dev_databases/california_schools/california_schools.sqlite,simple,False,,True,,"SELECT COUNT(*) AS school_count
FROM frpm
WHERE `County Name` = 'Amador'
  AND `Low Grade` = '9'
  AND `High Grade` = '12'",True,,SELECT COUNT(T1.`School Name`) FROM frpm AS T1 INNER JOIN schools AS T2 ON T1.CDSCode = T2.CDSCode WHERE T2.County = 'Amador' AND T1.`Low Grade` = 9 AND T1.`High Grade` = 12,173,True,ChatGPT,1,1,How many schools in Amador which the Low Grade is 9 and the High Grade is 12?,77,ea,bird_20,results/raw/ChatGPT_bird_ea_20260326_142402.jsonl
True,bird,[true],california_schools,data/bird/dev_databases/california_schools/california_schools.sqlite,simple,False,,True,,SELECT COUNT(*) AS num_schools FROM frpm WHERE `County Name` = 'Los Angeles' AND `Free Meal Count (K-12)` > 500 AND `FRPM Count (K-12)` < 700,True,,SELECT COUNT(CDSCode) FROM frpm WHERE `County Name` = 'Los Angeles' AND `Free Meal Count (K-12)` > 500 AND `FRPM Count (K-12)`< 700,131,True,ChatGPT,1,1,In Los Angeles how many schools have more than 500 free meals but less than 700 free or reduced price meals for K-12?,117,ea,bird_21,results/raw/ChatGPT_bird_ea_20260326_142402.jsonl
False,bird,[false],california_schools,data/bird/dev_databases/california_schools/california_schools.sqlite,simple,False,,False,,"SELECT COUNT(*) AS num_schools
FROM satscores
WHERE cname = 'Alameda' AND NumTstTakr < 100",True,,SELECT COUNT(T1.CDSCode) FROM schools AS T1 INNER JOIN satscores AS T2 ON T1.CDSCode = T2.cds WHERE T1.StatusType = 'Merged' AND T2.NumTstTakr < 100 AND T1.County = 'Lake',171,True,ChatGPT,1,1,How many schools in merged Alameda have number of test takers less than 100?,76,ea,bird_16,results/raw/ChatGPT_bird_ea_20260326_142402.jsonl
True,bird,[true],california_schools,data/bird/dev_databases/california_schools/california_schools.sqlite,simple,False,,True,,"SELECT COUNT(*) AS num_schools
FROM schools s
JOIN satscores sa ON sa.cds = s.CDSCode
WHERE s.County = 'Fresno'
  AND s.FundingType = 'Directly funded'
  AND sa.NumTstTakr <= 250",True,,SELECT COUNT(T1.CDSCode) FROM frpm AS T1 INNER JOIN satscores AS T2 ON T1.CDSCode = T2.cds WHERE T1.`Charter Funding Type` = 'Directly funded' AND T1.`County Name` = 'Fresno' AND T2.NumTstTakr <= 250,199,True,ChatGPT,1,1,How many schools in Fresno (directly funded) have number of test takers not more than 250?,90,ea,bird_18,results/raw/ChatGPT_bird_ea_20260326_142402.jsonl
True,bird,[true],california_schools,data/bird/dev_databases/california_schools/california_schools.sqlite,simple,False,,True,,SELECT s.NumTstTakr FROM satscores AS s JOIN frpm AS f ON f.CDSCode = s.cds WHERE f.`FRPM Count (K-12)` = (SELECT MAX(`FRPM Count (K-12)`) FROM frpm),True,,SELECT NumTstTakr FROM satscores WHERE cds = ( SELECT CDSCode FROM frpm ORDER BY `FRPM Count (K-12)` DESC LIMIT 1 ),115,True,ChatGPT,1,1,What is the number of SAT test takers of the schools with the highest FRPM count for K-12 students?,99,ea,bird_8,results/raw/ChatGPT_bird_ea_20260326_142402.jsonl
True,bird,[true],california_schools,data/bird/dev_databases/california_schools/california_schools.sqlite,simple,False,Excellence rate = NumGE1500 / NumTstTakr,True,,SELECT sc.Phone FROM satscores AS sa JOIN schools AS sc ON sc.CDSCode = sa.cds WHERE sa.NumTstTakr > 0 ORDER BY (CAST(sa.NumGE1500 AS REAL) / sa.NumTstTakr) DESC LIMIT 3,True,,SELECT T1.Phone FROM schools AS T1 INNER JOIN satscores AS T2 ON T1.CDSCode = T2.cds ORDER BY CAST(T2.NumGE1500 AS REAL) / T2.NumTstTakr DESC LIMIT 3,149,True,ChatGPT,1,1,Please list the phone numbers of the schools with the top 3 SAT excellence rate.,80,ea,bird_13,results/raw/ChatGPT_bird_ea_20260326_142402.jsonl
True,bird,[true],california_schools,data/bird/dev_databases/california_schools/california_schools.sqlite,simple,False,,True,,"SELECT sc.Phone
FROM satscores sa
JOIN schools sc ON sc.CDSCode = sa.cds
WHERE sa.AvgScrMath IS NOT NULL
ORDER BY sa.AvgScrMath DESC
LIMIT 1",True,,SELECT T1.Phone FROM schools AS T1 INNER JOIN satscores AS T2 ON T1.CDSCode = T2.cds ORDER BY T2.AvgScrMath DESC LIMIT 1,120,True,ChatGPT,1,1,What is the phone number of the school that has the highest average score in Math?,82,ea,bird_19,results/raw/ChatGPT_bird_ea_20260326_142402.jsonl
False,bird,[false],california_schools,data/bird/dev_databases/california_schools/california_schools.sqlite,simple,False,,False,,SELECT COUNT(*) AS num_charter_funded_schools FROM satscores AS s WHERE s.AvgScrMath > 560 AND s.rtype = 'S' AND EXISTS (SELECT 1 FROM frpm AS f WHERE f.CDSCode = s.cds AND f.`Charter Funding Type` IS NOT NULL AND TRIM(f.`Charter Funding Type`) <> ''),True,,SELECT COUNT(T2.`School Code`) FROM satscores AS T1 INNER JOIN frpm AS T2 ON T1.cds = T2.CDSCode WHERE T1.AvgScrMath > 560 AND T2.`Charter Funding Type` = 'Directly funded',172,True,ChatGPT,1,1,"Among the schools with the average score in Math over 560 in the SAT test, how many schools are directly charter-funded?",120,ea,bird_9,results/raw/ChatGPT_bird_ea_20260326_142402.jsonl
False,bird,[false],california_schools,data/bird/dev_databases/california_schools/california_schools.sqlite,moderate,False,"Full communication address should include Street, City, State and zip code if any.",False,,"SELECT s.School AS school_name,
       (COALESCE(s.Street,'') || CASE WHEN s.Street IS NOT NULL AND s.City IS NOT NULL THEN ', ' ELSE '' END || COALESCE(s.City,'') || CASE WHEN (s.Street IS NOT NULL OR s.City IS NOT NULL) AND s.State IS NOT NULL THEN ', ' ELSE '' END || COALESCE(s.State,'') || CASE WHEN (s.Street IS NOT NULL OR s.City IS NOT NULL OR s.State IS NOT NULL) AND s.Zip IS NOT NULL THEN ' ' ELSE '' END || COALESCE(s.Zip,'')) AS full_communication_address
FROM schools s
JOIN frpm f ON f.CDSCode = s.CDSCode
WHERE s.County = 'Monterey'
  AND f.`School Type` = 'High School'
  AND f.`Free Meal Count (Ages 5-17)` > 800",True,,"SELECT T1.`School Name`, T2.Street, T2.City, T2.State, T2.Zip FROM frpm AS T1 INNER JOIN schools AS T2 ON T1.CDSCode = T2.CDSCode WHERE T2.County = 'Monterey' AND T1.`Free Meal Count (Ages 5-17)` > 800 AND T1.`School Type` = 'High Schools (Public)'",248,True,ChatGPT,1,1,State the names and full communication address of high schools in Monterey which has more than 800 free or reduced price meals for ages 15-17?,142,ea,bird_26,results/raw/ChatGPT_bird_ea_20260326_142402.jsonl
True,bird,[true],california_schools,data/bird/dev_databases/california_schools/california_schools.sqlite,simple,False,Exclusively virtual refers to Virtual = 'F',True,,SELECT COUNT(DISTINCT s.CDSCode) AS num_schools FROM schools s JOIN satscores sa ON sa.cds = s.CDSCode WHERE sa.AvgScrMath > 400 AND s.Virtual = 'F',True,,SELECT COUNT(DISTINCT T2.School) FROM satscores AS T1 INNER JOIN schools AS T2 ON T1.cds = T2.CDSCode WHERE T2.Virtual = 'F' AND T1.AvgScrMath > 400,148,True,ChatGPT,1,1,How many schools with an average score in Math greater than 400 in the SAT test are exclusively virtual?,104,ea,bird_5,results/raw/ChatGPT_bird_ea_20260326_142402.jsonl
False,bird,[false],california_schools,data/bird/dev_databases/california_schools/california_schools.sqlite,moderate,False,Charter schools refers to `Charter School (Y/N)` = 1 in the frpm,False,,"SELECT s.Phone
FROM schools AS s
WHERE s.FundingType = 'Directly funded' AND s.OpenDate > DATE('2000-01-01') AND s.StatusType = 'Open'",True,,SELECT T2.Phone FROM frpm AS T1 INNER JOIN schools AS T2 ON T1.CDSCode = T2.CDSCode WHERE T1.`Charter Funding Type` = 'Directly funded' AND T1.`Charter School (Y/N)` = 1 AND T2.OpenDate > '2000-01-01',200,True,ChatGPT,1,1,Please list the phone numbers of the direct charter-funded schools that are opened after 2000/1/1.,98,ea,bird_4,results/raw/ChatGPT_bird_ea_20260326_142402.jsonl
False,bird,[false],california_schools,data/bird/dev_databases/california_schools/california_schools.sqlite,simple,False,Magnet schools or offer a magnet program means that Magnet = 1,False,,"SELECT s.CDSCode, s.School, s.District, s.County, s.Magnet, s.Virtual, sc.NumTstTakr
FROM schools AS s
JOIN satscores AS sc ON sc.cds = s.CDSCode
WHERE sc.NumTstTakr > 500
  AND s.Magnet = 1",True,,SELECT T2.School FROM satscores AS T1 INNER JOIN schools AS T2 ON T1.cds = T2.CDSCode WHERE T2.Magnet = 1 AND T1.NumTstTakr > 500,129,True,ChatGPT,1,1,"Among the schools with the SAT test takers of over 500, please list the schools that are magnet schools or offer a magnet program.",130,ea,bird_6,results/raw/ChatGPT_bird_ea_20260326_142402.jsonl
False,bird,[false],california_schools,data/bird/dev_databases/california_schools/california_schools.sqlite,moderate,False,Average of average math = sum(average math scores) / count(schools).,False,,"SELECT sc.School AS school_name, sc.FundingType AS funding_type
FROM schools sc
JOIN satscores sa ON sa.cds = sc.CDSCode
WHERE sc.County = 'Riverside'
GROUP BY sc.CDSCode, sc.School, sc.FundingType
HAVING AVG(sa.AvgScrMath) > 400",True,,"SELECT T1.sname, T2.`Charter Funding Type` FROM satscores AS T1 INNER JOIN frpm AS T2 ON T1.cds = T2.CDSCode WHERE T2.`District Name` LIKE 'Riverside%' GROUP BY T1.sname, T2.`Charter Funding Type` HAVING CAST(SUM(T1.AvgScrMath) AS REAL) / COUNT(T1.cds) > 400",258,True,ChatGPT,1,1,"Name schools in Riverside which the average of average math score for SAT is grater than 400, what is the funding type of these schools?",136,ea,bird_25,results/raw/ChatGPT_bird_ea_20260326_142402.jsonl
False,bird,[false],california_schools,data/bird/dev_databases/california_schools/california_schools.sqlite,simple,False,,False,,"SELECT s.District AS district_name, AVG(sc.AvgScrRead) AS avg_reading_score
FROM satscores sc
JOIN schools s ON s.CDSCode = sc.cds
WHERE s.StatusType = 'Active'
  AND sc.AvgScrRead IS NOT NULL
GROUP BY s.District
ORDER BY avg_reading_score DESC
LIMIT 1",True,,SELECT T1.District FROM schools AS T1 INNER JOIN satscores AS T2 ON T1.CDSCode = T2.cds WHERE T1.StatusType = 'Active' ORDER BY T2.AvgScrRead DESC LIMIT 1,154,True,ChatGPT,1,1,Which active district has the highest average score in Reading?,63,ea,bird_15,results/raw/ChatGPT_bird_ea_20260326_142402.jsonl
False,bird,[false],california_schools,data/bird/dev_databases/california_schools/california_schools.sqlite,simple,False,Valid charter number means the number is not null,False,,"SELECT s.School AS school_name, sc.CharterNum AS charter_number, sat.AvgScrWrite AS avg_writing_score, RANK() OVER (ORDER BY sat.AvgScrWrite DESC) AS writing_score_rank FROM satscores AS sat JOIN schools AS sc ON sc.CDSCode = sat.cds LEFT JOIN schools AS s ON s.CDSCode = sat.cds WHERE sat.AvgScrWrite > 499 ORDER BY writing_score_rank, school_name",True,,"SELECT CharterNum, AvgScrWrite, RANK() OVER (ORDER BY AvgScrWrite DESC) AS WritingScoreRank FROM schools AS T1  INNER JOIN satscores AS T2 ON T1.CDSCode = T2.cds WHERE T2.AvgScrWrite > 499 AND CharterNum is not null",215,True,ChatGPT,1,1,"Rank schools by their average score in Writing where the score is greater than 499, showing their charter numbers.",114,ea,bird_17,results/raw/ChatGPT_bird_ea_20260326_142402.jsonl
False,bird,[false],california_schools,data/bird/dev_databases/california_schools/california_schools.sqlite,simple,False,K-12 means First-through-twelfth-grade,False,,SELECT s.OpenDate FROM frpm f JOIN schools s ON s.CDSCode = f.CDSCode WHERE f.`Low Grade` = '1' AND f.`High Grade` = '12' ORDER BY f.`Enrollment (K-12)` DESC LIMIT 1,True,,SELECT T2.OpenDate FROM frpm AS T1 INNER JOIN schools AS T2 ON T1.CDSCode = T2.CDSCode ORDER BY T1.`Enrollment (K-12)` DESC LIMIT 1,131,True,ChatGPT,1,1,When did the first-through-twelfth-grade school with the largest enrollment open?,81,ea,bird_29,results/raw/ChatGPT_bird_ea_20260326_142402.jsonl
False,bird,[false],california_schools,data/bird/dev_databases/california_schools/california_schools.sqlite,moderate,False,,False,,"SELECT s.School AS `School Name`, s.Website AS `Website` FROM frpm f JOIN schools s ON s.CDSCode = f.CDSCode WHERE f.`Free Meal Count (Ages 5-17)` BETWEEN 1900 AND 2000 AND s.Website IS NOT NULL",True,,"SELECT T2.Website, T1.`School Name` FROM frpm AS T1 INNER JOIN schools AS T2 ON T1.CDSCode = T2.CDSCode WHERE T1.`Free Meal Count (Ages 5-17)` BETWEEN 1900 AND 2000 AND T2.Website IS NOT NULL",191,True,ChatGPT,1,1,"If there are any, what are the websites address of the schools with a free meal count of 1,900-2,000 to students aged 5-17? Include the name of the school.",155,ea,bird_33,results/raw/ChatGPT_bird_ea_20260326_142402.jsonl
False,bird,[false],california_schools,data/bird/dev_databases/california_schools/california_schools.sqlite,moderate,False,"Execellence Rate = NumGE1500 / NumTstTakr; complete address has Street, City, State, Zip code",False,,"SELECT s.Street, s.City, s.Zip, s.State FROM satscores AS ss JOIN schools AS s ON s.CDSCode = ss.cds WHERE ss.NumTstTakr IS NOT NULL AND ss.enroll12 IS NOT NULL AND ss.enroll12 > 0 AND (1.0 * ss.NumTstTakr / ss.enroll12) = (SELECT MIN(1.0 * NumTstTakr / enroll12) FROM satscores WHERE NumTstTakr IS NOT NULL AND enroll12 IS NOT NULL AND enroll12 > 0) LIMIT 1",True,,"SELECT T2.Street, T2.City, T2.State, T2.Zip FROM satscores AS T1 INNER JOIN schools AS T2 ON T1.cds = T2.CDSCode ORDER BY CAST(T1.NumGE1500 AS REAL) / T1.NumTstTakr ASC LIMIT 1",176,True,ChatGPT,1,1,"What is the complete address of the school with the lowest excellence rate? Indicate the Street, City, Zip and State.",117,ea,bird_37,results/raw/ChatGPT_bird_ea_20260326_142402.jsonl
False,bird,[false],california_schools,data/bird/dev_databases/california_schools/california_schools.sqlite,challenging,False,"full name means first name, last name; There are at most 3 administrators for each school; SAT Scores are greater or equal to 1500 refers to NumGE1500",False,,"SELECT s.AdmFName1 || ' ' || s.AdmLName1 AS Administrator1_FullName, s.AdmFName2 || ' ' || s.AdmLName2 AS Administrator2_FullName, s.AdmFName3 || ' ' || s.AdmLName3 AS Administrator3_FullName FROM satscores sc JOIN schools s ON s.CDSCode = sc.cds WHERE sc.NumGE1500 = (SELECT MAX(NumGE1500) FROM satscores) LIMIT 1",True,,"SELECT T2.AdmFName1, T2.AdmLName1, T2.AdmFName2, T2.AdmLName2, T2.AdmFName3, T2.AdmLName3 FROM satscores AS T1 INNER JOIN schools AS T2 ON T1.cds = T2.CDSCode ORDER BY T1.NumGE1500 DESC LIMIT 1",193,True,ChatGPT,1,1,Under whose administration is the school with the highest number of students scoring 1500 or more on the SAT? Indicate their full names.,136,ea,bird_36,results/raw/ChatGPT_bird_ea_20260326_142402.jsonl
False,bird,[false],california_schools,data/bird/dev_databases/california_schools/california_schools.sqlite,simple,False,,False,,"SELECT s.NCESSchool, f.`School Name`, f.`Enrollment (Ages 5-17)` AS enrollment_ages_5_17 FROM frpm AS f JOIN schools AS s ON s.CDSCode = f.CDSCode ORDER BY f.`Enrollment (Ages 5-17)` DESC LIMIT 5",True,,SELECT T1.NCESSchool FROM schools AS T1 INNER JOIN frpm AS T2 ON T1.CDSCode = T2.CDSCode ORDER BY T2.`Enrollment (Ages 5-17)` DESC LIMIT 5,138,True,ChatGPT,1,1,"List the top five schools, by descending order, from the highest to the lowest, the most number of Enrollment (Ages 5-17). Please give their NCES school identification number.",175,ea,bird_14,results/raw/ChatGPT_bird_ea_20260326_142402.jsonl
True,bird,[true],california_schools,data/bird/dev_databases/california_schools/california_schools.sqlite,moderate,False,Charted school means `Charter School (Y/N)` = 1 in the table frpm; Students enrolled in grades 1 through 12 refers to `Enrollment (K-12)`,True,,SELECT s.AdmEmail1 AS AdministratorEmail FROM frpm f JOIN schools s ON s.CDSCode = f.CDSCode WHERE f.`Charter School (Y/N)` = 1 ORDER BY f.`Enrollment (K-12)` ASC LIMIT 1,True,,SELECT T2.AdmEmail1 FROM frpm AS T1 INNER JOIN schools AS T2 ON T1.CDSCode = T2.CDSCode WHERE T1.`Charter School (Y/N)` = 1 ORDER BY T1.`Enrollment (K-12)` ASC LIMIT 1,167,True,ChatGPT,1,1,What is the administrator's email address of the chartered school with the fewest students enrolled in grades 1 through 12?,123,ea,bird_35,results/raw/ChatGPT_bird_ea_20260326_142402.jsonl
False,bird,[false],california_schools,data/bird/dev_databases/california_schools/california_schools.sqlite,moderate,False,K-12 refers to students in grades 1 through 12; Eligible free rate for K-12 = `Free Meal Count (K-12)` / `Enrollment (K-12)`,False,,"SELECT `School Name` AS school_name, `Percent (%) Eligible Free (K-12)` AS eligible_free_rate FROM frpm WHERE `Enrollment (K-12)` IS NOT NULL ORDER BY `Enrollment (K-12)` DESC LIMIT 1 OFFSET 9",True,,"SELECT CAST(`Free Meal Count (K-12)` AS REAL) / `Enrollment (K-12)` FROM frpm ORDER BY `Enrollment (K-12)` DESC LIMIT 9, 2",122,True,ChatGPT,1,1,What is the eligible free rate of the 10th and 11th schools with the highest enrolment for students in grades 1 through 12?,123,ea,bird_31,results/raw/ChatGPT_bird_ea_20260326_142402.jsonl
False,bird,[false],california_schools,data/bird/dev_databases/california_schools/california_schools.sqlite,moderate,False,Average score for all subjects can be computed by AvgScrMath + AvgScrRead + AvgScrWrite,False,,"SELECT t.AvgScrMath AS avg_math_score, t.cname AS county_name
FROM satscores t
WHERE (t.AvgScrRead + t.AvgScrMath + t.AvgScrWrite) IS NOT NULL
ORDER BY (t.AvgScrRead + t.AvgScrMath + t.AvgScrWrite) ASC
LIMIT 1",True,,"SELECT T1.AvgScrMath, T2.County FROM satscores AS T1 INNER JOIN schools AS T2 ON T1.cds = T2.CDSCode WHERE T1.AvgScrMath IS NOT NULL ORDER BY T1.AvgScrMath + T1.AvgScrRead + T1.AvgScrWrite ASC LIMIT 1",200,True,ChatGPT,1,1,"What is the average math score of the school with the lowest average score for all subjects, and in which county is it located?",127,ea,bird_43,results/raw/ChatGPT_bird_ea_20260326_142402.jsonl
True,bird,[true],california_schools,data/bird/dev_databases/california_schools/california_schools.sqlite,simple,False,,True,,"SELECT sc.AvgScrWrite AS average_writing_score, sch.City AS city FROM satscores sc JOIN schools sch ON sch.CDSCode = sc.cds ORDER BY sc.NumGE1500 DESC, sc.NumTstTakr DESC LIMIT 1",True,,"SELECT T1.AvgScrWrite, T2.City FROM satscores AS T1 INNER JOIN schools AS T2 ON T1.cds = T2.CDSCode ORDER BY T1.NumGE1500 DESC LIMIT 1",134,True,ChatGPT,1,1,What is the average writing score of the school who has the highest number of test takers whose total SAT sscores are greater or equal to 1500? Indicate the city to where the school is situated.,194,ea,bird_44,results/raw/ChatGPT_bird_ea_20260326_142402.jsonl
True,bird,[true],california_schools,data/bird/dev_databases/california_schools/california_schools.sqlite,simple,False,,True,,SELECT frpm.`Educational Option Type` FROM satscores JOIN frpm ON frpm.CDSCode = satscores.cds WHERE satscores.AvgScrMath IS NOT NULL ORDER BY satscores.AvgScrMath DESC LIMIT 1,True,,SELECT T2.EdOpsName FROM satscores AS T1 INNER JOIN schools AS T2 ON T1.cds = T2.CDSCode ORDER BY T1.AvgScrMath DESC LIMIT 1,124,True,ChatGPT,1,1,What is the type of education offered in the school who scored the highest average in Math?,91,ea,bird_42,results/raw/ChatGPT_bird_ea_20260326_142402.jsonl
False,bird,[false],california_schools,data/bird/dev_databases/california_schools/california_schools.sqlite,moderate,False,Percent eligible for free meals = Free Meal Count (K-12) / Total (Enrollment (K-12),False,,"SELECT DISTINCT s.School AS `School Name`
FROM schools AS s
JOIN frpm AS f ON f.CDSCode = s.CDSCode
JOIN satscores AS sa ON sa.cds = s.CDSCode
WHERE f.`Percent (%) Eligible Free (K-12)` > 0.1
  AND sa.NumGE1500 >= 1",True,,SELECT T2.`School Name` FROM satscores AS T1 INNER JOIN frpm AS T2 ON T1.cds = T2.CDSCode WHERE CAST(T2.`Free Meal Count (K-12)` AS REAL) / T2.`Enrollment (K-12)` > 0.1 AND T1.NumGE1500 > 0,189,True,ChatGPT,1,1,Give the names of the schools with the percent eligible for free meals in K-12 is more than 0.1 and test takers whose test score is greater than or equal to 1500?,162,ea,bird_24,results/raw/ChatGPT_bird_ea_20260326_142402.jsonl
True,bird,[true],california_schools,data/bird/dev_databases/california_schools/california_schools.sqlite,moderate,False,Eligible free rates for students aged 5-17 = `Free Meal Count (Ages 5-17)` / `Enrollment (Ages 5-17)`,True,,SELECT f.`Percent (%) Eligible Free (Ages 5-17)` AS free_rate_percent_ages_5_17 FROM schools s JOIN frpm f ON f.CDSCode = s.CDSCode WHERE s.AdmFName1 = 'Kacey' AND s.AdmLName1 = 'Gibson' LIMIT 1,True,,SELECT CAST(T2.`Free Meal Count (Ages 5-17)` AS REAL) / T2.`Enrollment (Ages 5-17)` FROM schools AS T1 INNER JOIN frpm AS T2 ON T1.CDSCode = T2.CDSCode WHERE T1.AdmFName1 = 'Kacey' AND T1.AdmLName1 = 'Gibson',208,True,ChatGPT,1,1,What is the free rate for students between the ages of 5 and 17 at the school run by Kacey Gibson?,98,ea,bird_34,results/raw/ChatGPT_bird_ea_20260326_142402.jsonl
True,bird,[true],california_schools,data/bird/dev_databases/california_schools/california_schools.sqlite,moderate,False,Fresno Unified is a name of district;,True,,"SELECT sc.Phone
FROM satscores AS sa
JOIN schools AS sc ON sc.CDSCode = sa.cds
WHERE sa.dname = 'Fresno Unified'
  AND sa.AvgScrRead IS NOT NULL
ORDER BY sa.AvgScrRead ASC
LIMIT 1",True,,SELECT T2.Phone FROM satscores AS T1 INNER JOIN schools AS T2 ON T1.cds = T2.CDSCode WHERE T2.District = 'Fresno Unified' AND T1.AvgScrRead IS NOT NULL ORDER BY T1.AvgScrRead ASC LIMIT 1,186,True,ChatGPT,1,1,What is the telephone number for the school with the lowest average score in reading in Fresno Unified?,103,ea,bird_40,results/raw/ChatGPT_bird_ea_20260326_142402.jsonl
False,bird,[false],california_schools,data/bird/dev_databases/california_schools/california_schools.sqlite,simple,False,K-12 refers to students in grades 1 through 12.,False,,"SELECT s.City, SUM(f.`Enrollment (K-12)`) AS total_enrollment_k12
FROM frpm AS f
JOIN schools AS s ON s.CDSCode = f.CDSCode
WHERE f.`Low Grade` = '1'
  AND f.`High Grade` = '12'
  AND s.City IS NOT NULL
GROUP BY s.City
ORDER BY total_enrollment_k12 ASC
LIMIT 5",True,,SELECT T2.City FROM frpm AS T1 INNER JOIN schools AS T2 ON T1.CDSCode = T2.CDSCode GROUP BY T2.City ORDER BY SUM(T1.`Enrollment (K-12)`) ASC LIMIT 5,148,True,ChatGPT,1,1,Which cities have the top 5 lowest enrollment number for students in grades 1 through 12?,89,ea,bird_30,results/raw/ChatGPT_bird_ea_20260326_142402.jsonl
True,bird,[true],california_schools,data/bird/dev_databases/california_schools/california_schools.sqlite,simple,False,,True,,SELECT DISTINCT sc.Website FROM satscores AS ss JOIN schools AS sc ON sc.CDSCode = ss.cds WHERE ss.cname = 'Los Angeles' AND ss.NumTstTakr BETWEEN 2000 AND 3000 AND sc.Website IS NOT NULL,True,,SELECT T2.Website FROM satscores AS T1 INNER JOIN schools AS T2 ON T1.cds = T2.CDSCode WHERE T1.NumTstTakr BETWEEN 2000 AND 3000 AND T2.County = 'Los Angeles',158,True,ChatGPT,1,1,"What are the webpages for the Los Angeles County school that has between 2,000 and 3,000 test takers?",101,ea,bird_38,results/raw/ChatGPT_bird_ea_20260326_142402.jsonl
False,bird,[false],california_schools,data/bird/dev_databases/california_schools/california_schools.sqlite,simple,False,Total enrollment can be represented by `Enrollment (K-12)` + `Enrollment (Ages 5-17)`,False,,SELECT CDSCode FROM frpm WHERE `Enrollment (K-12)` > 500,True,,SELECT T2.CDSCode FROM schools AS T1 INNER JOIN frpm AS T2 ON T1.CDSCode = T2.CDSCode WHERE T2.`Enrollment (K-12)` + T2.`Enrollment (Ages 5-17)` > 500,150,True,ChatGPT,1,1,Please list the codes of the schools with a total enrollment of over 500.,73,ea,bird_11,results/raw/ChatGPT_bird_ea_20260326_142402.jsonl
False,bird,[false],california_schools,data/bird/dev_databases/california_schools/california_schools.sqlite,moderate,False,grades 1-12 means K-12; Eligible free or reduced price meal rate for K-12 = `FRPM Count (K-12)` / `Enrollment (K-12)`,False,,"SELECT f.`School Name` AS school_name, f.`FRPM Count (K-12)` AS frpm_count_k12, f.`Percent (%) Eligible FRPM (K-12)` AS eligible_frpm_rate_k12 FROM frpm AS f JOIN schools AS s ON s.CDSCode = f.CDSCode WHERE s.DOC = '66' ORDER BY f.`FRPM Count (K-12)` DESC LIMIT 5",True,,SELECT CAST(T1.`FRPM Count (K-12)` AS REAL) / T1.`Enrollment (K-12)` FROM frpm AS T1 INNER JOIN schools AS T2 ON T1.CDSCode = T2.CDSCode WHERE T2.SOC = 66 ORDER BY T1.`FRPM Count (K-12)` DESC LIMIT 5,199,True,ChatGPT,1,1,What is the eligible free or reduced price meal rate for the top 5 schools in grades 1-12 with the highest free or reduced price meal count of the schools with the ownership code 66?,182,ea,bird_32,results/raw/ChatGPT_bird_ea_20260326_142402.jsonl
True,bird,[true],california_schools,data/bird/dev_databases/california_schools/california_schools.sqlite,moderate,False,Elementary School District refers to DOC = 52; Unified School District refers to DOC = 54.,True,,"WITH counts AS (
  SELECT
    SUM(CASE WHEN s.DOCType = 'Unified School District' THEN 1 ELSE 0 END) AS unified_cnt,
    SUM(CASE WHEN s.DOCType = 'Elementary School District' THEN 1 ELSE 0 END) AS elementary_cnt
  FROM schools s
  WHERE s.County = 'Orange'
    AND s.StatusType = 'Merged'
)
SELECT
  CAST(unified_cnt AS REAL) / NULLIF(elementary_cnt, 0) AS ratio_unified_to_elementary
FROM counts",True,,SELECT CAST(SUM(CASE WHEN DOC = 54 THEN 1 ELSE 0 END) AS REAL) / SUM(CASE WHEN DOC = 52 THEN 1 ELSE 0 END) FROM schools WHERE StatusType = 'Merged' AND County = 'Orange',169,True,ChatGPT,1,1,What is the ratio of merged Unified School District schools in Orange County to merged Elementary School District schools?,122,ea,bird_48,results/raw/ChatGPT_bird_ea_20260326_142402.jsonl
False,bird,[false],california_schools,data/bird/dev_databases/california_schools/california_schools.sqlite,moderate,False,Elementary School District refers to DOC = 52; Monthly average number of schools that opened in 1980 = count(schools that opened in 1980) / 12,False,no such column: s.OpenDate,"SELECT strftime('%Y-%m', s.OpenDate) AS month, AVG(monthly_opened) AS monthly_avg_opened_schools FROM (SELECT strftime('%Y-%m', s.OpenDate) AS month, COUNT(*) AS monthly_opened FROM schools s JOIN frpm f ON f.CDSCode = s.CDSCode WHERE s.County = 'Alameda' AND f.`District Type` = 'Elementary School District' AND s.OpenDate >= '1980-01-01' AND s.OpenDate < '1981-01-01' GROUP BY strftime('%Y-%m', s.OpenDate)) t",False,,"SELECT CAST(COUNT(School) AS REAL) / 12 FROM schools WHERE DOC = 52 AND County = 'Alameda' AND strftime('%Y', OpenDate) = '1980'",128,True,ChatGPT,1,1,What is the monthly average number of schools that opened in Alameda County under the jurisdiction of the Elementary School District in 1980?,141,ea,bird_47,results/raw/ChatGPT_bird_ea_20260326_142402.jsonl
False,bird,[false],california_schools,data/bird/dev_databases/california_schools/california_schools.sqlite,moderate,False,Diffrence in enrollement = `Enrollment (K-12)` - `Enrollment (Ages 5-17)`,False,,"SELECT s.School AS school_name, (COALESCE(s.Street,'') || CASE WHEN s.StreetAbr IS NOT NULL AND s.StreetAbr <> '' THEN ' ' || s.StreetAbr ELSE '' END || CASE WHEN s.City IS NOT NULL AND s.City <> '' THEN ', ' || s.City ELSE '' END || CASE WHEN s.State IS NOT NULL AND s.State <> '' THEN ', ' || s.State ELSE '' END || CASE WHEN s.Zip IS NOT NULL AND s.Zip <> '' THEN ' ' || s.Zip ELSE '' END) AS full_street_address FROM frpm f JOIN schools s ON s.CDSCode = f.CDSCode WHERE ABS(COALESCE(f.`Enrollment (K-12)`,0) - COALESCE(f.`Enrollment (Ages 5-17)`,0)) > 30",True,,"SELECT T1.School, T1.Street FROM schools AS T1 INNER JOIN frpm AS T2 ON T1.CDSCode = T2.CDSCode WHERE T2.`Enrollment (K-12)` - T2.`Enrollment (Ages 5-17)` > 30",159,True,ChatGPT,1,1,List the names of schools with more than 30 difference in enrollements between K-12 and ages 5-17? Please also give the full street adress of the schools.,154,ea,bird_23,results/raw/ChatGPT_bird_ea_20260326_142402.jsonl
False,bird,[false],california_schools,data/bird/dev_databases/california_schools/california_schools.sqlite,simple,False,State Special Schools refers to DOC = 31; Grades 1 through 12 means K-12,False,,"SELECT s.School AS school_name, ss.enroll12 AS enrollment_grades_1_12 FROM satscores ss JOIN schools s ON s.CDSCode = ss.cds WHERE ss.rtype = 'S' AND s.DOCType = 'State Special' ORDER BY ss.enroll12 DESC LIMIT 1",True,,SELECT T2.School FROM frpm AS T1 INNER JOIN schools AS T2 ON T1.CDSCode = T2.CDSCode WHERE T2.DOC = 31 ORDER BY T1.`Enrollment (K-12)` DESC LIMIT 1,147,True,ChatGPT,1,1,Which state special schools have the highest number of enrollees from grades 1 through 12?,90,ea,bird_46,results/raw/ChatGPT_bird_ea_20260326_142402.jsonl
True,bird,[true],california_schools,data/bird/dev_databases/california_schools/california_schools.sqlite,simple,False,between 1/1/1980 and 12/31/1980 means the year = 1980,True,,SELECT AVG(ss.NumTstTakr) AS avg_test_takers FROM satscores ss JOIN schools s ON s.CDSCode = ss.cds WHERE s.County = 'Fresno' AND s.OpenDate BETWEEN '1980-01-01' AND '1980-12-31',True,,"SELECT AVG(T1.NumTstTakr) FROM satscores AS T1 INNER JOIN schools AS T2 ON T1.cds = T2.CDSCode WHERE strftime('%Y', T2.OpenDate) = '1980' AND T2.County = 'Fresno'",162,True,ChatGPT,1,1,What is the average number of test takers from Fresno schools that opened between 1/1/1980 and 12/31/1980?,106,ea,bird_39,results/raw/ChatGPT_bird_ea_20260326_142402.jsonl
True,bird,[true],california_schools,data/bird/dev_databases/california_schools/california_schools.sqlite,moderate,False,"Usually, administrators manage the school stuff.",True,,"SELECT s.School AS school_name, AVG(ss.AvgScrWrite) AS avg_writing_score FROM schools s JOIN satscores ss ON ss.cds = s.CDSCode WHERE (s.AdmFName1 = 'Ricci' AND s.AdmLName1 = 'Ulrich') OR (s.AdmFName2 = 'Ricci' AND s.AdmLName2 = 'Ulrich') OR (s.AdmFName3 = 'Ricci' AND s.AdmLName3 = 'Ulrich') GROUP BY s.CDSCode, s.School ORDER BY s.School",True,,"SELECT T2.School, T1.AvgScrWrite FROM satscores AS T1 INNER JOIN schools AS T2 ON T1.cds = T2.CDSCode WHERE T2.AdmFName1 = 'Ricci' AND T2.AdmLName1 = 'Ulrich'",158,True,ChatGPT,1,1,What is the average writing score of each of the schools managed by Ricci Ulrich? List the schools and the corresponding average writing scores.,144,ea,bird_45,results/raw/ChatGPT_bird_ea_20260326_142402.jsonl
False,bird,[false],california_schools,data/bird/dev_databases/california_schools/california_schools.sqlite,simple,False,Exclusively virtual refers to Virtual = 'F'; respective counties means PARTITION BY County,False,,"WITH ranked AS (
  SELECT
    sc.County AS county,
    sc.School AS school_name,
    ss.AvgScrRead AS avg_read,
    DENSE_RANK() OVER (
      PARTITION BY sc.County
      ORDER BY ss.AvgScrRead DESC
    ) AS rnk
  FROM schools sc
  JOIN satscores ss
    ON ss.cds = sc.CDSCode
  WHERE sc.Virtual IS NOT NULL
    AND TRIM(sc.Virtual) <> ''
    AND UPPER(TRIM(sc.Virtual)) <> 'N'
    AND ss.AvgScrRead IS NOT NULL
)
SELECT school_name
FROM ranked
WHERE rnk <= 5
ORDER BY county, avg_read DESC, school_name",True,,"SELECT School FROM (SELECT T2.School,T1.AvgScrRead, RANK() OVER (PARTITION BY T2.County ORDER BY T1.AvgScrRead DESC) AS rnk FROM satscores AS T1 INNER JOIN schools AS T2 ON T1.cds = T2.CDSCode WHERE T2.Virtual = 'F' ) ranked_schools WHERE rnk <= 5",247,True,ChatGPT,1,1,List the names of virtual schools that are among the top 5 in their respective counties based on average reading scores.,120,ea,bird_41,results/raw/ChatGPT_bird_ea_20260326_142402.jsonl
False,bird,[false],california_schools,data/bird/dev_databases/california_schools/california_schools.sqlite,challenging,False,Difference between K-12 enrollment and 15-17 enrollment can be computed by `Enrollment (K-12)` - `Enrollment (Ages 5-17)`,False,,"WITH diffs AS (
  SELECT
    s.CDSCode,
    s.School AS school_name,
    s.DOCType AS doc_type,
    (f.""Enrollment (K-12)"" - f.""Enrollment (Ages 5-17)"") AS diff_enroll
  FROM schools s
  JOIN frpm f ON f.CDSCode = s.CDSCode
  WHERE s.FundingType = 'Locally funded'
    AND f.""Enrollment (K-12)"" IS NOT NULL
    AND f.""Enrollment (Ages 5-17)"" IS NOT NULL
    AND s.School IS NOT NULL
), avgdiff AS (
  SELECT AVG(diff_enroll) AS avg_diff
  FROM diffs
)
SELECT
  d.school_name,
  d.doc_type
FROM diffs d
CROSS JOIN avgdiff a
WHERE d.diff_enroll > a.avg_diff",True,,"SELECT T2.School, T2.DOC FROM frpm AS T1 INNER JOIN schools AS T2 ON T1.CDSCode = T2.CDSCode WHERE T2.FundingType = 'Locally funded' AND (T1.`Enrollment (K-12)` - T1.`Enrollment (Ages 5-17)`) > (SELECT AVG(T3.`Enrollment (K-12)` - T3.`Enrollment (Ages 5-17)`) FROM frpm AS T3 INNER JOIN schools AS T4 ON T3.CDSCode = T4.CDSCode WHERE T4.FundingType = 'Locally funded')",368,True,ChatGPT,1,1,"Consider the average difference between K-12 enrollment and 15-17 enrollment of schools that are locally funded, list the names and DOC type of schools which has a difference above this average.",194,ea,bird_28,results/raw/ChatGPT_bird_ea_20260326_142402.jsonl
False,bird,[false],california_schools,data/bird/dev_databases/california_schools/california_schools.sqlite,moderate,False,Closure date and closed date are synonyms; 'Closed' was mentioned in schools.StatusType.,False,,"WITH county_counts AS (
  SELECT County, COUNT(*) AS closed_cnt
  FROM schools
  WHERE ClosedDate IS NOT NULL
  GROUP BY County
), top_county AS (
  SELECT County
  FROM county_counts
  ORDER BY closed_cnt DESC, County
  LIMIT 1
)
SELECT s.County, s.School AS `School Name`, s.ClosedDate AS `Closure Date`
FROM schools s
JOIN top_county tc ON tc.County = s.County
WHERE s.ClosedDate IS NOT NULL
ORDER BY s.ClosedDate DESC, s.School",True,,"SELECT DISTINCT County, School, ClosedDate FROM schools WHERE County = ( SELECT County FROM schools WHERE StatusType = 'Closed' GROUP BY County ORDER BY COUNT(School) DESC LIMIT 1 ) AND StatusType = 'Closed' AND school IS NOT NULL",230,True,ChatGPT,1,1,Which different county has the most number of closed schools? Please provide the name of each school as well as the closure date.,129,ea,bird_49,results/raw/ChatGPT_bird_ea_20260326_142402.jsonl
False,bird,[false],california_schools,data/bird/dev_databases/california_schools/california_schools.sqlite,moderate,False,Communication number refers to phone number.,False,,"SELECT sc.School AS school_name, sa.AvgScrWrite AS avg_writing_score, sc.Phone AS communication_number
FROM schools sc
JOIN satscores sa ON sa.cds = sc.CDSCode
WHERE (sc.OpenDate > '1991-12-31' OR sc.ClosedDate < '2000-01-01')
  AND sa.AvgScrWrite IS NOT NULL",True,,"SELECT T2.School, T1.AvgScrWrite, T2.Phone FROM schools AS T2 LEFT JOIN satscores AS T1 ON T2.CDSCode = T1.cds WHERE strftime('%Y', T2.OpenDate) > '1991' OR strftime('%Y', T2.ClosedDate) < '2000'",195,True,ChatGPT,1,1,"What is the average score in writing for the schools that were opened after 1991 or closed before 2000? List the school names along with the score. Also, list the communication number of the schools if there is any.",215,ea,bird_27,results/raw/ChatGPT_bird_ea_20260326_142402.jsonl
True,spider,[true],concert_singer,data/spider/database/concert_singer/concert_singer.sqlite,,False,,True,,SELECT COUNT(*) AS total_singers FROM singer,True,,SELECT count(*) FROM singer,27,True,ChatGPT,1,1,What is the total number of singers?,36,ea,spider_1,results/raw/ChatGPT_spider_ea_20260326_142228.jsonl
True,spider,[true],concert_singer,data/spider/database/concert_singer/concert_singer.sqlite,,False,,True,,"SELECT ""Name"", ""Country"", ""Age"" FROM ""singer"" ORDER BY ""Age"" DESC",True,,"SELECT name ,  country ,  age FROM singer ORDER BY age DESC",59,True,ChatGPT,1,1,"Show name, country, age for all singers ordered by age from the oldest to the youngest.",87,ea,spider_2,results/raw/ChatGPT_spider_ea_20260326_142228.jsonl
True,spider,[true],concert_singer,data/spider/database/concert_singer/concert_singer.sqlite,,False,,True,,SELECT COUNT(*) AS singer_count FROM singer,True,,SELECT count(*) FROM singer,27,True,ChatGPT,1,1,How many singers do we have?,28,ea,spider_0,results/raw/ChatGPT_spider_ea_20260326_142228.jsonl
True,spider,[true],concert_singer,data/spider/database/concert_singer/concert_singer.sqlite,,False,,True,,"SELECT ""Name"", ""Country"", ""Age"" FROM ""singer"" ORDER BY ""Age"" DESC",True,,"SELECT name ,  country ,  age FROM singer ORDER BY age DESC",59,True,ChatGPT,1,1,"What are the names, countries, and ages for every singer in descending order of age?",84,ea,spider_3,results/raw/ChatGPT_spider_ea_20260326_142228.jsonl
True,spider,[true],concert_singer,data/spider/database/concert_singer/concert_singer.sqlite,,False,,True,,"SELECT ""Country"", COUNT(*) AS ""singer_count"" FROM ""singer"" GROUP BY ""Country""",True,,"SELECT country ,  count(*) FROM singer GROUP BY country",55,True,ChatGPT,1,1,How many singers are from each country?,39,ea,spider_11,results/raw/ChatGPT_spider_ea_20260326_142228.jsonl
True,spider,[true],concert_singer,data/spider/database/concert_singer/concert_singer.sqlite,,False,,True,,"SELECT AVG(""Age"") AS ""average_age"", MIN(""Age"") AS ""minimum_age"", MAX(""Age"") AS ""maximum_age"" FROM ""singer"" WHERE ""Country"" = 'France'",True,,"SELECT avg(age) ,  min(age) ,  max(age) FROM singer WHERE country  =  'France'",78,True,ChatGPT,1,1,"What is the average, minimum, and maximum age of all singers from France?",73,ea,spider_4,results/raw/ChatGPT_spider_ea_20260326_142228.jsonl
True,spider,[true],concert_singer,data/spider/database/concert_singer/concert_singer.sqlite,,False,,True,,"SELECT ""Song_Name"" FROM ""singer"" WHERE ""Age"" > (SELECT AVG(""Age"") FROM ""singer"")",True,,SELECT song_name FROM singer WHERE age  >  (SELECT avg(age) FROM singer),72,True,ChatGPT,1,1,What are all the song names by singers who are older than average?,66,ea,spider_13,results/raw/ChatGPT_spider_ea_20260326_142228.jsonl
True,spider,[true],concert_singer,data/spider/database/concert_singer/concert_singer.sqlite,,False,,True,,"SELECT AVG(""Age"") AS ""average_age"", MIN(""Age"") AS ""minimum_age"", MAX(""Age"") AS ""maximum_age"" FROM ""singer"" WHERE ""Country"" = 'France'",True,,"SELECT avg(age) ,  min(age) ,  max(age) FROM singer WHERE country  =  'France'",78,True,ChatGPT,1,1,"What is the average, minimum, and maximum age for all French singers?",69,ea,spider_5,results/raw/ChatGPT_spider_ea_20260326_142228.jsonl
True,spider,[true],concert_singer,data/spider/database/concert_singer/concert_singer.sqlite,,False,,True,,"SELECT ""Location"", ""Name"" FROM ""stadium"" WHERE ""Capacity"" BETWEEN 5000 AND 10000",True,,"SELECT LOCATION ,  name FROM stadium WHERE capacity BETWEEN 5000 AND 10000",74,True,ChatGPT,1,1,What are the locations and names of all stations with capacity between 5000 and 10000?,86,ea,spider_15,results/raw/ChatGPT_spider_ea_20260326_142228.jsonl
True,spider,[true],concert_singer,data/spider/database/concert_singer/concert_singer.sqlite,,False,,True,,"SELECT ""Song_Name"", ""Song_release_year"" FROM ""singer"" ORDER BY ""Age"" ASC LIMIT 1",True,,"SELECT song_name ,  song_release_year FROM singer ORDER BY age LIMIT 1",70,True,ChatGPT,1,1,Show the name and the release year of the song by the youngest singer.,70,ea,spider_6,results/raw/ChatGPT_spider_ea_20260326_142228.jsonl
True,spider,[true],concert_singer,data/spider/database/concert_singer/concert_singer.sqlite,,False,,True,,"SELECT COUNT(*) AS concert_count FROM concert WHERE ""Year"" IN ('2014','2015')",True,,SELECT count(*) FROM concert WHERE YEAR  =  2014 OR YEAR  =  2015,65,True,ChatGPT,1,1,How many concerts are there in year 2014 or 2015?,49,ea,spider_20,results/raw/ChatGPT_spider_ea_20260326_142228.jsonl
True,spider,[true],concert_singer,data/spider/database/concert_singer/concert_singer.sqlite,,False,,True,,"SELECT Name, Capacity FROM stadium ORDER BY Average DESC LIMIT 1",True,,"SELECT name ,  capacity FROM stadium ORDER BY average DESC LIMIT 1",66,True,ChatGPT,1,1,What is the name and capacity for the stadium with the highest average attendance?,82,ea,spider_19,results/raw/ChatGPT_spider_ea_20260326_142228.jsonl
True,spider,[true],concert_singer,data/spider/database/concert_singer/concert_singer.sqlite,,False,,True,,"SELECT ""Song_Name"", ""Song_release_year"" FROM ""singer"" WHERE ""Age"" = (SELECT MIN(""Age"") FROM ""singer"")",True,,"SELECT song_name ,  song_release_year FROM singer ORDER BY age LIMIT 1",70,True,ChatGPT,1,1,What are the names and release years for all the songs of the youngest singer?,78,ea,spider_7,results/raw/ChatGPT_spider_ea_20260326_142228.jsonl
True,spider,[true],concert_singer,data/spider/database/concert_singer/concert_singer.sqlite,,False,,True,,"SELECT COUNT(*) AS concert_count FROM concert WHERE ""Year"" IN ('2014','2015')",True,,SELECT count(*) FROM concert WHERE YEAR  =  2014 OR YEAR  =  2015,65,True,ChatGPT,1,1,How many concerts occurred in 2014 or 2015?,43,ea,spider_21,results/raw/ChatGPT_spider_ea_20260326_142228.jsonl
False,spider,[false],concert_singer,data/spider/database/concert_singer/concert_singer.sqlite,,False,,False,,"SELECT s.""Stadium_ID"", s.""Name"", COUNT(c.""concert_ID"") AS ""concert_count"" FROM ""stadium"" AS s LEFT JOIN ""concert"" AS c ON c.""Stadium_ID"" = s.""Stadium_ID"" GROUP BY s.""Stadium_ID"", s.""Name""",True,,"SELECT T2.name ,  count(*) FROM concert AS T1 JOIN stadium AS T2 ON T1.stadium_id  =  T2.stadium_id GROUP BY T1.stadium_id",122,True,ChatGPT,1,1,"For each stadium, how many concerts play there?",47,ea,spider_23,results/raw/ChatGPT_spider_ea_20260326_142228.jsonl
False,spider,[false],concert_singer,data/spider/database/concert_singer/concert_singer.sqlite,,False,,False,,"SELECT s.""Name"" AS stadium_name, COUNT(c.""concert_ID"") AS number_of_concerts FROM ""stadium"" s LEFT JOIN ""concert"" c ON c.""Stadium_ID"" = s.""Stadium_ID"" GROUP BY s.""Name""",True,,"SELECT T2.name ,  count(*) FROM concert AS T1 JOIN stadium AS T2 ON T1.stadium_id  =  T2.stadium_id GROUP BY T1.stadium_id",122,True,ChatGPT,1,1,Show the stadium name and the number of concerts in each stadium.,65,ea,spider_22,results/raw/ChatGPT_spider_ea_20260326_142228.jsonl
True,spider,[true],concert_singer,data/spider/database/concert_singer/concert_singer.sqlite,,False,,True,,SELECT DISTINCT Country FROM singer WHERE Age > 20,True,,SELECT DISTINCT country FROM singer WHERE age  >  20,52,True,ChatGPT,1,1,What are all distinct countries where singers above age 20 are from?,68,ea,spider_8,results/raw/ChatGPT_spider_ea_20260326_142228.jsonl
True,spider,[true],concert_singer,data/spider/database/concert_singer/concert_singer.sqlite,,False,,True,,"SELECT s.""Name"", s.""Capacity"" FROM ""stadium"" AS s JOIN ""concert"" AS c ON c.""Stadium_ID"" = s.""Stadium_ID"" WHERE CAST(c.""Year"" AS INT) > 2013 GROUP BY s.""Stadium_ID"", s.""Name"", s.""Capacity"" ORDER BY COUNT(*) DESC LIMIT 1",True,,"select t2.name ,  t2.capacity from concert as t1 join stadium as t2 on t1.stadium_id  =  t2.stadium_id where t1.year  >  2013 group by t2.stadium_id order by count(*) desc limit 1",179,True,ChatGPT,1,1,What is the name and capacity of the stadium with the most concerts after 2013 ?,80,ea,spider_25,results/raw/ChatGPT_spider_ea_20260326_142228.jsonl
True,spider,[true],concert_singer,data/spider/database/concert_singer/concert_singer.sqlite,,False,,True,,SELECT s.Name FROM stadium AS s LEFT JOIN concert AS c ON c.Stadium_ID = s.Stadium_ID WHERE c.concert_ID IS NULL,True,,SELECT name FROM stadium WHERE stadium_id NOT IN (SELECT stadium_id FROM concert),81,True,ChatGPT,1,1,Show the stadium names without any concert.,43,ea,spider_28,results/raw/ChatGPT_spider_ea_20260326_142228.jsonl
True,spider,[true],concert_singer,data/spider/database/concert_singer/concert_singer.sqlite,,False,,True,,SELECT s.Name FROM stadium AS s LEFT JOIN concert AS c ON c.Stadium_ID = s.Stadium_ID WHERE c.concert_ID IS NULL,True,,SELECT name FROM stadium WHERE stadium_id NOT IN (SELECT stadium_id FROM concert),81,True,ChatGPT,1,1,What are the names of the stadiums without any concerts?,56,ea,spider_29,results/raw/ChatGPT_spider_ea_20260326_142228.jsonl
True,spider,[true],concert_singer,data/spider/database/concert_singer/concert_singer.sqlite,,False,,True,,"SELECT DISTINCT ""Country"" FROM ""singer"" WHERE ""Age"" > 20",True,,SELECT DISTINCT country FROM singer WHERE age  >  20,52,True,ChatGPT,1,1,What are  the different countries with singers above age 20?,60,ea,spider_9,results/raw/ChatGPT_spider_ea_20260326_142228.jsonl
True,spider,[true],concert_singer,data/spider/database/concert_singer/concert_singer.sqlite,,False,,True,,"SELECT ""Country"", COUNT(*) AS ""num_singers"" FROM ""singer"" GROUP BY ""Country""",True,,"SELECT country ,  count(*) FROM singer GROUP BY country",55,True,ChatGPT,1,1,Show all countries and the number of singers in each country.,61,ea,spider_10,results/raw/ChatGPT_spider_ea_20260326_142228.jsonl
True,spider,[true],concert_singer,data/spider/database/concert_singer/concert_singer.sqlite,,False,,True,,"SELECT s.""Name"" FROM ""stadium"" AS s WHERE NOT EXISTS (SELECT 1 FROM ""concert"" AS c WHERE c.""Stadium_ID"" = s.""Stadium_ID"" AND c.""Year"" = '2014')",True,,SELECT name FROM stadium EXCEPT SELECT T2.name FROM concert AS T1 JOIN stadium AS T2 ON T1.stadium_id  =  T2.stadium_id WHERE T1.year  =  2014,142,True,ChatGPT,1,1,Show names for all stadiums except for stadiums having a concert in year 2014.,78,ea,spider_31,results/raw/ChatGPT_spider_ea_20260326_142228.jsonl
True,spider,[true],concert_singer,data/spider/database/concert_singer/concert_singer.sqlite,,False,,True,,"SELECT s.""Name"" FROM ""stadium"" s WHERE NOT EXISTS (SELECT 1 FROM ""concert"" c WHERE c.""Stadium_ID"" = s.""Stadium_ID"" AND c.""Year"" = '2014')",True,,SELECT name FROM stadium EXCEPT SELECT T2.name FROM concert AS T1 JOIN stadium AS T2 ON T1.stadium_id  =  T2.stadium_id WHERE T1.year  =  2014,142,True,ChatGPT,1,1,What are the names of all stadiums that did not have a concert in 2014?,71,ea,spider_32,results/raw/ChatGPT_spider_ea_20260326_142228.jsonl
False,spider,[false],concert_singer,data/spider/database/concert_singer/concert_singer.sqlite,,False,,False,,"SELECT s.""Name"", COUNT(sic.""concert_ID"") AS ""number_of_concerts"" FROM ""singer"" AS s LEFT JOIN ""singer_in_concert"" AS sic ON s.""Singer_ID"" = sic.""Singer_ID"" GROUP BY s.""Singer_ID"", s.""Name""",True,,"SELECT T2.name ,  count(*) FROM singer_in_concert AS T1 JOIN singer AS T2 ON T1.singer_id  =  T2.singer_id GROUP BY T2.singer_id",128,True,ChatGPT,1,1,List singer names and number of concerts for each singer.,57,ea,spider_35,results/raw/ChatGPT_spider_ea_20260326_142228.jsonl
False,spider,[false],concert_singer,data/spider/database/concert_singer/concert_singer.sqlite,,False,,False,,"SELECT DISTINCT s.""Name"" FROM ""singer"" AS s JOIN ""singer_in_concert"" AS sic ON s.""Singer_ID"" = sic.""Singer_ID"" JOIN ""concert"" AS c ON c.""concert_ID"" = sic.""concert_ID"" WHERE c.""Year"" = '2014'",True,,SELECT T2.name FROM singer_in_concert AS T1 JOIN singer AS T2 ON T1.singer_id  =  T2.singer_id JOIN concert AS T3 ON T1.concert_id  =  T3.concert_id WHERE T3.year  =  2014,171,True,ChatGPT,1,1,List all singer names in concerts in year 2014.,47,ea,spider_37,results/raw/ChatGPT_spider_ea_20260326_142228.jsonl
True,spider,[true],concert_singer,data/spider/database/concert_singer/concert_singer.sqlite,,False,,True,,"SELECT c.""concert_Name"", c.""Theme"", COUNT(sic.""Singer_ID"") AS ""number_of_singers"" FROM ""concert"" AS c LEFT JOIN ""singer_in_concert"" AS sic ON c.""concert_ID"" = sic.""concert_ID"" GROUP BY c.""concert_ID"", c.""concert_Name"", c.""Theme""",True,,"select t2.concert_name ,  t2.theme ,  count(*) from singer_in_concert as t1 join concert as t2 on t1.concert_id  =  t2.concert_id group by t2.concert_id",152,True,ChatGPT,1,1,"What are the names , themes , and number of singers for every concert ?",71,ea,spider_34,results/raw/ChatGPT_spider_ea_20260326_142228.jsonl
True,spider,[true],concert_singer,data/spider/database/concert_singer/concert_singer.sqlite,,False,,True,,"SELECT c.""concert_Name"", c.""Theme"", COUNT(sic.""Singer_ID"") AS ""num_singers"" FROM ""concert"" AS c LEFT JOIN ""singer_in_concert"" AS sic ON c.""concert_ID"" = sic.""concert_ID"" GROUP BY c.""concert_ID"", c.""concert_Name"", c.""Theme""",True,,"SELECT T2.concert_name ,  T2.theme ,  count(*) FROM singer_in_concert AS T1 JOIN concert AS T2 ON T1.concert_id  =  T2.concert_id GROUP BY T2.concert_id",152,True,ChatGPT,1,1,Show the name and theme for all concerts and the number of singers in each concert.,83,ea,spider_33,results/raw/ChatGPT_spider_ea_20260326_142228.jsonl
False,spider,[false],concert_singer,data/spider/database/concert_singer/concert_singer.sqlite,,False,,False,,"SELECT s.Name, COUNT(DISTINCT sic.concert_ID) AS number_of_concerts FROM singer AS s LEFT JOIN singer_in_concert AS sic ON sic.Singer_ID = s.Singer_ID GROUP BY s.Singer_ID, s.Name",True,,"SELECT T2.name ,  count(*) FROM singer_in_concert AS T1 JOIN singer AS T2 ON T1.singer_id  =  T2.singer_id GROUP BY T2.singer_id",128,True,ChatGPT,1,1,What are the names of the singers and number of concerts for each person?,73,ea,spider_36,results/raw/ChatGPT_spider_ea_20260326_142228.jsonl
True,spider,[true],concert_singer,data/spider/database/concert_singer/concert_singer.sqlite,,False,,True,,SELECT Song_Name FROM singer WHERE Age > (SELECT AVG(Age) FROM singer),True,,SELECT song_name FROM singer WHERE age  >  (SELECT avg(age) FROM singer),72,True,ChatGPT,1,1,List all song names by singers above the average age.,53,ea,spider_12,results/raw/ChatGPT_spider_ea_20260326_142228.jsonl
True,spider,[true],concert_singer,data/spider/database/concert_singer/concert_singer.sqlite,,False,,True,,"SELECT ""Location"", ""Name"" FROM ""stadium"" WHERE ""Capacity"" BETWEEN 5000 AND 10000",True,,"SELECT LOCATION ,  name FROM stadium WHERE capacity BETWEEN 5000 AND 10000",74,True,ChatGPT,1,1,Show location and name for all stadiums with a capacity between 5000 and 10000.,79,ea,spider_14,results/raw/ChatGPT_spider_ea_20260326_142228.jsonl
True,spider,[true],concert_singer,data/spider/database/concert_singer/concert_singer.sqlite,,False,,True,,"SELECT ""Name"", ""Country"" FROM ""singer"" WHERE ""Song_Name"" LIKE '%Hey%'",True,,"SELECT name ,  country FROM singer WHERE song_name LIKE '%Hey%'",63,True,ChatGPT,1,1,what is the name and nation of the singer who have a song having 'Hey' in its name?,83,ea,spider_39,results/raw/ChatGPT_spider_ea_20260326_142228.jsonl
True,spider,[true],concert_singer,data/spider/database/concert_singer/concert_singer.sqlite,,False,,True,,"SELECT AVG(Capacity) AS average_capacity, MAX(Capacity) AS maximum_capacity FROM stadium",True,,"select avg(capacity) ,  max(capacity) from stadium",50,True,ChatGPT,1,1,What is the average and maximum capacities for all stadiums ?,61,ea,spider_17,results/raw/ChatGPT_spider_ea_20260326_142228.jsonl
False,spider,[false],concert_singer,data/spider/database/concert_singer/concert_singer.sqlite,,False,,False,,"SELECT DISTINCT s.""Name"" FROM ""singer"" AS s JOIN ""singer_in_concert"" AS sic ON s.""Singer_ID"" = sic.""Singer_ID"" JOIN ""concert"" AS c ON c.""concert_ID"" = sic.""concert_ID"" WHERE c.""Year"" = '2014'",True,,SELECT T2.name FROM singer_in_concert AS T1 JOIN singer AS T2 ON T1.singer_id  =  T2.singer_id JOIN concert AS T3 ON T1.concert_id  =  T3.concert_id WHERE T3.year  =  2014,171,True,ChatGPT,1,1,What are the names of the singers who performed in a concert in 2014?,69,ea,spider_38,results/raw/ChatGPT_spider_ea_20260326_142228.jsonl
False,spider,[false],concert_singer,data/spider/database/concert_singer/concert_singer.sqlite,,False,,False,,"SELECT MAX(""Capacity"") AS ""max_capacity"", AVG(""Capacity"") AS ""avg_capacity"" FROM ""stadium""",True,,"select max(capacity), average from stadium",42,True,ChatGPT,1,1,What is the maximum capacity and the average of all stadiums ?,62,ea,spider_16,results/raw/ChatGPT_spider_ea_20260326_142228.jsonl
True,spider,[true],concert_singer,data/spider/database/concert_singer/concert_singer.sqlite,,False,,True,,"SELECT ""Name"", ""Country"" FROM ""singer"" WHERE ""Song_Name"" LIKE '%Hey%'",True,,"SELECT name ,  country FROM singer WHERE song_name LIKE '%Hey%'",63,True,ChatGPT,1,1,What is the name and country of origin of every singer who has a song with the word 'Hey' in its title?,103,ea,spider_40,results/raw/ChatGPT_spider_ea_20260326_142228.jsonl
True,spider,[true],concert_singer,data/spider/database/concert_singer/concert_singer.sqlite,,False,,True,,"SELECT s.Name, s.Location
FROM stadium AS s
JOIN concert AS c ON c.Stadium_ID = s.Stadium_ID
WHERE c.Year IN ('2014','2015')
GROUP BY s.Stadium_ID, s.Name, s.Location
HAVING COUNT(DISTINCT c.Year) = 2",True,,"SELECT T2.name ,  T2.location FROM concert AS T1 JOIN stadium AS T2 ON T1.stadium_id  =  T2.stadium_id WHERE T1.Year  =  2014 INTERSECT SELECT T2.name ,  T2.location FROM concert AS T1 JOIN stadium AS T2 ON T1.stadium_id  =  T2.stadium_id WHERE T1.Year  =  2015",261,True,ChatGPT,1,1,Find the name and location of the stadiums which some concerts happened in the years of both 2014 and 2015.,107,ea,spider_41,results/raw/ChatGPT_spider_ea_20260326_142228.jsonl
True,spider,[true],concert_singer,data/spider/database/concert_singer/concert_singer.sqlite,,False,,True,,"SELECT ""Name"", ""Capacity"" FROM ""stadium"" ORDER BY ""Average"" DESC LIMIT 1",True,,"SELECT name ,  capacity FROM stadium ORDER BY average DESC LIMIT 1",66,True,ChatGPT,1,1,What is the name and capacity for the stadium with highest average attendance?,78,ea,spider_18,results/raw/ChatGPT_spider_ea_20260326_142228.jsonl
True,spider,[true],concert_singer,data/spider/database/concert_singer/concert_singer.sqlite,,False,,True,,"SELECT s.""Name"", s.""Capacity"" FROM ""stadium"" AS s JOIN ""concert"" AS c ON c.""Stadium_ID"" = s.""Stadium_ID"" WHERE CAST(c.""Year"" AS INT) >= 2014 GROUP BY s.""Stadium_ID"", s.""Name"", s.""Capacity"" ORDER BY COUNT(*) DESC LIMIT 1",True,,"SELECT T2.name ,  T2.capacity FROM concert AS T1 JOIN stadium AS T2 ON T1.stadium_id  =  T2.stadium_id WHERE T1.year  >=  2014 GROUP BY T2.stadium_id ORDER BY count(*) DESC LIMIT 1",180,True,ChatGPT,1,1,Show the stadium name and capacity with most number of concerts in year 2014 or after.,86,ea,spider_24,results/raw/ChatGPT_spider_ea_20260326_142228.jsonl
True,spider,[true],concert_singer,data/spider/database/concert_singer/concert_singer.sqlite,,False,,True,,SELECT COUNT(*) AS concert_count FROM concert WHERE Stadium_ID = (SELECT Stadium_ID FROM stadium ORDER BY Capacity DESC LIMIT 1),True,,select count(*) from concert where stadium_id = (select stadium_id from stadium order by capacity desc limit 1),111,True,ChatGPT,1,1,Find the number of concerts happened in the stadium with the highest capacity .,79,ea,spider_43,results/raw/ChatGPT_spider_ea_20260326_142228.jsonl
True,spider,[true],concert_singer,data/spider/database/concert_singer/concert_singer.sqlite,,False,,True,,"SELECT ""Year"" FROM ""concert"" GROUP BY ""Year"" ORDER BY COUNT(*) DESC LIMIT 1",True,,SELECT YEAR FROM concert GROUP BY YEAR ORDER BY count(*) DESC LIMIT 1,69,True,ChatGPT,1,1,What is the year that had the most concerts?,44,ea,spider_27,results/raw/ChatGPT_spider_ea_20260326_142228.jsonl
True,spider,[true],concert_singer,data/spider/database/concert_singer/concert_singer.sqlite,,False,,True,,"SELECT ""Year"" FROM ""concert"" GROUP BY ""Year"" ORDER BY COUNT(*) DESC LIMIT 1",True,,SELECT YEAR FROM concert GROUP BY YEAR ORDER BY count(*) DESC LIMIT 1,69,True,ChatGPT,1,1,Which year has most number of concerts?,39,ea,spider_26,results/raw/ChatGPT_spider_ea_20260326_142228.jsonl
False,spider,[false],concert_singer,data/spider/database/concert_singer/concert_singer.sqlite,,False,,False,,SELECT DISTINCT Country FROM singer WHERE Age > 40 UNION SELECT DISTINCT Country FROM singer WHERE Age < 30,True,,SELECT country FROM singer WHERE age  >  40 INTERSECT SELECT country FROM singer WHERE age  <  30,97,True,ChatGPT,1,1,Show countries where a singer above age 40 and a singer below 30 are from.,74,ea,spider_30,results/raw/ChatGPT_spider_ea_20260326_142228.jsonl
True,spider,[true],concert_singer,data/spider/database/concert_singer/concert_singer.sqlite,,False,,True,,"SELECT s.Name, s.Location
FROM stadium AS s
JOIN concert AS c ON c.Stadium_ID = s.Stadium_ID
WHERE c.Year IN ('2014','2015')
GROUP BY s.Stadium_ID, s.Name, s.Location
HAVING COUNT(DISTINCT c.Year) = 2",True,,"SELECT T2.name ,  T2.location FROM concert AS T1 JOIN stadium AS T2 ON T1.stadium_id  =  T2.stadium_id WHERE T1.Year  =  2014 INTERSECT SELECT T2.name ,  T2.location FROM concert AS T1 JOIN stadium AS T2 ON T1.stadium_id  =  T2.stadium_id WHERE T1.Year  =  2015",261,True,ChatGPT,1,1,What are the names and locations of the stadiums that had concerts that occurred in both 2014 and 2015?,103,ea,spider_42,results/raw/ChatGPT_spider_ea_20260326_142228.jsonl
True,spider,[true],pets_1,data/spider/database/pets_1/pets_1.sqlite,,False,,True,,SELECT COUNT(*) AS num_pets FROM Pets WHERE weight > 10,True,,SELECT count(*) FROM pets WHERE weight  >  10,45,True,ChatGPT,1,1,Find the number of pets whose weight is heavier than 10.,56,ea,spider_45,results/raw/ChatGPT_spider_ea_20260326_142228.jsonl
True,spider,[true],concert_singer,data/spider/database/concert_singer/concert_singer.sqlite,,False,,True,,SELECT COUNT(*) AS number_of_concerts FROM concert WHERE Stadium_ID = (SELECT Stadium_ID FROM stadium ORDER BY Capacity DESC LIMIT 1),True,,select count(*) from concert where stadium_id = (select stadium_id from stadium order by capacity desc limit 1),111,True,ChatGPT,1,1,What are the number of concerts that occurred in the stadium with the largest capacity ?,88,ea,spider_44,results/raw/ChatGPT_spider_ea_20260326_142228.jsonl
True,spider,[true],pets_1,data/spider/database/pets_1/pets_1.sqlite,,False,,True,,SELECT COUNT(*) AS num_pets FROM Pets WHERE weight > 10,True,,SELECT count(*) FROM pets WHERE weight  >  10,45,True,ChatGPT,1,1,How many pets have a greater weight than 10?,44,ea,spider_46,results/raw/ChatGPT_spider_ea_20260326_142228.jsonl
True,spider,[true],pets_1,data/spider/database/pets_1/pets_1.sqlite,,False,,True,,SELECT weight FROM Pets WHERE PetType = 'dog' ORDER BY pet_age ASC LIMIT 1,True,,SELECT weight FROM pets ORDER BY pet_age LIMIT 1,48,True,ChatGPT,1,1,Find the weight of the youngest dog.,36,ea,spider_47,results/raw/ChatGPT_spider_ea_20260326_142228.jsonl
True,spider,[true],pets_1,data/spider/database/pets_1/pets_1.sqlite,,False,,True,,SELECT weight FROM Pets WHERE PetType = 'dog' ORDER BY pet_age ASC LIMIT 1,True,,SELECT weight FROM pets ORDER BY pet_age LIMIT 1,48,True,ChatGPT,1,1,How much does the youngest dog weigh?,37,ea,spider_48,results/raw/ChatGPT_spider_ea_20260326_142228.jsonl
False,spider,[false],pets_1,data/spider/database/pets_1/pets_1.sqlite,,False,,False,,"SELECT PetType, MAX(weight) AS max_weight FROM Pets GROUP BY PetType",True,,"SELECT max(weight) ,  petType FROM pets GROUP BY petType",56,True,ChatGPT,1,1,Find the maximum weight for each type of pet. List the maximum weight and pet type.,83,ea,spider_49,results/raw/ChatGPT_spider_ea_20260326_142228.jsonl
True,bird,[true],california_schools,data/bird/dev_databases/california_schools/california_schools.sqlite,simple,False,,True,,SELECT s.Phone FROM satscores ss JOIN schools s ON ss.cds = s.CDSCode WHERE ss.NumGE1500 = (SELECT MAX(NumGE1500) FROM satscores) LIMIT 1,True,,SELECT T2.Phone FROM satscores AS T1 INNER JOIN schools AS T2 ON T1.cds = T2.CDSCode ORDER BY T1.NumGE1500 DESC LIMIT 1,119,True,DeepSeek,1,1,What is the phone number of the school that has the highest number of test takers with an SAT score of over 1500?,113,ea,bird_7,results/raw/DeepSeek_bird_ea_20260326_141916.jsonl
True,bird,[true],california_schools,data/bird/dev_databases/california_schools/california_schools.sqlite,simple,False,Eligible free rate for K-12 = `Free Meal Count (K-12)` / `Enrollment (K-12)`,True,,SELECT MAX(`Percent (%) Eligible Free (K-12)`) FROM frpm WHERE `County Name` = 'Alameda',True,,SELECT `Free Meal Count (K-12)` / `Enrollment (K-12)` FROM frpm WHERE `County Name` = 'Alameda' ORDER BY (CAST(`Free Meal Count (K-12)` AS REAL) / `Enrollment (K-12)`) DESC LIMIT 1,180,True,DeepSeek,1,1,What is the highest eligible free rate for K-12 students in the schools in Alameda County?,90,ea,bird_0,results/raw/DeepSeek_bird_ea_20260326_141916.jsonl
False,bird,[false],california_schools,data/bird/dev_databases/california_schools/california_schools.sqlite,moderate,False,Eligible free rates for students aged 5-17 = `Free Meal Count (Ages 5-17)` / `Enrollment (Ages 5-17)`,False,,SELECT `Percent (%) Eligible Free (Ages 5-17)` FROM frpm WHERE `School Type` = 'Continuation' ORDER BY `Percent (%) Eligible Free (Ages 5-17)` ASC LIMIT 3,True,,SELECT `Free Meal Count (Ages 5-17)` / `Enrollment (Ages 5-17)` FROM frpm WHERE `Educational Option Type` = 'Continuation School' AND `Free Meal Count (Ages 5-17)` / `Enrollment (Ages 5-17)` IS NOT NULL ORDER BY `Free Meal Count (Ages 5-17)` / `Enrollment (Ages 5-17)` ASC LIMIT 3,280,True,DeepSeek,1,1,Please list the lowest three eligible free rates for students aged 5-17 in continuation schools.,96,ea,bird_1,results/raw/DeepSeek_bird_ea_20260326_141916.jsonl
False,bird,[false],california_schools,data/bird/dev_databases/california_schools/california_schools.sqlite,simple,False,Charter schools refers to `Charter School (Y/N)` = 1 in the table fprm,False,,SELECT DISTINCT s.Zip FROM schools s JOIN frpm f ON s.CDSCode = f.CDSCode WHERE f.`County Name` = 'Fresno County Office of Education' AND f.`Charter School (Y/N)` = 1 AND s.Zip IS NOT NULL,True,,SELECT T2.Zip FROM frpm AS T1 INNER JOIN schools AS T2 ON T1.CDSCode = T2.CDSCode WHERE T1.`District Name` = 'Fresno County Office of Education' AND T1.`Charter School (Y/N)` = 1,178,True,DeepSeek,1,1,Please list the zip code of all the charter schools in Fresno County Office of Education.,89,ea,bird_2,results/raw/DeepSeek_bird_ea_20260326_141916.jsonl
False,bird,[false],california_schools,data/bird/dev_databases/california_schools/california_schools.sqlite,simple,False,,False,,"SELECT frpm.""FRPM Count (Ages 5-17)"" FROM satscores JOIN frpm ON satscores.cds = frpm.CDSCode WHERE satscores.AvgScrRead = (SELECT MAX(AvgScrRead) FROM satscores) LIMIT 1",True,,SELECT T2.`FRPM Count (Ages 5-17)` FROM satscores AS T1 INNER JOIN frpm AS T2 ON T1.cds = T2.CDSCode ORDER BY T1.AvgScrRead DESC LIMIT 1,136,True,DeepSeek,1,1,"For the school with the highest average score in Reading in the SAT test, what is its FRPM count for students aged 5-17?",120,ea,bird_10,results/raw/DeepSeek_bird_ea_20260326_141916.jsonl
False,bird,[false],california_schools,data/bird/dev_databases/california_schools/california_schools.sqlite,moderate,False,Charter schools refers to `Charter School (Y/N)` = 1 in the frpm,False,,SELECT s.Phone FROM schools s JOIN frpm f ON s.CDSCode = f.CDSCode WHERE s.Charter = 1 AND f.`Charter Funding Type` = 'Direct-funded' AND s.OpenDate > '2000-01-01',True,,SELECT T2.Phone FROM frpm AS T1 INNER JOIN schools AS T2 ON T1.CDSCode = T2.CDSCode WHERE T1.`Charter Funding Type` = 'Directly funded' AND T1.`Charter School (Y/N)` = 1 AND T2.OpenDate > '2000-01-01',200,True,DeepSeek,1,1,Please list the phone numbers of the direct charter-funded schools that are opened after 2000/1/1.,98,ea,bird_4,results/raw/DeepSeek_bird_ea_20260326_141916.jsonl
False,bird,[false],california_schools,data/bird/dev_databases/california_schools/california_schools.sqlite,simple,False,,False,,SELECT COUNT(*) FROM satscores WHERE cname = 'Alameda' AND NumTstTakr < 100,True,,SELECT COUNT(T1.CDSCode) FROM schools AS T1 INNER JOIN satscores AS T2 ON T1.CDSCode = T2.cds WHERE T1.StatusType = 'Merged' AND T2.NumTstTakr < 100 AND T1.County = 'Lake',171,True,DeepSeek,1,1,How many schools in merged Alameda have number of test takers less than 100?,76,ea,bird_16,results/raw/DeepSeek_bird_ea_20260326_141916.jsonl
True,bird,[true],california_schools,data/bird/dev_databases/california_schools/california_schools.sqlite,moderate,False,Excellence rate = NumGE1500 / NumTstTakr; Eligible free rates for students aged 5-17 = `Free Meal Count (Ages 5-17)` / `Enrollment (Ages 5-17)`,True,,"SELECT MAX(frpm.""Percent (%) Eligible Free (Ages 5-17)"") AS highest_eligible_free_rate FROM frpm INNER JOIN satscores ON frpm.CDSCode = satscores.cds WHERE (satscores.NumGE1500 * 1.0 / satscores.NumTstTakr) > 0.3",True,,SELECT MAX(CAST(T1.`Free Meal Count (Ages 5-17)` AS REAL) / T1.`Enrollment (Ages 5-17)`) FROM frpm AS T1 INNER JOIN satscores AS T2 ON T1.CDSCode = T2.cds WHERE CAST(T2.NumGE1500 AS REAL) / T2.NumTstTakr > 0.3,209,True,DeepSeek,1,1,"Among the schools with an SAT excellence rate of over 0.3, what is the highest eligible free rate for students aged 5-17?",121,ea,bird_12,results/raw/DeepSeek_bird_ea_20260326_141916.jsonl
False,bird,[false],california_schools,data/bird/dev_databases/california_schools/california_schools.sqlite,simple,False,,False,,SELECT s.School FROM schools s JOIN satscores ss ON s.CDSCode = ss.cds WHERE s.County = 'Contra Costa' ORDER BY ss.NumTstTakr DESC LIMIT 1,True,,SELECT sname FROM satscores WHERE cname = 'Contra Costa' AND sname IS NOT NULL ORDER BY NumTstTakr DESC LIMIT 1,111,True,DeepSeek,1,1,Which school in Contra Costa has the highest number of test takers?,67,ea,bird_22,results/raw/DeepSeek_bird_ea_20260326_141916.jsonl
True,bird,[true],california_schools,data/bird/dev_databases/california_schools/california_schools.sqlite,simple,False,,True,,SELECT s.MailStreet FROM frpm f JOIN schools s ON f.CDSCode = s.CDSCode ORDER BY f.`FRPM Count (K-12)` DESC LIMIT 1,True,,SELECT T2.MailStreet FROM frpm AS T1 INNER JOIN schools AS T2 ON T1.CDSCode = T2.CDSCode ORDER BY T1.`FRPM Count (K-12)` DESC LIMIT 1,133,True,DeepSeek,1,1,What is the unabbreviated mailing street address of the school with the highest FRPM count for K-12 students?,109,ea,bird_3,results/raw/DeepSeek_bird_ea_20260326_141916.jsonl
True,bird,[true],california_schools,data/bird/dev_databases/california_schools/california_schools.sqlite,simple,False,,True,,SELECT COUNT(*) FROM frpm WHERE `County Name` = 'Los Angeles' AND `Free Meal Count (K-12)` > 500 AND `FRPM Count (K-12)` < 700,True,,SELECT COUNT(CDSCode) FROM frpm WHERE `County Name` = 'Los Angeles' AND `Free Meal Count (K-12)` > 500 AND `FRPM Count (K-12)`< 700,131,True,DeepSeek,1,1,In Los Angeles how many schools have more than 500 free meals but less than 700 free or reduced price meals for K-12?,117,ea,bird_21,results/raw/DeepSeek_bird_ea_20260326_141916.jsonl
False,bird,[false],california_schools,data/bird/dev_databases/california_schools/california_schools.sqlite,simple,False,,False,,SELECT COUNT(*) FROM satscores s JOIN schools sc ON s.cds = sc.CDSCode WHERE sc.County = 'Fresno' AND sc.FundingType = 'Directly Funded' AND s.NumTstTakr <= 250,True,,SELECT COUNT(T1.CDSCode) FROM frpm AS T1 INNER JOIN satscores AS T2 ON T1.CDSCode = T2.cds WHERE T1.`Charter Funding Type` = 'Directly funded' AND T1.`County Name` = 'Fresno' AND T2.NumTstTakr <= 250,199,True,DeepSeek,1,1,How many schools in Fresno (directly funded) have number of test takers not more than 250?,90,ea,bird_18,results/raw/DeepSeek_bird_ea_20260326_141916.jsonl
False,bird,[false],california_schools,data/bird/dev_databases/california_schools/california_schools.sqlite,simple,False,,False,,SELECT dname FROM satscores WHERE rtype = 'D' AND AvgScrRead IS NOT NULL ORDER BY AvgScrRead DESC LIMIT 1,True,,SELECT T1.District FROM schools AS T1 INNER JOIN satscores AS T2 ON T1.CDSCode = T2.cds WHERE T1.StatusType = 'Active' ORDER BY T2.AvgScrRead DESC LIMIT 1,154,True,DeepSeek,1,1,Which active district has the highest average score in Reading?,63,ea,bird_15,results/raw/DeepSeek_bird_ea_20260326_141916.jsonl
False,bird,[false],california_schools,data/bird/dev_databases/california_schools/california_schools.sqlite,simple,False,,False,,SELECT s.Phone FROM satscores sc JOIN schools s ON sc.cds = s.CDSCode WHERE sc.AvgScrMath = (SELECT MAX(AvgScrMath) FROM satscores) LIMIT 1,True,,SELECT T1.Phone FROM schools AS T1 INNER JOIN satscores AS T2 ON T1.CDSCode = T2.cds ORDER BY T2.AvgScrMath DESC LIMIT 1,120,True,DeepSeek,1,1,What is the phone number of the school that has the highest average score in Math?,82,ea,bird_19,results/raw/DeepSeek_bird_ea_20260326_141916.jsonl
True,bird,[true],california_schools,data/bird/dev_databases/california_schools/california_schools.sqlite,simple,False,,True,,SELECT COUNT(*) FROM frpm WHERE `County Name` = 'Amador' AND `Low Grade` = '9' AND `High Grade` = '12',True,,SELECT COUNT(T1.`School Name`) FROM frpm AS T1 INNER JOIN schools AS T2 ON T1.CDSCode = T2.CDSCode WHERE T2.County = 'Amador' AND T1.`Low Grade` = 9 AND T1.`High Grade` = 12,173,True,DeepSeek,1,1,How many schools in Amador which the Low Grade is 9 and the High Grade is 12?,77,ea,bird_20,results/raw/DeepSeek_bird_ea_20260326_141916.jsonl
True,bird,[true],california_schools,data/bird/dev_databases/california_schools/california_schools.sqlite,simple,False,Excellence rate = NumGE1500 / NumTstTakr,True,,SELECT s.Phone FROM schools s JOIN satscores ss ON s.CDSCode = ss.cds WHERE ss.rtype = 'S' ORDER BY (CAST(ss.NumGE1500 AS REAL) / ss.NumTstTakr) DESC LIMIT 3,True,,SELECT T1.Phone FROM schools AS T1 INNER JOIN satscores AS T2 ON T1.CDSCode = T2.cds ORDER BY CAST(T2.NumGE1500 AS REAL) / T2.NumTstTakr DESC LIMIT 3,149,True,DeepSeek,1,1,Please list the phone numbers of the schools with the top 3 SAT excellence rate.,80,ea,bird_13,results/raw/DeepSeek_bird_ea_20260326_141916.jsonl
False,bird,[false],california_schools,data/bird/dev_databases/california_schools/california_schools.sqlite,simple,False,Valid charter number means the number is not null,False,,"SELECT s.School, s.CharterNum, AVG(ss.AvgScrWrite) AS AvgWritingScore FROM schools s JOIN satscores ss ON s.CDSCode = ss.cds WHERE ss.AvgScrWrite > 499 GROUP BY s.School, s.CharterNum ORDER BY AvgWritingScore DESC",True,,"SELECT CharterNum, AvgScrWrite, RANK() OVER (ORDER BY AvgScrWrite DESC) AS WritingScoreRank FROM schools AS T1  INNER JOIN satscores AS T2 ON T1.CDSCode = T2.cds WHERE T2.AvgScrWrite > 499 AND CharterNum is not null",215,True,DeepSeek,1,1,"Rank schools by their average score in Writing where the score is greater than 499, showing their charter numbers.",114,ea,bird_17,results/raw/DeepSeek_bird_ea_20260326_141916.jsonl
False,bird,[false],california_schools,data/bird/dev_databases/california_schools/california_schools.sqlite,simple,False,,False,,SELECT COUNT(DISTINCT s.CDSCode) FROM schools s JOIN satscores ss ON s.CDSCode = ss.cds WHERE ss.AvgScrMath > 560 AND s.FundingType = 'Directly Funded' AND s.Charter = 1,True,,SELECT COUNT(T2.`School Code`) FROM satscores AS T1 INNER JOIN frpm AS T2 ON T1.cds = T2.CDSCode WHERE T1.AvgScrMath > 560 AND T2.`Charter Funding Type` = 'Directly funded',172,True,DeepSeek,1,1,"Among the schools with the average score in Math over 560 in the SAT test, how many schools are directly charter-funded?",120,ea,bird_9,results/raw/DeepSeek_bird_ea_20260326_141916.jsonl
False,bird,[false],california_schools,data/bird/dev_databases/california_schools/california_schools.sqlite,simple,False,Exclusively virtual refers to Virtual = 'F',False,,SELECT COUNT(DISTINCT s.CDSCode) FROM schools s JOIN satscores sat ON s.CDSCode = sat.cds WHERE sat.AvgScrMath > 400 AND s.Virtual = 'Y',True,,SELECT COUNT(DISTINCT T2.School) FROM satscores AS T1 INNER JOIN schools AS T2 ON T1.cds = T2.CDSCode WHERE T2.Virtual = 'F' AND T1.AvgScrMath > 400,148,True,DeepSeek,1,1,How many schools with an average score in Math greater than 400 in the SAT test are exclusively virtual?,104,ea,bird_5,results/raw/DeepSeek_bird_ea_20260326_141916.jsonl
True,bird,[true],california_schools,data/bird/dev_databases/california_schools/california_schools.sqlite,simple,False,,True,,SELECT satscores.NumTstTakr FROM frpm JOIN satscores ON frpm.CDSCode = satscores.cds WHERE frpm.`FRPM Count (K-12)` = (SELECT MAX(`FRPM Count (K-12)`) FROM frpm),True,,SELECT NumTstTakr FROM satscores WHERE cds = ( SELECT CDSCode FROM frpm ORDER BY `FRPM Count (K-12)` DESC LIMIT 1 ),115,True,DeepSeek,1,1,What is the number of SAT test takers of the schools with the highest FRPM count for K-12 students?,99,ea,bird_8,results/raw/DeepSeek_bird_ea_20260326_141916.jsonl
False,bird,[false],california_schools,data/bird/dev_databases/california_schools/california_schools.sqlite,moderate,False,K-12 refers to students in grades 1 through 12; Eligible free rate for K-12 = `Free Meal Count (K-12)` / `Enrollment (K-12)`,False,,SELECT `Percent (%) Eligible Free (K-12)` FROM frpm WHERE `Low Grade` <= '1' AND `High Grade` >= '12' ORDER BY `Enrollment (K-12)` DESC LIMIT 10 OFFSET 9,True,,"SELECT CAST(`Free Meal Count (K-12)` AS REAL) / `Enrollment (K-12)` FROM frpm ORDER BY `Enrollment (K-12)` DESC LIMIT 9, 2",122,True,DeepSeek,1,1,What is the eligible free rate of the 10th and 11th schools with the highest enrolment for students in grades 1 through 12?,123,ea,bird_31,results/raw/DeepSeek_bird_ea_20260326_141916.jsonl
False,bird,[false],california_schools,data/bird/dev_databases/california_schools/california_schools.sqlite,moderate,False,"Execellence Rate = NumGE1500 / NumTstTakr; complete address has Street, City, State, Zip code",False,,"SELECT s.Street, s.City, s.Zip, s.State FROM schools s JOIN satscores ss ON s.CDSCode = ss.cds WHERE ss.rtype = 'S' ORDER BY (CAST(ss.NumGE1500 AS REAL) / NULLIF(ss.NumTstTakr, 0)) ASC LIMIT 1",True,,"SELECT T2.Street, T2.City, T2.State, T2.Zip FROM satscores AS T1 INNER JOIN schools AS T2 ON T1.cds = T2.CDSCode ORDER BY CAST(T1.NumGE1500 AS REAL) / T1.NumTstTakr ASC LIMIT 1",176,True,DeepSeek,1,1,"What is the complete address of the school with the lowest excellence rate? Indicate the Street, City, Zip and State.",117,ea,bird_37,results/raw/DeepSeek_bird_ea_20260326_141916.jsonl
True,bird,[true],california_schools,data/bird/dev_databases/california_schools/california_schools.sqlite,challenging,False,"full name means first name, last name; There are at most 3 administrators for each school; SAT Scores are greater or equal to 1500 refers to NumGE1500",True,,"SELECT s.AdmFName1, s.AdmLName1, s.AdmFName2, s.AdmLName2, s.AdmFName3, s.AdmLName3 FROM satscores sc JOIN schools s ON sc.cds = s.CDSCode WHERE sc.NumGE1500 = (SELECT MAX(NumGE1500) FROM satscores) LIMIT 1",True,,"SELECT T2.AdmFName1, T2.AdmLName1, T2.AdmFName2, T2.AdmLName2, T2.AdmFName3, T2.AdmLName3 FROM satscores AS T1 INNER JOIN schools AS T2 ON T1.cds = T2.CDSCode ORDER BY T1.NumGE1500 DESC LIMIT 1",193,True,DeepSeek,1,1,Under whose administration is the school with the highest number of students scoring 1500 or more on the SAT? Indicate their full names.,136,ea,bird_36,results/raw/DeepSeek_bird_ea_20260326_141916.jsonl
False,bird,[false],california_schools,data/bird/dev_databases/california_schools/california_schools.sqlite,simple,False,,False,,"SELECT frpm.""Educational Option Type"" FROM satscores JOIN frpm ON satscores.cds = frpm.CDSCode WHERE satscores.AvgScrMath = (SELECT MAX(AvgScrMath) FROM satscores) LIMIT 1",True,,SELECT T2.EdOpsName FROM satscores AS T1 INNER JOIN schools AS T2 ON T1.cds = T2.CDSCode ORDER BY T1.AvgScrMath DESC LIMIT 1,124,True,DeepSeek,1,1,What is the type of education offered in the school who scored the highest average in Math?,91,ea,bird_42,results/raw/DeepSeek_bird_ea_20260326_141916.jsonl
False,bird,[false],california_schools,data/bird/dev_databases/california_schools/california_schools.sqlite,simple,False,Magnet schools or offer a magnet program means that Magnet = 1,False,,SELECT DISTINCT s.School FROM schools s JOIN satscores ss ON s.CDSCode = ss.cds WHERE ss.NumTstTakr > 500 AND (s.Magnet = 1 OR s.Magnet IS NOT NULL),True,,SELECT T2.School FROM satscores AS T1 INNER JOIN schools AS T2 ON T1.cds = T2.CDSCode WHERE T2.Magnet = 1 AND T1.NumTstTakr > 500,129,True,DeepSeek,1,1,"Among the schools with the SAT test takers of over 500, please list the schools that are magnet schools or offer a magnet program.",130,ea,bird_6,results/raw/DeepSeek_bird_ea_20260326_141916.jsonl
False,bird,[false],california_schools,data/bird/dev_databases/california_schools/california_schools.sqlite,moderate,False,Average score for all subjects can be computed by AvgScrMath + AvgScrRead + AvgScrWrite,False,no such column: s.County,"SELECT s.County, s.AvgScrMath FROM satscores s JOIN (SELECT cds, (AvgScrRead + AvgScrMath + AvgScrWrite) / 3 AS avg_total FROM satscores WHERE AvgScrRead IS NOT NULL AND AvgScrMath IS NOT NULL AND AvgScrWrite IS NOT NULL ORDER BY avg_total ASC LIMIT 1) lowest ON s.cds = lowest.cds",False,,"SELECT T1.AvgScrMath, T2.County FROM satscores AS T1 INNER JOIN schools AS T2 ON T1.cds = T2.CDSCode WHERE T1.AvgScrMath IS NOT NULL ORDER BY T1.AvgScrMath + T1.AvgScrRead + T1.AvgScrWrite ASC LIMIT 1",200,True,DeepSeek,1,1,"What is the average math score of the school with the lowest average score for all subjects, and in which county is it located?",127,ea,bird_43,results/raw/DeepSeek_bird_ea_20260326_141916.jsonl
False,bird,[false],california_schools,data/bird/dev_databases/california_schools/california_schools.sqlite,moderate,False,Fresno Unified is a name of district;,False,,SELECT s.Phone FROM satscores ss JOIN schools s ON ss.cds = s.CDSCode WHERE ss.cname = 'Fresno Unified' AND ss.AvgScrRead = (SELECT MIN(AvgScrRead) FROM satscores WHERE cname = 'Fresno Unified') LIMIT 1,True,,SELECT T2.Phone FROM satscores AS T1 INNER JOIN schools AS T2 ON T1.cds = T2.CDSCode WHERE T2.District = 'Fresno Unified' AND T1.AvgScrRead IS NOT NULL ORDER BY T1.AvgScrRead ASC LIMIT 1,186,True,DeepSeek,1,1,What is the telephone number for the school with the lowest average score in reading in Fresno Unified?,103,ea,bird_40,results/raw/DeepSeek_bird_ea_20260326_141916.jsonl
False,bird,[false],california_schools,data/bird/dev_databases/california_schools/california_schools.sqlite,simple,False,,False,,"SELECT s.City, sats.AvgScrWrite FROM satscores sats JOIN schools s ON sats.cds = s.CDSCode WHERE sats.NumGE1500 = (SELECT MAX(NumGE1500) FROM satscores) LIMIT 1",True,,"SELECT T1.AvgScrWrite, T2.City FROM satscores AS T1 INNER JOIN schools AS T2 ON T1.cds = T2.CDSCode ORDER BY T1.NumGE1500 DESC LIMIT 1",134,True,DeepSeek,1,1,What is the average writing score of the school who has the highest number of test takers whose total SAT sscores are greater or equal to 1500? Indicate the city to where the school is situated.,194,ea,bird_44,results/raw/DeepSeek_bird_ea_20260326_141916.jsonl
False,bird,[false],california_schools,data/bird/dev_databases/california_schools/california_schools.sqlite,simple,False,,False,no such column: s.NCESchool,SELECT s.NCESchool FROM frpm f JOIN schools s ON f.CDSCode = s.CDSCode ORDER BY f.`Enrollment (Ages 5-17)` DESC LIMIT 5,False,,SELECT T1.NCESSchool FROM schools AS T1 INNER JOIN frpm AS T2 ON T1.CDSCode = T2.CDSCode ORDER BY T2.`Enrollment (Ages 5-17)` DESC LIMIT 5,138,True,DeepSeek,1,1,"List the top five schools, by descending order, from the highest to the lowest, the most number of Enrollment (Ages 5-17). Please give their NCES school identification number.",175,ea,bird_14,results/raw/DeepSeek_bird_ea_20260326_141916.jsonl
False,bird,[false],california_schools,data/bird/dev_databases/california_schools/california_schools.sqlite,moderate,False,Average of average math = sum(average math scores) / count(schools).,False,,"SELECT s.School, s.FundingType FROM schools s JOIN satscores ss ON s.CDSCode = ss.cds WHERE s.County = 'Riverside' AND ss.AvgScrMath > 400",True,,"SELECT T1.sname, T2.`Charter Funding Type` FROM satscores AS T1 INNER JOIN frpm AS T2 ON T1.cds = T2.CDSCode WHERE T2.`District Name` LIKE 'Riverside%' GROUP BY T1.sname, T2.`Charter Funding Type` HAVING CAST(SUM(T1.AvgScrMath) AS REAL) / COUNT(T1.cds) > 400",258,True,DeepSeek,1,1,"Name schools in Riverside which the average of average math score for SAT is grater than 400, what is the funding type of these schools?",136,ea,bird_25,results/raw/DeepSeek_bird_ea_20260326_141916.jsonl
False,bird,[false],california_schools,data/bird/dev_databases/california_schools/california_schools.sqlite,moderate,False,Percent eligible for free meals = Free Meal Count (K-12) / Total (Enrollment (K-12),False,,SELECT DISTINCT s.School FROM schools s JOIN frpm f ON s.CDSCode = f.CDSCode JOIN satscores sat ON s.CDSCode = sat.cds WHERE f.`Percent (%) Eligible Free (K-12)` > 0.1 AND sat.NumGE1500 > 0,True,,SELECT T2.`School Name` FROM satscores AS T1 INNER JOIN frpm AS T2 ON T1.cds = T2.CDSCode WHERE CAST(T2.`Free Meal Count (K-12)` AS REAL) / T2.`Enrollment (K-12)` > 0.1 AND T1.NumGE1500 > 0,189,True,DeepSeek,1,1,Give the names of the schools with the percent eligible for free meals in K-12 is more than 0.1 and test takers whose test score is greater than or equal to 1500?,162,ea,bird_24,results/raw/DeepSeek_bird_ea_20260326_141916.jsonl
False,bird,[false],california_schools,data/bird/dev_databases/california_schools/california_schools.sqlite,moderate,False,"Full communication address should include Street, City, State and zip code if any.",False,,"SELECT s.School, s.Street, s.City, s.Zip, s.State FROM schools s JOIN frpm f ON s.CDSCode = f.CDSCode WHERE s.County = 'Monterey' AND f.`FRPM Count (Ages 5-17)` > 800 AND f.`High Grade` LIKE '%12%'",True,,"SELECT T1.`School Name`, T2.Street, T2.City, T2.State, T2.Zip FROM frpm AS T1 INNER JOIN schools AS T2 ON T1.CDSCode = T2.CDSCode WHERE T2.County = 'Monterey' AND T1.`Free Meal Count (Ages 5-17)` > 800 AND T1.`School Type` = 'High Schools (Public)'",248,True,DeepSeek,1,1,State the names and full communication address of high schools in Monterey which has more than 800 free or reduced price meals for ages 15-17?,142,ea,bird_26,results/raw/DeepSeek_bird_ea_20260326_141916.jsonl
False,bird,[false],california_schools,data/bird/dev_databases/california_schools/california_schools.sqlite,moderate,False,Eligible free rates for students aged 5-17 = `Free Meal Count (Ages 5-17)` / `Enrollment (Ages 5-17)`,False,,SELECT `Percent (%) Eligible Free (Ages 5-17)` FROM frpm WHERE `School Name` = 'Kacey Gibson',True,,SELECT CAST(T2.`Free Meal Count (Ages 5-17)` AS REAL) / T2.`Enrollment (Ages 5-17)` FROM schools AS T1 INNER JOIN frpm AS T2 ON T1.CDSCode = T2.CDSCode WHERE T1.AdmFName1 = 'Kacey' AND T1.AdmLName1 = 'Gibson',208,True,DeepSeek,1,1,What is the free rate for students between the ages of 5 and 17 at the school run by Kacey Gibson?,98,ea,bird_34,results/raw/DeepSeek_bird_ea_20260326_141916.jsonl
False,bird,[false],california_schools,data/bird/dev_databases/california_schools/california_schools.sqlite,simple,False,K-12 means First-through-twelfth-grade,False,,SELECT s.OpenDate FROM schools s JOIN frpm f ON s.CDSCode = f.CDSCode WHERE f.`Low Grade` = '1' AND f.`High Grade` = '12' ORDER BY f.`Enrollment (K-12)` DESC LIMIT 1,True,,SELECT T2.OpenDate FROM frpm AS T1 INNER JOIN schools AS T2 ON T1.CDSCode = T2.CDSCode ORDER BY T1.`Enrollment (K-12)` DESC LIMIT 1,131,True,DeepSeek,1,1,When did the first-through-twelfth-grade school with the largest enrollment open?,81,ea,bird_29,results/raw/DeepSeek_bird_ea_20260326_141916.jsonl
False,bird,[false],california_schools,data/bird/dev_databases/california_schools/california_schools.sqlite,moderate,False,Elementary School District refers to DOC = 52; Unified School District refers to DOC = 54.,False,,SELECT (SELECT COUNT(*) FROM frpm WHERE `County Name` = 'Orange County' AND `District Type` = 'Unified' AND `School Type` = 'Merged') * 1.0 / (SELECT COUNT(*) FROM frpm WHERE `County Name` = 'Orange County' AND `District Type` = 'Elementary' AND `School Type` = 'Merged') AS ratio,True,,SELECT CAST(SUM(CASE WHEN DOC = 54 THEN 1 ELSE 0 END) AS REAL) / SUM(CASE WHEN DOC = 52 THEN 1 ELSE 0 END) FROM schools WHERE StatusType = 'Merged' AND County = 'Orange',169,True,DeepSeek,1,1,What is the ratio of merged Unified School District schools in Orange County to merged Elementary School District schools?,122,ea,bird_48,results/raw/DeepSeek_bird_ea_20260326_141916.jsonl
True,bird,[true],california_schools,data/bird/dev_databases/california_schools/california_schools.sqlite,simple,False,,True,,SELECT s.Website FROM satscores ss JOIN schools s ON ss.cds = s.CDSCode WHERE s.County = 'Los Angeles' AND ss.NumTstTakr BETWEEN 2000 AND 3000,True,,SELECT T2.Website FROM satscores AS T1 INNER JOIN schools AS T2 ON T1.cds = T2.CDSCode WHERE T1.NumTstTakr BETWEEN 2000 AND 3000 AND T2.County = 'Los Angeles',158,True,DeepSeek,1,1,"What are the webpages for the Los Angeles County school that has between 2,000 and 3,000 test takers?",101,ea,bird_38,results/raw/DeepSeek_bird_ea_20260326_141916.jsonl
False,bird,[false],california_schools,data/bird/dev_databases/california_schools/california_schools.sqlite,simple,False,K-12 refers to students in grades 1 through 12.,False,,SELECT s.City FROM schools s JOIN frpm f ON s.CDSCode = f.CDSCode WHERE f.`Low Grade` <= '1' AND f.`High Grade` >= '12' ORDER BY f.`Enrollment (K-12)` ASC LIMIT 5,True,,SELECT T2.City FROM frpm AS T1 INNER JOIN schools AS T2 ON T1.CDSCode = T2.CDSCode GROUP BY T2.City ORDER BY SUM(T1.`Enrollment (K-12)`) ASC LIMIT 5,148,True,DeepSeek,1,1,Which cities have the top 5 lowest enrollment number for students in grades 1 through 12?,89,ea,bird_30,results/raw/DeepSeek_bird_ea_20260326_141916.jsonl
False,bird,[false],california_schools,data/bird/dev_databases/california_schools/california_schools.sqlite,simple,False,Exclusively virtual refers to Virtual = 'F'; respective counties means PARTITION BY County,False,,"SELECT s.School FROM schools s JOIN satscores ss ON s.CDSCode = ss.cds WHERE s.Virtual = 'Y' AND ss.rtype = 'S' AND ss.AvgScrRead IS NOT NULL AND (SELECT COUNT(*) FROM satscores ss2 JOIN schools s2 ON ss2.cds = s2.CDSCode WHERE s2.County = s.County AND ss2.rtype = 'S' AND ss2.AvgScrRead IS NOT NULL AND ss2.AvgScrRead > ss.AvgScrRead) < 5 ORDER BY s.County, ss.AvgScrRead DESC",True,,"SELECT School FROM (SELECT T2.School,T1.AvgScrRead, RANK() OVER (PARTITION BY T2.County ORDER BY T1.AvgScrRead DESC) AS rnk FROM satscores AS T1 INNER JOIN schools AS T2 ON T1.cds = T2.CDSCode WHERE T2.Virtual = 'F' ) ranked_schools WHERE rnk <= 5",247,True,DeepSeek,1,1,List the names of virtual schools that are among the top 5 in their respective counties based on average reading scores.,120,ea,bird_41,results/raw/DeepSeek_bird_ea_20260326_141916.jsonl
False,bird,[false],california_schools,data/bird/dev_databases/california_schools/california_schools.sqlite,moderate,False,grades 1-12 means K-12; Eligible free or reduced price meal rate for K-12 = `FRPM Count (K-12)` / `Enrollment (K-12)`,False,,"SELECT s.School, f.`Percent (%) Eligible FRPM (K-12)` FROM frpm f JOIN schools s ON f.CDSCode = s.CDSCode WHERE s.DOC = '66' AND f.`Low Grade` <= '1' AND f.`High Grade` >= '12' ORDER BY f.`FRPM Count (K-12)` DESC LIMIT 5",True,,SELECT CAST(T1.`FRPM Count (K-12)` AS REAL) / T1.`Enrollment (K-12)` FROM frpm AS T1 INNER JOIN schools AS T2 ON T1.CDSCode = T2.CDSCode WHERE T2.SOC = 66 ORDER BY T1.`FRPM Count (K-12)` DESC LIMIT 5,199,True,DeepSeek,1,1,What is the eligible free or reduced price meal rate for the top 5 schools in grades 1-12 with the highest free or reduced price meal count of the schools with the ownership code 66?,182,ea,bird_32,results/raw/DeepSeek_bird_ea_20260326_141916.jsonl
True,bird,[true],california_schools,data/bird/dev_databases/california_schools/california_schools.sqlite,moderate,False,Charted school means `Charter School (Y/N)` = 1 in the table frpm; Students enrolled in grades 1 through 12 refers to `Enrollment (K-12)`,True,,SELECT s.AdmEmail1 FROM schools s JOIN frpm f ON s.CDSCode = f.CDSCode WHERE s.Charter = 1 AND f.`Enrollment (K-12)` IS NOT NULL ORDER BY f.`Enrollment (K-12)` ASC LIMIT 1,True,,SELECT T2.AdmEmail1 FROM frpm AS T1 INNER JOIN schools AS T2 ON T1.CDSCode = T2.CDSCode WHERE T1.`Charter School (Y/N)` = 1 ORDER BY T1.`Enrollment (K-12)` ASC LIMIT 1,167,True,DeepSeek,1,1,What is the administrator's email address of the chartered school with the fewest students enrolled in grades 1 through 12?,123,ea,bird_35,results/raw/DeepSeek_bird_ea_20260326_141916.jsonl
True,bird,[true],california_schools,data/bird/dev_databases/california_schools/california_schools.sqlite,simple,False,between 1/1/1980 and 12/31/1980 means the year = 1980,True,,SELECT AVG(NumTstTakr) FROM satscores JOIN schools ON satscores.cds = schools.CDSCode WHERE schools.County = 'Fresno' AND schools.OpenDate BETWEEN '1980-01-01' AND '1980-12-31',True,,"SELECT AVG(T1.NumTstTakr) FROM satscores AS T1 INNER JOIN schools AS T2 ON T1.cds = T2.CDSCode WHERE strftime('%Y', T2.OpenDate) = '1980' AND T2.County = 'Fresno'",162,True,DeepSeek,1,1,What is the average number of test takers from Fresno schools that opened between 1/1/1980 and 12/31/1980?,106,ea,bird_39,results/raw/DeepSeek_bird_ea_20260326_141916.jsonl
False,bird,[false],california_schools,data/bird/dev_databases/california_schools/california_schools.sqlite,simple,False,Total enrollment can be represented by `Enrollment (K-12)` + `Enrollment (Ages 5-17)`,False,,"SELECT CDSCode FROM frpm WHERE ""Enrollment (K-12)"" > 500 UNION SELECT cds FROM satscores WHERE enroll12 > 500",True,,SELECT T2.CDSCode FROM schools AS T1 INNER JOIN frpm AS T2 ON T1.CDSCode = T2.CDSCode WHERE T2.`Enrollment (K-12)` + T2.`Enrollment (Ages 5-17)` > 500,150,True,DeepSeek,1,1,Please list the codes of the schools with a total enrollment of over 500.,73,ea,bird_11,results/raw/DeepSeek_bird_ea_20260326_141916.jsonl
False,bird,[false],california_schools,data/bird/dev_databases/california_schools/california_schools.sqlite,simple,False,State Special Schools refers to DOC = 31; Grades 1 through 12 means K-12,False,,"SELECT s.State, SUM(f.`Enrollment (K-12)`) AS total_enrollment FROM frpm f JOIN schools s ON f.CDSCode = s.CDSCode WHERE f.`Low Grade` <= '1' AND f.`High Grade` >= '12' AND s.SOCType = 'Special Education' GROUP BY s.State ORDER BY total_enrollment DESC",True,,SELECT T2.School FROM frpm AS T1 INNER JOIN schools AS T2 ON T1.CDSCode = T2.CDSCode WHERE T2.DOC = 31 ORDER BY T1.`Enrollment (K-12)` DESC LIMIT 1,147,True,DeepSeek,1,1,Which state special schools have the highest number of enrollees from grades 1 through 12?,90,ea,bird_46,results/raw/DeepSeek_bird_ea_20260326_141916.jsonl
False,bird,[false],california_schools,data/bird/dev_databases/california_schools/california_schools.sqlite,moderate,False,,False,,"SELECT s.School, s.Website FROM schools s JOIN frpm f ON s.CDSCode = f.CDSCode WHERE f.`Free Meal Count (Ages 5-17)` BETWEEN 1900 AND 2000 AND s.Website IS NOT NULL",True,,"SELECT T2.Website, T1.`School Name` FROM frpm AS T1 INNER JOIN schools AS T2 ON T1.CDSCode = T2.CDSCode WHERE T1.`Free Meal Count (Ages 5-17)` BETWEEN 1900 AND 2000 AND T2.Website IS NOT NULL",191,True,DeepSeek,1,1,"If there are any, what are the websites address of the schools with a free meal count of 1,900-2,000 to students aged 5-17? Include the name of the school.",155,ea,bird_33,results/raw/DeepSeek_bird_ea_20260326_141916.jsonl
False,bird,[false],california_schools,data/bird/dev_databases/california_schools/california_schools.sqlite,moderate,False,Diffrence in enrollement = `Enrollment (K-12)` - `Enrollment (Ages 5-17)`,False,,"SELECT s.School, s.Street, s.City, s.State, s.Zip FROM frpm f JOIN schools s ON f.CDSCode = s.CDSCode WHERE ABS(f.`Enrollment (K-12)` - f.`Enrollment (Ages 5-17)`) > 30",True,,"SELECT T1.School, T1.Street FROM schools AS T1 INNER JOIN frpm AS T2 ON T1.CDSCode = T2.CDSCode WHERE T2.`Enrollment (K-12)` - T2.`Enrollment (Ages 5-17)` > 30",159,True,DeepSeek,1,1,List the names of schools with more than 30 difference in enrollements between K-12 and ages 5-17? Please also give the full street adress of the schools.,154,ea,bird_23,results/raw/DeepSeek_bird_ea_20260326_141916.jsonl
True,bird,[true],california_schools,data/bird/dev_databases/california_schools/california_schools.sqlite,moderate,False,Elementary School District refers to DOC = 52; Monthly average number of schools that opened in 1980 = count(schools that opened in 1980) / 12,True,,"SELECT COUNT(*) / 12.0 AS monthly_average FROM schools WHERE County = 'Alameda' AND District LIKE '%Elementary%' AND strftime('%Y', OpenDate) = '1980'",True,,"SELECT CAST(COUNT(School) AS REAL) / 12 FROM schools WHERE DOC = 52 AND County = 'Alameda' AND strftime('%Y', OpenDate) = '1980'",128,True,DeepSeek,1,1,What is the monthly average number of schools that opened in Alameda County under the jurisdiction of the Elementary School District in 1980?,141,ea,bird_47,results/raw/DeepSeek_bird_ea_20260326_141916.jsonl
True,bird,[true],california_schools,data/bird/dev_databases/california_schools/california_schools.sqlite,moderate,False,"Usually, administrators manage the school stuff.",True,,"SELECT s.School, ss.AvgScrWrite FROM schools s JOIN satscores ss ON s.CDSCode = ss.cds WHERE s.AdmFName1 = 'Ricci' AND s.AdmLName1 = 'Ulrich' OR s.AdmFName2 = 'Ricci' AND s.AdmLName2 = 'Ulrich' OR s.AdmFName3 = 'Ricci' AND s.AdmLName3 = 'Ulrich'",True,,"SELECT T2.School, T1.AvgScrWrite FROM satscores AS T1 INNER JOIN schools AS T2 ON T1.cds = T2.CDSCode WHERE T2.AdmFName1 = 'Ricci' AND T2.AdmLName1 = 'Ulrich'",158,True,DeepSeek,1,1,What is the average writing score of each of the schools managed by Ricci Ulrich? List the schools and the corresponding average writing scores.,144,ea,bird_45,results/raw/DeepSeek_bird_ea_20260326_141916.jsonl
False,bird,[false],california_schools,data/bird/dev_databases/california_schools/california_schools.sqlite,challenging,False,Difference between K-12 enrollment and 15-17 enrollment can be computed by `Enrollment (K-12)` - `Enrollment (Ages 5-17)`,False,,"SELECT s.School, s.DOCType FROM schools s JOIN frpm f ON s.CDSCode = f.CDSCode WHERE f.`Enrollment (K-12)` - f.`Enrollment (Ages 5-17)` > (SELECT AVG(f2.`Enrollment (K-12)` - f2.`Enrollment (Ages 5-17)`) FROM frpm f2 JOIN schools s2 ON f2.CDSCode = s2.CDSCode WHERE s2.FundingType = 'Locally funded') AND s.FundingType = 'Locally funded'",True,,"SELECT T2.School, T2.DOC FROM frpm AS T1 INNER JOIN schools AS T2 ON T1.CDSCode = T2.CDSCode WHERE T2.FundingType = 'Locally funded' AND (T1.`Enrollment (K-12)` - T1.`Enrollment (Ages 5-17)`) > (SELECT AVG(T3.`Enrollment (K-12)` - T3.`Enrollment (Ages 5-17)`) FROM frpm AS T3 INNER JOIN schools AS T4 ON T3.CDSCode = T4.CDSCode WHERE T4.FundingType = 'Locally funded')",368,True,DeepSeek,1,1,"Consider the average difference between K-12 enrollment and 15-17 enrollment of schools that are locally funded, list the names and DOC type of schools which has a difference above this average.",194,ea,bird_28,results/raw/DeepSeek_bird_ea_20260326_141916.jsonl
False,bird,[false],california_schools,data/bird/dev_databases/california_schools/california_schools.sqlite,moderate,False,Closure date and closed date are synonyms; 'Closed' was mentioned in schools.StatusType.,False,,"SELECT s.County, s.School, s.ClosedDate FROM schools s WHERE s.StatusType = 'Closed' GROUP BY s.County ORDER BY COUNT(*) DESC LIMIT 1",True,,"SELECT DISTINCT County, School, ClosedDate FROM schools WHERE County = ( SELECT County FROM schools WHERE StatusType = 'Closed' GROUP BY County ORDER BY COUNT(School) DESC LIMIT 1 ) AND StatusType = 'Closed' AND school IS NOT NULL",230,True,DeepSeek,1,1,Which different county has the most number of closed schools? Please provide the name of each school as well as the closure date.,129,ea,bird_49,results/raw/DeepSeek_bird_ea_20260326_141916.jsonl
False,bird,[false],california_schools,data/bird/dev_databases/california_schools/california_schools.sqlite,moderate,False,Communication number refers to phone number.,False,,"SELECT s.School AS school_name, ss.AvgScrWrite AS average_writing_score, s.Phone AS communication_number FROM schools s JOIN satscores ss ON s.CDSCode = ss.cds WHERE (s.OpenDate > '1991-12-31' OR s.ClosedDate < '2000-01-01') AND ss.AvgScrWrite IS NOT NULL",True,,"SELECT T2.School, T1.AvgScrWrite, T2.Phone FROM schools AS T2 LEFT JOIN satscores AS T1 ON T2.CDSCode = T1.cds WHERE strftime('%Y', T2.OpenDate) > '1991' OR strftime('%Y', T2.ClosedDate) < '2000'",195,True,DeepSeek,1,1,"What is the average score in writing for the schools that were opened after 1991 or closed before 2000? List the school names along with the score. Also, list the communication number of the schools if there is any.",215,ea,bird_27,results/raw/DeepSeek_bird_ea_20260326_141916.jsonl
True,spider,[true],concert_singer,data/spider/database/concert_singer/concert_singer.sqlite,,False,,True,,SELECT COUNT(*) FROM singer,True,,SELECT count(*) FROM singer,27,True,DeepSeek,1,1,How many singers do we have?,28,ea,spider_0,results/raw/DeepSeek_spider_ea_20260326_141657.jsonl
True,spider,[true],concert_singer,data/spider/database/concert_singer/concert_singer.sqlite,,False,,True,,SELECT COUNT(*) FROM singer,True,,SELECT count(*) FROM singer,27,True,DeepSeek,1,1,What is the total number of singers?,36,ea,spider_1,results/raw/DeepSeek_spider_ea_20260326_141657.jsonl
True,spider,[true],concert_singer,data/spider/database/concert_singer/concert_singer.sqlite,,False,,True,,"SELECT Name, Country, Age FROM singer ORDER BY Age DESC",True,,"SELECT name ,  country ,  age FROM singer ORDER BY age DESC",59,True,DeepSeek,1,1,"Show name, country, age for all singers ordered by age from the oldest to the youngest.",87,ea,spider_2,results/raw/DeepSeek_spider_ea_20260326_141657.jsonl
True,spider,[true],concert_singer,data/spider/database/concert_singer/concert_singer.sqlite,,False,,True,,"SELECT Name, Country, Age FROM singer ORDER BY Age DESC",True,,"SELECT name ,  country ,  age FROM singer ORDER BY age DESC",59,True,DeepSeek,1,1,"What are the names, countries, and ages for every singer in descending order of age?",84,ea,spider_3,results/raw/DeepSeek_spider_ea_20260326_141657.jsonl
True,spider,[true],concert_singer,data/spider/database/concert_singer/concert_singer.sqlite,,False,,True,,"SELECT AVG(Age) AS average_age, MIN(Age) AS minimum_age, MAX(Age) AS maximum_age FROM singer WHERE Country = 'France'",True,,"SELECT avg(age) ,  min(age) ,  max(age) FROM singer WHERE country  =  'France'",78,True,DeepSeek,1,1,"What is the average, minimum, and maximum age of all singers from France?",73,ea,spider_4,results/raw/DeepSeek_spider_ea_20260326_141657.jsonl
True,spider,[true],concert_singer,data/spider/database/concert_singer/concert_singer.sqlite,,False,,True,,"SELECT Location, Name FROM stadium WHERE Capacity BETWEEN 5000 AND 10000",True,,"SELECT LOCATION ,  name FROM stadium WHERE capacity BETWEEN 5000 AND 10000",74,True,DeepSeek,1,1,Show location and name for all stadiums with a capacity between 5000 and 10000.,79,ea,spider_14,results/raw/DeepSeek_spider_ea_20260326_141657.jsonl
False,spider,[false],concert_singer,data/spider/database/concert_singer/concert_singer.sqlite,,False,,False,,"SELECT AVG(Age) AS average_age, MIN(Age) AS minimum_age, MAX(Age) AS maximum_age FROM singer WHERE Country = 'French'",True,,"SELECT avg(age) ,  min(age) ,  max(age) FROM singer WHERE country  =  'France'",78,True,DeepSeek,1,1,"What is the average, minimum, and maximum age for all French singers?",69,ea,spider_5,results/raw/DeepSeek_spider_ea_20260326_141657.jsonl
True,spider,[true],concert_singer,data/spider/database/concert_singer/concert_singer.sqlite,,False,,True,,"SELECT s.Song_Name, s.Song_release_year FROM singer s WHERE s.Age = (SELECT MIN(Age) FROM singer)",True,,"SELECT song_name ,  song_release_year FROM singer ORDER BY age LIMIT 1",70,True,DeepSeek,1,1,What are the names and release years for all the songs of the youngest singer?,78,ea,spider_7,results/raw/DeepSeek_spider_ea_20260326_141657.jsonl
True,spider,[true],concert_singer,data/spider/database/concert_singer/concert_singer.sqlite,,False,,True,,"SELECT s.Song_Name, s.Song_release_year FROM singer s WHERE s.Age = (SELECT MIN(Age) FROM singer)",True,,"SELECT song_name ,  song_release_year FROM singer ORDER BY age LIMIT 1",70,True,DeepSeek,1,1,Show the name and the release year of the song by the youngest singer.,70,ea,spider_6,results/raw/DeepSeek_spider_ea_20260326_141657.jsonl
True,spider,[true],concert_singer,data/spider/database/concert_singer/concert_singer.sqlite,,False,,True,,SELECT DISTINCT Country FROM singer WHERE Age > 20,True,,SELECT DISTINCT country FROM singer WHERE age  >  20,52,True,DeepSeek,1,1,What are  the different countries with singers above age 20?,60,ea,spider_9,results/raw/DeepSeek_spider_ea_20260326_141657.jsonl
True,spider,[true],concert_singer,data/spider/database/concert_singer/concert_singer.sqlite,,False,,True,,SELECT COUNT(*) FROM concert WHERE Year = '2014' OR Year = '2015',True,,SELECT count(*) FROM concert WHERE YEAR  =  2014 OR YEAR  =  2015,65,True,DeepSeek,1,1,How many concerts are there in year 2014 or 2015?,49,ea,spider_20,results/raw/DeepSeek_spider_ea_20260326_141657.jsonl
True,spider,[true],concert_singer,data/spider/database/concert_singer/concert_singer.sqlite,,False,,True,,"SELECT COUNT(*) FROM concert WHERE Year IN ('2014', '2015')",True,,SELECT count(*) FROM concert WHERE YEAR  =  2014 OR YEAR  =  2015,65,True,DeepSeek,1,1,How many concerts occurred in 2014 or 2015?,43,ea,spider_21,results/raw/DeepSeek_spider_ea_20260326_141657.jsonl
True,spider,[true],concert_singer,data/spider/database/concert_singer/concert_singer.sqlite,,False,,True,,SELECT DISTINCT Country FROM singer WHERE Age > 20,True,,SELECT DISTINCT country FROM singer WHERE age  >  20,52,True,DeepSeek,1,1,What are all distinct countries where singers above age 20 are from?,68,ea,spider_8,results/raw/DeepSeek_spider_ea_20260326_141657.jsonl
True,spider,[true],concert_singer,data/spider/database/concert_singer/concert_singer.sqlite,,False,,True,,"SELECT Country, COUNT(*) AS singer_count FROM singer GROUP BY Country",True,,"SELECT country ,  count(*) FROM singer GROUP BY country",55,True,DeepSeek,1,1,How many singers are from each country?,39,ea,spider_11,results/raw/DeepSeek_spider_ea_20260326_141657.jsonl
True,spider,[true],concert_singer,data/spider/database/concert_singer/concert_singer.sqlite,,False,,True,,"SELECT Country, COUNT(*) AS number_of_singers FROM singer GROUP BY Country",True,,"SELECT country ,  count(*) FROM singer GROUP BY country",55,True,DeepSeek,1,1,Show all countries and the number of singers in each country.,61,ea,spider_10,results/raw/DeepSeek_spider_ea_20260326_141657.jsonl
False,spider,[false],concert_singer,data/spider/database/concert_singer/concert_singer.sqlite,,False,,False,,"SELECT s.Name, COUNT(c.concert_ID) AS number_of_concerts FROM stadium s LEFT JOIN concert c ON s.Stadium_ID = c.Stadium_ID GROUP BY s.Stadium_ID, s.Name ORDER BY s.Name",True,,"SELECT T2.name ,  count(*) FROM concert AS T1 JOIN stadium AS T2 ON T1.stadium_id  =  T2.stadium_id GROUP BY T1.stadium_id",122,True,DeepSeek,1,1,Show the stadium name and the number of concerts in each stadium.,65,ea,spider_22,results/raw/DeepSeek_spider_ea_20260326_141657.jsonl
True,spider,[true],concert_singer,data/spider/database/concert_singer/concert_singer.sqlite,,False,,True,,"SELECT s.Name, s.Capacity FROM stadium s JOIN concert c ON s.Stadium_ID = c.Stadium_ID WHERE CAST(c.Year AS INTEGER) > 2013 GROUP BY s.Stadium_ID, s.Name, s.Capacity ORDER BY COUNT(c.concert_ID) DESC LIMIT 1",True,,"select t2.name ,  t2.capacity from concert as t1 join stadium as t2 on t1.stadium_id  =  t2.stadium_id where t1.year  >  2013 group by t2.stadium_id order by count(*) desc limit 1",179,True,DeepSeek,1,1,What is the name and capacity of the stadium with the most concerts after 2013 ?,80,ea,spider_25,results/raw/DeepSeek_spider_ea_20260326_141657.jsonl
False,spider,[false],concert_singer,data/spider/database/concert_singer/concert_singer.sqlite,,False,,False,,"SELECT s.Stadium_ID, s.Name, COUNT(c.concert_ID) AS concert_count FROM stadium s LEFT JOIN concert c ON s.Stadium_ID = c.Stadium_ID GROUP BY s.Stadium_ID, s.Name",True,,"SELECT T2.name ,  count(*) FROM concert AS T1 JOIN stadium AS T2 ON T1.stadium_id  =  T2.stadium_id GROUP BY T1.stadium_id",122,True,DeepSeek,1,1,"For each stadium, how many concerts play there?",47,ea,spider_23,results/raw/DeepSeek_spider_ea_20260326_141657.jsonl
True,spider,[true],concert_singer,data/spider/database/concert_singer/concert_singer.sqlite,,False,,True,,SELECT Year FROM concert GROUP BY Year ORDER BY COUNT(*) DESC LIMIT 1,True,,SELECT YEAR FROM concert GROUP BY YEAR ORDER BY count(*) DESC LIMIT 1,69,True,DeepSeek,1,1,What is the year that had the most concerts?,44,ea,spider_27,results/raw/DeepSeek_spider_ea_20260326_141657.jsonl
False,spider,[false],concert_singer,data/spider/database/concert_singer/concert_singer.sqlite,,False,,False,,"SELECT Year, COUNT(*) AS concert_count FROM concert GROUP BY Year ORDER BY concert_count DESC LIMIT 1",True,,SELECT YEAR FROM concert GROUP BY YEAR ORDER BY count(*) DESC LIMIT 1,69,True,DeepSeek,1,1,Which year has most number of concerts?,39,ea,spider_26,results/raw/DeepSeek_spider_ea_20260326_141657.jsonl
True,spider,[true],concert_singer,data/spider/database/concert_singer/concert_singer.sqlite,,False,,True,,SELECT s.Name FROM stadium s LEFT JOIN concert c ON s.Stadium_ID = c.Stadium_ID WHERE c.concert_ID IS NULL,True,,SELECT name FROM stadium WHERE stadium_id NOT IN (SELECT stadium_id FROM concert),81,True,DeepSeek,1,1,Show the stadium names without any concert.,43,ea,spider_28,results/raw/DeepSeek_spider_ea_20260326_141657.jsonl
True,spider,[true],concert_singer,data/spider/database/concert_singer/concert_singer.sqlite,,False,,True,,SELECT Name FROM stadium WHERE Stadium_ID NOT IN (SELECT Stadium_ID FROM concert WHERE Year = '2014'),True,,SELECT name FROM stadium EXCEPT SELECT T2.name FROM concert AS T1 JOIN stadium AS T2 ON T1.stadium_id  =  T2.stadium_id WHERE T1.year  =  2014,142,True,DeepSeek,1,1,Show names for all stadiums except for stadiums having a concert in year 2014.,78,ea,spider_31,results/raw/DeepSeek_spider_ea_20260326_141657.jsonl
True,spider,[true],concert_singer,data/spider/database/concert_singer/concert_singer.sqlite,,False,,True,,SELECT DISTINCT s1.Country FROM singer s1 JOIN singer s2 ON s1.Country = s2.Country WHERE s1.Age > 40 AND s2.Age < 30,True,,SELECT country FROM singer WHERE age  >  40 INTERSECT SELECT country FROM singer WHERE age  <  30,97,True,DeepSeek,1,1,Show countries where a singer above age 40 and a singer below 30 are from.,74,ea,spider_30,results/raw/DeepSeek_spider_ea_20260326_141657.jsonl
True,spider,[true],concert_singer,data/spider/database/concert_singer/concert_singer.sqlite,,False,,True,,"SELECT c.concert_Name, c.Theme, COUNT(sic.Singer_ID) AS number_of_singers FROM concert c LEFT JOIN singer_in_concert sic ON c.concert_ID = sic.concert_ID GROUP BY c.concert_ID, c.concert_Name, c.Theme",True,,"select t2.concert_name ,  t2.theme ,  count(*) from singer_in_concert as t1 join concert as t2 on t1.concert_id  =  t2.concert_id group by t2.concert_id",152,True,DeepSeek,1,1,"What are the names , themes , and number of singers for every concert ?",71,ea,spider_34,results/raw/DeepSeek_spider_ea_20260326_141657.jsonl
True,spider,[true],concert_singer,data/spider/database/concert_singer/concert_singer.sqlite,,False,,True,,"SELECT c.concert_Name, c.Theme, COUNT(sic.Singer_ID) AS number_of_singers FROM concert c LEFT JOIN singer_in_concert sic ON c.concert_ID = sic.concert_ID GROUP BY c.concert_ID, c.concert_Name, c.Theme",True,,"SELECT T2.concert_name ,  T2.theme ,  count(*) FROM singer_in_concert AS T1 JOIN concert AS T2 ON T1.concert_id  =  T2.concert_id GROUP BY T2.concert_id",152,True,DeepSeek,1,1,Show the name and theme for all concerts and the number of singers in each concert.,83,ea,spider_33,results/raw/DeepSeek_spider_ea_20260326_141657.jsonl
True,spider,[true],concert_singer,data/spider/database/concert_singer/concert_singer.sqlite,,False,,True,,SELECT s.Name FROM stadium s LEFT JOIN concert c ON s.Stadium_ID = c.Stadium_ID WHERE c.Stadium_ID IS NULL,True,,SELECT name FROM stadium WHERE stadium_id NOT IN (SELECT stadium_id FROM concert),81,True,DeepSeek,1,1,What are the names of the stadiums without any concerts?,56,ea,spider_29,results/raw/DeepSeek_spider_ea_20260326_141657.jsonl
True,spider,[true],concert_singer,data/spider/database/concert_singer/concert_singer.sqlite,,False,,True,,SELECT DISTINCT s.Song_Name FROM singer s WHERE s.Age > (SELECT AVG(Age) FROM singer),True,,SELECT song_name FROM singer WHERE age  >  (SELECT avg(age) FROM singer),72,True,DeepSeek,1,1,List all song names by singers above the average age.,53,ea,spider_12,results/raw/DeepSeek_spider_ea_20260326_141657.jsonl
True,spider,[true],concert_singer,data/spider/database/concert_singer/concert_singer.sqlite,,False,,True,,SELECT s.Name FROM stadium s WHERE s.Stadium_ID NOT IN (SELECT DISTINCT c.Stadium_ID FROM concert c WHERE c.Year = '2014'),True,,SELECT name FROM stadium EXCEPT SELECT T2.name FROM concert AS T1 JOIN stadium AS T2 ON T1.stadium_id  =  T2.stadium_id WHERE T1.year  =  2014,142,True,DeepSeek,1,1,What are the names of all stadiums that did not have a concert in 2014?,71,ea,spider_32,results/raw/DeepSeek_spider_ea_20260326_141657.jsonl
False,spider,[false],concert_singer,data/spider/database/concert_singer/concert_singer.sqlite,,False,,False,,"SELECT s.Name, COUNT(sic.concert_ID) AS number_of_concerts FROM singer s LEFT JOIN singer_in_concert sic ON s.Singer_ID = sic.Singer_ID GROUP BY s.Singer_ID, s.Name ORDER BY number_of_concerts DESC",True,,"SELECT T2.name ,  count(*) FROM singer_in_concert AS T1 JOIN singer AS T2 ON T1.singer_id  =  T2.singer_id GROUP BY T2.singer_id",128,True,DeepSeek,1,1,What are the names of the singers and number of concerts for each person?,73,ea,spider_36,results/raw/DeepSeek_spider_ea_20260326_141657.jsonl
False,spider,[false],concert_singer,data/spider/database/concert_singer/concert_singer.sqlite,,False,,False,,"SELECT s.Name, COUNT(sic.concert_ID) AS number_of_concerts FROM singer s LEFT JOIN singer_in_concert sic ON s.Singer_ID = sic.Singer_ID GROUP BY s.Singer_ID, s.Name ORDER BY number_of_concerts DESC",True,,"SELECT T2.name ,  count(*) FROM singer_in_concert AS T1 JOIN singer AS T2 ON T1.singer_id  =  T2.singer_id GROUP BY T2.singer_id",128,True,DeepSeek,1,1,List singer names and number of concerts for each singer.,57,ea,spider_35,results/raw/DeepSeek_spider_ea_20260326_141657.jsonl
True,spider,[true],concert_singer,data/spider/database/concert_singer/concert_singer.sqlite,,False,,True,,"SELECT ""Name"", ""Country"" FROM ""singer"" WHERE ""Song_Name"" LIKE '%Hey%'",True,,"SELECT name ,  country FROM singer WHERE song_name LIKE '%Hey%'",63,True,DeepSeek,1,1,what is the name and nation of the singer who have a song having 'Hey' in its name?,83,ea,spider_39,results/raw/DeepSeek_spider_ea_20260326_141657.jsonl
True,spider,[true],concert_singer,data/spider/database/concert_singer/concert_singer.sqlite,,False,,True,,"SELECT Name, Country FROM singer WHERE Song_Name LIKE '%Hey%'",True,,"SELECT name ,  country FROM singer WHERE song_name LIKE '%Hey%'",63,True,DeepSeek,1,1,What is the name and country of origin of every singer who has a song with the word 'Hey' in its title?,103,ea,spider_40,results/raw/DeepSeek_spider_ea_20260326_141657.jsonl
False,spider,[false],concert_singer,data/spider/database/concert_singer/concert_singer.sqlite,,False,,False,,SELECT DISTINCT s.Name FROM singer s JOIN singer_in_concert sic ON s.Singer_ID = sic.Singer_ID JOIN concert c ON sic.concert_ID = c.concert_ID WHERE c.Year = '2014',True,,SELECT T2.name FROM singer_in_concert AS T1 JOIN singer AS T2 ON T1.singer_id  =  T2.singer_id JOIN concert AS T3 ON T1.concert_id  =  T3.concert_id WHERE T3.year  =  2014,171,True,DeepSeek,1,1,What are the names of the singers who performed in a concert in 2014?,69,ea,spider_38,results/raw/DeepSeek_spider_ea_20260326_141657.jsonl
False,spider,[false],concert_singer,data/spider/database/concert_singer/concert_singer.sqlite,,False,,False,,SELECT DISTINCT s.Name FROM singer s JOIN singer_in_concert sic ON s.Singer_ID = sic.Singer_ID JOIN concert c ON sic.concert_ID = c.concert_ID WHERE c.Year = '2014',True,,SELECT T2.name FROM singer_in_concert AS T1 JOIN singer AS T2 ON T1.singer_id  =  T2.singer_id JOIN concert AS T3 ON T1.concert_id  =  T3.concert_id WHERE T3.year  =  2014,171,True,DeepSeek,1,1,List all singer names in concerts in year 2014.,47,ea,spider_37,results/raw/DeepSeek_spider_ea_20260326_141657.jsonl
True,spider,[true],concert_singer,data/spider/database/concert_singer/concert_singer.sqlite,,False,,True,,"SELECT Location, Name FROM stadium WHERE Capacity BETWEEN 5000 AND 10000",True,,"SELECT LOCATION ,  name FROM stadium WHERE capacity BETWEEN 5000 AND 10000",74,True,DeepSeek,1,1,What are the locations and names of all stations with capacity between 5000 and 10000?,86,ea,spider_15,results/raw/DeepSeek_spider_ea_20260326_141657.jsonl
True,spider,[true],concert_singer,data/spider/database/concert_singer/concert_singer.sqlite,,False,,True,,"SELECT AVG(Capacity) AS average_capacity, MAX(Capacity) AS maximum_capacity FROM stadium",True,,"select avg(capacity) ,  max(capacity) from stadium",50,True,DeepSeek,1,1,What is the average and maximum capacities for all stadiums ?,61,ea,spider_17,results/raw/DeepSeek_spider_ea_20260326_141657.jsonl
False,spider,[false],concert_singer,data/spider/database/concert_singer/concert_singer.sqlite,,False,,False,,"SELECT MAX(Capacity) AS maximum_capacity, AVG(Capacity) AS average_capacity FROM stadium",True,,"select max(capacity), average from stadium",42,True,DeepSeek,1,1,What is the maximum capacity and the average of all stadiums ?,62,ea,spider_16,results/raw/DeepSeek_spider_ea_20260326_141657.jsonl
True,spider,[true],concert_singer,data/spider/database/concert_singer/concert_singer.sqlite,,False,,True,,"SELECT DISTINCT s.Name, s.Location FROM stadium s JOIN concert c ON s.Stadium_ID = c.Stadium_ID WHERE c.Year IN ('2014', '2015') GROUP BY s.Stadium_ID, s.Name, s.Location HAVING COUNT(DISTINCT c.Year) = 2",True,,"SELECT T2.name ,  T2.location FROM concert AS T1 JOIN stadium AS T2 ON T1.stadium_id  =  T2.stadium_id WHERE T1.Year  =  2014 INTERSECT SELECT T2.name ,  T2.location FROM concert AS T1 JOIN stadium AS T2 ON T1.stadium_id  =  T2.stadium_id WHERE T1.Year  =  2015",261,True,DeepSeek,1,1,What are the names and locations of the stadiums that had concerts that occurred in both 2014 and 2015?,103,ea,spider_42,results/raw/DeepSeek_spider_ea_20260326_141657.jsonl
True,spider,[true],concert_singer,data/spider/database/concert_singer/concert_singer.sqlite,,False,,True,,"SELECT DISTINCT s.Name, s.Location FROM stadium s JOIN concert c ON s.Stadium_ID = c.Stadium_ID WHERE c.Year IN ('2014', '2015') GROUP BY s.Stadium_ID, s.Name, s.Location HAVING COUNT(DISTINCT c.Year) = 2",True,,"SELECT T2.name ,  T2.location FROM concert AS T1 JOIN stadium AS T2 ON T1.stadium_id  =  T2.stadium_id WHERE T1.Year  =  2014 INTERSECT SELECT T2.name ,  T2.location FROM concert AS T1 JOIN stadium AS T2 ON T1.stadium_id  =  T2.stadium_id WHERE T1.Year  =  2015",261,True,DeepSeek,1,1,Find the name and location of the stadiums which some concerts happened in the years of both 2014 and 2015.,107,ea,spider_41,results/raw/DeepSeek_spider_ea_20260326_141657.jsonl
True,spider,[true],concert_singer,data/spider/database/concert_singer/concert_singer.sqlite,,False,,True,,SELECT DISTINCT s.Song_Name FROM singer s WHERE s.Age > (SELECT AVG(Age) FROM singer),True,,SELECT song_name FROM singer WHERE age  >  (SELECT avg(age) FROM singer),72,True,DeepSeek,1,1,What are all the song names by singers who are older than average?,66,ea,spider_13,results/raw/DeepSeek_spider_ea_20260326_141657.jsonl
True,spider,[true],concert_singer,data/spider/database/concert_singer/concert_singer.sqlite,,False,,True,,SELECT COUNT(*) FROM concert WHERE Stadium_ID = (SELECT Stadium_ID FROM stadium ORDER BY Capacity DESC LIMIT 1),True,,select count(*) from concert where stadium_id = (select stadium_id from stadium order by capacity desc limit 1),111,True,DeepSeek,1,1,Find the number of concerts happened in the stadium with the highest capacity .,79,ea,spider_43,results/raw/DeepSeek_spider_ea_20260326_141657.jsonl
True,spider,[true],concert_singer,data/spider/database/concert_singer/concert_singer.sqlite,,False,,True,,"SELECT Name, Capacity FROM stadium WHERE Average = (SELECT MAX(Average) FROM stadium)",True,,"SELECT name ,  capacity FROM stadium ORDER BY average DESC LIMIT 1",66,True,DeepSeek,1,1,What is the name and capacity for the stadium with the highest average attendance?,82,ea,spider_19,results/raw/DeepSeek_spider_ea_20260326_141657.jsonl
True,spider,[true],concert_singer,data/spider/database/concert_singer/concert_singer.sqlite,,False,,True,,"SELECT Name, Capacity FROM stadium WHERE Average = (SELECT MAX(Average) FROM stadium)",True,,"SELECT name ,  capacity FROM stadium ORDER BY average DESC LIMIT 1",66,True,DeepSeek,1,1,What is the name and capacity for the stadium with highest average attendance?,78,ea,spider_18,results/raw/DeepSeek_spider_ea_20260326_141657.jsonl
True,spider,[true],concert_singer,data/spider/database/concert_singer/concert_singer.sqlite,,False,,True,,"SELECT s.Name, s.Capacity FROM stadium s JOIN concert c ON s.Stadium_ID = c.Stadium_ID WHERE c.Year >= '2014' GROUP BY s.Stadium_ID, s.Name, s.Capacity ORDER BY COUNT(c.concert_ID) DESC LIMIT 1",True,,"SELECT T2.name ,  T2.capacity FROM concert AS T1 JOIN stadium AS T2 ON T1.stadium_id  =  T2.stadium_id WHERE T1.year  >=  2014 GROUP BY T2.stadium_id ORDER BY count(*) DESC LIMIT 1",180,True,DeepSeek,1,1,Show the stadium name and capacity with most number of concerts in year 2014 or after.,86,ea,spider_24,results/raw/DeepSeek_spider_ea_20260326_141657.jsonl
True,spider,[true],concert_singer,data/spider/database/concert_singer/concert_singer.sqlite,,False,,True,,SELECT COUNT(*) FROM concert WHERE Stadium_ID = (SELECT Stadium_ID FROM stadium ORDER BY Capacity DESC LIMIT 1),True,,select count(*) from concert where stadium_id = (select stadium_id from stadium order by capacity desc limit 1),111,True,DeepSeek,1,1,What are the number of concerts that occurred in the stadium with the largest capacity ?,88,ea,spider_44,results/raw/DeepSeek_spider_ea_20260326_141657.jsonl
True,spider,[true],pets_1,data/spider/database/pets_1/pets_1.sqlite,,False,,True,,SELECT COUNT(*) FROM Pets WHERE weight > 10,True,,SELECT count(*) FROM pets WHERE weight  >  10,45,True,DeepSeek,1,1,Find the number of pets whose weight is heavier than 10.,56,ea,spider_45,results/raw/DeepSeek_spider_ea_20260326_141657.jsonl
True,spider,[true],pets_1,data/spider/database/pets_1/pets_1.sqlite,,False,,True,,SELECT weight FROM Pets WHERE PetType = 'dog' ORDER BY pet_age ASC LIMIT 1,True,,SELECT weight FROM pets ORDER BY pet_age LIMIT 1,48,True,DeepSeek,1,1,Find the weight of the youngest dog.,36,ea,spider_47,results/raw/DeepSeek_spider_ea_20260326_141657.jsonl
True,spider,[true],pets_1,data/spider/database/pets_1/pets_1.sqlite,,False,,True,,SELECT COUNT(*) FROM Pets WHERE weight > 10,True,,SELECT count(*) FROM pets WHERE weight  >  10,45,True,DeepSeek,1,1,How many pets have a greater weight than 10?,44,ea,spider_46,results/raw/DeepSeek_spider_ea_20260326_141657.jsonl
True,spider,[true],pets_1,data/spider/database/pets_1/pets_1.sqlite,,False,,True,,SELECT weight FROM Pets WHERE PetType = 'dog' ORDER BY pet_age ASC LIMIT 1,True,,SELECT weight FROM pets ORDER BY pet_age LIMIT 1,48,True,DeepSeek,1,1,How much does the youngest dog weigh?,37,ea,spider_48,results/raw/DeepSeek_spider_ea_20260326_141657.jsonl
False,spider,[false],pets_1,data/spider/database/pets_1/pets_1.sqlite,,False,,False,,"SELECT PetType, MAX(weight) AS maximum_weight FROM Pets GROUP BY PetType",True,,"SELECT max(weight) ,  petType FROM pets GROUP BY petType",56,True,DeepSeek,1,1,Find the maximum weight for each type of pet. List the maximum weight and pet type.,83,ea,spider_49,results/raw/DeepSeek_spider_ea_20260326_141657.jsonl
False,bird,[false],california_schools,data/bird/dev_databases/california_schools/california_schools.sqlite,moderate,False,Eligible free rates for students aged 5-17 = `Free Meal Count (Ages 5-17)` / `Enrollment (Ages 5-17)`,False,"near ""("": syntax error","WITH eligible_free_rates AS (SELECT s.CDSCode, s.Percent_() Eligible_Free_(Ages_5-17) AS percent FROM schools s WHERE s.StatusType = 'Continuation' AND s.Percent_() Eligible_Free_(Ages_5-17) IS NOT NULL) SELECT ef.percent FROM eligible_free_rates ef ORDER BY ef.percent ASC LIMIT 3",False,,SELECT `Free Meal Count (Ages 5-17)` / `Enrollment (Ages 5-17)` FROM frpm WHERE `Educational Option Type` = 'Continuation School' AND `Free Meal Count (Ages 5-17)` / `Enrollment (Ages 5-17)` IS NOT NULL ORDER BY `Free Meal Count (Ages 5-17)` / `Enrollment (Ages 5-17)` ASC LIMIT 3,280,True,Defog-Llama3-SQLCoder-8B,1,1,Please list the lowest three eligible free rates for students aged 5-17 in continuation schools.,96,ea,bird_1,results/raw/Defog-Llama3-SQLCoder-8B_bird_ea_20260326_142728.jsonl
False,bird,[false],california_schools,data/bird/dev_databases/california_schools/california_schools.sqlite,simple,False,Eligible free rate for K-12 = `Free Meal Count (K-12)` / `Enrollment (K-12)`,False,"near ""("": syntax error","WITH frpm_data AS (SELECT f.CDSCode, f.Percent(%) Eligible Free (K-12) FROM frpm f WHERE f.County Code = 'Alameda') SELECT MAX(fd.Percent(%) Eligible Free (K-12)) AS highest_free_rate FROM frpm_data fd",False,,SELECT `Free Meal Count (K-12)` / `Enrollment (K-12)` FROM frpm WHERE `County Name` = 'Alameda' ORDER BY (CAST(`Free Meal Count (K-12)` AS REAL) / `Enrollment (K-12)`) DESC LIMIT 1,180,True,Defog-Llama3-SQLCoder-8B,1,1,What is the highest eligible free rate for K-12 students in the schools in Alameda County?,90,ea,bird_0,results/raw/Defog-Llama3-SQLCoder-8B_bird_ea_20260326_142728.jsonl
False,bird,[false],california_schools,data/bird/dev_databases/california_schools/california_schools.sqlite,simple,False,,False,"near ""("": syntax error","WITH school_scores AS (SELECT s.CDSCode, AVG(s.AvgScrRead) AS avg_reading_score FROM schools s JOIN frpm f ON s.CDSCode = f.CDSCode WHERE s.StatusType = 'Active' GROUP BY s.CDSCode), highest_reading_score AS (SELECT sc.CDSCode, sc.avg_reading_score FROM school_scores sc ORDER BY sc.avg_reading_score DESC LIMIT 1) SELECT COUNT(f.FRPMCount(Ages 5-17)) AS frpm_count FROM frpm f JOIN highest_reading_score h ON f.CDSCode = h.CDSCode",False,,SELECT T2.`FRPM Count (Ages 5-17)` FROM satscores AS T1 INNER JOIN frpm AS T2 ON T1.cds = T2.CDSCode ORDER BY T1.AvgScrRead DESC LIMIT 1,136,True,Defog-Llama3-SQLCoder-8B,1,1,"For the school with the highest average score in Reading in the SAT test, what is its FRPM count for students aged 5-17?",120,ea,bird_10,results/raw/Defog-Llama3-SQLCoder-8B_bird_ea_20260326_142728.jsonl
False,bird,[false],california_schools,data/bird/dev_databases/california_schools/california_schools.sqlite,simple,False,,False,,"WITH HighestSAT AS (SELECT s.CDSCode FROM schools s JOIN satscores ss ON s.CDSCode = ss.cds WHERE ss.NumTstTakr > 1500 ORDER BY ss.AvgScrRead DESC, ss.AvgScrMath DESC, ss.AvgScrWrite DESC LIMIT 1) SELECT s.Phone FROM HighestSAT h JOIN schools s ON h.CDSCode = s.CDSCode",True,,SELECT T2.Phone FROM satscores AS T1 INNER JOIN schools AS T2 ON T1.cds = T2.CDSCode ORDER BY T1.NumGE1500 DESC LIMIT 1,119,True,Defog-Llama3-SQLCoder-8B,1,1,What is the phone number of the school that has the highest number of test takers with an SAT score of over 1500?,113,ea,bird_7,results/raw/Defog-Llama3-SQLCoder-8B_bird_ea_20260326_142728.jsonl
False,bird,[false],california_schools,data/bird/dev_databases/california_schools/california_schools.sqlite,moderate,False,Excellence rate = NumGE1500 / NumTstTakr; Eligible free rates for students aged 5-17 = `Free Meal Count (Ages 5-17)` / `Enrollment (Ages 5-17)`,False,"near ""("": syntax error","WITH frpm_data AS (SELECT s.CDSCode, s.School, s.Percent(%) Eligible Free (Ages 5-17) AS eligible_free_rate FROM schools s JOIN frpm f ON s.CDSCode = f.CDSCode WHERE s.Percent(%) Eligible FRPM (Ages 5-17) > 0.3), max_eligible_free AS (SELECT MAX(eligible_free_rate) AS max_rate FROM frpm_data) SELECT fd.School, fd.eligible_free_rate FROM frpm_data fd JOIN max_eligible_free m ON fd.eligible_free_rate = m.max_rate ORDER BY fd.eligible_free_rate DESC NULLS LAST LIMIT 1",False,,SELECT MAX(CAST(T1.`Free Meal Count (Ages 5-17)` AS REAL) / T1.`Enrollment (Ages 5-17)`) FROM frpm AS T1 INNER JOIN satscores AS T2 ON T1.CDSCode = T2.cds WHERE CAST(T2.NumGE1500 AS REAL) / T2.NumTstTakr > 0.3,209,True,Defog-Llama3-SQLCoder-8B,1,1,"Among the schools with an SAT excellence rate of over 0.3, what is the highest eligible free rate for students aged 5-17?",121,ea,bird_12,results/raw/Defog-Llama3-SQLCoder-8B_bird_ea_20260326_142728.jsonl
False,bird,[false],california_schools,data/bird/dev_databases/california_schools/california_schools.sqlite,simple,False,,False,no such column: s.AvgScrRead,"WITH school_scores AS (SELECT s.CDSCode, SUM(s.AvgScrRead + s.AvgScrMath + s.AvgScrWrite) / 3.0 AS avg_score FROM schools s JOIN frpm f ON s.CDSCode = f.CDSCode WHERE LOWER(s.County) = 'contra costa' GROUP BY s.CDSCode) SELECT ss.CDSCode, ss.avg_score FROM school_scores ss ORDER BY ss.avg_score DESC NULLS LAST LIMIT 1",False,,SELECT sname FROM satscores WHERE cname = 'Contra Costa' AND sname IS NOT NULL ORDER BY NumTstTakr DESC LIMIT 1,111,True,Defog-Llama3-SQLCoder-8B,1,1,Which school in Contra Costa has the highest number of test takers?,67,ea,bird_22,results/raw/Defog-Llama3-SQLCoder-8B_bird_ea_20260326_142728.jsonl
False,bird,[false],california_schools,data/bird/dev_databases/california_schools/california_schools.sqlite,simple,False,,False,"near ""("": syntax error","WITH frpm_rank AS (SELECT f.CDSCode, f.FRPM Count (K-12) AS FRPM_count FROM frpm f ORDER BY f.FRPM_count DESC LIMIT 1) SELECT s.MailStreet FROM schools s JOIN frpm_rank fr ON s.CDSCode = fr.CDSCode",False,,SELECT T2.MailStreet FROM frpm AS T1 INNER JOIN schools AS T2 ON T1.CDSCode = T2.CDSCode ORDER BY T1.`FRPM Count (K-12)` DESC LIMIT 1,133,True,Defog-Llama3-SQLCoder-8B,1,1,What is the unabbreviated mailing street address of the school with the highest FRPM count for K-12 students?,109,ea,bird_3,results/raw/Defog-Llama3-SQLCoder-8B_bird_ea_20260326_142728.jsonl
False,bird,[false],california_schools,data/bird/dev_databases/california_schools/california_schools.sqlite,simple,False,Charter schools refers to `Charter School (Y/N)` = 1 in the table fprm,False,,SELECT s.Zip FROM schools s JOIN frpm f ON s.CDSCode = f.CDSCode WHERE s.Charter = 1 AND LOWER(s.County) = 'fresno' ORDER BY s.Zip NULLS LAST,True,,SELECT T2.Zip FROM frpm AS T1 INNER JOIN schools AS T2 ON T1.CDSCode = T2.CDSCode WHERE T1.`District Name` = 'Fresno County Office of Education' AND T1.`Charter School (Y/N)` = 1,178,True,Defog-Llama3-SQLCoder-8B,1,1,Please list the zip code of all the charter schools in Fresno County Office of Education.,89,ea,bird_2,results/raw/Defog-Llama3-SQLCoder-8B_bird_ea_20260326_142728.jsonl
False,bird,[false],california_schools,data/bird/dev_databases/california_schools/california_schools.sqlite,simple,False,,False,no such column: f.Free_Meal_Count_K_12,SELECT COUNT(*) AS total_schools FROM frpm f WHERE f.CDSCode IN (SELECT s.CDSCode FROM schools s WHERE LOWER(s.County) = 'los angeles') AND f.Free_Meal_Count_K_12 > 500 AND f.Free_Meal_Count_K_12 < 700,False,,SELECT COUNT(CDSCode) FROM frpm WHERE `County Name` = 'Los Angeles' AND `Free Meal Count (K-12)` > 500 AND `FRPM Count (K-12)`< 700,131,True,Defog-Llama3-SQLCoder-8B,1,1,In Los Angeles how many schools have more than 500 free meals but less than 700 free or reduced price meals for K-12?,117,ea,bird_21,results/raw/Defog-Llama3-SQLCoder-8B_bird_ea_20260326_142728.jsonl
False,bird,[false],california_schools,data/bird/dev_databases/california_schools/california_schools.sqlite,simple,False,,False,no such column: f.FRPM_Count,"WITH frpm_ranked AS (SELECT f.CDSCode, f.FRPM_Count FROM frpm f ORDER BY f.FRPM_Count DESC) SELECT s.NumTstTakr FROM satscores s JOIN frpm_ranked fr ON s.cds = fr.CDSCode LIMIT 1",False,,SELECT NumTstTakr FROM satscores WHERE cds = ( SELECT CDSCode FROM frpm ORDER BY `FRPM Count (K-12)` DESC LIMIT 1 ),115,True,Defog-Llama3-SQLCoder-8B,1,1,What is the number of SAT test takers of the schools with the highest FRPM count for K-12 students?,99,ea,bird_8,results/raw/Defog-Llama3-SQLCoder-8B_bird_ea_20260326_142728.jsonl
False,bird,[false],california_schools,data/bird/dev_databases/california_schools/california_schools.sqlite,moderate,False,Average of average math = sum(average math scores) / count(schools).,False,"near ""Code"": syntax error","WITH avg_math AS (SELECT s.CDSCode, AVG(s.AvgScrMath) AS avg_math FROM schools s JOIN frpm f ON s.CDSCode = f.CDSCode WHERE LOWER(f.County Code) = 'riverside' GROUP BY s.CDSCode HAVING AVG(s.AvgScrMath) > 400) SELECT s.School, s.FundingType FROM schools s JOIN avg_math am ON s.CDSCode = am.CDSCode",False,,"SELECT T1.sname, T2.`Charter Funding Type` FROM satscores AS T1 INNER JOIN frpm AS T2 ON T1.cds = T2.CDSCode WHERE T2.`District Name` LIKE 'Riverside%' GROUP BY T1.sname, T2.`Charter Funding Type` HAVING CAST(SUM(T1.AvgScrMath) AS REAL) / COUNT(T1.cds) > 400",258,True,Defog-Llama3-SQLCoder-8B,1,1,"Name schools in Riverside which the average of average math score for SAT is grater than 400, what is the funding type of these schools?",136,ea,bird_25,results/raw/Defog-Llama3-SQLCoder-8B_bird_ea_20260326_142728.jsonl
False,bird,[false],california_schools,data/bird/dev_databases/california_schools/california_schools.sqlite,simple,False,,False,no such column: f.county_name,SELECT COUNT(*) FROM frpm f WHERE LOWER(f.county_name) = 'amador' AND LOWER(f.low_grade) = '9' AND LOWER(f.high_grade) = '12',False,,SELECT COUNT(T1.`School Name`) FROM frpm AS T1 INNER JOIN schools AS T2 ON T1.CDSCode = T2.CDSCode WHERE T2.County = 'Amador' AND T1.`Low Grade` = 9 AND T1.`High Grade` = 12,173,True,Defog-Llama3-SQLCoder-8B,1,1,How many schools in Amador which the Low Grade is 9 and the High Grade is 12?,77,ea,bird_20,results/raw/Defog-Llama3-SQLCoder-8B_bird_ea_20260326_142728.jsonl
False,bird,[false],california_schools,data/bird/dev_databases/california_schools/california_schools.sqlite,simple,False,,False,no such column: f.NumTstTakr,SELECT COUNT(*) FROM schools s JOIN frpm f ON s.CDSCode = f.CDSCode WHERE LOWER(s.County) = 'fresno' AND s.FundingType = 'directly funded' AND f.NumTstTakr <= 250,False,,SELECT COUNT(T1.CDSCode) FROM frpm AS T1 INNER JOIN satscores AS T2 ON T1.CDSCode = T2.cds WHERE T1.`Charter Funding Type` = 'Directly funded' AND T1.`County Name` = 'Fresno' AND T2.NumTstTakr <= 250,199,True,Defog-Llama3-SQLCoder-8B,1,1,How many schools in Fresno (directly funded) have number of test takers not more than 250?,90,ea,bird_18,results/raw/Defog-Llama3-SQLCoder-8B_bird_ea_20260326_142728.jsonl
False,bird,[false],california_schools,data/bird/dev_databases/california_schools/california_schools.sqlite,moderate,False,Percent eligible for free meals = Free Meal Count (K-12) / Total (Enrollment (K-12),False,"near ""("": syntax error","WITH school_frpm AS (SELECT s.CDSCode, s.School, f.Percent(%) Eligible Free (K-12) FROM schools s JOIN frpm f ON s.CDSCode = f.CDSCode WHERE f.Percent(%) Eligible Free (K-12) > 0.1), test_takers AS (SELECT st.cds, COUNT(*) AS num_test_takers FROM satscores st GROUP BY st.cds HAVING AVG(st.AvgScrRead) >= 1500 AND AVG(st.AvgScrMath) >= 1500 AND AVG(st.AvgScrWrite) >= 1500) SELECT school_frpm.School, test_takers.num_test_takers FROM school_frpm JOIN test_takers ON school_frpm.CDSCode = test_takers.cds",False,,SELECT T2.`School Name` FROM satscores AS T1 INNER JOIN frpm AS T2 ON T1.cds = T2.CDSCode WHERE CAST(T2.`Free Meal Count (K-12)` AS REAL) / T2.`Enrollment (K-12)` > 0.1 AND T1.NumGE1500 > 0,189,True,Defog-Llama3-SQLCoder-8B,1,1,Give the names of the schools with the percent eligible for free meals in K-12 is more than 0.1 and test takers whose test score is greater than or equal to 1500?,162,ea,bird_24,results/raw/Defog-Llama3-SQLCoder-8B_bird_ea_20260326_142728.jsonl
False,bird,[false],california_schools,data/bird/dev_databases/california_schools/california_schools.sqlite,simple,False,,False,no such column: f.NumTstTakr,SELECT COUNT(*) FROM schools s JOIN frpm f ON s.CDSCode = f.CDSCode WHERE s.County = 'Alameda' AND f.NumTstTakr < 100,False,,SELECT COUNT(T1.CDSCode) FROM schools AS T1 INNER JOIN satscores AS T2 ON T1.CDSCode = T2.cds WHERE T1.StatusType = 'Merged' AND T2.NumTstTakr < 100 AND T1.County = 'Lake',171,True,Defog-Llama3-SQLCoder-8B,1,1,How many schools in merged Alameda have number of test takers less than 100?,76,ea,bird_16,results/raw/Defog-Llama3-SQLCoder-8B_bird_ea_20260326_142728.jsonl
False,bird,[false],california_schools,data/bird/dev_databases/california_schools/california_schools.sqlite,moderate,False,"Full communication address should include Street, City, State and zip code if any.",False,"near ""("": syntax error","SELECT s.School, s.MailStreet, s.MailCity, s.MailState, s.MailZip FROM schools s JOIN frpm f ON s.CDSCode = f.CDSCode WHERE s.County = 'Monterey' AND f.Percent(%) Eligible Free (Ages 15-17) > 0.8",False,,"SELECT T1.`School Name`, T2.Street, T2.City, T2.State, T2.Zip FROM frpm AS T1 INNER JOIN schools AS T2 ON T1.CDSCode = T2.CDSCode WHERE T2.County = 'Monterey' AND T1.`Free Meal Count (Ages 5-17)` > 800 AND T1.`School Type` = 'High Schools (Public)'",248,True,Defog-Llama3-SQLCoder-8B,1,1,State the names and full communication address of high schools in Monterey which has more than 800 free or reduced price meals for ages 15-17?,142,ea,bird_26,results/raw/Defog-Llama3-SQLCoder-8B_bird_ea_20260326_142728.jsonl
False,bird,[false],california_schools,data/bird/dev_databases/california_schools/california_schools.sqlite,simple,False,,False,"near ""("": syntax error","WITH school_enrollment AS (SELECT s.CDSCode, SUM(s.Enrollment(Ages 5-17)) AS total_enrollment FROM schools s GROUP BY s.CDSCode) SELECT se.CDSCode, se.total_enrollment FROM school_enrollment se ORDER BY se.total_enrollment DESC LIMIT 5",False,,SELECT T1.NCESSchool FROM schools AS T1 INNER JOIN frpm AS T2 ON T1.CDSCode = T2.CDSCode ORDER BY T2.`Enrollment (Ages 5-17)` DESC LIMIT 5,138,True,Defog-Llama3-SQLCoder-8B,1,1,"List the top five schools, by descending order, from the highest to the lowest, the most number of Enrollment (Ages 5-17). Please give their NCES school identification number.",175,ea,bird_14,results/raw/Defog-Llama3-SQLCoder-8B_bird_ea_20260326_142728.jsonl
False,bird,[false],california_schools,data/bird/dev_databases/california_schools/california_schools.sqlite,simple,False,,False,,WITH math_scores AS (SELECT s.CDSCode FROM schools s JOIN satscores ss ON s.CDSCode = ss.cds WHERE ss.AvgScrMath > 560) SELECT COUNT(DISTINCT ms.CDSCode) FROM math_scores ms,True,,SELECT COUNT(T2.`School Code`) FROM satscores AS T1 INNER JOIN frpm AS T2 ON T1.cds = T2.CDSCode WHERE T1.AvgScrMath > 560 AND T2.`Charter Funding Type` = 'Directly funded',172,True,Defog-Llama3-SQLCoder-8B,1,1,"Among the schools with the average score in Math over 560 in the SAT test, how many schools are directly charter-funded?",120,ea,bird_9,results/raw/Defog-Llama3-SQLCoder-8B_bird_ea_20260326_142728.jsonl
False,bird,[false],california_schools,data/bird/dev_databases/california_schools/california_schools.sqlite,simple,False,,False,"near ""as"": syntax error","WITH avg_scores AS (SELECT s.CDSCode, AVG(s.AvgScrRead) AS average_reading_score FROM schools s WHERE s.StatusType = 'Active' GROUP BY s.CDSCode) SELECT d.DistrictName, as.average_reading_score FROM avg_scores as JOIN frpm f ON as.CDSCode = f.CDSCode JOIN schools s ON f.CDSCode = s.CDSCode JOIN (SELECT CDSCode FROM schools WHERE StatusType = 'Active') AS d ON s.CDSCode = d.CDSCode ORDER BY average_reading_score DESC LIMIT 1",False,,SELECT T1.District FROM schools AS T1 INNER JOIN satscores AS T2 ON T1.CDSCode = T2.cds WHERE T1.StatusType = 'Active' ORDER BY T2.AvgScrRead DESC LIMIT 1,154,True,Defog-Llama3-SQLCoder-8B,1,1,Which active district has the highest average score in Reading?,63,ea,bird_15,results/raw/Defog-Llama3-SQLCoder-8B_bird_ea_20260326_142728.jsonl
False,bird,[false],california_schools,data/bird/dev_databases/california_schools/california_schools.sqlite,moderate,False,,False,no such column: f.FREE_MEAL_COUNT_5_17,SELECT s.Website FROM frpm f JOIN schools s ON f.CDSCode = s.CDSCode WHERE f.FREE_MEAL_COUNT_5_17 BETWEEN 1900 AND 2000,False,,"SELECT T2.Website, T1.`School Name` FROM frpm AS T1 INNER JOIN schools AS T2 ON T1.CDSCode = T2.CDSCode WHERE T1.`Free Meal Count (Ages 5-17)` BETWEEN 1900 AND 2000 AND T2.Website IS NOT NULL",191,True,Defog-Llama3-SQLCoder-8B,1,1,"If there are any, what are the websites address of the schools with a free meal count of 1,900-2,000 to students aged 5-17? Include the name of the school.",155,ea,bird_33,results/raw/Defog-Llama3-SQLCoder-8B_bird_ea_20260326_142728.jsonl
False,bird,[false],california_schools,data/bird/dev_databases/california_schools/california_schools.sqlite,simple,False,K-12 means First-through-twelfth-grade,False,no such column: s.Enrollment,"SELECT s.CDSCode, s.OpenDate FROM schools s WHERE (s.StatusType = 'K-12' OR s.StatusType = 'Elementary') AND s.OpenDate IS NOT NULL ORDER BY s.Enrollment DESC LIMIT 1",False,,SELECT T2.OpenDate FROM frpm AS T1 INNER JOIN schools AS T2 ON T1.CDSCode = T2.CDSCode ORDER BY T1.`Enrollment (K-12)` DESC LIMIT 1,131,True,Defog-Llama3-SQLCoder-8B,1,1,When did the first-through-twelfth-grade school with the largest enrollment open?,81,ea,bird_29,results/raw/Defog-Llama3-SQLCoder-8B_bird_ea_20260326_142728.jsonl
False,bird,[false],california_schools,data/bird/dev_databases/california_schools/california_schools.sqlite,moderate,False,K-12 refers to students in grades 1 through 12; Eligible free rate for K-12 = `Free Meal Count (K-12)` / `Enrollment (K-12)`,False,"near ""("": syntax error","WITH school_enrollment AS (SELECT s.CDSCode, SUM(s.Enrollment) AS total_enrollment FROM schools s GROUP BY s.CDSCode), eligible_free_rate AS (SELECT frpm.CDSCode, AVG(frpm.Percent(%) Eligible Free (K-12)) AS avg_free_rate FROM frpm JOIN school_enrollment se ON frpm.CDSCode = se.CDSCode WHERE se.total_enrollment > 1000 GROUP BY frpm.CDSCode) SELECT efr.CDSCode, efr.avg_free_rate FROM eligible_free_rate efr ORDER BY efr.avg_free_rate DESC LIMIT 10",False,,"SELECT CAST(`Free Meal Count (K-12)` AS REAL) / `Enrollment (K-12)` FROM frpm ORDER BY `Enrollment (K-12)` DESC LIMIT 9, 2",122,True,Defog-Llama3-SQLCoder-8B,1,1,What is the eligible free rate of the 10th and 11th schools with the highest enrolment for students in grades 1 through 12?,123,ea,bird_31,results/raw/Defog-Llama3-SQLCoder-8B_bird_ea_20260326_142728.jsonl
False,bird,[false],california_schools,data/bird/dev_databases/california_schools/california_schools.sqlite,moderate,False,"Execellence Rate = NumGE1500 / NumTstTakr; complete address has Street, City, State, Zip code",False,no such column: s.AvgScrRead,"SELECT s.Street, s.City, s.Zip, s.State FROM schools s ORDER BY s.AvgScrRead ASC LIMIT 1",False,,"SELECT T2.Street, T2.City, T2.State, T2.Zip FROM satscores AS T1 INNER JOIN schools AS T2 ON T1.cds = T2.CDSCode ORDER BY CAST(T1.NumGE1500 AS REAL) / T1.NumTstTakr ASC LIMIT 1",176,True,Defog-Llama3-SQLCoder-8B,1,1,"What is the complete address of the school with the lowest excellence rate? Indicate the Street, City, Zip and State.",117,ea,bird_37,results/raw/Defog-Llama3-SQLCoder-8B_bird_ea_20260326_142728.jsonl
False,bird,[false],california_schools,data/bird/dev_databases/california_schools/california_schools.sqlite,simple,False,Excellence rate = NumGE1500 / NumTstTakr,False,no such column: s.AvgScrRead,"WITH school_scores AS (SELECT s.CDSCode, AVG(s.AvgScrRead) AS avg_read_score FROM schools s JOIN SATScores ss ON s.CDSCode = ss.cds GROUP BY s.CDSCode), top_schools AS (SELECT sc.CDSCode, sc.avg_read_score FROM school_scores sc ORDER BY sc.avg_read_score DESC LIMIT 3) SELECT s.Phone FROM schools s JOIN top_schools ts ON s.CDSCode = ts.CDSCode",False,,SELECT T1.Phone FROM schools AS T1 INNER JOIN satscores AS T2 ON T1.CDSCode = T2.cds ORDER BY CAST(T2.NumGE1500 AS REAL) / T2.NumTstTakr DESC LIMIT 3,149,True,Defog-Llama3-SQLCoder-8B,1,1,Please list the phone numbers of the schools with the top 3 SAT excellence rate.,80,ea,bird_13,results/raw/Defog-Llama3-SQLCoder-8B_bird_ea_20260326_142728.jsonl
False,bird,[false],california_schools,data/bird/dev_databases/california_schools/california_schools.sqlite,moderate,False,Charted school means `Charter School (Y/N)` = 1 in the table frpm; Students enrolled in grades 1 through 12 refers to `Enrollment (K-12)`,False,"near ""("": syntax error",SELECT s.AdmEmail1 FROM schools s JOIN frpm f ON s.CDSCode = f.CDSCode WHERE s.Charter = 1 ORDER BY f.Enrollment (K-12) ASC LIMIT 1,False,,SELECT T2.AdmEmail1 FROM frpm AS T1 INNER JOIN schools AS T2 ON T1.CDSCode = T2.CDSCode WHERE T1.`Charter School (Y/N)` = 1 ORDER BY T1.`Enrollment (K-12)` ASC LIMIT 1,167,True,Defog-Llama3-SQLCoder-8B,1,1,What is the administrator's email address of the chartered school with the fewest students enrolled in grades 1 through 12?,123,ea,bird_35,results/raw/Defog-Llama3-SQLCoder-8B_bird_ea_20260326_142728.jsonl
False,bird,[false],california_schools,data/bird/dev_databases/california_schools/california_schools.sqlite,simple,False,,False,no such column: s.AvgScrMath,"WITH math_scores AS (SELECT s.CDSCode, AVG(s.AvgScrMath) AS avg_math FROM schools s GROUP BY s.CDSCode), highest_avg AS (SELECT MAX(avg_math) AS max_avg FROM math_scores) SELECT m.CDSCode, m.avg_math FROM math_scores m JOIN highest_avg h ON m.avg_math = h.max_avg ORDER BY m.avg_math DESC LIMIT 1",False,,SELECT T2.EdOpsName FROM satscores AS T1 INNER JOIN schools AS T2 ON T1.cds = T2.CDSCode ORDER BY T1.AvgScrMath DESC LIMIT 1,124,True,Defog-Llama3-SQLCoder-8B,1,1,What is the type of education offered in the school who scored the highest average in Math?,91,ea,bird_42,results/raw/Defog-Llama3-SQLCoder-8B_bird_ea_20260326_142728.jsonl
False,bird,[false],california_schools,data/bird/dev_databases/california_schools/california_schools.sqlite,moderate,False,Average score for all subjects can be computed by AvgScrMath + AvgScrRead + AvgScrWrite,False,no such column: s.AvgScrMath,"WITH avg_scores AS (SELECT s.CDSCode, AVG(s.AvgScrRead) + AVG(s.AvgScrMath) + AVG(s.AvgScrWrite) / 3 AS average_score FROM schools s GROUP BY s.CDSCode), lowest_avg AS (SELECT ac.CDSCode FROM avg_scores ac ORDER BY ac.average_score ASC LIMIT 1) SELECT s.CDSCode, s.County, s.AvgScrMath FROM schools s JOIN lowest_avg la ON s.CDSCode = la.CDSCode",False,,"SELECT T1.AvgScrMath, T2.County FROM satscores AS T1 INNER JOIN schools AS T2 ON T1.cds = T2.CDSCode WHERE T1.AvgScrMath IS NOT NULL ORDER BY T1.AvgScrMath + T1.AvgScrRead + T1.AvgScrWrite ASC LIMIT 1",200,True,Defog-Llama3-SQLCoder-8B,1,1,"What is the average math score of the school with the lowest average score for all subjects, and in which county is it located?",127,ea,bird_43,results/raw/Defog-Llama3-SQLCoder-8B_bird_ea_20260326_142728.jsonl
False,bird,[false],california_schools,data/bird/dev_databases/california_schools/california_schools.sqlite,moderate,False,grades 1-12 means K-12; Eligible free or reduced price meal rate for K-12 = `FRPM Count (K-12)` / `Enrollment (K-12)`,False,no such column: s.FRPM_Count,"WITH school_meals AS (SELECT s.CDSCode, SUM(s.FRPM_Count) AS total_FRPM FROM schools s WHERE s.Magnet = 66 GROUP BY s.CDSCode), ranked_schools AS (SELECT sm.CDSCode, sm.total_FRPM, RANK() OVER (ORDER BY sm.total_FRPM DESC) AS rank FROM school_meals sm) SELECT rs.CDSCode, rs.total_FRPM, rs.rank FROM ranked_schools rs WHERE rs.rank <= 5 ORDER BY rs.total_FRPM DESC NULLS LAST",False,,SELECT CAST(T1.`FRPM Count (K-12)` AS REAL) / T1.`Enrollment (K-12)` FROM frpm AS T1 INNER JOIN schools AS T2 ON T1.CDSCode = T2.CDSCode WHERE T2.SOC = 66 ORDER BY T1.`FRPM Count (K-12)` DESC LIMIT 5,199,True,Defog-Llama3-SQLCoder-8B,1,1,What is the eligible free or reduced price meal rate for the top 5 schools in grades 1-12 with the highest free or reduced price meal count of the schools with the ownership code 66?,182,ea,bird_32,results/raw/Defog-Llama3-SQLCoder-8B_bird_ea_20260326_142728.jsonl
False,bird,[false],california_schools,data/bird/dev_databases/california_schools/california_schools.sqlite,simple,False,Magnet schools or offer a magnet program means that Magnet = 1,False,,SELECT s.CDSCode FROM schools s JOIN frpm f ON s.CDSCode = f.CDSCode JOIN SATscores ss ON s.CDSCode = ss.cds WHERE ss.NumTstTakr > 500 AND (s.Magnet = 1 OR s.GSoffered LIKE '%magnet%'),True,,SELECT T2.School FROM satscores AS T1 INNER JOIN schools AS T2 ON T1.cds = T2.CDSCode WHERE T2.Magnet = 1 AND T1.NumTstTakr > 500,129,True,Defog-Llama3-SQLCoder-8B,1,1,"Among the schools with the SAT test takers of over 500, please list the schools that are magnet schools or offer a magnet program.",130,ea,bird_6,results/raw/Defog-Llama3-SQLCoder-8B_bird_ea_20260326_142728.jsonl
False,bird,[false],california_schools,data/bird/dev_databases/california_schools/california_schools.sqlite,moderate,False,Charter schools refers to `Charter School (Y/N)` = 1 in the frpm,False,,SELECT s.Phone FROM schools s WHERE s.StatusType = 'Charter' AND s.OpenDate > '2000-01-01' ORDER BY s.Phone NULLS LAST,True,,SELECT T2.Phone FROM frpm AS T1 INNER JOIN schools AS T2 ON T1.CDSCode = T2.CDSCode WHERE T1.`Charter Funding Type` = 'Directly funded' AND T1.`Charter School (Y/N)` = 1 AND T2.OpenDate > '2000-01-01',200,True,Defog-Llama3-SQLCoder-8B,1,1,Please list the phone numbers of the direct charter-funded schools that are opened after 2000/1/1.,98,ea,bird_4,results/raw/Defog-Llama3-SQLCoder-8B_bird_ea_20260326_142728.jsonl
False,bird,[false],california_schools,data/bird/dev_databases/california_schools/california_schools.sqlite,simple,False,,False,no such column: s.AvgScrWrite,"WITH school_scores AS (SELECT s.CDSCode, AVG(s.AvgScrWrite) AS avg_write_score FROM schools s JOIN satscores ss ON s.CDSCode = ss.cds WHERE ss.NumGE1500 IS NOT NULL GROUP BY s.CDSCode), highest_test_takers AS (SELECT sc.CDSCode, COUNT(*) AS num_test_takers FROM school_scores sc JOIN satscores ss ON sc.CDSCode = ss.cds WHERE ss.NumGE1500 IS NOT NULL GROUP BY sc.CDSCode) SELECT city, avg_write_score FROM schools s JOIN highest_test_takers ht ON s.CDSCode = ht.CDSCode ORDER BY num_test_takers DESC LIMIT 1",False,,"SELECT T1.AvgScrWrite, T2.City FROM satscores AS T1 INNER JOIN schools AS T2 ON T1.cds = T2.CDSCode ORDER BY T1.NumGE1500 DESC LIMIT 1",134,True,Defog-Llama3-SQLCoder-8B,1,1,What is the average writing score of the school who has the highest number of test takers whose total SAT sscores are greater or equal to 1500? Indicate the city to where the school is situated.,194,ea,bird_44,results/raw/Defog-Llama3-SQLCoder-8B_bird_ea_20260326_142728.jsonl
False,bird,[false],california_schools,data/bird/dev_databases/california_schools/california_schools.sqlite,moderate,False,Eligible free rates for students aged 5-17 = `Free Meal Count (Ages 5-17)` / `Enrollment (Ages 5-17)`,False,"near ""AS"": syntax error",SELECT sfrpm.percent_ eligible_free_ages_5_17 AS free_rate FROM frpm sfrpm JOIN schools s ON sfrpm.cdscode = s.cdscode WHERE sfrpm.age_range = 'Ages 5-17' AND s.adm_fname1 ilike '%Kacey%Gibson%',False,,SELECT CAST(T2.`Free Meal Count (Ages 5-17)` AS REAL) / T2.`Enrollment (Ages 5-17)` FROM schools AS T1 INNER JOIN frpm AS T2 ON T1.CDSCode = T2.CDSCode WHERE T1.AdmFName1 = 'Kacey' AND T1.AdmLName1 = 'Gibson',208,True,Defog-Llama3-SQLCoder-8B,1,1,What is the free rate for students between the ages of 5 and 17 at the school run by Kacey Gibson?,98,ea,bird_34,results/raw/Defog-Llama3-SQLCoder-8B_bird_ea_20260326_142728.jsonl
False,bird,[false],california_schools,data/bird/dev_databases/california_schools/california_schools.sqlite,simple,False,Exclusively virtual refers to Virtual = 'F',False,,SELECT COUNT(*) AS total_schools FROM schools s JOIN satscores ss ON s.CDSCode = ss.cds WHERE ss.AvgScrMath > 400 AND s.Virtual IS NOT NULL,True,,SELECT COUNT(DISTINCT T2.School) FROM satscores AS T1 INNER JOIN schools AS T2 ON T1.cds = T2.CDSCode WHERE T2.Virtual = 'F' AND T1.AvgScrMath > 400,148,True,Defog-Llama3-SQLCoder-8B,1,1,How many schools with an average score in Math greater than 400 in the SAT test are exclusively virtual?,104,ea,bird_5,results/raw/Defog-Llama3-SQLCoder-8B_bird_ea_20260326_142728.jsonl
False,bird,[false],california_schools,data/bird/dev_databases/california_schools/california_schools.sqlite,challenging,False,"full name means first name, last name; There are at most 3 administrators for each school; SAT Scores are greater or equal to 1500 refers to NumGE1500",False,,"WITH school_admins AS (SELECT s.CDSCode, s.AdmFName1 || ' ' || s.AdmLName1 AS admin_name FROM schools s), sat_scores AS (SELECT ss.cds, COUNT(*) AS num_students FROM satscores ss WHERE ss.NumGE1500 IS NOT NULL GROUP BY ss.cds) SELECT sa.admin_name, MAX(ss.num_students) AS max_students FROM school_admins sa JOIN sat_scores ss ON sa.CDSCode = ss.cds GROUP BY sa.admin_name ORDER BY max_students DESC LIMIT 1",True,,"SELECT T2.AdmFName1, T2.AdmLName1, T2.AdmFName2, T2.AdmLName2, T2.AdmFName3, T2.AdmLName3 FROM satscores AS T1 INNER JOIN schools AS T2 ON T1.cds = T2.CDSCode ORDER BY T1.NumGE1500 DESC LIMIT 1",193,True,Defog-Llama3-SQLCoder-8B,1,1,Under whose administration is the school with the highest number of students scoring 1500 or more on the SAT? Indicate their full names.,136,ea,bird_36,results/raw/Defog-Llama3-SQLCoder-8B_bird_ea_20260326_142728.jsonl
False,bird,[false],california_schools,data/bird/dev_databases/california_schools/california_schools.sqlite,simple,False,Valid charter number means the number is not null,False,no such column: s.AvgScrWrite,"WITH ranked_schools AS (SELECT s.CDSCode, AVG(s.AvgScrWrite) AS avg_score FROM schools s WHERE s.AvgScrWrite > 499 GROUP BY s.CDSCode) SELECT rs.CDSCode, rs.avg_score, s.CharterNum FROM ranked_schools rs JOIN schools s ON rs.CDSCode = s.CDSCode ORDER BY rs.avg_score DESC NULLS LAST",False,,"SELECT CharterNum, AvgScrWrite, RANK() OVER (ORDER BY AvgScrWrite DESC) AS WritingScoreRank FROM schools AS T1  INNER JOIN satscores AS T2 ON T1.CDSCode = T2.cds WHERE T2.AvgScrWrite > 499 AND CharterNum is not null",215,True,Defog-Llama3-SQLCoder-8B,1,1,"Rank schools by their average score in Writing where the score is greater than 499, showing their charter numbers.",114,ea,bird_17,results/raw/Defog-Llama3-SQLCoder-8B_bird_ea_20260326_142728.jsonl
False,bird,[false],california_schools,data/bird/dev_databases/california_schools/california_schools.sqlite,simple,False,,False,no such column: f.NumTstTakr,SELECT s.Website FROM schools s JOIN frpm f ON s.CDSCode = f.CDSCode WHERE s.County = 'Los Angeles County' AND f.NumTstTakr BETWEEN 2000 AND 3000,False,,SELECT T2.Website FROM satscores AS T1 INNER JOIN schools AS T2 ON T1.cds = T2.CDSCode WHERE T1.NumTstTakr BETWEEN 2000 AND 3000 AND T2.County = 'Los Angeles',158,True,Defog-Llama3-SQLCoder-8B,1,1,"What are the webpages for the Los Angeles County school that has between 2,000 and 3,000 test takers?",101,ea,bird_38,results/raw/Defog-Llama3-SQLCoder-8B_bird_ea_20260326_142728.jsonl
False,bird,[false],california_schools,data/bird/dev_databases/california_schools/california_schools.sqlite,simple,False,Total enrollment can be represented by `Enrollment (K-12)` + `Enrollment (Ages 5-17)`,False,"near ""("": syntax error",SELECT s.CDSCode FROM schools s WHERE (s.Enrollment (K-12) + s.Enrollment (Ages 5-17)) > 500,False,,SELECT T2.CDSCode FROM schools AS T1 INNER JOIN frpm AS T2 ON T1.CDSCode = T2.CDSCode WHERE T2.`Enrollment (K-12)` + T2.`Enrollment (Ages 5-17)` > 500,150,True,Defog-Llama3-SQLCoder-8B,1,1,Please list the codes of the schools with a total enrollment of over 500.,73,ea,bird_11,results/raw/Defog-Llama3-SQLCoder-8B_bird_ea_20260326_142728.jsonl
False,bird,[false],california_schools,data/bird/dev_databases/california_schools/california_schools.sqlite,challenging,False,Difference between K-12 enrollment and 15-17 enrollment can be computed by `Enrollment (K-12)` - `Enrollment (Ages 5-17)`,False,"near ""("": syntax error","WITH avg_diff AS (SELECT AVG(schools.Enrollment (K-12) - schools.Enrollment (Ages 5-17)) AS average_difference FROM schools WHERE schools.Magnet = 0), school_info AS (SELECT schools.CDSCode, schools.DOC, schools.DOCType, schools.Enrollment (K-12) - schools.Enrollment (Ages 5-17) AS enrollment_diff FROM schools JOIN avg_diff ON TRUE WHERE schools.Magnet = 0) SELECT school_info.CDSCode, school_info.DOC, school_info.DOCType FROM school_info WHERE school_info.enrollment_diff > (SELECT average_difference FROM avg_diff)",False,,"SELECT T2.School, T2.DOC FROM frpm AS T1 INNER JOIN schools AS T2 ON T1.CDSCode = T2.CDSCode WHERE T2.FundingType = 'Locally funded' AND (T1.`Enrollment (K-12)` - T1.`Enrollment (Ages 5-17)`) > (SELECT AVG(T3.`Enrollment (K-12)` - T3.`Enrollment (Ages 5-17)`) FROM frpm AS T3 INNER JOIN schools AS T4 ON T3.CDSCode = T4.CDSCode WHERE T4.FundingType = 'Locally funded')",368,True,Defog-Llama3-SQLCoder-8B,1,1,"Consider the average difference between K-12 enrollment and 15-17 enrollment of schools that are locally funded, list the names and DOC type of schools which has a difference above this average.",194,ea,bird_28,results/raw/Defog-Llama3-SQLCoder-8B_bird_ea_20260326_142728.jsonl
False,bird,[false],california_schools,data/bird/dev_databases/california_schools/california_schools.sqlite,moderate,False,"Usually, administrators manage the school stuff.",False,no such column: s.AvgScrWrite,"SELECT s.School, AVG(s.AvgScrWrite) AS Avg_Writing_Score FROM schools s WHERE LOWER(s.AdmFName1) = 'ricci' AND LOWER(s.AdmLName1) = 'ulrich' GROUP BY s.School ORDER BY Avg_Writing_Score DESC NULLS LAST",False,,"SELECT T2.School, T1.AvgScrWrite FROM satscores AS T1 INNER JOIN schools AS T2 ON T1.cds = T2.CDSCode WHERE T2.AdmFName1 = 'Ricci' AND T2.AdmLName1 = 'Ulrich'",158,True,Defog-Llama3-SQLCoder-8B,1,1,What is the average writing score of each of the schools managed by Ricci Ulrich? List the schools and the corresponding average writing scores.,144,ea,bird_45,results/raw/Defog-Llama3-SQLCoder-8B_bird_ea_20260326_142728.jsonl
False,bird,[false],california_schools,data/bird/dev_databases/california_schools/california_schools.sqlite,simple,False,State Special Schools refers to DOC = 31; Grades 1 through 12 means K-12,False,no such column: s.Enrollment,"WITH state_enrollment AS (SELECT s.State, SUM(s.Enrollment) AS total_enrollment FROM schools s WHERE s.StatusType = 'Special' GROUP BY s.State), highest_enrollment AS (SELECT se.State, MAX(se.total_enrollment) AS max_total_enrollment FROM state_enrollment se GROUP BY se.State) SELECT he.State, he.max_total_enrollment FROM highest_enrollment he ORDER BY he.max_total_enrollment DESC NULLS LAST LIMIT 1",False,,SELECT T2.School FROM frpm AS T1 INNER JOIN schools AS T2 ON T1.CDSCode = T2.CDSCode WHERE T2.DOC = 31 ORDER BY T1.`Enrollment (K-12)` DESC LIMIT 1,147,True,Defog-Llama3-SQLCoder-8B,1,1,Which state special schools have the highest number of enrollees from grades 1 through 12?,90,ea,bird_46,results/raw/Defog-Llama3-SQLCoder-8B_bird_ea_20260326_142728.jsonl
False,bird,[false],california_schools,data/bird/dev_databases/california_schools/california_schools.sqlite,simple,False,Exclusively virtual refers to Virtual = 'F'; respective counties means PARTITION BY County,False,no such column: s.AvgScrRead,"WITH county_scores AS (SELECT s.CDSCode, AVG(s.AvgScrRead) AS avg_read_score FROM schools s WHERE s.Virtual = 'Y' GROUP BY s.CDSCode), top_5 AS (SELECT cs.CDSCode, cs.avg_read_score FROM county_scores cs ORDER BY cs.avg_read_score DESC LIMIT 5) SELECT s.School, s.County FROM schools s JOIN top_5 t ON s.CDSCode = t.CDSCode WHERE s.Virtual = 'Y'",False,,"SELECT School FROM (SELECT T2.School,T1.AvgScrRead, RANK() OVER (PARTITION BY T2.County ORDER BY T1.AvgScrRead DESC) AS rnk FROM satscores AS T1 INNER JOIN schools AS T2 ON T1.cds = T2.CDSCode WHERE T2.Virtual = 'F' ) ranked_schools WHERE rnk <= 5",247,True,Defog-Llama3-SQLCoder-8B,1,1,List the names of virtual schools that are among the top 5 in their respective counties based on average reading scores.,120,ea,bird_41,results/raw/Defog-Llama3-SQLCoder-8B_bird_ea_20260326_142728.jsonl
False,bird,[false],california_schools,data/bird/dev_databases/california_schools/california_schools.sqlite,moderate,False,Elementary School District refers to DOC = 52; Monthly average number of schools that opened in 1980 = count(schools that opened in 1980) / 12,False,"near ""FROM"": syntax error",SELECT COUNT(s.CDSCode) / 12 AS avg_openings_per_month FROM schools s WHERE s.County = 'Alameda' AND s.StatusType = 'Elementary School District' AND EXTRACT(YEAR FROM s.OpenDate) = 1980,False,,"SELECT CAST(COUNT(School) AS REAL) / 12 FROM schools WHERE DOC = 52 AND County = 'Alameda' AND strftime('%Y', OpenDate) = '1980'",128,True,Defog-Llama3-SQLCoder-8B,1,1,What is the monthly average number of schools that opened in Alameda County under the jurisdiction of the Elementary School District in 1980?,141,ea,bird_47,results/raw/Defog-Llama3-SQLCoder-8B_bird_ea_20260326_142728.jsonl
True,bird,[true],california_schools,data/bird/dev_databases/california_schools/california_schools.sqlite,simple,False,,True,,SELECT s.Phone FROM schools s JOIN satscores ss ON s.CDSCode = ss.cds ORDER BY ss.AvgScrMath DESC LIMIT 1,True,,SELECT T1.Phone FROM schools AS T1 INNER JOIN satscores AS T2 ON T1.CDSCode = T2.cds ORDER BY T2.AvgScrMath DESC LIMIT 1,120,True,Defog-Llama3-SQLCoder-8B,1,1,What is the phone number of the school that has the highest average score in Math?,82,ea,bird_19,results/raw/Defog-Llama3-SQLCoder-8B_bird_ea_20260326_142728.jsonl
False,bird,[false],california_schools,data/bird/dev_databases/california_schools/california_schools.sqlite,moderate,False,Diffrence in enrollement = `Enrollment (K-12)` - `Enrollment (Ages 5-17)`,False,"near ""("": syntax error","SELECT s.School, s.Street, s.City, s.Zip FROM schools s JOIN frpm f ON s.CDSCode = f.CDSCode WHERE (f.Enrollment (K-12) - f.Enrollment (Ages 5-17)) > 30 ORDER BY (f.Enrollment (K-12) - f.Enrollment (Ages 5-17)) DESC NULLS LAST",False,,"SELECT T1.School, T1.Street FROM schools AS T1 INNER JOIN frpm AS T2 ON T1.CDSCode = T2.CDSCode WHERE T2.`Enrollment (K-12)` - T2.`Enrollment (Ages 5-17)` > 30",159,True,Defog-Llama3-SQLCoder-8B,1,1,List the names of schools with more than 30 difference in enrollements between K-12 and ages 5-17? Please also give the full street adress of the schools.,154,ea,bird_23,results/raw/Defog-Llama3-SQLCoder-8B_bird_ea_20260326_142728.jsonl
False,bird,[false],california_schools,data/bird/dev_databases/california_schools/california_schools.sqlite,simple,False,K-12 refers to students in grades 1 through 12.,False,no such column: s.Enrollment,"WITH city_enrollment AS (SELECT s.City, SUM(s.Enrollment) AS total_enrollment FROM schools s WHERE s.StatusType = 'Open' GROUP BY s.City) SELECT ce.City, ce.total_enrollment FROM city_enrollment ce ORDER BY ce.total_enrollment ASC LIMIT 5",False,,SELECT T2.City FROM frpm AS T1 INNER JOIN schools AS T2 ON T1.CDSCode = T2.CDSCode GROUP BY T2.City ORDER BY SUM(T1.`Enrollment (K-12)`) ASC LIMIT 5,148,True,Defog-Llama3-SQLCoder-8B,1,1,Which cities have the top 5 lowest enrollment number for students in grades 1 through 12?,89,ea,bird_30,results/raw/Defog-Llama3-SQLCoder-8B_bird_ea_20260326_142728.jsonl
False,bird,[false],california_schools,data/bird/dev_databases/california_schools/california_schools.sqlite,moderate,False,Fresno Unified is a name of district;,False,,SELECT s.Phone FROM schools s JOIN frpm f ON s.CDSCode = f.CDSCode JOIN satscores ss ON s.CDSCode = ss.cds WHERE s.County = 'Fresno Unified' AND ss.AvgScrRead IS NULL ORDER BY ss.AvgScrRead ASC LIMIT 1,True,,SELECT T2.Phone FROM satscores AS T1 INNER JOIN schools AS T2 ON T1.cds = T2.CDSCode WHERE T2.District = 'Fresno Unified' AND T1.AvgScrRead IS NOT NULL ORDER BY T1.AvgScrRead ASC LIMIT 1,186,True,Defog-Llama3-SQLCoder-8B,1,1,What is the telephone number for the school with the lowest average score in reading in Fresno Unified?,103,ea,bird_40,results/raw/Defog-Llama3-SQLCoder-8B_bird_ea_20260326_142728.jsonl
False,bird,[false],california_schools,data/bird/dev_databases/california_schools/california_schools.sqlite,moderate,False,Elementary School District refers to DOC = 52; Unified School District refers to DOC = 54.,False,,"WITH merged_districts AS (SELECT s.CDSCode FROM schools s WHERE s.StatusType = 'Merged' AND s.County = 'Orange County'), merged_elementary AS (SELECT s.CDSCode FROM schools s WHERE s.StatusType = 'Merged' AND s.District = 'Elementary School District') SELECT CAST(COUNT(DISTINCT md.CDSCode) AS FLOAT) / NULLIF(COUNT(DISTINCT me.CDSCode), 0) AS ratio FROM merged_districts md, merged_elementary me",True,,SELECT CAST(SUM(CASE WHEN DOC = 54 THEN 1 ELSE 0 END) AS REAL) / SUM(CASE WHEN DOC = 52 THEN 1 ELSE 0 END) FROM schools WHERE StatusType = 'Merged' AND County = 'Orange',169,True,Defog-Llama3-SQLCoder-8B,1,1,What is the ratio of merged Unified School District schools in Orange County to merged Elementary School District schools?,122,ea,bird_48,results/raw/Defog-Llama3-SQLCoder-8B_bird_ea_20260326_142728.jsonl
True,bird,[true],california_schools,data/bird/dev_databases/california_schools/california_schools.sqlite,simple,False,between 1/1/1980 and 12/31/1980 means the year = 1980,True,,SELECT AVG(satscores.NumTstTakr) AS average_test_takers FROM satscores JOIN schools ON satscores.cds = schools.CDSCode WHERE schools.County = 'Fresno' AND schools.OpenDate BETWEEN '1980-01-01' AND '1980-12-31',True,,"SELECT AVG(T1.NumTstTakr) FROM satscores AS T1 INNER JOIN schools AS T2 ON T1.cds = T2.CDSCode WHERE strftime('%Y', T2.OpenDate) = '1980' AND T2.County = 'Fresno'",162,True,Defog-Llama3-SQLCoder-8B,1,1,What is the average number of test takers from Fresno schools that opened between 1/1/1980 and 12/31/1980?,106,ea,bird_39,results/raw/Defog-Llama3-SQLCoder-8B_bird_ea_20260326_142728.jsonl
False,bird,[false],california_schools,data/bird/dev_databases/california_schools/california_schools.sqlite,moderate,False,Closure date and closed date are synonyms; 'Closed' was mentioned in schools.StatusType.,False,no such column: c.County,"WITH closed_schools AS (SELECT s.CDSCode, s.School, s.ClosedDate FROM schools s WHERE s.StatusType = 'Closed') SELECT COUNT(*) AS number_of_closed_schools, c.County, c.School, c.ClosedDate FROM closed_schools c GROUP BY c.County, c.School, c.ClosedDate ORDER BY number_of_closed_schools DESC LIMIT 1",False,,"SELECT DISTINCT County, School, ClosedDate FROM schools WHERE County = ( SELECT County FROM schools WHERE StatusType = 'Closed' GROUP BY County ORDER BY COUNT(School) DESC LIMIT 1 ) AND StatusType = 'Closed' AND school IS NOT NULL",230,True,Defog-Llama3-SQLCoder-8B,1,1,Which different county has the most number of closed schools? Please provide the name of each school as well as the closure date.,129,ea,bird_49,results/raw/Defog-Llama3-SQLCoder-8B_bird_ea_20260326_142728.jsonl
False,bird,[false],california_schools,data/bird/dev_databases/california_schools/california_schools.sqlite,moderate,False,Communication number refers to phone number.,False,no such column: s.AvgScrWrite,"SELECT s.School, AVG(s.AvgScrWrite) AS avg_score FROM schools s WHERE (s.OpenDate > '1991-01-01' OR s.ClosedDate < '2000-01-01') GROUP BY s.School ORDER BY avg_score DESC NULLS LAST",False,,"SELECT T2.School, T1.AvgScrWrite, T2.Phone FROM schools AS T2 LEFT JOIN satscores AS T1 ON T2.CDSCode = T1.cds WHERE strftime('%Y', T2.OpenDate) > '1991' OR strftime('%Y', T2.ClosedDate) < '2000'",195,True,Defog-Llama3-SQLCoder-8B,1,1,"What is the average score in writing for the schools that were opened after 1991 or closed before 2000? List the school names along with the score. Also, list the communication number of the schools if there is any.",215,ea,bird_27,results/raw/Defog-Llama3-SQLCoder-8B_bird_ea_20260326_142728.jsonl
True,spider,[true],concert_singer,data/spider/database/concert_singer/concert_singer.sqlite,,False,,True,,SELECT COUNT(DISTINCT s.Singer_ID) AS singer_count FROM singer s,True,,SELECT count(*) FROM singer,27,True,Defog-Llama3-SQLCoder-8B,1,1,How many singers do we have?,28,ea,spider_0,results/raw/Defog-Llama3-SQLCoder-8B_spider_ea_20260326_142617.jsonl
True,spider,[true],concert_singer,data/spider/database/concert_singer/concert_singer.sqlite,,False,,True,,SELECT COUNT(DISTINCT s.Singer_ID) AS total_singers FROM singer s,True,,SELECT count(*) FROM singer,27,True,Defog-Llama3-SQLCoder-8B,1,1,What is the total number of singers?,36,ea,spider_1,results/raw/Defog-Llama3-SQLCoder-8B_spider_ea_20260326_142617.jsonl
True,spider,[true],concert_singer,data/spider/database/concert_singer/concert_singer.sqlite,,False,,True,,SELECT s.Song_Name FROM singer s WHERE s.Age > (SELECT AVG(s2.Age) FROM singer s2),True,,SELECT song_name FROM singer WHERE age  >  (SELECT avg(age) FROM singer),72,True,Defog-Llama3-SQLCoder-8B,1,1,List all song names by singers above the average age.,53,ea,spider_12,results/raw/Defog-Llama3-SQLCoder-8B_spider_ea_20260326_142617.jsonl
True,spider,[true],concert_singer,data/spider/database/concert_singer/concert_singer.sqlite,,False,,True,,"SELECT s.Name AS name, s.Country AS country, s.Age AS age FROM singer s ORDER BY age DESC",True,,"SELECT name ,  country ,  age FROM singer ORDER BY age DESC",59,True,Defog-Llama3-SQLCoder-8B,1,1,"Show name, country, age for all singers ordered by age from the oldest to the youngest.",87,ea,spider_2,results/raw/Defog-Llama3-SQLCoder-8B_spider_ea_20260326_142617.jsonl
True,spider,[true],concert_singer,data/spider/database/concert_singer/concert_singer.sqlite,,False,,True,,"SELECT s.Name, s.Country, s.Age FROM singer s ORDER BY s.Age DESC",True,,"SELECT name ,  country ,  age FROM singer ORDER BY age DESC",59,True,Defog-Llama3-SQLCoder-8B,1,1,"What are the names, countries, and ages for every singer in descending order of age?",84,ea,spider_3,results/raw/Defog-Llama3-SQLCoder-8B_spider_ea_20260326_142617.jsonl
True,spider,[true],concert_singer,data/spider/database/concert_singer/concert_singer.sqlite,,False,,True,,"SELECT s.Name AS Stadium_Name, s.Location FROM stadium s WHERE 5000 <= s.Capacity AND s.Capacity <= 10000 ORDER BY s.Capacity NULLS LAST",True,,"SELECT LOCATION ,  name FROM stadium WHERE capacity BETWEEN 5000 AND 10000",74,True,Defog-Llama3-SQLCoder-8B,1,1,Show location and name for all stadiums with a capacity between 5000 and 10000.,79,ea,spider_14,results/raw/Defog-Llama3-SQLCoder-8B_spider_ea_20260326_142617.jsonl
True,spider,[true],concert_singer,data/spider/database/concert_singer/concert_singer.sqlite,,False,,True,,"SELECT AVG(s.Age) AS average_age, MIN(s.Age) AS minimum_age, MAX(s.Age) AS maximum_age FROM singer s WHERE LOWER(s.Country) = 'france'",True,,"SELECT avg(age) ,  min(age) ,  max(age) FROM singer WHERE country  =  'France'",78,True,Defog-Llama3-SQLCoder-8B,1,1,"What is the average, minimum, and maximum age of all singers from France?",73,ea,spider_4,results/raw/Defog-Llama3-SQLCoder-8B_spider_ea_20260326_142617.jsonl
True,spider,[true],concert_singer,data/spider/database/concert_singer/concert_singer.sqlite,,False,,True,,"SELECT AVG(s.Age) AS average_age, MIN(s.Age) AS minimum_age, MAX(s.Age) AS maximum_age FROM singer s WHERE LOWER(s.Country) = 'france'",True,,"SELECT avg(age) ,  min(age) ,  max(age) FROM singer WHERE country  =  'France'",78,True,Defog-Llama3-SQLCoder-8B,1,1,"What is the average, minimum, and maximum age for all French singers?",69,ea,spider_5,results/raw/Defog-Llama3-SQLCoder-8B_spider_ea_20260326_142617.jsonl
False,spider,[false],concert_singer,data/spider/database/concert_singer/concert_singer.sqlite,,False,,False,,"SELECT s.Name, s.Song_release_year FROM singer s JOIN (SELECT sc.Singer_ID FROM singer_in_concert sc WHERE sc.concert_ID IN (SELECT c.concert_ID FROM concert c ORDER BY c.Year DESC LIMIT 1)) AS youngest_singer ON s.Singer_ID = youngest_singer.Singer_ID ORDER BY s.Age ASC NULLS LAST LIMIT 1",True,,"SELECT song_name ,  song_release_year FROM singer ORDER BY age LIMIT 1",70,True,Defog-Llama3-SQLCoder-8B,1,1,Show the name and the release year of the song by the youngest singer.,70,ea,spider_6,results/raw/Defog-Llama3-SQLCoder-8B_spider_ea_20260326_142617.jsonl
False,spider,[false],concert_singer,data/spider/database/concert_singer/concert_singer.sqlite,,False,,False,,"SELECT s.Name AS singer_name, s.Song_Name AS song_name, s.Song_release_year AS release_year FROM singer s ORDER BY s.Age ASC LIMIT 1",True,,"SELECT song_name ,  song_release_year FROM singer ORDER BY age LIMIT 1",70,True,Defog-Llama3-SQLCoder-8B,1,1,What are the names and release years for all the songs of the youngest singer?,78,ea,spider_7,results/raw/Defog-Llama3-SQLCoder-8B_spider_ea_20260326_142617.jsonl
True,spider,[true],concert_singer,data/spider/database/concert_singer/concert_singer.sqlite,,False,,True,,"SELECT COUNT(*) AS total_concerts FROM concert c WHERE c.year IN ('2014', '2015')",True,,SELECT count(*) FROM concert WHERE YEAR  =  2014 OR YEAR  =  2015,65,True,Defog-Llama3-SQLCoder-8B,1,1,How many concerts occurred in 2014 or 2015?,43,ea,spider_21,results/raw/Defog-Llama3-SQLCoder-8B_spider_ea_20260326_142617.jsonl
True,spider,[true],concert_singer,data/spider/database/concert_singer/concert_singer.sqlite,,False,,True,,"SELECT COUNT(*) AS total_concerts FROM concert c WHERE c.year IN ('2014', '2015')",True,,SELECT count(*) FROM concert WHERE YEAR  =  2014 OR YEAR  =  2015,65,True,Defog-Llama3-SQLCoder-8B,1,1,How many concerts are there in year 2014 or 2015?,49,ea,spider_20,results/raw/Defog-Llama3-SQLCoder-8B_spider_ea_20260326_142617.jsonl
True,spider,[true],concert_singer,data/spider/database/concert_singer/concert_singer.sqlite,,False,,True,,SELECT DISTINCT s.Country FROM singer s WHERE s.Age > 20,True,,SELECT DISTINCT country FROM singer WHERE age  >  20,52,True,Defog-Llama3-SQLCoder-8B,1,1,What are all distinct countries where singers above age 20 are from?,68,ea,spider_8,results/raw/Defog-Llama3-SQLCoder-8B_spider_ea_20260326_142617.jsonl
True,spider,[true],concert_singer,data/spider/database/concert_singer/concert_singer.sqlite,,False,,True,,SELECT DISTINCT s.Country FROM singer s WHERE s.Age > 20 ORDER BY s.Country NULLS LAST,True,,SELECT DISTINCT country FROM singer WHERE age  >  20,52,True,Defog-Llama3-SQLCoder-8B,1,1,What are  the different countries with singers above age 20?,60,ea,spider_9,results/raw/Defog-Llama3-SQLCoder-8B_spider_ea_20260326_142617.jsonl
True,spider,[true],concert_singer,data/spider/database/concert_singer/concert_singer.sqlite,,False,,True,,"SELECT s.Name AS Stadium_Name, COUNT(c.concert_ID) AS Number_of_Concerts FROM concert c JOIN stadium s ON c.Stadium_ID = s.Stadium_ID GROUP BY s.Name",True,,"SELECT T2.name ,  count(*) FROM concert AS T1 JOIN stadium AS T2 ON T1.stadium_id  =  T2.stadium_id GROUP BY T1.stadium_id",122,True,Defog-Llama3-SQLCoder-8B,1,1,"For each stadium, how many concerts play there?",47,ea,spider_23,results/raw/Defog-Llama3-SQLCoder-8B_spider_ea_20260326_142617.jsonl
True,spider,[true],concert_singer,data/spider/database/concert_singer/concert_singer.sqlite,,False,,True,,"SELECT s.Country, COUNT(s.Singer_ID) AS singer_count FROM singer s GROUP BY s.Country ORDER BY singer_count DESC NULLS LAST",True,,"SELECT country ,  count(*) FROM singer GROUP BY country",55,True,Defog-Llama3-SQLCoder-8B,1,1,Show all countries and the number of singers in each country.,61,ea,spider_10,results/raw/Defog-Llama3-SQLCoder-8B_spider_ea_20260326_142617.jsonl
True,spider,[true],concert_singer,data/spider/database/concert_singer/concert_singer.sqlite,,False,,True,,SELECT s.Name FROM stadium s WHERE NOT EXISTS (SELECT 1 FROM concert c WHERE c.Stadium_ID = s.Stadium_ID),True,,SELECT name FROM stadium WHERE stadium_id NOT IN (SELECT stadium_id FROM concert),81,True,Defog-Llama3-SQLCoder-8B,1,1,What are the names of the stadiums without any concerts?,56,ea,spider_29,results/raw/Defog-Llama3-SQLCoder-8B_spider_ea_20260326_142617.jsonl
False,spider,[false],concert_singer,data/spider/database/concert_singer/concert_singer.sqlite,,False,,False,,"SELECT s.Name AS stadium_name, COUNT(c.concert_ID) AS number_of_concerts FROM concert c JOIN singer_in_concert sic ON c.concert_ID = sic.concert_ID JOIN stadium s ON c.Stadium_ID = s.Stadium_ID GROUP BY s.Name ORDER BY number_of_concerts DESC NULLS LAST",True,,"SELECT T2.name ,  count(*) FROM concert AS T1 JOIN stadium AS T2 ON T1.stadium_id  =  T2.stadium_id GROUP BY T1.stadium_id",122,True,Defog-Llama3-SQLCoder-8B,1,1,Show the stadium name and the number of concerts in each stadium.,65,ea,spider_22,results/raw/Defog-Llama3-SQLCoder-8B_spider_ea_20260326_142617.jsonl
False,spider,[false],concert_singer,data/spider/database/concert_singer/concert_singer.sqlite,,False,,False,,"SELECT c.Year, COUNT(c.concert_ID) AS concert_count FROM concert c GROUP BY c.Year ORDER BY concert_count DESC LIMIT 1",True,,SELECT YEAR FROM concert GROUP BY YEAR ORDER BY count(*) DESC LIMIT 1,69,True,Defog-Llama3-SQLCoder-8B,1,1,Which year has most number of concerts?,39,ea,spider_26,results/raw/Defog-Llama3-SQLCoder-8B_spider_ea_20260326_142617.jsonl
True,spider,[true],concert_singer,data/spider/database/concert_singer/concert_singer.sqlite,,False,,True,,"SELECT s.Country, COUNT(*) AS singer_count FROM singer s GROUP BY s.Country ORDER BY singer_count DESC NULLS LAST",True,,"SELECT country ,  count(*) FROM singer GROUP BY country",55,True,Defog-Llama3-SQLCoder-8B,1,1,How many singers are from each country?,39,ea,spider_11,results/raw/Defog-Llama3-SQLCoder-8B_spider_ea_20260326_142617.jsonl
True,spider,[true],concert_singer,data/spider/database/concert_singer/concert_singer.sqlite,,False,,True,,SELECT s.Name FROM stadium s WHERE NOT EXISTS (SELECT 1 FROM concert c WHERE c.Stadium_ID = s.Stadium_ID) ORDER BY s.Name NULLS LAST,True,,SELECT name FROM stadium WHERE stadium_id NOT IN (SELECT stadium_id FROM concert),81,True,Defog-Llama3-SQLCoder-8B,1,1,Show the stadium names without any concert.,43,ea,spider_28,results/raw/Defog-Llama3-SQLCoder-8B_spider_ea_20260326_142617.jsonl
False,spider,[false],concert_singer,data/spider/database/concert_singer/concert_singer.sqlite,,False,,False,,"WITH concert_stadiums AS (SELECT c.concert_ID, s.Stadium_ID FROM concert c JOIN singer_in_concert sic ON c.concert_ID = sic.concert_ID JOIN stadium s ON c.Stadium_ID = s.Stadium_ID WHERE c.Year > '2013' ) SELECT cs.Stadium_ID, s.Name, s.Capacity FROM concert_stadiums cs JOIN stadium s ON cs.Stadium_ID = s.Stadium_ID GROUP BY cs.Stadium_ID, s.Name, s.Capacity ORDER BY COUNT(cs.concert_ID) DESC LIMIT 1",True,,"select t2.name ,  t2.capacity from concert as t1 join stadium as t2 on t1.stadium_id  =  t2.stadium_id where t1.year  >  2013 group by t2.stadium_id order by count(*) desc limit 1",179,True,Defog-Llama3-SQLCoder-8B,1,1,What is the name and capacity of the stadium with the most concerts after 2013 ?,80,ea,spider_25,results/raw/Defog-Llama3-SQLCoder-8B_spider_ea_20260326_142617.jsonl
False,spider,[false],concert_singer,data/spider/database/concert_singer/concert_singer.sqlite,,False,,False,,SELECT s.Country FROM singer s WHERE s.Age > 40 AND s.Age < 30 ORDER BY s.Country NULLS LAST,True,,SELECT country FROM singer WHERE age  >  40 INTERSECT SELECT country FROM singer WHERE age  <  30,97,True,Defog-Llama3-SQLCoder-8B,1,1,Show countries where a singer above age 40 and a singer below 30 are from.,74,ea,spider_30,results/raw/Defog-Llama3-SQLCoder-8B_spider_ea_20260326_142617.jsonl
True,spider,[true],concert_singer,data/spider/database/concert_singer/concert_singer.sqlite,,False,,True,,SELECT s.Song_Name FROM singer s WHERE s.Age > (SELECT AVG(s2.Age) FROM singer s2),True,,SELECT song_name FROM singer WHERE age  >  (SELECT avg(age) FROM singer),72,True,Defog-Llama3-SQLCoder-8B,1,1,What are all the song names by singers who are older than average?,66,ea,spider_13,results/raw/Defog-Llama3-SQLCoder-8B_spider_ea_20260326_142617.jsonl
True,spider,[true],concert_singer,data/spider/database/concert_singer/concert_singer.sqlite,,False,,True,,"SELECT s.Name AS singer_name, COUNT(sic.concert_ID) AS concert_count FROM singer s JOIN singer_in_concert sic ON s.Singer_ID = sic.Singer_ID GROUP BY s.Name ORDER BY concert_count DESC NULLS LAST",True,,"SELECT T2.name ,  count(*) FROM singer_in_concert AS T1 JOIN singer AS T2 ON T1.singer_id  =  T2.singer_id GROUP BY T2.singer_id",128,True,Defog-Llama3-SQLCoder-8B,1,1,List singer names and number of concerts for each singer.,57,ea,spider_35,results/raw/Defog-Llama3-SQLCoder-8B_spider_ea_20260326_142617.jsonl
False,spider,[false],concert_singer,data/spider/database/concert_singer/concert_singer.sqlite,,False,,False,,SELECT s.Name FROM stadium s WHERE NOT EXISTS (SELECT 1 FROM concert c JOIN singer_in_concert sic ON c.concert_ID = sic.concert_ID WHERE c.Year = '2014' AND sic.Singer_ID = s.Stadium_ID),True,,SELECT name FROM stadium EXCEPT SELECT T2.name FROM concert AS T1 JOIN stadium AS T2 ON T1.stadium_id  =  T2.stadium_id WHERE T1.year  =  2014,142,True,Defog-Llama3-SQLCoder-8B,1,1,What are the names of all stadiums that did not have a concert in 2014?,71,ea,spider_32,results/raw/Defog-Llama3-SQLCoder-8B_spider_ea_20260326_142617.jsonl
True,spider,[true],concert_singer,data/spider/database/concert_singer/concert_singer.sqlite,,False,,True,,"SELECT c.concert_Name, c.Theme, COUNT(s.Singer_ID) AS num_singers FROM concert c JOIN singer_in_concert sic ON c.concert_ID = sic.concert_ID JOIN singer s ON sic.Singer_ID = s.Singer_ID GROUP BY c.concert_Name, c.Theme",True,,"select t2.concert_name ,  t2.theme ,  count(*) from singer_in_concert as t1 join concert as t2 on t1.concert_id  =  t2.concert_id group by t2.concert_id",152,True,Defog-Llama3-SQLCoder-8B,1,1,"What are the names , themes , and number of singers for every concert ?",71,ea,spider_34,results/raw/Defog-Llama3-SQLCoder-8B_spider_ea_20260326_142617.jsonl
False,spider,[false],concert_singer,data/spider/database/concert_singer/concert_singer.sqlite,,False,,False,,SELECT s.Name FROM singer s JOIN singer_in_concert sic ON s.Singer_ID = sic.Singer_ID JOIN concert c ON sic.concert_ID = c.concert_ID WHERE NOT EXISTS (SELECT 1 FROM concert WHERE Year = '2014') ORDER BY s.Name NULLS LAST,True,,SELECT name FROM stadium EXCEPT SELECT T2.name FROM concert AS T1 JOIN stadium AS T2 ON T1.stadium_id  =  T2.stadium_id WHERE T1.year  =  2014,142,True,Defog-Llama3-SQLCoder-8B,1,1,Show names for all stadiums except for stadiums having a concert in year 2014.,78,ea,spider_31,results/raw/Defog-Llama3-SQLCoder-8B_spider_ea_20260326_142617.jsonl
True,spider,[true],concert_singer,data/spider/database/concert_singer/concert_singer.sqlite,,False,,True,,"SELECT c.concert_Name, c.Theme, COUNT(s.Singer_ID) AS singer_count FROM concert c JOIN singer_in_concert sic ON c.concert_ID = sic.concert_ID JOIN singer s ON sic.Singer_ID = s.Singer_ID GROUP BY c.concert_Name, c.Theme",True,,"SELECT T2.concert_name ,  T2.theme ,  count(*) FROM singer_in_concert AS T1 JOIN concert AS T2 ON T1.concert_id  =  T2.concert_id GROUP BY T2.concert_id",152,True,Defog-Llama3-SQLCoder-8B,1,1,Show the name and theme for all concerts and the number of singers in each concert.,83,ea,spider_33,results/raw/Defog-Llama3-SQLCoder-8B_spider_ea_20260326_142617.jsonl
True,spider,[true],concert_singer,data/spider/database/concert_singer/concert_singer.sqlite,,False,,True,,"SELECT s.Name AS Stadium_Name, s.Location FROM stadium s WHERE s.Capacity BETWEEN 5000 AND 10000",True,,"SELECT LOCATION ,  name FROM stadium WHERE capacity BETWEEN 5000 AND 10000",74,True,Defog-Llama3-SQLCoder-8B,1,1,What are the locations and names of all stations with capacity between 5000 and 10000?,86,ea,spider_15,results/raw/Defog-Llama3-SQLCoder-8B_spider_ea_20260326_142617.jsonl
True,spider,[true],concert_singer,data/spider/database/concert_singer/concert_singer.sqlite,,False,,True,,"SELECT AVG(s.Capacity) AS average_capacity, MAX(s.Capacity) AS max_capacity FROM stadium s",True,,"select avg(capacity) ,  max(capacity) from stadium",50,True,Defog-Llama3-SQLCoder-8B,1,1,What is the average and maximum capacities for all stadiums ?,61,ea,spider_17,results/raw/Defog-Llama3-SQLCoder-8B_spider_ea_20260326_142617.jsonl
False,spider,[false],concert_singer,data/spider/database/concert_singer/concert_singer.sqlite,,False,,False,,"WITH stadium_rank AS (SELECT s.Stadium_ID, AVG(s.Average) AS average_attendance FROM stadium s GROUP BY s.Stadium_ID) SELECT s.Name, s.Capacity, sr.average_attendance FROM stadium s JOIN stadium_rank sr ON s.Stadium_ID = sr.Stadium_ID ORDER BY sr.average_attendance DESC NULLS LAST LIMIT 1",True,,"SELECT name ,  capacity FROM stadium ORDER BY average DESC LIMIT 1",66,True,Defog-Llama3-SQLCoder-8B,1,1,What is the name and capacity for the stadium with the highest average attendance?,82,ea,spider_19,results/raw/Defog-Llama3-SQLCoder-8B_spider_ea_20260326_142617.jsonl
False,spider,[false],concert_singer,data/spider/database/concert_singer/concert_singer.sqlite,,False,,False,,"SELECT MAX(s.capacity) AS max_capacity, AVG(s.average) AS average FROM stadium s",True,,"select max(capacity), average from stadium",42,True,Defog-Llama3-SQLCoder-8B,1,1,What is the maximum capacity and the average of all stadiums ?,62,ea,spider_16,results/raw/Defog-Llama3-SQLCoder-8B_spider_ea_20260326_142617.jsonl
False,spider,[false],concert_singer,data/spider/database/concert_singer/concert_singer.sqlite,,False,,False,,"WITH StadiumAttendance AS (SELECT s.Stadium_ID, AVG(s.Highest) AS average_attendance FROM stadium s GROUP BY s.Stadium_ID) SELECT s.Name, sa.average_attendance FROM StadiumAttendance sa JOIN stadium s ON sa.Stadium_ID = s.Stadium_ID ORDER BY sa.average_attendance DESC NULLS LAST LIMIT 1",True,,"SELECT name ,  capacity FROM stadium ORDER BY average DESC LIMIT 1",66,True,Defog-Llama3-SQLCoder-8B,1,1,What is the name and capacity for the stadium with highest average attendance?,78,ea,spider_18,results/raw/Defog-Llama3-SQLCoder-8B_spider_ea_20260326_142617.jsonl
False,spider,[false],concert_singer,data/spider/database/concert_singer/concert_singer.sqlite,,False,,False,,"SELECT c.Year, COUNT(c.concert_ID) AS concert_count FROM concert c GROUP BY c.Year ORDER BY concert_count DESC LIMIT 1",True,,SELECT YEAR FROM concert GROUP BY YEAR ORDER BY count(*) DESC LIMIT 1,69,True,Defog-Llama3-SQLCoder-8B,1,1,What is the year that had the most concerts?,44,ea,spider_27,results/raw/Defog-Llama3-SQLCoder-8B_spider_ea_20260326_142617.jsonl
False,spider,[false],concert_singer,data/spider/database/concert_singer/concert_singer.sqlite,,False,,False,,"WITH concert_counts AS (SELECT c.Stadium_ID, COUNT(*) AS num_concerts FROM concert c WHERE c.Year >= '2014' GROUP BY c.Stadium_ID) SELECT s.Name, cc.num_concerts FROM stadium s JOIN concert_counts cc ON s.Stadium_ID = cc.Stadium_ID ORDER BY cc.num_concerts DESC LIMIT 1",True,,"SELECT T2.name ,  T2.capacity FROM concert AS T1 JOIN stadium AS T2 ON T1.stadium_id  =  T2.stadium_id WHERE T1.year  >=  2014 GROUP BY T2.stadium_id ORDER BY count(*) DESC LIMIT 1",180,True,Defog-Llama3-SQLCoder-8B,1,1,Show the stadium name and capacity with most number of concerts in year 2014 or after.,86,ea,spider_24,results/raw/Defog-Llama3-SQLCoder-8B_spider_ea_20260326_142617.jsonl
True,spider,[true],concert_singer,data/spider/database/concert_singer/concert_singer.sqlite,,False,,True,,"SELECT s.Name AS singer_name, COUNT(s.Singer_ID) AS number_of_concerts FROM singer_in_concert sic JOIN singer s ON sic.Singer_ID = s.Singer_ID GROUP BY s.Name ORDER BY number_of_concerts DESC NULLS LAST",True,,"SELECT T2.name ,  count(*) FROM singer_in_concert AS T1 JOIN singer AS T2 ON T1.singer_id  =  T2.singer_id GROUP BY T2.singer_id",128,True,Defog-Llama3-SQLCoder-8B,1,1,What are the names of the singers and number of concerts for each person?,73,ea,spider_36,results/raw/Defog-Llama3-SQLCoder-8B_spider_ea_20260326_142617.jsonl
False,spider,[false],concert_singer,data/spider/database/concert_singer/concert_singer.sqlite,,False,,False,,"SELECT s.Name AS singer_name, s.Country AS country_of_origin FROM singer s JOIN singer_in_concert sic ON s.Singer_ID = sic.Singer_ID JOIN concert c ON sic.concert_ID = c.concert_ID WHERE LOWER(sic.Singer_ID) IN (SELECT Singer_ID FROM singer WHERE LOWER(Song_Name) LIKE '%hey%')",True,,"SELECT name ,  country FROM singer WHERE song_name LIKE '%Hey%'",63,True,Defog-Llama3-SQLCoder-8B,1,1,What is the name and country of origin of every singer who has a song with the word 'Hey' in its title?,103,ea,spider_40,results/raw/Defog-Llama3-SQLCoder-8B_spider_ea_20260326_142617.jsonl
False,spider,[false],concert_singer,data/spider/database/concert_singer/concert_singer.sqlite,,False,,False,,"SELECT s.Name AS singer_name, s.Country AS country FROM singer s JOIN singer_in_concert sic ON s.Singer_ID = sic.Singer_ID JOIN concert c ON sic.concert_ID = c.concert_ID WHERE LOWER(c.Theme) LIKE '%hey%' GROUP BY s.Name, s.Country",True,,"SELECT name ,  country FROM singer WHERE song_name LIKE '%Hey%'",63,True,Defog-Llama3-SQLCoder-8B,1,1,what is the name and nation of the singer who have a song having 'Hey' in its name?,83,ea,spider_39,results/raw/Defog-Llama3-SQLCoder-8B_spider_ea_20260326_142617.jsonl
True,spider,[true],concert_singer,data/spider/database/concert_singer/concert_singer.sqlite,,False,,True,,SELECT s.Name FROM singer s JOIN singer_in_concert sic ON s.Singer_ID = sic.Singer_ID JOIN concert c ON sic.concert_ID = c.concert_ID WHERE c.Year = '2014' ORDER BY s.Name NULLS LAST,True,,SELECT T2.name FROM singer_in_concert AS T1 JOIN singer AS T2 ON T1.singer_id  =  T2.singer_id JOIN concert AS T3 ON T1.concert_id  =  T3.concert_id WHERE T3.year  =  2014,171,True,Defog-Llama3-SQLCoder-8B,1,1,List all singer names in concerts in year 2014.,47,ea,spider_37,results/raw/Defog-Llama3-SQLCoder-8B_spider_ea_20260326_142617.jsonl
True,spider,[true],concert_singer,data/spider/database/concert_singer/concert_singer.sqlite,,False,,True,,SELECT s.Name FROM singer s JOIN singer_in_concert sic ON s.Singer_ID = sic.Singer_ID JOIN concert c ON sic.concert_ID = c.concert_ID WHERE LOWER(c.Year) = '2014' ORDER BY s.Name NULLS LAST,True,,SELECT T2.name FROM singer_in_concert AS T1 JOIN singer AS T2 ON T1.singer_id  =  T2.singer_id JOIN concert AS T3 ON T1.concert_id  =  T3.concert_id WHERE T3.year  =  2014,171,True,Defog-Llama3-SQLCoder-8B,1,1,What are the names of the singers who performed in a concert in 2014?,69,ea,spider_38,results/raw/Defog-Llama3-SQLCoder-8B_spider_ea_20260326_142617.jsonl
True,spider,[true],concert_singer,data/spider/database/concert_singer/concert_singer.sqlite,,False,,True,,"SELECT s.Name AS Stadium_Name, s.Location FROM stadium s JOIN concert c ON s.Stadium_ID = c.Stadium_ID WHERE c.Year IN ('2014', '2015') GROUP BY s.Name, s.Location HAVING COUNT(DISTINCT c.Year) = 2",True,,"SELECT T2.name ,  T2.location FROM concert AS T1 JOIN stadium AS T2 ON T1.stadium_id  =  T2.stadium_id WHERE T1.Year  =  2014 INTERSECT SELECT T2.name ,  T2.location FROM concert AS T1 JOIN stadium AS T2 ON T1.stadium_id  =  T2.stadium_id WHERE T1.Year  =  2015",261,True,Defog-Llama3-SQLCoder-8B,1,1,Find the name and location of the stadiums which some concerts happened in the years of both 2014 and 2015.,107,ea,spider_41,results/raw/Defog-Llama3-SQLCoder-8B_spider_ea_20260326_142617.jsonl
True,spider,[true],concert_singer,data/spider/database/concert_singer/concert_singer.sqlite,,False,,True,,SELECT COUNT(*) AS number_of_concerts FROM concert c JOIN stadium s ON c.Stadium_ID = s.Stadium_ID WHERE s.Capacity = (SELECT MAX(s2.Capacity) FROM stadium s2),True,,select count(*) from concert where stadium_id = (select stadium_id from stadium order by capacity desc limit 1),111,True,Defog-Llama3-SQLCoder-8B,1,1,Find the number of concerts happened in the stadium with the highest capacity .,79,ea,spider_43,results/raw/Defog-Llama3-SQLCoder-8B_spider_ea_20260326_142617.jsonl
True,spider,[true],concert_singer,data/spider/database/concert_singer/concert_singer.sqlite,,False,,True,,WITH max_capacity_stadium AS (SELECT s.Stadium_ID FROM stadium s ORDER BY s.Capacity DESC LIMIT 1) SELECT COUNT(c.concert_ID) AS number_of_concerts FROM concert c JOIN max_capacity_stadium mcs ON c.Stadium_ID = mcs.Stadium_ID,True,,select count(*) from concert where stadium_id = (select stadium_id from stadium order by capacity desc limit 1),111,True,Defog-Llama3-SQLCoder-8B,1,1,What are the number of concerts that occurred in the stadium with the largest capacity ?,88,ea,spider_44,results/raw/Defog-Llama3-SQLCoder-8B_spider_ea_20260326_142617.jsonl
True,spider,[true],pets_1,data/spider/database/pets_1/pets_1.sqlite,,False,,True,,SELECT COUNT(*) AS total_pets FROM Pets p WHERE p.weight > 10,True,,SELECT count(*) FROM pets WHERE weight  >  10,45,True,Defog-Llama3-SQLCoder-8B,1,1,Find the number of pets whose weight is heavier than 10.,56,ea,spider_45,results/raw/Defog-Llama3-SQLCoder-8B_spider_ea_20260326_142617.jsonl
True,spider,[true],pets_1,data/spider/database/pets_1/pets_1.sqlite,,False,,True,,SELECT COUNT(*) AS total_pets FROM Pets p WHERE p.weight > 10,True,,SELECT count(*) FROM pets WHERE weight  >  10,45,True,Defog-Llama3-SQLCoder-8B,1,1,How many pets have a greater weight than 10?,44,ea,spider_46,results/raw/Defog-Llama3-SQLCoder-8B_spider_ea_20260326_142617.jsonl
False,spider,[false],concert_singer,data/spider/database/concert_singer/concert_singer.sqlite,,False,,False,no such column: s.Name,"SELECT s.Name AS Stadium_Name, st.Location FROM concert c JOIN singer_in_concert sic ON c.concert_ID = sic.concert_ID JOIN stadium st ON c.Stadium_ID = st.Stadium_ID WHERE (c.Year = '2014' OR c.Year = '2015') GROUP BY s.Name, st.Location HAVING COUNT(DISTINCT c.Year) = 2",False,,"SELECT T2.name ,  T2.location FROM concert AS T1 JOIN stadium AS T2 ON T1.stadium_id  =  T2.stadium_id WHERE T1.Year  =  2014 INTERSECT SELECT T2.name ,  T2.location FROM concert AS T1 JOIN stadium AS T2 ON T1.stadium_id  =  T2.stadium_id WHERE T1.Year  =  2015",261,True,Defog-Llama3-SQLCoder-8B,1,1,What are the names and locations of the stadiums that had concerts that occurred in both 2014 and 2015?,103,ea,spider_42,results/raw/Defog-Llama3-SQLCoder-8B_spider_ea_20260326_142617.jsonl
False,spider,[false],pets_1,data/spider/database/pets_1/pets_1.sqlite,,False,,False,no such column: p2.pet_type,SELECT p.weight FROM Pets p WHERE p.pet_age = (SELECT MIN(pet_age) FROM Pets p2 WHERE p2.pet_type = 'dog'),False,,SELECT weight FROM pets ORDER BY pet_age LIMIT 1,48,True,Defog-Llama3-SQLCoder-8B,1,1,How much does the youngest dog weigh?,37,ea,spider_48,results/raw/Defog-Llama3-SQLCoder-8B_spider_ea_20260326_142617.jsonl
False,spider,[false],pets_1,data/spider/database/pets_1/pets_1.sqlite,,False,,False,no such column: p2.pet_type,SELECT p.weight FROM Pets p WHERE p.pet_age = (SELECT MIN(pet_age) FROM Pets p2 WHERE p2.pet_type = 'dog'),False,,SELECT weight FROM pets ORDER BY pet_age LIMIT 1,48,True,Defog-Llama3-SQLCoder-8B,1,1,Find the weight of the youngest dog.,36,ea,spider_47,results/raw/Defog-Llama3-SQLCoder-8B_spider_ea_20260326_142617.jsonl
False,spider,[false],pets_1,data/spider/database/pets_1/pets_1.sqlite,,False,,False,,"WITH MaxWeight AS (SELECT PetType, MAX(weight) AS max_weight FROM Pets GROUP BY PetType), WeightedPets AS (SELECT p.PetID, p.PetType, w.max_weight FROM Pets p JOIN MaxWeight w ON p.PetType = w.PetType) SELECT wp.PetType, wp.max_weight FROM WeightedPets wp ORDER BY wp.max_weight DESC NULLS LAST",True,,"SELECT max(weight) ,  petType FROM pets GROUP BY petType",56,True,Defog-Llama3-SQLCoder-8B,1,1,Find the maximum weight for each type of pet. List the maximum weight and pet type.,83,ea,spider_49,results/raw/Defog-Llama3-SQLCoder-8B_spider_ea_20260326_142617.jsonl
False,bird,[false],california_schools,data/bird/dev_databases/california_schools/california_schools.sqlite,simple,False,Eligible free rate for K-12 = `Free Meal Count (K-12)` / `Enrollment (K-12)`,False,no such column: FRPMCountK12,SELECT MAX(FRPMCountK12) FROM frpm WHERE County = 'Alameda' AND SchoolType = 'Public' GROUP BY CDSCode,False,,SELECT `Free Meal Count (K-12)` / `Enrollment (K-12)` FROM frpm WHERE `County Name` = 'Alameda' ORDER BY (CAST(`Free Meal Count (K-12)` AS REAL) / `Enrollment (K-12)`) DESC LIMIT 1,180,True,Hrida-T2SQL,1,1,What is the highest eligible free rate for K-12 students in the schools in Alameda County?,90,ea,bird_0,results/raw/Hrida-T2SQL_bird_ea_20260326_143009.jsonl
False,bird,[false],california_schools,data/bird/dev_databases/california_schools/california_schools.sqlite,simple,False,Charter schools refers to `Charter School (Y/N)` = 1 in the table fprm,False,no such table: charter_schools,SELECT s.Zip FROM schools s JOIN charter_schools cs ON s.CDSCode = cs.CDSCode WHERE s.County = 'Fresno' AND s.CharterSchool = 1,False,,SELECT T2.Zip FROM frpm AS T1 INNER JOIN schools AS T2 ON T1.CDSCode = T2.CDSCode WHERE T1.`District Name` = 'Fresno County Office of Education' AND T1.`Charter School (Y/N)` = 1,178,True,Hrida-T2SQL,1,1,Please list the zip code of all the charter schools in Fresno County Office of Education.,89,ea,bird_2,results/raw/Hrida-T2SQL_bird_ea_20260326_143009.jsonl
False,bird,[false],california_schools,data/bird/dev_databases/california_schools/california_schools.sqlite,simple,False,,False,no such column: satscores.FRPMCount,SELECT satscores.FRPMCount FROM schools JOIN satscores ON schools.CDSCode = satscores.cds WHERE satscores.rtype = 'Reading' AND satscores.AvgScrRead = (SELECT MAX(AvgScrRead) FROM satscores),False,,SELECT T2.`FRPM Count (Ages 5-17)` FROM satscores AS T1 INNER JOIN frpm AS T2 ON T1.cds = T2.CDSCode ORDER BY T1.AvgScrRead DESC LIMIT 1,136,True,Hrida-T2SQL,1,1,"For the school with the highest average score in Reading in the SAT test, what is its FRPM count for students aged 5-17?",120,ea,bird_10,results/raw/Hrida-T2SQL_bird_ea_20260326_143009.jsonl
False,bird,[false],california_schools,data/bird/dev_databases/california_schools/california_schools.sqlite,simple,False,,False,,"SELECT s.Phone FROM schools s JOIN (SELECT cds, MAX(NumTstTakr) as MaxTesters FROM satscores WHERE rtype = 'SAT' AND NumTstTakr > 1500 GROUP BY cds) t ON s.CDSCode = t.cds",True,,SELECT T2.Phone FROM satscores AS T1 INNER JOIN schools AS T2 ON T1.cds = T2.CDSCode ORDER BY T1.NumGE1500 DESC LIMIT 1,119,True,Hrida-T2SQL,1,1,What is the phone number of the school that has the highest number of test takers with an SAT score of over 1500?,113,ea,bird_7,results/raw/Hrida-T2SQL_bird_ea_20260326_143009.jsonl
False,bird,[false],california_schools,data/bird/dev_databases/california_schools/california_schools.sqlite,moderate,False,Eligible free rates for students aged 5-17 = `Free Meal Count (Ages 5-17)` / `Enrollment (Ages 5-17)`,False,no such column: schools.StatusType,"SELECT satscores.AvgScrRead AS 'Free Meal Count (Ages 5-17)', schools.StatusType AS 'School Type' FROM satscores JOIN frpm ON satscores.cds = frpm.CDSCode WHERE frpm.CharterNum IS NULL AND frpm.LowGrade >= 5 AND frpm.HighGrade <= 17 ORDER BY AvgScrRead ASC LIMIT 3",False,,SELECT `Free Meal Count (Ages 5-17)` / `Enrollment (Ages 5-17)` FROM frpm WHERE `Educational Option Type` = 'Continuation School' AND `Free Meal Count (Ages 5-17)` / `Enrollment (Ages 5-17)` IS NOT NULL ORDER BY `Free Meal Count (Ages 5-17)` / `Enrollment (Ages 5-17)` ASC LIMIT 3,280,True,Hrida-T2SQL,1,1,Please list the lowest three eligible free rates for students aged 5-17 in continuation schools.,96,ea,bird_1,results/raw/Hrida-T2SQL_bird_ea_20260326_143009.jsonl
False,bird,[false],california_schools,data/bird/dev_databases/california_schools/california_schools.sqlite,simple,False,,False,no such column: s.SchoolName,SELECT s.SchoolName FROM schools s JOIN satscores sc ON s.CDSCode = sc.cds WHERE s.County = 'Contra Costa' GROUP BY s.SchoolName ORDER BY SUM(sc.NumTstTakr) DESC LIMIT 1,False,,SELECT sname FROM satscores WHERE cname = 'Contra Costa' AND sname IS NOT NULL ORDER BY NumTstTakr DESC LIMIT 1,111,True,Hrida-T2SQL,1,1,Which school in Contra Costa has the highest number of test takers?,67,ea,bird_22,results/raw/Hrida-T2SQL_bird_ea_20260326_143009.jsonl
False,bird,[false],california_schools,data/bird/dev_databases/california_schools/california_schools.sqlite,moderate,False,Excellence rate = NumGE1500 / NumTstTakr; Eligible free rates for students aged 5-17 = `Free Meal Count (Ages 5-17)` / `Enrollment (Ages 5-17)`,False,no such column: FRPM_Count_Ages_5_17,SELECT MAX(FRPM_Count_Ages_5_17) FROM schools INNER JOIN satscores ON schools.CDSCode = satscores.cds WHERE AvgScrRead > 0.3 AND AvgScrMath > 0.3 AND AvgScrWrite > 0.3 AND NumTstTakr > 1500 GROUP BY schools.CDSCode,False,,SELECT MAX(CAST(T1.`Free Meal Count (Ages 5-17)` AS REAL) / T1.`Enrollment (Ages 5-17)`) FROM frpm AS T1 INNER JOIN satscores AS T2 ON T1.CDSCode = T2.cds WHERE CAST(T2.NumGE1500 AS REAL) / T2.NumTstTakr > 0.3,209,True,Hrida-T2SQL,1,1,"Among the schools with an SAT excellence rate of over 0.3, what is the highest eligible free rate for students aged 5-17?",121,ea,bird_12,results/raw/Hrida-T2SQL_bird_ea_20260326_143009.jsonl
False,bird,[false],california_schools,data/bird/dev_databases/california_schools/california_schools.sqlite,simple,False,,False,"near ""Count"": syntax error",SELECT satscores.NumTstTakr FROM schools INNER JOIN frpm ON schools.CDSCode = frpm.CDSCode WHERE frpm.FRPM Count (K-12) = (SELECT MAX(frpm.FRPM Count (K-12)) FROM frpm),False,,SELECT NumTstTakr FROM satscores WHERE cds = ( SELECT CDSCode FROM frpm ORDER BY `FRPM Count (K-12)` DESC LIMIT 1 ),115,True,Hrida-T2SQL,1,1,What is the number of SAT test takers of the schools with the highest FRPM count for K-12 students?,99,ea,bird_8,results/raw/Hrida-T2SQL_bird_ea_20260326_143009.jsonl
False,bird,[false],california_schools,data/bird/dev_databases/california_schools/california_schools.sqlite,simple,False,,False,no such column: FreeMealCountK12,SELECT COUNT(*) FROM frpm WHERE FreeMealCountK12 > 500 AND FreeMealCountK12 < 700 AND CountyName = 'Los Angeles' GROUP BY SchoolCode,False,,SELECT COUNT(CDSCode) FROM frpm WHERE `County Name` = 'Los Angeles' AND `Free Meal Count (K-12)` > 500 AND `FRPM Count (K-12)`< 700,131,True,Hrida-T2SQL,1,1,In Los Angeles how many schools have more than 500 free meals but less than 700 free or reduced price meals for K-12?,117,ea,bird_21,results/raw/Hrida-T2SQL_bird_ea_20260326_143009.jsonl
False,bird,[false],california_schools,data/bird/dev_databases/california_schools/california_schools.sqlite,moderate,False,Charter schools refers to `Charter School (Y/N)` = 1 in the frpm,False,no such column: CharterSchool,SELECT schools.Phone FROM schools INNER JOIN frpm ON schools.CDSCode = frpm.CDSCode WHERE CharterSchool = 1 AND OpenDate > '2000-01-01' AND SchoolType = 'Charter' AND FundingType = 'Direct',False,,SELECT T2.Phone FROM frpm AS T1 INNER JOIN schools AS T2 ON T1.CDSCode = T2.CDSCode WHERE T1.`Charter Funding Type` = 'Directly funded' AND T1.`Charter School (Y/N)` = 1 AND T2.OpenDate > '2000-01-01',200,True,Hrida-T2SQL,1,1,Please list the phone numbers of the direct charter-funded schools that are opened after 2000/1/1.,98,ea,bird_4,results/raw/Hrida-T2SQL_bird_ea_20260326_143009.jsonl
False,bird,[false],california_schools,data/bird/dev_databases/california_schools/california_schools.sqlite,simple,False,,False,no such column: Enroll12,SELECT COUNT(*) FROM schools WHERE County = 'Fresno' AND CharterNum IS NOT NULL GROUP BY SchoolName HAVING SUM(Enroll12) <= 250,False,,SELECT COUNT(T1.CDSCode) FROM frpm AS T1 INNER JOIN satscores AS T2 ON T1.CDSCode = T2.cds WHERE T1.`Charter Funding Type` = 'Directly funded' AND T1.`County Name` = 'Fresno' AND T2.NumTstTakr <= 250,199,True,Hrida-T2SQL,1,1,How many schools in Fresno (directly funded) have number of test takers not more than 250?,90,ea,bird_18,results/raw/Hrida-T2SQL_bird_ea_20260326_143009.jsonl
False,bird,[false],california_schools,data/bird/dev_databases/california_schools/california_schools.sqlite,simple,False,Magnet schools or offer a magnet program means that Magnet = 1,False,no such column: s.MagnetProgram,SELECT s.* FROM schools s JOIN satscores sc ON s.CDSCode = sc.cds WHERE sc.NumTstTakr > 500 AND (s.Magnet IS TRUE OR s.MagnetProgram IS NOT NULL),False,,SELECT T2.School FROM satscores AS T1 INNER JOIN schools AS T2 ON T1.cds = T2.CDSCode WHERE T2.Magnet = 1 AND T1.NumTstTakr > 500,129,True,Hrida-T2SQL,1,1,"Among the schools with the SAT test takers of over 500, please list the schools that are magnet schools or offer a magnet program.",130,ea,bird_6,results/raw/Hrida-T2SQL_bird_ea_20260326_143009.jsonl
False,bird,[false],california_schools,data/bird/dev_databases/california_schools/california_schools.sqlite,moderate,False,K-12 refers to students in grades 1 through 12; Eligible free rate for K-12 = `Free Meal Count (K-12)` / `Enrollment (K-12)`,False,"near ""ALL"": syntax error","SELECT s.CDSCode, AVG(s.PercentFRPM) FROM schools s JOIN frpm f ON s.CDSCode = f.CDSCode WHERE s.Enroll12 >= ALL (SELECT Enroll12 FROM schools ORDER BY Enroll12 DESC LIMIT 10) GROUP BY s.CDSCode HAVING AVG(s.PercentFRPM) IS NOT NULL",False,,"SELECT CAST(`Free Meal Count (K-12)` AS REAL) / `Enrollment (K-12)` FROM frpm ORDER BY `Enrollment (K-12)` DESC LIMIT 9, 2",122,True,Hrida-T2SQL,1,1,What is the eligible free rate of the 10th and 11th schools with the highest enrolment for students in grades 1 through 12?,123,ea,bird_31,results/raw/Hrida-T2SQL_bird_ea_20260326_143009.jsonl
False,bird,[false],california_schools,data/bird/dev_databases/california_schools/california_schools.sqlite,simple,False,,False,no such column: NumTstTakr,SELECT COUNT(*) FROM schools WHERE County = 'Alameda' AND NumTstTakr < 100,False,,SELECT COUNT(T1.CDSCode) FROM schools AS T1 INNER JOIN satscores AS T2 ON T1.CDSCode = T2.cds WHERE T1.StatusType = 'Merged' AND T2.NumTstTakr < 100 AND T1.County = 'Lake',171,True,Hrida-T2SQL,1,1,How many schools in merged Alameda have number of test takers less than 100?,76,ea,bird_16,results/raw/Hrida-T2SQL_bird_ea_20260326_143009.jsonl
False,bird,[false],california_schools,data/bird/dev_databases/california_schools/california_schools.sqlite,simple,False,,False,no such column: LowGrade,SELECT COUNT(*) FROM schools WHERE County = 'Amador' AND LowGrade = 9 AND HighGrade = 12,False,,SELECT COUNT(T1.`School Name`) FROM frpm AS T1 INNER JOIN schools AS T2 ON T1.CDSCode = T2.CDSCode WHERE T2.County = 'Amador' AND T1.`Low Grade` = 9 AND T1.`High Grade` = 12,173,True,Hrida-T2SQL,1,1,How many schools in Amador which the Low Grade is 9 and the High Grade is 12?,77,ea,bird_20,results/raw/Hrida-T2SQL_bird_ea_20260326_143009.jsonl
False,bird,[false],california_schools,data/bird/dev_databases/california_schools/california_schools.sqlite,moderate,False,Percent eligible for free meals = Free Meal Count (K-12) / Total (Enrollment (K-12),False,"near ""("": syntax error",SELECT s.School FROM schools s JOIN frpm p ON s.CDSCode = p.CDSCode WHERE p.Percent (%) Eligible Free (K-12) > 0.1 AND EXISTS (SELECT * FROM satscores st WHERE st.cds = s.CDSCode AND NumTstTakr >= 1500),False,,SELECT T2.`School Name` FROM satscores AS T1 INNER JOIN frpm AS T2 ON T1.cds = T2.CDSCode WHERE CAST(T2.`Free Meal Count (K-12)` AS REAL) / T2.`Enrollment (K-12)` > 0.1 AND T1.NumGE1500 > 0,189,True,Hrida-T2SQL,1,1,Give the names of the schools with the percent eligible for free meals in K-12 is more than 0.1 and test takers whose test score is greater than or equal to 1500?,162,ea,bird_24,results/raw/Hrida-T2SQL_bird_ea_20260326_143009.jsonl
False,bird,[false],california_schools,data/bird/dev_databases/california_schools/california_schools.sqlite,simple,False,,False,,SELECT COUNT(*) FROM schools s JOIN satscores sc ON s.CDSCode = sc.cds WHERE sc.AvgScrMath > 560 AND s.Charter = 1,True,,SELECT COUNT(T2.`School Code`) FROM satscores AS T1 INNER JOIN frpm AS T2 ON T1.cds = T2.CDSCode WHERE T1.AvgScrMath > 560 AND T2.`Charter Funding Type` = 'Directly funded',172,True,Hrida-T2SQL,1,1,"Among the schools with the average score in Math over 560 in the SAT test, how many schools are directly charter-funded?",120,ea,bird_9,results/raw/Hrida-T2SQL_bird_ea_20260326_143009.jsonl
False,bird,[false],california_schools,data/bird/dev_databases/california_schools/california_schools.sqlite,simple,False,,False,"near ""("": syntax error",SELECT s.Street FROM frpm f JOIN schools s ON f.CDSCode = s.CDSCode WHERE f.FRPMCount (K-12) = (SELECT MAX(f.FRPMCount (K-12)) FROM frpm f),False,,SELECT T2.MailStreet FROM frpm AS T1 INNER JOIN schools AS T2 ON T1.CDSCode = T2.CDSCode ORDER BY T1.`FRPM Count (K-12)` DESC LIMIT 1,133,True,Hrida-T2SQL,1,1,What is the unabbreviated mailing street address of the school with the highest FRPM count for K-12 students?,109,ea,bird_3,results/raw/Hrida-T2SQL_bird_ea_20260326_143009.jsonl
False,bird,[false],california_schools,data/bird/dev_databases/california_schools/california_schools.sqlite,simple,False,Excellence rate = NumGE1500 / NumTstTakr,False,no such column: SchoolName,"SELECT s.Phone FROM schools s JOIN (SELECT SchoolName, MAX(AvgScrRead) as MaxScore FROM satscores GROUP BY SchoolName ORDER BY MaxScore DESC LIMIT 3) top_scores ON s.School = top_scores.SchoolName",False,,SELECT T1.Phone FROM schools AS T1 INNER JOIN satscores AS T2 ON T1.CDSCode = T2.cds ORDER BY CAST(T2.NumGE1500 AS REAL) / T2.NumTstTakr DESC LIMIT 3,149,True,Hrida-T2SQL,1,1,Please list the phone numbers of the schools with the top 3 SAT excellence rate.,80,ea,bird_13,results/raw/Hrida-T2SQL_bird_ea_20260326_143009.jsonl
False,bird,[false],california_schools,data/bird/dev_databases/california_schools/california_schools.sqlite,challenging,False,"full name means first name, last name; There are at most 3 administrators for each school; SAT Scores are greater or equal to 1500 refers to NumGE1500",False,no such column: School,"SELECT s.FullName FROM schools s JOIN (SELECT School, MAX(NumGE1500) as MaxScore FROM satscores GROUP BY School) sc ON s.School = sc.School WHERE NumGE1500 IS NOT NULL AND NumGE1500 >= 1500",False,,"SELECT T2.AdmFName1, T2.AdmLName1, T2.AdmFName2, T2.AdmLName2, T2.AdmFName3, T2.AdmLName3 FROM satscores AS T1 INNER JOIN schools AS T2 ON T1.cds = T2.CDSCode ORDER BY T1.NumGE1500 DESC LIMIT 1",193,True,Hrida-T2SQL,1,1,Under whose administration is the school with the highest number of students scoring 1500 or more on the SAT? Indicate their full names.,136,ea,bird_36,results/raw/Hrida-T2SQL_bird_ea_20260326_143009.jsonl
False,bird,[false],california_schools,data/bird/dev_databases/california_schools/california_schools.sqlite,moderate,False,"Execellence Rate = NumGE1500 / NumTstTakr; complete address has Street, City, State, Zip code",False,"near ""?"": syntax error","?>   SELECT s.Street, s.City, s.Zip, s.State FROM schools AS s INNER JOIN (SELECT MIN(AvgScrRead) as MinScore FROM satscores) AS min_score ON s.NCESDist = '06' AND s.StatusType = 'Public School' AND s.County = 'Los Angeles County' AND s.District = 'LAUSD' INNER JOIN schools_addresses sa ON s.CDSCode = sa.SchoolID WHERE s.AvgScrRead = min_score.MinScore;   ?<",False,,"SELECT T2.Street, T2.City, T2.State, T2.Zip FROM satscores AS T1 INNER JOIN schools AS T2 ON T1.cds = T2.CDSCode ORDER BY CAST(T1.NumGE1500 AS REAL) / T1.NumTstTakr ASC LIMIT 1",176,True,Hrida-T2SQL,1,1,"What is the complete address of the school with the lowest excellence rate? Indicate the Street, City, Zip and State.",117,ea,bird_37,results/raw/Hrida-T2SQL_bird_ea_20260326_143009.jsonl
False,bird,[false],california_schools,data/bird/dev_databases/california_schools/california_schools.sqlite,moderate,False,"Full communication address should include Street, City, State and zip code if any.",False,"unrecognized token: ""{""","{""sql"": ""?>   SELECT s.SchoolName, s.Street, s.City, s.State FROM schools s JOIN frpm p ON s.CDSCode = p.CDSCode WHERE s.County = 'Monterey' AND (p.FRPM Count (Ages 5-17) > 800 OR p.Free Meal Count (Ages 5-17) > 800) AND s.StatusType = 'Public High School'",False,,"SELECT T1.`School Name`, T2.Street, T2.City, T2.State, T2.Zip FROM frpm AS T1 INNER JOIN schools AS T2 ON T1.CDSCode = T2.CDSCode WHERE T2.County = 'Monterey' AND T1.`Free Meal Count (Ages 5-17)` > 800 AND T1.`School Type` = 'High Schools (Public)'",248,True,Hrida-T2SQL,1,1,State the names and full communication address of high schools in Monterey which has more than 800 free or reduced price meals for ages 15-17?,142,ea,bird_26,results/raw/Hrida-T2SQL_bird_ea_20260326_143009.jsonl
False,bird,[false],california_schools,data/bird/dev_databases/california_schools/california_schools.sqlite,simple,False,,False,no such column: s.DistrictName,SELECT s.DistrictName FROM schools s JOIN satscores sc ON s.CDSCode = sc.cds WHERE s.StatusType = 'Active' AND sc.rtype = 'Reading' GROUP BY s.DistrictName ORDER BY AVG(sc.AvgScrRead) DESC LIMIT 1,False,,SELECT T1.District FROM schools AS T1 INNER JOIN satscores AS T2 ON T1.CDSCode = T2.cds WHERE T1.StatusType = 'Active' ORDER BY T2.AvgScrRead DESC LIMIT 1,154,True,Hrida-T2SQL,1,1,Which active district has the highest average score in Reading?,63,ea,bird_15,results/raw/Hrida-T2SQL_bird_ea_20260326_143009.jsonl
False,bird,[false],california_schools,data/bird/dev_databases/california_schools/california_schools.sqlite,simple,False,Exclusively virtual refers to Virtual = 'F',False,,SELECT COUNT(*) FROM schools s JOIN satscores sc ON s.CDSCode = sc.cds WHERE sc.AvgScrMath > 400 AND s.Virtual = 'Y' GROUP BY s.CDSCode,True,,SELECT COUNT(DISTINCT T2.School) FROM satscores AS T1 INNER JOIN schools AS T2 ON T1.cds = T2.CDSCode WHERE T2.Virtual = 'F' AND T1.AvgScrMath > 400,148,True,Hrida-T2SQL,1,1,How many schools with an average score in Math greater than 400 in the SAT test are exclusively virtual?,104,ea,bird_5,results/raw/Hrida-T2SQL_bird_ea_20260326_143009.jsonl
False,bird,[false],california_schools,data/bird/dev_databases/california_schools/california_schools.sqlite,moderate,False,,False,,"SELECT s.School, s.Website FROM schools s JOIN satscores sc ON s.CDSCode = sc.cds WHERE sc.Enroll12 BETWEEN 1900 AND 2000 AND sc.rtype LIKE 'Ages 5-17' GROUP BY s.School, s.Website",True,,"SELECT T2.Website, T1.`School Name` FROM frpm AS T1 INNER JOIN schools AS T2 ON T1.CDSCode = T2.CDSCode WHERE T1.`Free Meal Count (Ages 5-17)` BETWEEN 1900 AND 2000 AND T2.Website IS NOT NULL",191,True,Hrida-T2SQL,1,1,"If there are any, what are the websites address of the schools with a free meal count of 1,900-2,000 to students aged 5-17? Include the name of the school.",155,ea,bird_33,results/raw/Hrida-T2SQL_bird_ea_20260326_143009.jsonl
False,bird,[false],california_schools,data/bird/dev_databases/california_schools/california_schools.sqlite,simple,False,K-12 means First-through-twelfth-grade,False,"near ""("": syntax error",SELECT s.OpenDate FROM schools s WHERE s.Enrollment (K-12) = (SELECT MAX(s2.Enrollment (K-12)) FROM schools s2),False,,SELECT T2.OpenDate FROM frpm AS T1 INNER JOIN schools AS T2 ON T1.CDSCode = T2.CDSCode ORDER BY T1.`Enrollment (K-12)` DESC LIMIT 1,131,True,Hrida-T2SQL,1,1,When did the first-through-twelfth-grade school with the largest enrollment open?,81,ea,bird_29,results/raw/Hrida-T2SQL_bird_ea_20260326_143009.jsonl
False,bird,[false],california_schools,data/bird/dev_databases/california_schools/california_schools.sqlite,simple,False,,False,no such column: s.SchoolType,SELECT s.SchoolType FROM schools s JOIN (SELECT MAX(AvgScrMath) AS MaxScore FROM satscores) max_scores ON s.AvgScrMath = max_scores.MaxScore,False,,SELECT T2.EdOpsName FROM satscores AS T1 INNER JOIN schools AS T2 ON T1.cds = T2.CDSCode ORDER BY T1.AvgScrMath DESC LIMIT 1,124,True,Hrida-T2SQL,1,1,What is the type of education offered in the school who scored the highest average in Math?,91,ea,bird_42,results/raw/Hrida-T2SQL_bird_ea_20260326_143009.jsonl
False,bird,[false],california_schools,data/bird/dev_databases/california_schools/california_schools.sqlite,simple,False,,False,no such column: school_name,"SELECT s.Phone FROM schools s JOIN (SELECT school_name, MAX(AvgScrMath) as MaxScore FROM satscores GROUP BY school_name) sc ON s.School = sc.school_name WHERE s.Phone IS NOT NULL AND s.StatusType = 'Public'",False,,SELECT T1.Phone FROM schools AS T1 INNER JOIN satscores AS T2 ON T1.CDSCode = T2.cds ORDER BY T2.AvgScrMath DESC LIMIT 1,120,True,Hrida-T2SQL,1,1,What is the phone number of the school that has the highest average score in Math?,82,ea,bird_19,results/raw/Hrida-T2SQL_bird_ea_20260326_143009.jsonl
False,bird,[false],california_schools,data/bird/dev_databases/california_schools/california_schools.sqlite,moderate,False,Charted school means `Charter School (Y/N)` = 1 in the table frpm; Students enrolled in grades 1 through 12 refers to `Enrollment (K-12)`,False,"near ""ALL"": syntax error",SELECT s.AdmEmail FROM schools s JOIN frpm f ON s.CDSCode = f.CDSCode WHERE f.CharterSchool = 1 AND (s.Enrollment_K-12 < ALL (SELECT Enrollment_K-12 FROM schools)) GROUP BY s.AdmEmail LIMIT 1,False,,SELECT T2.AdmEmail1 FROM frpm AS T1 INNER JOIN schools AS T2 ON T1.CDSCode = T2.CDSCode WHERE T1.`Charter School (Y/N)` = 1 ORDER BY T1.`Enrollment (K-12)` ASC LIMIT 1,167,True,Hrida-T2SQL,1,1,What is the administrator's email address of the chartered school with the fewest students enrolled in grades 1 through 12?,123,ea,bird_35,results/raw/Hrida-T2SQL_bird_ea_20260326_143009.jsonl
False,bird,[false],california_schools,data/bird/dev_databases/california_schools/california_schools.sqlite,simple,False,Valid charter number means the number is not null,False,,"SELECT s.School, AVG(scores.AvgScrWrite) as AvgWritingScore FROM schools s JOIN satscores scores ON s.CDSCode = scores.cds WHERE scores.Rtype = 'WR' AND scores.NumTstTakr > 499 GROUP BY s.School ORDER BY AvgWritingScore DESC",True,,"SELECT CharterNum, AvgScrWrite, RANK() OVER (ORDER BY AvgScrWrite DESC) AS WritingScoreRank FROM schools AS T1  INNER JOIN satscores AS T2 ON T1.CDSCode = T2.cds WHERE T2.AvgScrWrite > 499 AND CharterNum is not null",215,True,Hrida-T2SQL,1,1,"Rank schools by their average score in Writing where the score is greater than 499, showing their charter numbers.",114,ea,bird_17,results/raw/Hrida-T2SQL_bird_ea_20260326_143009.jsonl
False,bird,[false],california_schools,data/bird/dev_databases/california_schools/california_schools.sqlite,moderate,False,Average score for all subjects can be computed by AvgScrMath + AvgScrRead + AvgScrWrite,False,"near ""?"": syntax error","?>   SELECT s.County, AVG(scores.AvgScrMath) as AvgMathScore FROM schools s JOIN satscores scores ON s.CDSCode = scores.cds GROUP BY s.County ORDER BY AvgMathScore ASC LIMIT 1; ?<@",False,,"SELECT T1.AvgScrMath, T2.County FROM satscores AS T1 INNER JOIN schools AS T2 ON T1.cds = T2.CDSCode WHERE T1.AvgScrMath IS NOT NULL ORDER BY T1.AvgScrMath + T1.AvgScrRead + T1.AvgScrWrite ASC LIMIT 1",200,True,Hrida-T2SQL,1,1,"What is the average math score of the school with the lowest average score for all subjects, and in which county is it located?",127,ea,bird_43,results/raw/Hrida-T2SQL_bird_ea_20260326_143009.jsonl
False,bird,[false],california_schools,data/bird/dev_databases/california_schools/california_schools.sqlite,moderate,False,Fresno Unified is a name of district;,False,no such column: school_name,"SELECT s.Telephone FROM schools s JOIN (SELECT school_name, MIN(AvgScrRead) AS MinScore FROM satscores GROUP BY school_name) sc ON s.School = sc.school_name WHERE s.County = 'Fresno' AND s.DistrictType = 'Unified'",False,,SELECT T2.Phone FROM satscores AS T1 INNER JOIN schools AS T2 ON T1.cds = T2.CDSCode WHERE T2.District = 'Fresno Unified' AND T1.AvgScrRead IS NOT NULL ORDER BY T1.AvgScrRead ASC LIMIT 1,186,True,Hrida-T2SQL,1,1,What is the telephone number for the school with the lowest average score in reading in Fresno Unified?,103,ea,bird_40,results/raw/Hrida-T2SQL_bird_ea_20260326_143009.jsonl
False,bird,[false],california_schools,data/bird/dev_databases/california_schools/california_schools.sqlite,simple,False,,False,no such column: AvgScrWrite,"SELECT s.City FROM schools s JOIN (SELECT cds, MAX(NumTstTakr) as MaxTesters FROM satscores GROUP BY cds) t ON s.CDSCode = t.cds WHERE AvgScrWrite > 1500 AND NumTstTakr >= 1500",False,,"SELECT T1.AvgScrWrite, T2.City FROM satscores AS T1 INNER JOIN schools AS T2 ON T1.cds = T2.CDSCode ORDER BY T1.NumGE1500 DESC LIMIT 1",134,True,Hrida-T2SQL,1,1,What is the average writing score of the school who has the highest number of test takers whose total SAT sscores are greater or equal to 1500? Indicate the city to where the school is situated.,194,ea,bird_44,results/raw/Hrida-T2SQL_bird_ea_20260326_143009.jsonl
False,bird,[false],california_schools,data/bird/dev_databases/california_schools/california_schools.sqlite,moderate,False,Average of average math = sum(average math scores) / count(schools).,False,,"SELECT s.School, s.FundingType FROM schools s JOIN satscores sc ON s.CDSCode = sc.cds WHERE s.County = 'Riverside' AND sc.AvgScrMath > 400",True,,"SELECT T1.sname, T2.`Charter Funding Type` FROM satscores AS T1 INNER JOIN frpm AS T2 ON T1.cds = T2.CDSCode WHERE T2.`District Name` LIKE 'Riverside%' GROUP BY T1.sname, T2.`Charter Funding Type` HAVING CAST(SUM(T1.AvgScrMath) AS REAL) / COUNT(T1.cds) > 400",258,True,Hrida-T2SQL,1,1,"Name schools in Riverside which the average of average math score for SAT is grater than 400, what is the funding type of these schools?",136,ea,bird_25,results/raw/Hrida-T2SQL_bird_ea_20260326_143009.jsonl
False,bird,[false],california_schools,data/bird/dev_databases/california_schools/california_schools.sqlite,simple,False,,False,no such column: s.Enroll12,"SELECT s.NCESDist as SchoolID, COUNT(s.Enroll12) AS Enrollment FROM schools s GROUP BY s.NCESDist ORDER BY Enrollment DESC LIMIT 5",False,,SELECT T1.NCESSchool FROM schools AS T1 INNER JOIN frpm AS T2 ON T1.CDSCode = T2.CDSCode ORDER BY T2.`Enrollment (Ages 5-17)` DESC LIMIT 5,138,True,Hrida-T2SQL,1,1,"List the top five schools, by descending order, from the highest to the lowest, the most number of Enrollment (Ages 5-17). Please give their NCES school identification number.",175,ea,bird_14,results/raw/Hrida-T2SQL_bird_ea_20260326_143009.jsonl
False,bird,[false],california_schools,data/bird/dev_databases/california_schools/california_schools.sqlite,moderate,False,Eligible free rates for students aged 5-17 = `Free Meal Count (Ages 5-17)` / `Enrollment (Ages 5-17)`,False,no such column: schools.AgeRange,SELECT satscores.AvgScrRead FROM schools INNER JOIN satscores ON schools.CDSCode = satscores.cds WHERE schools.AdmFName1 = 'Kacey Gibson' AND schools.AdmLName1 = 'Gibson' AND schools.AgeRange BETWEEN 5 AND 17,False,,SELECT CAST(T2.`Free Meal Count (Ages 5-17)` AS REAL) / T2.`Enrollment (Ages 5-17)` FROM schools AS T1 INNER JOIN frpm AS T2 ON T1.CDSCode = T2.CDSCode WHERE T1.AdmFName1 = 'Kacey' AND T1.AdmLName1 = 'Gibson',208,True,Hrida-T2SQL,1,1,What is the free rate for students between the ages of 5 and 17 at the school run by Kacey Gibson?,98,ea,bird_34,results/raw/Hrida-T2SQL_bird_ea_20260326_143009.jsonl
False,bird,[false],california_schools,data/bird/dev_databases/california_schools/california_schools.sqlite,simple,False,K-12 refers to students in grades 1 through 12.,False,no such column: f.LowGrade,SELECT s.City FROM schools s JOIN frpm f ON s.CDSCode = f.CDSCode WHERE f.LowGrade <= 12 AND f.HighGrade >= 5 GROUP BY s.City ORDER BY SUM(f.Enrollment) ASC LIMIT 5,False,,SELECT T2.City FROM frpm AS T1 INNER JOIN schools AS T2 ON T1.CDSCode = T2.CDSCode GROUP BY T2.City ORDER BY SUM(T1.`Enrollment (K-12)`) ASC LIMIT 5,148,True,Hrida-T2SQL,1,1,Which cities have the top 5 lowest enrollment number for students in grades 1 through 12?,89,ea,bird_30,results/raw/Hrida-T2SQL_bird_ea_20260326_143009.jsonl
False,bird,[false],california_schools,data/bird/dev_databases/california_schools/california_schools.sqlite,challenging,False,Difference between K-12 enrollment and 15-17 enrollment can be computed by `Enrollment (K-12)` - `Enrollment (Ages 5-17)`,False,no such column: s12.Enrollment,"SELECT s.School, s.DOCType FROM schools s JOIN (SELECT AVG(s12.Enrollment - s17.NumTstTakr) AS AvgDiff FROM schools s12 JOIN schools s17 ON s12.CDSCode = s17.CDSCode WHERE s12.FundingType = 'Local' AND s17.FundingType = 'Local') avg_diff ON (s.Enrollment - s.NumTstTakr) > avg_diff.AvgDiff",False,,"SELECT T2.School, T2.DOC FROM frpm AS T1 INNER JOIN schools AS T2 ON T1.CDSCode = T2.CDSCode WHERE T2.FundingType = 'Locally funded' AND (T1.`Enrollment (K-12)` - T1.`Enrollment (Ages 5-17)`) > (SELECT AVG(T3.`Enrollment (K-12)` - T3.`Enrollment (Ages 5-17)`) FROM frpm AS T3 INNER JOIN schools AS T4 ON T3.CDSCode = T4.CDSCode WHERE T4.FundingType = 'Locally funded')",368,True,Hrida-T2SQL,1,1,"Consider the average difference between K-12 enrollment and 15-17 enrollment of schools that are locally funded, list the names and DOC type of schools which has a difference above this average.",194,ea,bird_28,results/raw/Hrida-T2SQL_bird_ea_20260326_143009.jsonl
False,bird,[false],california_schools,data/bird/dev_databases/california_schools/california_schools.sqlite,moderate,False,Elementary School District refers to DOC = 52; Unified School District refers to DOC = 54.,False,no such column: DistrictType,"SELECT COUNT(*) FROM schools WHERE County = 'Orange' AND DistrictType IN ('Unified School District', 'Elementary School District') GROUP BY DistrictType; WITH a AS (SELECT * FROM schools WHERE County = 'Orange' AND DistrictType = 'Unified School District'), b AS (SELECT * FROM schools WHERE County = 'Orange' AND DistrictType = 'Elementary School District') SELECT COUNT(*) / NULLIF((SELECT COUNT(*) FROM a), 0) as ratio FROM b",False,,SELECT CAST(SUM(CASE WHEN DOC = 54 THEN 1 ELSE 0 END) AS REAL) / SUM(CASE WHEN DOC = 52 THEN 1 ELSE 0 END) FROM schools WHERE StatusType = 'Merged' AND County = 'Orange',169,True,Hrida-T2SQL,1,1,What is the ratio of merged Unified School District schools in Orange County to merged Elementary School District schools?,122,ea,bird_48,results/raw/Hrida-T2SQL_bird_ea_20260326_143009.jsonl
False,bird,[false],california_schools,data/bird/dev_databases/california_schools/california_schools.sqlite,simple,False,Exclusively virtual refers to Virtual = 'F'; respective counties means PARTITION BY County,False,no such column: SchoolCode,"SELECT s.SchoolName FROM schools s JOIN (SELECT SchoolCode, AVG(AvgScrRead) as AvgScore FROM satscores GROUP BY SchoolCode ORDER BY AvgScore DESC LIMIT 5) top_scores ON s.CDSCode = top_scores.SchoolCode WHERE s.Virtual = 'Y' AND s.County IS NOT NULL",False,,"SELECT School FROM (SELECT T2.School,T1.AvgScrRead, RANK() OVER (PARTITION BY T2.County ORDER BY T1.AvgScrRead DESC) AS rnk FROM satscores AS T1 INNER JOIN schools AS T2 ON T1.cds = T2.CDSCode WHERE T2.Virtual = 'F' ) ranked_schools WHERE rnk <= 5",247,True,Hrida-T2SQL,1,1,List the names of virtual schools that are among the top 5 in their respective counties based on average reading scores.,120,ea,bird_41,results/raw/Hrida-T2SQL_bird_ea_20260326_143009.jsonl
False,bird,[false],california_schools,data/bird/dev_databases/california_schools/california_schools.sqlite,moderate,False,"Usually, administrators manage the school stuff.",False,no such column: s.SchoolName,"SELECT s.SchoolName, AVG(satscores.AvgScrWrite) as AvgWritingScore FROM schools s JOIN satscores ON s.CDSCode = satscores.cds WHERE s.StatusType = 'Ricci Ulrich' GROUP BY s.SchoolName",False,,"SELECT T2.School, T1.AvgScrWrite FROM satscores AS T1 INNER JOIN schools AS T2 ON T1.cds = T2.CDSCode WHERE T2.AdmFName1 = 'Ricci' AND T2.AdmLName1 = 'Ulrich'",158,True,Hrida-T2SQL,1,1,What is the average writing score of each of the schools managed by Ricci Ulrich? List the schools and the corresponding average writing scores.,144,ea,bird_45,results/raw/Hrida-T2SQL_bird_ea_20260326_143009.jsonl
False,bird,[false],california_schools,data/bird/dev_databases/california_schools/california_schools.sqlite,simple,False,Total enrollment can be represented by `Enrollment (K-12)` + `Enrollment (Ages 5-17)`,False,no such column: s.Enroll12,SELECT s.CDSCode FROM schools s WHERE s.Enroll12 > 500,False,,SELECT T2.CDSCode FROM schools AS T1 INNER JOIN frpm AS T2 ON T1.CDSCode = T2.CDSCode WHERE T2.`Enrollment (K-12)` + T2.`Enrollment (Ages 5-17)` > 500,150,True,Hrida-T2SQL,1,1,Please list the codes of the schools with a total enrollment of over 500.,73,ea,bird_11,results/raw/Hrida-T2SQL_bird_ea_20260326_143009.jsonl
False,bird,[false],california_schools,data/bird/dev_databases/california_schools/california_schools.sqlite,moderate,False,Elementary School District refers to DOC = 52; Monthly average number of schools that opened in 1980 = count(schools that opened in 1980) / 12,False,no such column: Enrollment,SELECT AVG(Enrollment) FROM schools WHERE County = 'Alameda' AND DistrictType = 'Elementary School District' AND OpenDate BETWEEN '1980-01-01' AND '1980-12-31' GROUP BY MONTH(OpenDate),False,,"SELECT CAST(COUNT(School) AS REAL) / 12 FROM schools WHERE DOC = 52 AND County = 'Alameda' AND strftime('%Y', OpenDate) = '1980'",128,True,Hrida-T2SQL,1,1,What is the monthly average number of schools that opened in Alameda County under the jurisdiction of the Elementary School District in 1980?,141,ea,bird_47,results/raw/Hrida-T2SQL_bird_ea_20260326_143009.jsonl
False,bird,[false],california_schools,data/bird/dev_databases/california_schools/california_schools.sqlite,simple,False,State Special Schools refers to DOC = 31; Grades 1 through 12 means K-12,False,no such column: f.LowGrade,SELECT s.State FROM schools s JOIN frpm f ON s.CDSCode = f.CDSCode WHERE f.LowGrade <= 12 AND f.HighGrade >= 1 GROUP BY s.State ORDER BY SUM(f.Enrollment) DESC LIMIT 5,False,,SELECT T2.School FROM frpm AS T1 INNER JOIN schools AS T2 ON T1.CDSCode = T2.CDSCode WHERE T2.DOC = 31 ORDER BY T1.`Enrollment (K-12)` DESC LIMIT 1,147,True,Hrida-T2SQL,1,1,Which state special schools have the highest number of enrollees from grades 1 through 12?,90,ea,bird_46,results/raw/Hrida-T2SQL_bird_ea_20260326_143009.jsonl
False,bird,[false],california_schools,data/bird/dev_databases/california_schools/california_schools.sqlite,moderate,False,grades 1-12 means K-12; Eligible free or reduced price meal rate for K-12 = `FRPM Count (K-12)` / `Enrollment (K-12)`,False,no such column: s.HighGrade,"SELECT s.CDSCode AS School_Code, AVG(satscores.AvgScrRead) AS Avg_Reading_Score FROM schools s JOIN satscores ON s.CDSCode = s.cds WHERE s.County = '66' AND (s.LowGrade IS NOT NULL OR s.HighGrade IS NOT NULL) GROUP BY s.CDSCode ORDER BY Avg_Reading_Score DESC LIMIT 5",False,,SELECT CAST(T1.`FRPM Count (K-12)` AS REAL) / T1.`Enrollment (K-12)` FROM frpm AS T1 INNER JOIN schools AS T2 ON T1.CDSCode = T2.CDSCode WHERE T2.SOC = 66 ORDER BY T1.`FRPM Count (K-12)` DESC LIMIT 5,199,True,Hrida-T2SQL,1,1,What is the eligible free or reduced price meal rate for the top 5 schools in grades 1-12 with the highest free or reduced price meal count of the schools with the ownership code 66?,182,ea,bird_32,results/raw/Hrida-T2SQL_bird_ea_20260326_143009.jsonl
False,bird,[false],california_schools,data/bird/dev_databases/california_schools/california_schools.sqlite,simple,False,between 1/1/1980 and 12/31/1980 means the year = 1980,False,no such column: schools.CountyName,SELECT AVG(satscores.NumTstTakr) FROM satscores JOIN schools ON satscores.cds = schools.CDSCode WHERE schools.CountyName = 'Fresno' AND schools.OpenDate BETWEEN '1980-01-01' AND '1980-12-31' GROUP BY schools.School,False,,"SELECT AVG(T1.NumTstTakr) FROM satscores AS T1 INNER JOIN schools AS T2 ON T1.cds = T2.CDSCode WHERE strftime('%Y', T2.OpenDate) = '1980' AND T2.County = 'Fresno'",162,True,Hrida-T2SQL,1,1,What is the average number of test takers from Fresno schools that opened between 1/1/1980 and 12/31/1980?,106,ea,bird_39,results/raw/Hrida-T2SQL_bird_ea_20260326_143009.jsonl
True,bird,[true],california_schools,data/bird/dev_databases/california_schools/california_schools.sqlite,simple,False,,True,,SELECT s.Website FROM schools s JOIN satscores sc ON s.CDSCode = sc.cds WHERE s.County = 'Los Angeles' AND sc.NumTstTakr BETWEEN 2000 AND 3000,True,,SELECT T2.Website FROM satscores AS T1 INNER JOIN schools AS T2 ON T1.cds = T2.CDSCode WHERE T1.NumTstTakr BETWEEN 2000 AND 3000 AND T2.County = 'Los Angeles',158,True,Hrida-T2SQL,1,1,"What are the webpages for the Los Angeles County school that has between 2,000 and 3,000 test takers?",101,ea,bird_38,results/raw/Hrida-T2SQL_bird_ea_20260326_143009.jsonl
False,bird,[false],california_schools,data/bird/dev_databases/california_schools/california_schools.sqlite,moderate,False,Diffrence in enrollement = `Enrollment (K-12)` - `Enrollment (Ages 5-17)`,False,"unrecognized token: ""{""","{""sql"": ""?>   SELECT s.SchoolName, s.Street FROM schools s INNER JOIN (SELECT SchoolCode, ABS(MAX(EnrollmentK12) - MAX(Enrollment56)) AS EnrollementDifference FROM satscores GROUP BY SchoolCode HAVING EnrollementDifference > 30) as sd ON s.CDSCode = sd.SchoolCode;   ?</syntaxhighlight>",False,,"SELECT T1.School, T1.Street FROM schools AS T1 INNER JOIN frpm AS T2 ON T1.CDSCode = T2.CDSCode WHERE T2.`Enrollment (K-12)` - T2.`Enrollment (Ages 5-17)` > 30",159,True,Hrida-T2SQL,1,1,List the names of schools with more than 30 difference in enrollements between K-12 and ages 5-17? Please also give the full street adress of the schools.,154,ea,bird_23,results/raw/Hrida-T2SQL_bird_ea_20260326_143009.jsonl
False,bird,[false],california_schools,data/bird/dev_databases/california_schools/california_schools.sqlite,moderate,False,Closure date and closed date are synonyms; 'Closed' was mentioned in schools.StatusType.,False,"unrecognized token: ""{""","{""sql"": ""?>   SELECT s.County, COUNT(*) as ClosedSchoolsCount, GROUP_CONCAT(s.SchoolName ORDER BY s.ClosedDate DESC) as SchoolNames FROM schools s WHERE s.ClosedDate IS NOT NULL GROUP BY s.County ORDER BY ClosedSchoolsCount DESC;   <?",False,,"SELECT DISTINCT County, School, ClosedDate FROM schools WHERE County = ( SELECT County FROM schools WHERE StatusType = 'Closed' GROUP BY County ORDER BY COUNT(School) DESC LIMIT 1 ) AND StatusType = 'Closed' AND school IS NOT NULL",230,True,Hrida-T2SQL,1,1,Which different county has the most number of closed schools? Please provide the name of each school as well as the closure date.,129,ea,bird_49,results/raw/Hrida-T2SQL_bird_ea_20260326_143009.jsonl
False,bird,[false],california_schools,data/bird/dev_databases/california_schools/california_schools.sqlite,moderate,False,Communication number refers to phone number.,False,no such column: s.SchoolName,"SELECT s.SchoolName, AVG(scs.AvgScrWrite) as AvgWritingScore FROM schools s JOIN satscores scs ON s.CDSCode = scs.cds WHERE (s.OpenDate > '1991-01-01' OR s.ClosedDate < '2000-01-01') GROUP BY s.SchoolName",False,,"SELECT T2.School, T1.AvgScrWrite, T2.Phone FROM schools AS T2 LEFT JOIN satscores AS T1 ON T2.CDSCode = T1.cds WHERE strftime('%Y', T2.OpenDate) > '1991' OR strftime('%Y', T2.ClosedDate) < '2000'",195,True,Hrida-T2SQL,1,1,"What is the average score in writing for the schools that were opened after 1991 or closed before 2000? List the school names along with the score. Also, list the communication number of the schools if there is any.",215,ea,bird_27,results/raw/Hrida-T2SQL_bird_ea_20260326_143009.jsonl
True,spider,[true],concert_singer,data/spider/database/concert_singer/concert_singer.sqlite,,False,,True,,SELECT COUNT(*) FROM singer,True,,SELECT count(*) FROM singer,27,True,Hrida-T2SQL,1,1,How many singers do we have?,28,ea,spider_0,results/raw/Hrida-T2SQL_spider_ea_20260326_142920.jsonl
False,spider,[false],concert_singer,data/spider/database/concert_singer/concert_singer.sqlite,,False,,False,,SELECT COUNT(*) FROM singer_in_concert,True,,SELECT count(*) FROM singer,27,True,Hrida-T2SQL,1,1,What is the total number of singers?,36,ea,spider_1,results/raw/Hrida-T2SQL_spider_ea_20260326_142920.jsonl
True,spider,[true],concert_singer,data/spider/database/concert_singer/concert_singer.sqlite,,False,,True,,"SELECT s.Country, COUNT(*) as num_singers FROM singer s GROUP BY s.Country",True,,"SELECT country ,  count(*) FROM singer GROUP BY country",55,True,Hrida-T2SQL,1,1,How many singers are from each country?,39,ea,spider_11,results/raw/Hrida-T2SQL_spider_ea_20260326_142920.jsonl
True,spider,[true],concert_singer,data/spider/database/concert_singer/concert_singer.sqlite,,False,,True,,"SELECT s.Name, s.Country, s.Age FROM singer s ORDER BY s.Age DESC",True,,"SELECT name ,  country ,  age FROM singer ORDER BY age DESC",59,True,Hrida-T2SQL,1,1,"Show name, country, age for all singers ordered by age from the oldest to the youngest.",87,ea,spider_2,results/raw/Hrida-T2SQL_spider_ea_20260326_142920.jsonl
False,spider,[false],concert_singer,data/spider/database/concert_singer/concert_singer.sqlite,,False,,False,no such column: singer_in_concert.Age,"SELECT AVG(singer_in_concert.Age) as Average_Age, MIN(singer_in_concert.Age) as Minimum_Age, MAX(singer_in_concert.Age) as Maximum_Age FROM singer INNER JOIN singer_in_concert ON singer.Singer_ID = singer_in_concert.Singer_ID WHERE singer.Country = 'France' GROUP BY singer.Name",False,,"SELECT avg(age) ,  min(age) ,  max(age) FROM singer WHERE country  =  'France'",78,True,Hrida-T2SQL,1,1,"What is the average, minimum, and maximum age of all singers from France?",73,ea,spider_4,results/raw/Hrida-T2SQL_spider_ea_20260326_142920.jsonl
True,spider,[true],concert_singer,data/spider/database/concert_singer/concert_singer.sqlite,,False,,True,,"SELECT s.Location, s.Name FROM stadium s WHERE s.Capacity BETWEEN 5000 AND 10000",True,,"SELECT LOCATION ,  name FROM stadium WHERE capacity BETWEEN 5000 AND 10000",74,True,Hrida-T2SQL,1,1,What are the locations and names of all stations with capacity between 5000 and 10000?,86,ea,spider_15,results/raw/Hrida-T2SQL_spider_ea_20260326_142920.jsonl
False,spider,[false],concert_singer,data/spider/database/concert_singer/concert_singer.sqlite,,False,,False,no such column: singer_in_concert.Age,"SELECT AVG(singer_in_concert.Age) as AvgAge, MIN(singer_in_concert.Age) as MinAge, MAX(singer_in_concert.Age) as MaxAge FROM singer INNER JOIN singer_in_concert ON singer.Singer_ID = singer_in_concert.Singer_ID WHERE singer.Country = 'France' GROUP BY singer.Name",False,,"SELECT avg(age) ,  min(age) ,  max(age) FROM singer WHERE country  =  'France'",78,True,Hrida-T2SQL,1,1,"What is the average, minimum, and maximum age for all French singers?",69,ea,spider_5,results/raw/Hrida-T2SQL_spider_ea_20260326_142920.jsonl
True,spider,[true],concert_singer,data/spider/database/concert_singer/concert_singer.sqlite,,False,,True,,"SELECT s.Name, s.Capacity FROM stadium s WHERE s.Average = (SELECT MAX(s2.Average) FROM stadium s2)",True,,"SELECT name ,  capacity FROM stadium ORDER BY average DESC LIMIT 1",66,True,Hrida-T2SQL,1,1,What is the name and capacity for the stadium with highest average attendance?,78,ea,spider_18,results/raw/Hrida-T2SQL_spider_ea_20260326_142920.jsonl
False,spider,[false],concert_singer,data/spider/database/concert_singer/concert_singer.sqlite,,False,,False,,"SELECT MAX(Capacity), AVG(Average) FROM stadium",True,,"select max(capacity), average from stadium",42,True,Hrida-T2SQL,1,1,What is the maximum capacity and the average of all stadiums ?,62,ea,spider_16,results/raw/Hrida-T2SQL_spider_ea_20260326_142920.jsonl
False,spider,[false],concert_singer,data/spider/database/concert_singer/concert_singer.sqlite,,False,,False,,"SELECT singer.Name, singer.Country, singer.Age FROM singer INNER JOIN singer_in_concert ON singer.Singer_ID = singer_in_concert.Singer_ID ORDER BY singer.Age DESC",True,,"SELECT name ,  country ,  age FROM singer ORDER BY age DESC",59,True,Hrida-T2SQL,1,1,"What are the names, countries, and ages for every singer in descending order of age?",84,ea,spider_3,results/raw/Hrida-T2SQL_spider_ea_20260326_142920.jsonl
False,spider,[false],concert_singer,data/spider/database/concert_singer/concert_singer.sqlite,,False,,False,,"SELECT s.Name, s.Song_release_year FROM singer s INNER JOIN (SELECT MIN(Age) as MinAge FROM singer) min_age ON s.Age = min_age.MinAge",True,,"SELECT song_name ,  song_release_year FROM singer ORDER BY age LIMIT 1",70,True,Hrida-T2SQL,1,1,What are the names and release years for all the songs of the youngest singer?,78,ea,spider_7,results/raw/Hrida-T2SQL_spider_ea_20260326_142920.jsonl
True,spider,[true],concert_singer,data/spider/database/concert_singer/concert_singer.sqlite,,False,,True,,"SELECT COUNT(*) FROM concert WHERE Year IN ('2014', '2015')",True,,SELECT count(*) FROM concert WHERE YEAR  =  2014 OR YEAR  =  2015,65,True,Hrida-T2SQL,1,1,How many concerts are there in year 2014 or 2015?,49,ea,spider_20,results/raw/Hrida-T2SQL_spider_ea_20260326_142920.jsonl
False,spider,[false],concert_singer,data/spider/database/concert_singer/concert_singer.sqlite,,False,,False,,"SELECT s.Name, s.Song_release_year FROM singer s INNER JOIN (SELECT MIN(Age) as MinAge FROM singer) min_age ON s.Age = min_age.MinAge",True,,"SELECT song_name ,  song_release_year FROM singer ORDER BY age LIMIT 1",70,True,Hrida-T2SQL,1,1,Show the name and the release year of the song by the youngest singer.,70,ea,spider_6,results/raw/Hrida-T2SQL_spider_ea_20260326_142920.jsonl
True,spider,[true],concert_singer,data/spider/database/concert_singer/concert_singer.sqlite,,False,,True,,SELECT Year FROM concert GROUP BY Year ORDER BY COUNT(*) DESC LIMIT 1,True,,SELECT YEAR FROM concert GROUP BY YEAR ORDER BY count(*) DESC LIMIT 1,69,True,Hrida-T2SQL,1,1,Which year has most number of concerts?,39,ea,spider_26,results/raw/Hrida-T2SQL_spider_ea_20260326_142920.jsonl
True,spider,[true],concert_singer,data/spider/database/concert_singer/concert_singer.sqlite,,False,,True,,"SELECT s.Country, COUNT(*) as num_singers FROM singer s GROUP BY s.Country",True,,"SELECT country ,  count(*) FROM singer GROUP BY country",55,True,Hrida-T2SQL,1,1,Show all countries and the number of singers in each country.,61,ea,spider_10,results/raw/Hrida-T2SQL_spider_ea_20260326_142920.jsonl
False,spider,[false],concert_singer,data/spider/database/concert_singer/concert_singer.sqlite,,False,,False,,SELECT DISTINCT s.Country FROM singer s INNER JOIN singer_in_concert sic ON s.Singer_ID = sic.Singer_ID INNER JOIN concert c ON sic.concert_ID = c.concert_ID WHERE s.Age > 20 AND c.Year >= '2015' GROUP BY s.Country,True,,SELECT DISTINCT country FROM singer WHERE age  >  20,52,True,Hrida-T2SQL,1,1,What are  the different countries with singers above age 20?,60,ea,spider_9,results/raw/Hrida-T2SQL_spider_ea_20260326_142920.jsonl
False,spider,[false],concert_singer,data/spider/database/concert_singer/concert_singer.sqlite,,False,,False,no such column: c.Singer_ID,SELECT DISTINCT s.Country FROM singer s INNER JOIN concert c ON s.Singer_ID = c.Singer_ID WHERE s.Age > 20 AND EXISTS (SELECT * FROM stadium st WHERE st.Stadium_ID = c.Stadium_ID),False,,SELECT DISTINCT country FROM singer WHERE age  >  20,52,True,Hrida-T2SQL,1,1,What are all distinct countries where singers above age 20 are from?,68,ea,spider_8,results/raw/Hrida-T2SQL_spider_ea_20260326_142920.jsonl
True,spider,[true],concert_singer,data/spider/database/concert_singer/concert_singer.sqlite,,False,,True,,"SELECT s.Name as Stadium_Name, MAX(s.Capacity) as Capacity FROM stadium s INNER JOIN (SELECT c.Stadium_ID, COUNT(*) as ConcertCount FROM concert c WHERE Year > '2013' GROUP BY c.Stadium_ID) sc ON s.Stadium_ID = sc.Stadium_ID GROUP BY s.Name ORDER BY Capacity DESC LIMIT 1",True,,"select t2.name ,  t2.capacity from concert as t1 join stadium as t2 on t1.stadium_id  =  t2.stadium_id where t1.year  >  2013 group by t2.stadium_id order by count(*) desc limit 1",179,True,Hrida-T2SQL,1,1,What is the name and capacity of the stadium with the most concerts after 2013 ?,80,ea,spider_25,results/raw/Hrida-T2SQL_spider_ea_20260326_142920.jsonl
False,spider,[false],concert_singer,data/spider/database/concert_singer/concert_singer.sqlite,,False,,False,,SELECT s.Song_Name FROM singer s JOIN (SELECT AVG(Age) as AvgAge FROM singer GROUP BY Singer_ID) avg ON s.Age > avg.AvgAge,True,,SELECT song_name FROM singer WHERE age  >  (SELECT avg(age) FROM singer),72,True,Hrida-T2SQL,1,1,What are all the song names by singers who are older than average?,66,ea,spider_13,results/raw/Hrida-T2SQL_spider_ea_20260326_142920.jsonl
False,spider,[false],concert_singer,data/spider/database/concert_singer/concert_singer.sqlite,,False,,False,,SELECT s.Name FROM singer s JOIN (SELECT AVG(Age) as avg_age FROM singer) t ON s.Age > t.avg_age GROUP BY s.Name,True,,SELECT song_name FROM singer WHERE age  >  (SELECT avg(age) FROM singer),72,True,Hrida-T2SQL,1,1,List all song names by singers above the average age.,53,ea,spider_12,results/raw/Hrida-T2SQL_spider_ea_20260326_142920.jsonl
False,spider,[false],concert_singer,data/spider/database/concert_singer/concert_singer.sqlite,,False,,False,,SELECT s.Name FROM stadium s WHERE NOT EXISTS (SELECT * FROM concert c JOIN singer_in_concert si ON c.concert_ID = si.concert_ID AND c.Year = '2014'),True,,SELECT name FROM stadium EXCEPT SELECT T2.name FROM concert AS T1 JOIN stadium AS T2 ON T1.stadium_id  =  T2.stadium_id WHERE T1.year  =  2014,142,True,Hrida-T2SQL,1,1,Show names for all stadiums except for stadiums having a concert in year 2014.,78,ea,spider_31,results/raw/Hrida-T2SQL_spider_ea_20260326_142920.jsonl
True,spider,[true],concert_singer,data/spider/database/concert_singer/concert_singer.sqlite,,False,,True,,SELECT Year FROM concert GROUP BY Year ORDER BY COUNT(*) DESC LIMIT 1,True,,SELECT YEAR FROM concert GROUP BY YEAR ORDER BY count(*) DESC LIMIT 1,69,True,Hrida-T2SQL,1,1,What is the year that had the most concerts?,44,ea,spider_27,results/raw/Hrida-T2SQL_spider_ea_20260326_142920.jsonl
True,spider,[true],concert_singer,data/spider/database/concert_singer/concert_singer.sqlite,,False,,True,,SELECT s.Name FROM stadium s WHERE NOT EXISTS (SELECT * FROM concert c JOIN singer_in_concert si ON c.concert_ID = si.concert_ID AND s.Stadium_ID = c.Stadium_ID) GROUP BY s.Name,True,,SELECT name FROM stadium WHERE stadium_id NOT IN (SELECT stadium_id FROM concert),81,True,Hrida-T2SQL,1,1,Show the stadium names without any concert.,43,ea,spider_28,results/raw/Hrida-T2SQL_spider_ea_20260326_142920.jsonl
True,spider,[true],concert_singer,data/spider/database/concert_singer/concert_singer.sqlite,,False,,True,,"SELECT s.Location, s.Name FROM stadium s WHERE s.Capacity BETWEEN 5000 AND 10000",True,,"SELECT LOCATION ,  name FROM stadium WHERE capacity BETWEEN 5000 AND 10000",74,True,Hrida-T2SQL,1,1,Show location and name for all stadiums with a capacity between 5000 and 10000.,79,ea,spider_14,results/raw/Hrida-T2SQL_spider_ea_20260326_142920.jsonl
False,spider,[false],concert_singer,data/spider/database/concert_singer/concert_singer.sqlite,,False,,False,,SELECT DISTINCT s.Country FROM singer s INNER JOIN (SELECT * FROM singer WHERE Age > 40) as older_singers ON s.Singer_ID = older_singers.Singer_ID UNION SELECT DISTINCT s.Country FROM singer s INNER JOIN (SELECT * FROM singer WHERE Age < 30) as younger_singers ON s.Singer_ID = younger_singers.Singer_ID,True,,SELECT country FROM singer WHERE age  >  40 INTERSECT SELECT country FROM singer WHERE age  <  30,97,True,Hrida-T2SQL,1,1,Show countries where a singer above age 40 and a singer below 30 are from.,74,ea,spider_30,results/raw/Hrida-T2SQL_spider_ea_20260326_142920.jsonl
False,spider,[false],concert_singer,data/spider/database/concert_singer/concert_singer.sqlite,,False,,False,,SELECT s.Name FROM stadium s WHERE NOT EXISTS (SELECT * FROM concert c JOIN singer_in_concert si ON c.concert_ID = si.concert_ID AND s.Stadium_ID = c.Stadium_ID) GROUP BY s.Name HAVING COUNT(*) = 0,True,,SELECT name FROM stadium WHERE stadium_id NOT IN (SELECT stadium_id FROM concert),81,True,Hrida-T2SQL,1,1,What are the names of the stadiums without any concerts?,56,ea,spider_29,results/raw/Hrida-T2SQL_spider_ea_20260326_142920.jsonl
True,spider,[true],concert_singer,data/spider/database/concert_singer/concert_singer.sqlite,,False,,True,,SELECT s.Name FROM stadium s WHERE NOT EXISTS (SELECT * FROM concert c WHERE c.Stadium_ID = s.Stadium_ID AND c.Year = '2014'),True,,SELECT name FROM stadium EXCEPT SELECT T2.name FROM concert AS T1 JOIN stadium AS T2 ON T1.stadium_id  =  T2.stadium_id WHERE T1.year  =  2014,142,True,Hrida-T2SQL,1,1,What are the names of all stadiums that did not have a concert in 2014?,71,ea,spider_32,results/raw/Hrida-T2SQL_spider_ea_20260326_142920.jsonl
False,spider,[false],concert_singer,data/spider/database/concert_singer/concert_singer.sqlite,,False,,False,,"SELECT AVG(Capacity) as Avg_Capacity, MAX(Highest) as Max_Capacity FROM stadium",True,,"select avg(capacity) ,  max(capacity) from stadium",50,True,Hrida-T2SQL,1,1,What is the average and maximum capacities for all stadiums ?,61,ea,spider_17,results/raw/Hrida-T2SQL_spider_ea_20260326_142920.jsonl
True,spider,[true],concert_singer,data/spider/database/concert_singer/concert_singer.sqlite,,False,,True,,"SELECT s.Name, s.Capacity FROM stadium s WHERE s.Average = (SELECT MAX(s2.Average) FROM stadium s2)",True,,"SELECT name ,  capacity FROM stadium ORDER BY average DESC LIMIT 1",66,True,Hrida-T2SQL,1,1,What is the name and capacity for the stadium with the highest average attendance?,82,ea,spider_19,results/raw/Hrida-T2SQL_spider_ea_20260326_142920.jsonl
True,spider,[true],concert_singer,data/spider/database/concert_singer/concert_singer.sqlite,,False,,True,,"SELECT s.Name as Stadium_Name, COUNT(c.concert_ID) as NumberOfConcerts FROM stadium s JOIN concert c ON s.Stadium_ID = c.Stadium_ID GROUP BY s.Name",True,,"SELECT T2.name ,  count(*) FROM concert AS T1 JOIN stadium AS T2 ON T1.stadium_id  =  T2.stadium_id GROUP BY T1.stadium_id",122,True,Hrida-T2SQL,1,1,Show the stadium name and the number of concerts in each stadium.,65,ea,spider_22,results/raw/Hrida-T2SQL_spider_ea_20260326_142920.jsonl
True,spider,[true],concert_singer,data/spider/database/concert_singer/concert_singer.sqlite,,False,,True,,"SELECT s.Name as Stadium_Name, COUNT(c.concert_ID) as Concerts FROM stadium s JOIN concert c ON s.Stadium_ID = c.Stadium_ID GROUP BY s.Name",True,,"SELECT T2.name ,  count(*) FROM concert AS T1 JOIN stadium AS T2 ON T1.stadium_id  =  T2.stadium_id GROUP BY T1.stadium_id",122,True,Hrida-T2SQL,1,1,"For each stadium, how many concerts play there?",47,ea,spider_23,results/raw/Hrida-T2SQL_spider_ea_20260326_142920.jsonl
True,spider,[true],concert_singer,data/spider/database/concert_singer/concert_singer.sqlite,,False,,True,,"SELECT COUNT(*) FROM concert WHERE Year IN ('2014', '2015')",True,,SELECT count(*) FROM concert WHERE YEAR  =  2014 OR YEAR  =  2015,65,True,Hrida-T2SQL,1,1,How many concerts occurred in 2014 or 2015?,43,ea,spider_21,results/raw/Hrida-T2SQL_spider_ea_20260326_142920.jsonl
True,spider,[true],concert_singer,data/spider/database/concert_singer/concert_singer.sqlite,,False,,True,,"SELECT s.Name as Stadium_Name, s.Capacity FROM stadium s INNER JOIN concert c ON s.Stadium_ID = c.Stadium_ID WHERE (c.Year >= '2014' OR c.Year IS NULL) GROUP BY s.Name, s.Capacity ORDER BY COUNT(*) DESC LIMIT 1",True,,"SELECT T2.name ,  T2.capacity FROM concert AS T1 JOIN stadium AS T2 ON T1.stadium_id  =  T2.stadium_id WHERE T1.year  >=  2014 GROUP BY T2.stadium_id ORDER BY count(*) DESC LIMIT 1",180,True,Hrida-T2SQL,1,1,Show the stadium name and capacity with most number of concerts in year 2014 or after.,86,ea,spider_24,results/raw/Hrida-T2SQL_spider_ea_20260326_142920.jsonl
False,spider,[false],concert_singer,data/spider/database/concert_singer/concert_singer.sqlite,,False,,False,no such column: c.concert_ID,"SELECT s.Name, COUNT(c.concert_ID) FROM singer s JOIN singer_in_concert si ON s.Singer_ID = si.Singer_ID GROUP BY s.Name",False,,"SELECT T2.name ,  count(*) FROM singer_in_concert AS T1 JOIN singer AS T2 ON T1.singer_id  =  T2.singer_id GROUP BY T2.singer_id",128,True,Hrida-T2SQL,1,1,List singer names and number of concerts for each singer.,57,ea,spider_35,results/raw/Hrida-T2SQL_spider_ea_20260326_142920.jsonl
False,spider,[false],concert_singer,data/spider/database/concert_singer/concert_singer.sqlite,,False,,False,no such column: singer_in_concert.Name,"SELECT singer_in_concert.Name AS Singer_Name, COUNT(concert_ID) AS Number_of_Concerts FROM concert INNER JOIN singer_in_concert ON concert.concert_ID = singer_in_concert.concert_ID GROUP BY Singer_Name",False,,"SELECT T2.name ,  count(*) FROM singer_in_concert AS T1 JOIN singer AS T2 ON T1.singer_id  =  T2.singer_id GROUP BY T2.singer_id",128,True,Hrida-T2SQL,1,1,What are the names of the singers and number of concerts for each person?,73,ea,spider_36,results/raw/Hrida-T2SQL_spider_ea_20260326_142920.jsonl
True,spider,[true],concert_singer,data/spider/database/concert_singer/concert_singer.sqlite,,False,,True,,"SELECT c.concert_Name, c.Theme, COUNT(sic.Singer_ID) as num_singers FROM concert c JOIN singer_in_concert sic ON c.concert_ID = sic.concert_ID GROUP BY c.concert_Name, c.Theme",True,,"SELECT T2.concert_name ,  T2.theme ,  count(*) FROM singer_in_concert AS T1 JOIN concert AS T2 ON T1.concert_id  =  T2.concert_id GROUP BY T2.concert_id",152,True,Hrida-T2SQL,1,1,Show the name and theme for all concerts and the number of singers in each concert.,83,ea,spider_33,results/raw/Hrida-T2SQL_spider_ea_20260326_142920.jsonl
True,spider,[true],concert_singer,data/spider/database/concert_singer/concert_singer.sqlite,,False,,True,,"SELECT concert_Name, Theme, COUNT(Singer_ID) FROM concert JOIN singer_in_concert ON concert.concert_ID = singer_in_concert.concert_ID GROUP BY concert_Name, Theme",True,,"select t2.concert_name ,  t2.theme ,  count(*) from singer_in_concert as t1 join concert as t2 on t1.concert_id  =  t2.concert_id group by t2.concert_id",152,True,Hrida-T2SQL,1,1,"What are the names , themes , and number of singers for every concert ?",71,ea,spider_34,results/raw/Hrida-T2SQL_spider_ea_20260326_142920.jsonl
False,spider,[false],concert_singer,data/spider/database/concert_singer/concert_singer.sqlite,,False,,False,no such column: singer.Name,SELECT singer.Name FROM concert INNER JOIN singer_in_concert ON concert.concert_ID = singer_in_concert.concert_ID WHERE concert.Year = '2014' GROUP BY singer.Name,False,,SELECT T2.name FROM singer_in_concert AS T1 JOIN singer AS T2 ON T1.singer_id  =  T2.singer_id JOIN concert AS T3 ON T1.concert_id  =  T3.concert_id WHERE T3.year  =  2014,171,True,Hrida-T2SQL,1,1,List all singer names in concerts in year 2014.,47,ea,spider_37,results/raw/Hrida-T2SQL_spider_ea_20260326_142920.jsonl
True,spider,[true],concert_singer,data/spider/database/concert_singer/concert_singer.sqlite,,False,,True,,"SELECT s.Name, s.Country FROM singer s JOIN (SELECT song_name FROM singer WHERE song_name LIKE '%Hey%') as songs ON s.Song_Name = songs.song_name",True,,"SELECT name ,  country FROM singer WHERE song_name LIKE '%Hey%'",63,True,Hrida-T2SQL,1,1,what is the name and nation of the singer who have a song having 'Hey' in its name?,83,ea,spider_39,results/raw/Hrida-T2SQL_spider_ea_20260326_142920.jsonl
False,spider,[false],concert_singer,data/spider/database/concert_singer/concert_singer.sqlite,,False,,False,no such table: concert_in_song,"SELECT singer.Name, singer.Country FROM singer INNER JOIN concert_in_song ON singer.Singer_ID = concert_in_song.Singer_ID WHERE song_title LIKE '%Hey%' GROUP BY singer.Name, singer.Country",False,,"SELECT name ,  country FROM singer WHERE song_name LIKE '%Hey%'",63,True,Hrida-T2SQL,1,1,What is the name and country of origin of every singer who has a song with the word 'Hey' in its title?,103,ea,spider_40,results/raw/Hrida-T2SQL_spider_ea_20260326_142920.jsonl
False,spider,[false],concert_singer,data/spider/database/concert_singer/concert_singer.sqlite,,False,,False,no such column: singer_in_concert.Name,SELECT singer_in_concert.Name FROM concert INNER JOIN singer_in_concert ON concert.concert_ID = singer_in_concert.concert_ID WHERE concert.Year = '2014' GROUP BY singer_in_concert.Name,False,,SELECT T2.name FROM singer_in_concert AS T1 JOIN singer AS T2 ON T1.singer_id  =  T2.singer_id JOIN concert AS T3 ON T1.concert_id  =  T3.concert_id WHERE T3.year  =  2014,171,True,Hrida-T2SQL,1,1,What are the names of the singers who performed in a concert in 2014?,69,ea,spider_38,results/raw/Hrida-T2SQL_spider_ea_20260326_142920.jsonl
False,spider,[false],concert_singer,data/spider/database/concert_singer/concert_singer.sqlite,,False,,False,,"SELECT s.Location FROM stadium s INNER JOIN concert c ON s.Stadium_ID = c.Stadium_ID WHERE c.Year IN ('2014', '2015') GROUP BY s.Location HAVING COUNT(DISTINCT c.concert_ID) > 1",True,,"SELECT T2.name ,  T2.location FROM concert AS T1 JOIN stadium AS T2 ON T1.stadium_id  =  T2.stadium_id WHERE T1.Year  =  2014 INTERSECT SELECT T2.name ,  T2.location FROM concert AS T1 JOIN stadium AS T2 ON T1.stadium_id  =  T2.stadium_id WHERE T1.Year  =  2015",261,True,Hrida-T2SQL,1,1,Find the name and location of the stadiums which some concerts happened in the years of both 2014 and 2015.,107,ea,spider_41,results/raw/Hrida-T2SQL_spider_ea_20260326_142920.jsonl
False,spider,[false],concert_singer,data/spider/database/concert_singer/concert_singer.sqlite,,False,,False,,"SELECT s.Location FROM stadium s INNER JOIN concert c ON s.Stadium_ID = c.Stadium_ID WHERE c.Year IN ('2014', '2015') GROUP BY s.Location HAVING COUNT(DISTINCT c.Year) = 2",True,,"SELECT T2.name ,  T2.location FROM concert AS T1 JOIN stadium AS T2 ON T1.stadium_id  =  T2.stadium_id WHERE T1.Year  =  2014 INTERSECT SELECT T2.name ,  T2.location FROM concert AS T1 JOIN stadium AS T2 ON T1.stadium_id  =  T2.stadium_id WHERE T1.Year  =  2015",261,True,Hrida-T2SQL,1,1,What are the names and locations of the stadiums that had concerts that occurred in both 2014 and 2015?,103,ea,spider_42,results/raw/Hrida-T2SQL_spider_ea_20260326_142920.jsonl
True,spider,[true],concert_singer,data/spider/database/concert_singer/concert_singer.sqlite,,False,,True,,SELECT COUNT(*) FROM concert INNER JOIN stadium ON concert.Stadium_ID = stadium.Stadium_ID WHERE stadium.Capacity = (SELECT MAX(Capacity) FROM stadium),True,,select count(*) from concert where stadium_id = (select stadium_id from stadium order by capacity desc limit 1),111,True,Hrida-T2SQL,1,1,What are the number of concerts that occurred in the stadium with the largest capacity ?,88,ea,spider_44,results/raw/Hrida-T2SQL_spider_ea_20260326_142920.jsonl
False,spider,[false],concert_singer,data/spider/database/concert_singer/concert_singer.sqlite,,False,,False,"near ""ALL"": syntax error",SELECT COUNT(*) FROM concert INNER JOIN stadium ON concert.Stadium_ID = stadium.Stadium_ID WHERE stadium.Highest >= ALL (SELECT Highest FROM stadium),False,,select count(*) from concert where stadium_id = (select stadium_id from stadium order by capacity desc limit 1),111,True,Hrida-T2SQL,1,1,Find the number of concerts happened in the stadium with the highest capacity .,79,ea,spider_43,results/raw/Hrida-T2SQL_spider_ea_20260326_142920.jsonl
False,spider,[false],pets_1,data/spider/database/pets_1/pets_1.sqlite,,False,,False,,SELECT Pets.weight FROM Pets INNER JOIN Has_Pet ON Pets.PetID = Has_Pet.PetID WHERE PetType = 'Dog' ORDER BY pet_age ASC LIMIT 1,True,,SELECT weight FROM pets ORDER BY pet_age LIMIT 1,48,True,Hrida-T2SQL,1,1,Find the weight of the youngest dog.,36,ea,spider_47,results/raw/Hrida-T2SQL_spider_ea_20260326_142920.jsonl
True,spider,[true],pets_1,data/spider/database/pets_1/pets_1.sqlite,,False,,True,,SELECT COUNT(*) FROM Pets WHERE weight > 10,True,,SELECT count(*) FROM pets WHERE weight  >  10,45,True,Hrida-T2SQL,1,1,Find the number of pets whose weight is heavier than 10.,56,ea,spider_45,results/raw/Hrida-T2SQL_spider_ea_20260326_142920.jsonl
False,spider,[false],pets_1,data/spider/database/pets_1/pets_1.sqlite,,False,,False,,SELECT Pets.weight FROM Pets INNER JOIN Has_Pet ON Pets.PetID = Has_Pet.PetID WHERE PetType = 'Dog' AND pet_age = (SELECT MIN(pet_age) FROM Pets WHERE PetType = 'Dog'),True,,SELECT weight FROM pets ORDER BY pet_age LIMIT 1,48,True,Hrida-T2SQL,1,1,How much does the youngest dog weigh?,37,ea,spider_48,results/raw/Hrida-T2SQL_spider_ea_20260326_142920.jsonl
False,spider,[false],pets_1,data/spider/database/pets_1/pets_1.sqlite,,False,,False,,"SELECT PetType, MAX(weight) FROM Pets GROUP BY PetType",True,,"SELECT max(weight) ,  petType FROM pets GROUP BY petType",56,True,Hrida-T2SQL,1,1,Find the maximum weight for each type of pet. List the maximum weight and pet type.,83,ea,spider_49,results/raw/Hrida-T2SQL_spider_ea_20260326_142920.jsonl
True,spider,[true],pets_1,data/spider/database/pets_1/pets_1.sqlite,,False,,True,,SELECT COUNT(*) FROM Pets WHERE weight > 10,True,,SELECT count(*) FROM pets WHERE weight  >  10,45,True,Hrida-T2SQL,1,1,How many pets have a greater weight than 10?,44,ea,spider_46,results/raw/Hrida-T2SQL_spider_ea_20260326_142920.jsonl
